id_regra;antecedente;consequente;itens_antecedente;itens_consequente;total_itens;suporte;confianca;lift;leverage;conviction
1;FAIXA_IDADE__IDADE_21_A_29 + CATEGORIA_FILHOS__SEM_FILHOS;POSSE_CARRO__COM_CARRO + SITUACAO_FAMILIAR__SOLTEIRO + FAIXA_TAXA_REJEICAO__SEM_REJEICAO_PREVIA;2;3;5;0.010000;0.12;4.26;0.01;1.11
2;POSSE_CARRO__COM_CARRO + SITUACAO_FAMILIAR__SOLTEIRO + FAIXA_TAXA_REJEICAO__SEM_REJEICAO_PREVIA;FAIXA_IDADE__IDADE_21_A_29 + CATEGORIA_FILHOS__SEM_FILHOS;3;2;5;0.010000;0.35;4.26;0.01;1.4
3;POSSE_CARRO__COM_CARRO + SITUACAO_FAMILIAR__SOLTEIRO;FAIXA_IDADE__IDADE_21_A_29 + CATEGORIA_FILHOS__SEM_FILHOS + FAIXA_TAXA_REJEICAO__SEM_REJEICAO_PREVIA;2;3;5;0.010000;0.24;4.14;0.01;1.24
4;FAIXA_IDADE__IDADE_21_A_29 + CATEGORIA_FILHOS__SEM_FILHOS + FAIXA_TAXA_REJEICAO__SEM_REJEICAO_PREVIA;POSSE_CARRO__COM_CARRO + SITUACAO_FAMILIAR__SOLTEIRO;3;2;5;0.010000;0.17;4.14;0.01;1.15
5;FAIXA_IDADE__IDADE_21_A_29 + FAIXA_TAXA_REJEICAO__SEM_REJEICAO_PREVIA;CATEGORIA_FILHOS__SEM_FILHOS + POSSE_CARRO__COM_CARRO + SITUACAO_FAMILIAR__SOLTEIRO;2;3;5;0.010000;0.12;3.38;0.01;1.09
6;CATEGORIA_FILHOS__SEM_FILHOS + POSSE_CARRO__COM_CARRO + SITUACAO_FAMILIAR__SOLTEIRO;FAIXA_IDADE__IDADE_21_A_29 + FAIXA_TAXA_REJEICAO__SEM_REJEICAO_PREVIA;3;2;5;0.010000;0.28;3.38;0.01;1.28
7;FAIXA_IDADE__IDADE_60_OU_MAIS + POSSE_CARRO__SEM_CARRO + FAIXA_CREDITOS_ATIVOS__UM_A_DOIS_CREDITOS_ATIVOS;CATEGORIA_FILHOS__SEM_FILHOS + SITUACAO_FAMILIAR__SEPARADO_VIUVO_OU_NAO_INFORMADO + FAIXA_TAXA_REJEICAO__SEM_REJEICAO_PREVIA;3;3;6;0.010000;0.22;3.37;0.01;1.19
8;CATEGORIA_FILHOS__SEM_FILHOS + SITUACAO_FAMILIAR__SEPARADO_VIUVO_OU_NAO_INFORMADO + FAIXA_TAXA_REJEICAO__SEM_REJEICAO_PREVIA;FAIXA_IDADE__IDADE_60_OU_MAIS + POSSE_CARRO__SEM_CARRO + FAIXA_CREDITOS_ATIVOS__UM_A_DOIS_CREDITOS_ATIVOS;3;3;6;0.010000;0.16;3.37;0.01;1.13
9;FAIXA_IDADE__IDADE_21_A_29;CATEGORIA_FILHOS__SEM_FILHOS + POSSE_CARRO__COM_CARRO + SITUACAO_FAMILIAR__SOLTEIRO + FAIXA_TAXA_REJEICAO__SEM_REJEICAO_PREVIA;1;4;5;0.010000;0.08;3.3;0.01;1.06
10;CATEGORIA_FILHOS__SEM_FILHOS + POSSE_CARRO__COM_CARRO + SITUACAO_FAMILIAR__SOLTEIRO + FAIXA_TAXA_REJEICAO__SEM_REJEICAO_PREVIA;FAIXA_IDADE__IDADE_21_A_29;4;1;5;0.010000;0.4;3.3;0.01;1.46
11;FAIXA_IDADE__IDADE_21_A_29 + CATEGORIA_FILHOS__SEM_FILHOS + POSSE_CARRO__COM_CARRO + FAIXA_TAXA_REJEICAO__SEM_REJEICAO_PREVIA;SITUACAO_FAMILIAR__SOLTEIRO;4;1;5;0.010000;0.49;3.27;0.01;1.65
12;SITUACAO_FAMILIAR__SOLTEIRO;FAIXA_IDADE__IDADE_21_A_29 + CATEGORIA_FILHOS__SEM_FILHOS + POSSE_CARRO__COM_CARRO + FAIXA_TAXA_REJEICAO__SEM_REJEICAO_PREVIA;1;4;5;0.010000;0.07;3.27;0.01;1.05
13;SITUACAO_FAMILIAR__SOLTEIRO + FAIXA_TAXA_REJEICAO__SEM_REJEICAO_PREVIA;FAIXA_IDADE__IDADE_21_A_29 + CATEGORIA_FILHOS__SEM_FILHOS + POSSE_CARRO__COM_CARRO;2;3;5;0.010000;0.1;3.24;0.01;1.07
14;FAIXA_IDADE__IDADE_21_A_29 + CATEGORIA_FILHOS__SEM_FILHOS + POSSE_CARRO__COM_CARRO;SITUACAO_FAMILIAR__SOLTEIRO + FAIXA_TAXA_REJEICAO__SEM_REJEICAO_PREVIA;3;2;5;0.010000;0.34;3.24;0.01;1.35
15;FAIXA_IDADE__IDADE_60_OU_MAIS + POSSE_CARRO__SEM_CARRO + FAIXA_TAXA_REJEICAO__SEM_REJEICAO_PREVIA;CATEGORIA_FILHOS__SEM_FILHOS + SITUACAO_FAMILIAR__SEPARADO_VIUVO_OU_NAO_INFORMADO + FAIXA_CREDITOS_ATIVOS__UM_A_DOIS_CREDITOS_ATIVOS;3;3;6;0.010000;0.13;3.23;0.01;1.1
16;CATEGORIA_FILHOS__SEM_FILHOS + SITUACAO_FAMILIAR__SEPARADO_VIUVO_OU_NAO_INFORMADO + FAIXA_CREDITOS_ATIVOS__UM_A_DOIS_CREDITOS_ATIVOS;FAIXA_IDADE__IDADE_60_OU_MAIS + POSSE_CARRO__SEM_CARRO + FAIXA_TAXA_REJEICAO__SEM_REJEICAO_PREVIA;3;3;6;0.010000;0.25;3.23;0.01;1.23
17;FAIXA_IDADE__IDADE_60_OU_MAIS + FAIXA_CREDITOS_ATIVOS__UM_A_DOIS_CREDITOS_ATIVOS;CATEGORIA_FILHOS__SEM_FILHOS + POSSE_CARRO__SEM_CARRO + SITUACAO_FAMILIAR__SEPARADO_VIUVO_OU_NAO_INFORMADO + FAIXA_TAXA_REJEICAO__SEM_REJEICAO_PREVIA;2;4;6;0.010000;0.17;3.12;0.01;1.14
18;CATEGORIA_FILHOS__SEM_FILHOS + POSSE_CARRO__SEM_CARRO + SITUACAO_FAMILIAR__SEPARADO_VIUVO_OU_NAO_INFORMADO + FAIXA_TAXA_REJEICAO__SEM_REJEICAO_PREVIA;FAIXA_IDADE__IDADE_60_OU_MAIS + FAIXA_CREDITOS_ATIVOS__UM_A_DOIS_CREDITOS_ATIVOS;4;2;6;0.010000;0.18;3.12;0.01;1.15
19;CATEGORIA_FILHOS__SEM_FILHOS + SITUACAO_FAMILIAR__SEPARADO_VIUVO_OU_NAO_INFORMADO + FAIXA_CREDITOS_ATIVOS__UM_A_DOIS_CREDITOS_ATIVOS + FAIXA_TAXA_REJEICAO__SEM_REJEICAO_PREVIA;FAIXA_IDADE__IDADE_60_OU_MAIS + POSSE_CARRO__SEM_CARRO;4;2;6;0.010000;0.36;3.1;0.01;1.37
20;FAIXA_IDADE__IDADE_60_OU_MAIS + POSSE_CARRO__SEM_CARRO;CATEGORIA_FILHOS__SEM_FILHOS + SITUACAO_FAMILIAR__SEPARADO_VIUVO_OU_NAO_INFORMADO + FAIXA_CREDITOS_ATIVOS__UM_A_DOIS_CREDITOS_ATIVOS + FAIXA_TAXA_REJEICAO__SEM_REJEICAO_PREVIA;2;4;6;0.010000;0.09;3.1;0.01;1.06
21;FAIXA_IDADE__IDADE_60_OU_MAIS + FAIXA_TAXA_REJEICAO__SEM_REJEICAO_PREVIA;CATEGORIA_FILHOS__SEM_FILHOS + POSSE_CARRO__SEM_CARRO + SITUACAO_FAMILIAR__SEPARADO_VIUVO_OU_NAO_INFORMADO + FAIXA_CREDITOS_ATIVOS__UM_A_DOIS_CREDITOS_ATIVOS;2;4;6;0.010000;0.1;3.1;0.01;1.08
22;CATEGORIA_FILHOS__SEM_FILHOS + POSSE_CARRO__SEM_CARRO + SITUACAO_FAMILIAR__SEPARADO_VIUVO_OU_NAO_INFORMADO + FAIXA_CREDITOS_ATIVOS__UM_A_DOIS_CREDITOS_ATIVOS;FAIXA_IDADE__IDADE_60_OU_MAIS + FAIXA_TAXA_REJEICAO__SEM_REJEICAO_PREVIA;4;2;6;0.010000;0.3;3.1;0.01;1.28
23;FAIXA_IDADE__IDADE_60_OU_MAIS + POSSE_CARRO__SEM_CARRO + FAIXA_CREDITOS_ATIVOS__UM_A_DOIS_CREDITOS_ATIVOS + FAIXA_TAXA_REJEICAO__SEM_REJEICAO_PREVIA;CATEGORIA_FILHOS__SEM_FILHOS + SITUACAO_FAMILIAR__SEPARADO_VIUVO_OU_NAO_INFORMADO;4;2;6;0.010000;0.3;3.07;0.01;1.29
24;CATEGORIA_FILHOS__SEM_FILHOS + SITUACAO_FAMILIAR__SEPARADO_VIUVO_OU_NAO_INFORMADO;FAIXA_IDADE__IDADE_60_OU_MAIS + POSSE_CARRO__SEM_CARRO + FAIXA_CREDITOS_ATIVOS__UM_A_DOIS_CREDITOS_ATIVOS + FAIXA_TAXA_REJEICAO__SEM_REJEICAO_PREVIA;2;4;6;0.010000;0.1;3.07;0.01;1.08
25;FAIXA_IDADE__IDADE_60_OU_MAIS;CATEGORIA_FILHOS__SEM_FILHOS + POSSE_CARRO__SEM_CARRO + SITUACAO_FAMILIAR__SEPARADO_VIUVO_OU_NAO_INFORMADO + FAIXA_CREDITOS_ATIVOS__UM_A_DOIS_CREDITOS_ATIVOS + FAIXA_TAXA_REJEICAO__SEM_REJEICAO_PREVIA;1;5;6;0.010000;0.07;2.95;0.01;1.05
26;CATEGORIA_FILHOS__SEM_FILHOS + POSSE_CARRO__SEM_CARRO + SITUACAO_FAMILIAR__SEPARADO_VIUVO_OU_NAO_INFORMADO + FAIXA_CREDITOS_ATIVOS__UM_A_DOIS_CREDITOS_ATIVOS + FAIXA_TAXA_REJEICAO__SEM_REJEICAO_PREVIA;FAIXA_IDADE__IDADE_60_OU_MAIS;5;1;6;0.010000;0.42;2.95;0.01;1.47
27;CATEGORIA_FILHOS__SEM_FILHOS + POSSE_CARRO__SEM_CARRO + SITUACAO_FAMILIAR__SEPARADO_VIUVO_OU_NAO_INFORMADO;FAIXA_IDADE__IDADE_60_OU_MAIS + FAIXA_CREDITOS_ATIVOS__UM_A_DOIS_CREDITOS_ATIVOS + FAIXA_TAXA_REJEICAO__SEM_REJEICAO_PREVIA;3;3;6;0.010000;0.12;2.86;0.01;1.09
28;FAIXA_IDADE__IDADE_60_OU_MAIS + FAIXA_CREDITOS_ATIVOS__UM_A_DOIS_CREDITOS_ATIVOS + FAIXA_TAXA_REJEICAO__SEM_REJEICAO_PREVIA;CATEGORIA_FILHOS__SEM_FILHOS + POSSE_CARRO__SEM_CARRO + SITUACAO_FAMILIAR__SEPARADO_VIUVO_OU_NAO_INFORMADO;3;3;6;0.010000;0.24;2.86;0.01;1.2
29;SITUACAO_FAMILIAR__SEPARADO_VIUVO_OU_NAO_INFORMADO + FAIXA_TAXA_REJEICAO__SEM_REJEICAO_PREVIA;FAIXA_IDADE__IDADE_60_OU_MAIS + CATEGORIA_FILHOS__SEM_FILHOS + POSSE_CARRO__SEM_CARRO + FAIXA_CREDITOS_ATIVOS__UM_A_DOIS_CREDITOS_ATIVOS;2;4;6;0.010000;0.13;2.77;0.01;1.09
30;FAIXA_IDADE__IDADE_60_OU_MAIS + CATEGORIA_FILHOS__SEM_FILHOS + POSSE_CARRO__SEM_CARRO + FAIXA_CREDITOS_ATIVOS__UM_A_DOIS_CREDITOS_ATIVOS;SITUACAO_FAMILIAR__SEPARADO_VIUVO_OU_NAO_INFORMADO + FAIXA_TAXA_REJEICAO__SEM_REJEICAO_PREVIA;4;2;6;0.010000;0.22;2.77;0.01;1.17
31;FAIXA_IDADE__IDADE_60_OU_MAIS + POSSE_CARRO__SEM_CARRO + FAIXA_CREDITOS_ATIVOS__UM_A_DOIS_CREDITOS_ATIVOS;SITUACAO_FAMILIAR__SEPARADO_VIUVO_OU_NAO_INFORMADO + FAIXA_TAXA_REJEICAO__SEM_REJEICAO_PREVIA;3;2;5;0.010000;0.22;2.74;0.01;1.17
32;SITUACAO_FAMILIAR__SEPARADO_VIUVO_OU_NAO_INFORMADO + FAIXA_TAXA_REJEICAO__SEM_REJEICAO_PREVIA;FAIXA_IDADE__IDADE_60_OU_MAIS + POSSE_CARRO__SEM_CARRO + FAIXA_CREDITOS_ATIVOS__UM_A_DOIS_CREDITOS_ATIVOS;2;3;5;0.010000;0.13;2.74;0.01;1.09
33;FAIXA_IDADE__IDADE_60_OU_MAIS + CATEGORIA_FILHOS__SEM_FILHOS + FAIXA_CREDITOS_ATIVOS__UM_A_DOIS_CREDITOS_ATIVOS;POSSE_CARRO__SEM_CARRO + SITUACAO_FAMILIAR__SEPARADO_VIUVO_OU_NAO_INFORMADO + FAIXA_TAXA_REJEICAO__SEM_REJEICAO_PREVIA;3;3;6;0.010000;0.17;2.66;0.01;1.13
34;POSSE_CARRO__SEM_CARRO + SITUACAO_FAMILIAR__SEPARADO_VIUVO_OU_NAO_INFORMADO + FAIXA_TAXA_REJEICAO__SEM_REJEICAO_PREVIA;FAIXA_IDADE__IDADE_60_OU_MAIS + CATEGORIA_FILHOS__SEM_FILHOS + FAIXA_CREDITOS_ATIVOS__UM_A_DOIS_CREDITOS_ATIVOS;3;3;6;0.010000;0.16;2.66;0.01;1.11
35;FAIXA_IDADE__IDADE_60_OU_MAIS + FAIXA_CREDITOS_ATIVOS__UM_A_DOIS_CREDITOS_ATIVOS;POSSE_CARRO__SEM_CARRO + SITUACAO_FAMILIAR__SEPARADO_VIUVO_OU_NAO_INFORMADO + FAIXA_TAXA_REJEICAO__SEM_REJEICAO_PREVIA;2;3;5;0.010000;0.17;2.62;0.01;1.12
36;POSSE_CARRO__SEM_CARRO + SITUACAO_FAMILIAR__SEPARADO_VIUVO_OU_NAO_INFORMADO + FAIXA_TAXA_REJEICAO__SEM_REJEICAO_PREVIA;FAIXA_IDADE__IDADE_60_OU_MAIS + FAIXA_CREDITOS_ATIVOS__UM_A_DOIS_CREDITOS_ATIVOS;3;2;5;0.010000;0.16;2.62;0.01;1.11
37;SITUACAO_FAMILIAR__SEPARADO_VIUVO_OU_NAO_INFORMADO + FAIXA_CREDITOS_ATIVOS__UM_A_DOIS_CREDITOS_ATIVOS;FAIXA_IDADE__IDADE_60_OU_MAIS + CATEGORIA_FILHOS__SEM_FILHOS + POSSE_CARRO__SEM_CARRO + FAIXA_TAXA_REJEICAO__SEM_REJEICAO_PREVIA;2;4;6;0.010000;0.2;2.61;0.01;1.15
38;FAIXA_IDADE__IDADE_60_OU_MAIS + CATEGORIA_FILHOS__SEM_FILHOS + POSSE_CARRO__SEM_CARRO + FAIXA_TAXA_REJEICAO__SEM_REJEICAO_PREVIA;SITUACAO_FAMILIAR__SEPARADO_VIUVO_OU_NAO_INFORMADO + FAIXA_CREDITOS_ATIVOS__UM_A_DOIS_CREDITOS_ATIVOS;4;2;6;0.010000;0.13;2.61;0.01;1.09
39;SITUACAO_FAMILIAR__SEPARADO_VIUVO_OU_NAO_INFORMADO + FAIXA_CREDITOS_ATIVOS__UM_A_DOIS_CREDITOS_ATIVOS;FAIXA_IDADE__IDADE_60_OU_MAIS + POSSE_CARRO__SEM_CARRO + FAIXA_TAXA_REJEICAO__SEM_REJEICAO_PREVIA;2;3;5;0.010000;0.2;2.6;0.01;1.15
40;FAIXA_IDADE__IDADE_60_OU_MAIS + POSSE_CARRO__SEM_CARRO + FAIXA_TAXA_REJEICAO__SEM_REJEICAO_PREVIA;SITUACAO_FAMILIAR__SEPARADO_VIUVO_OU_NAO_INFORMADO + FAIXA_CREDITOS_ATIVOS__UM_A_DOIS_CREDITOS_ATIVOS;3;2;5;0.010000;0.13;2.6;0.01;1.09
41;FAIXA_IDADE__IDADE_60_OU_MAIS + CATEGORIA_FILHOS__SEM_FILHOS + FAIXA_TAXA_REJEICAO__SEM_REJEICAO_PREVIA;POSSE_CARRO__SEM_CARRO + SITUACAO_FAMILIAR__SEPARADO_VIUVO_OU_NAO_INFORMADO + FAIXA_CREDITOS_ATIVOS__UM_A_DOIS_CREDITOS_ATIVOS;3;3;6;0.010000;0.11;2.57;0.01;1.07
42;POSSE_CARRO__SEM_CARRO + SITUACAO_FAMILIAR__SEPARADO_VIUVO_OU_NAO_INFORMADO + FAIXA_CREDITOS_ATIVOS__UM_A_DOIS_CREDITOS_ATIVOS;FAIXA_IDADE__IDADE_60_OU_MAIS + CATEGORIA_FILHOS__SEM_FILHOS + FAIXA_TAXA_REJEICAO__SEM_REJEICAO_PREVIA;3;3;6;0.010000;0.24;2.57;0.01;1.19
43;POSSE_CARRO__SEM_CARRO + SITUACAO_FAMILIAR__SEPARADO_VIUVO_OU_NAO_INFORMADO + FAIXA_CREDITOS_ATIVOS__UM_A_DOIS_CREDITOS_ATIVOS;FAIXA_IDADE__IDADE_60_OU_MAIS + FAIXA_TAXA_REJEICAO__SEM_REJEICAO_PREVIA;3;2;5;0.010000;0.24;2.55;0.01;1.19
44;FAIXA_IDADE__IDADE_60_OU_MAIS + FAIXA_TAXA_REJEICAO__SEM_REJEICAO_PREVIA;POSSE_CARRO__SEM_CARRO + SITUACAO_FAMILIAR__SEPARADO_VIUVO_OU_NAO_INFORMADO + FAIXA_CREDITOS_ATIVOS__UM_A_DOIS_CREDITOS_ATIVOS;2;3;5;0.010000;0.1;2.55;0.01;1.07
45;FAIXA_IDADE__IDADE_60_OU_MAIS + CATEGORIA_FILHOS__SEM_FILHOS + POSSE_CARRO__SEM_CARRO;SITUACAO_FAMILIAR__SEPARADO_VIUVO_OU_NAO_INFORMADO + FAIXA_CREDITOS_ATIVOS__UM_A_DOIS_CREDITOS_ATIVOS + FAIXA_TAXA_REJEICAO__SEM_REJEICAO_PREVIA;3;3;6;0.010000;0.09;2.54;0.01;1.06
46;SITUACAO_FAMILIAR__SEPARADO_VIUVO_OU_NAO_INFORMADO + FAIXA_CREDITOS_ATIVOS__UM_A_DOIS_CREDITOS_ATIVOS + FAIXA_TAXA_REJEICAO__SEM_REJEICAO_PREVIA;FAIXA_IDADE__IDADE_60_OU_MAIS + CATEGORIA_FILHOS__SEM_FILHOS + POSSE_CARRO__SEM_CARRO;3;3;6;0.010000;0.29;2.54;0.01;1.24
47;FAIXA_RENDA__RENDA_MUITO_ALTA + FAIXA_IDADE__IDADE_50_A_59;FAIXA_CREDITO__CREDITO_MUITO_ALTO + FAIXA_CREDITOS_ATIVOS__TRES_OU_MAIS_CREDITOS_ATIVOS;2;2;4;0.010000;0.19;2.54;0.01;1.14
48;FAIXA_CREDITO__CREDITO_MUITO_ALTO + FAIXA_CREDITOS_ATIVOS__TRES_OU_MAIS_CREDITOS_ATIVOS;FAIXA_RENDA__RENDA_MUITO_ALTA + FAIXA_IDADE__IDADE_50_A_59;2;2;4;0.010000;0.13;2.54;0.01;1.09
49;FAIXA_IDADE__IDADE_60_OU_MAIS + CATEGORIA_FILHOS__SEM_FILHOS + POSSE_CARRO__SEM_CARRO + FAIXA_CREDITOS_ATIVOS__UM_A_DOIS_CREDITOS_ATIVOS + FAIXA_TAXA_REJEICAO__SEM_REJEICAO_PREVIA;SITUACAO_FAMILIAR__SEPARADO_VIUVO_OU_NAO_INFORMADO;5;1;6;0.010000;0.3;2.53;0.01;1.26
50;SITUACAO_FAMILIAR__SEPARADO_VIUVO_OU_NAO_INFORMADO;FAIXA_IDADE__IDADE_60_OU_MAIS + CATEGORIA_FILHOS__SEM_FILHOS + POSSE_CARRO__SEM_CARRO + FAIXA_CREDITOS_ATIVOS__UM_A_DOIS_CREDITOS_ATIVOS + FAIXA_TAXA_REJEICAO__SEM_REJEICAO_PREVIA;1;5;6;0.010000;0.08;2.53;0.01;1.05
51;SITUACAO_FAMILIAR__SEPARADO_VIUVO_OU_NAO_INFORMADO + FAIXA_CREDITOS_ATIVOS__UM_A_DOIS_CREDITOS_ATIVOS + FAIXA_TAXA_REJEICAO__SEM_REJEICAO_PREVIA;FAIXA_IDADE__IDADE_60_OU_MAIS + POSSE_CARRO__SEM_CARRO;3;2;5;0.010000;0.29;2.52;0.01;1.24
52;FAIXA_IDADE__IDADE_60_OU_MAIS + POSSE_CARRO__SEM_CARRO;SITUACAO_FAMILIAR__SEPARADO_VIUVO_OU_NAO_INFORMADO + FAIXA_CREDITOS_ATIVOS__UM_A_DOIS_CREDITOS_ATIVOS + FAIXA_TAXA_REJEICAO__SEM_REJEICAO_PREVIA;2;3;5;0.010000;0.09;2.52;0.01;1.06
53;CATEGORIA_FILHOS__SEM_FILHOS + SITUACAO_FAMILIAR__SOLTEIRO;FAIXA_IDADE__IDADE_21_A_29 + POSSE_CARRO__COM_CARRO + FAIXA_TAXA_REJEICAO__SEM_REJEICAO_PREVIA;2;3;5;0.010000;0.08;2.52;0.01;1.05
54;FAIXA_IDADE__IDADE_21_A_29 + POSSE_CARRO__COM_CARRO + FAIXA_TAXA_REJEICAO__SEM_REJEICAO_PREVIA;CATEGORIA_FILHOS__SEM_FILHOS + SITUACAO_FAMILIAR__SOLTEIRO;3;2;5;0.010000;0.32;2.52;0.01;1.28
55;FAIXA_IDADE__IDADE_21_A_29 + POSSE_CARRO__COM_CARRO;CATEGORIA_FILHOS__SEM_FILHOS + SITUACAO_FAMILIAR__SOLTEIRO + FAIXA_TAXA_REJEICAO__SEM_REJEICAO_PREVIA;2;3;5;0.010000;0.22;2.52;0.01;1.17
56;CATEGORIA_FILHOS__SEM_FILHOS + SITUACAO_FAMILIAR__SOLTEIRO + FAIXA_TAXA_REJEICAO__SEM_REJEICAO_PREVIA;FAIXA_IDADE__IDADE_21_A_29 + POSSE_CARRO__COM_CARRO;3;2;5;0.010000;0.11;2.52;0.01;1.08
57;SITUACAO_FAMILIAR__SEPARADO_VIUVO_OU_NAO_INFORMADO;FAIXA_IDADE__IDADE_60_OU_MAIS + POSSE_CARRO__SEM_CARRO + FAIXA_CREDITOS_ATIVOS__UM_A_DOIS_CREDITOS_ATIVOS + FAIXA_TAXA_REJEICAO__SEM_REJEICAO_PREVIA;1;4;5;0.010000;0.08;2.51;0.01;1.05
58;FAIXA_IDADE__IDADE_60_OU_MAIS + POSSE_CARRO__SEM_CARRO + FAIXA_CREDITOS_ATIVOS__UM_A_DOIS_CREDITOS_ATIVOS + FAIXA_TAXA_REJEICAO__SEM_REJEICAO_PREVIA;SITUACAO_FAMILIAR__SEPARADO_VIUVO_OU_NAO_INFORMADO;4;1;5;0.010000;0.3;2.51;0.01;1.25
59;POSSE_CARRO__SEM_CARRO + SITUACAO_FAMILIAR__SEPARADO_VIUVO_OU_NAO_INFORMADO + FAIXA_CREDITOS_ATIVOS__UM_A_DOIS_CREDITOS_ATIVOS + FAIXA_TAXA_REJEICAO__SEM_REJEICAO_PREVIA;FAIXA_IDADE__IDADE_60_OU_MAIS + CATEGORIA_FILHOS__SEM_FILHOS;4;2;6;0.010000;0.35;2.48;0.01;1.31
60;FAIXA_IDADE__IDADE_60_OU_MAIS + CATEGORIA_FILHOS__SEM_FILHOS;POSSE_CARRO__SEM_CARRO + SITUACAO_FAMILIAR__SEPARADO_VIUVO_OU_NAO_INFORMADO + FAIXA_CREDITOS_ATIVOS__UM_A_DOIS_CREDITOS_ATIVOS + FAIXA_TAXA_REJEICAO__SEM_REJEICAO_PREVIA;2;4;6;0.010000;0.07;2.48;0.01;1.04
61;FAIXA_IDADE__IDADE_60_OU_MAIS;POSSE_CARRO__SEM_CARRO + SITUACAO_FAMILIAR__SEPARADO_VIUVO_OU_NAO_INFORMADO + FAIXA_CREDITOS_ATIVOS__UM_A_DOIS_CREDITOS_ATIVOS + FAIXA_TAXA_REJEICAO__SEM_REJEICAO_PREVIA;1;4;5;0.010000;0.07;2.46;0.01;1.04
62;POSSE_CARRO__SEM_CARRO + SITUACAO_FAMILIAR__SEPARADO_VIUVO_OU_NAO_INFORMADO + FAIXA_CREDITOS_ATIVOS__UM_A_DOIS_CREDITOS_ATIVOS + FAIXA_TAXA_REJEICAO__SEM_REJEICAO_PREVIA;FAIXA_IDADE__IDADE_60_OU_MAIS;4;1;5;0.010000;0.35;2.46;0.01;1.31
63;POSSE_CARRO__SEM_CARRO + SITUACAO_FAMILIAR__SEPARADO_VIUVO_OU_NAO_INFORMADO;FAIXA_IDADE__IDADE_60_OU_MAIS + CATEGORIA_FILHOS__SEM_FILHOS + FAIXA_CREDITOS_ATIVOS__UM_A_DOIS_CREDITOS_ATIVOS + FAIXA_TAXA_REJEICAO__SEM_REJEICAO_PREVIA;2;4;6;0.010000;0.1;2.43;0.01;1.06
64;FAIXA_IDADE__IDADE_60_OU_MAIS + CATEGORIA_FILHOS__SEM_FILHOS + FAIXA_CREDITOS_ATIVOS__UM_A_DOIS_CREDITOS_ATIVOS + FAIXA_TAXA_REJEICAO__SEM_REJEICAO_PREVIA;POSSE_CARRO__SEM_CARRO + SITUACAO_FAMILIAR__SEPARADO_VIUVO_OU_NAO_INFORMADO;4;2;6;0.010000;0.24;2.43;0.01;1.18
65;POSSE_CARRO__SEM_CARRO + SITUACAO_FAMILIAR__SEPARADO_VIUVO_OU_NAO_INFORMADO;FAIXA_IDADE__IDADE_60_OU_MAIS + FAIXA_CREDITOS_ATIVOS__UM_A_DOIS_CREDITOS_ATIVOS + FAIXA_TAXA_REJEICAO__SEM_REJEICAO_PREVIA;2;3;5;0.010000;0.1;2.4;0.01;1.06
66;FAIXA_IDADE__IDADE_60_OU_MAIS + FAIXA_CREDITOS_ATIVOS__UM_A_DOIS_CREDITOS_ATIVOS + FAIXA_TAXA_REJEICAO__SEM_REJEICAO_PREVIA;POSSE_CARRO__SEM_CARRO + SITUACAO_FAMILIAR__SEPARADO_VIUVO_OU_NAO_INFORMADO;3;2;5;0.010000;0.24;2.4;0.01;1.18
67;FAIXA_CREDITO__CREDITO_BAIXO + FAIXA_IDADE__IDADE_50_A_59;FAIXA_RENDA__RENDA_BAIXA + CATEGORIA_FILHOS__SEM_FILHOS + FAIXA_CREDITOS_ATIVOS__UM_A_DOIS_CREDITOS_ATIVOS;2;3;5;0.010000;0.24;2.39;0.01;1.18
68;FAIXA_RENDA__RENDA_BAIXA + CATEGORIA_FILHOS__SEM_FILHOS + FAIXA_CREDITOS_ATIVOS__UM_A_DOIS_CREDITOS_ATIVOS;FAIXA_CREDITO__CREDITO_BAIXO + FAIXA_IDADE__IDADE_50_A_59;3;2;5;0.010000;0.1;2.39;0.01;1.06
69;FAIXA_IDADE__IDADE_30_A_39;CATEGORIA_FILHOS__DOIS_OU_MAIS_FILHOS + POSSE_CARRO__SEM_CARRO + FAIXA_CREDITOS_ATIVOS__SEM_CREDITOS_ATIVOS;1;3;4;0.010000;0.04;2.34;0.01;1.02
70;CATEGORIA_FILHOS__DOIS_OU_MAIS_FILHOS + POSSE_CARRO__SEM_CARRO + FAIXA_CREDITOS_ATIVOS__SEM_CREDITOS_ATIVOS;FAIXA_IDADE__IDADE_30_A_39;3;1;4;0.010000;0.62;2.34;0.01;1.91
71;CATEGORIA_FILHOS__DOIS_OU_MAIS_FILHOS + POSSE_CARRO__SEM_CARRO;FAIXA_IDADE__IDADE_30_A_39 + FAIXA_CREDITOS_ATIVOS__SEM_CREDITOS_ATIVOS;2;2;4;0.010000;0.17;2.32;0.01;1.11
72;FAIXA_IDADE__IDADE_30_A_39 + FAIXA_CREDITOS_ATIVOS__SEM_CREDITOS_ATIVOS;CATEGORIA_FILHOS__DOIS_OU_MAIS_FILHOS + POSSE_CARRO__SEM_CARRO;2;2;4;0.010000;0.14;2.32;0.01;1.09
73;FAIXA_RENDA__RENDA_BAIXA + CATEGORIA_FILHOS__SEM_FILHOS + FAIXA_CREDITOS_ATIVOS__UM_A_DOIS_CREDITOS_ATIVOS;FAIXA_IDADE__IDADE_60_OU_MAIS + POSSE_CARRO__SEM_CARRO + SITUACAO_FAMILIAR__CASADO_OU_UNIAO_CIVIL + FAIXA_TAXA_REJEICAO__SEM_REJEICAO_PREVIA;3;4;7;0.010000;0.1;2.3;0.01;1.06
74;FAIXA_IDADE__IDADE_60_OU_MAIS + POSSE_CARRO__SEM_CARRO + SITUACAO_FAMILIAR__CASADO_OU_UNIAO_CIVIL + FAIXA_TAXA_REJEICAO__SEM_REJEICAO_PREVIA;FAIXA_RENDA__RENDA_BAIXA + CATEGORIA_FILHOS__SEM_FILHOS + FAIXA_CREDITOS_ATIVOS__UM_A_DOIS_CREDITOS_ATIVOS;4;3;7;0.010000;0.23;2.3;0.01;1.16
75;FAIXA_RENDA__RENDA_BAIXA + CATEGORIA_FILHOS__SEM_FILHOS;FAIXA_IDADE__IDADE_60_OU_MAIS + POSSE_CARRO__SEM_CARRO + SITUACAO_FAMILIAR__CASADO_OU_UNIAO_CIVIL + FAIXA_CREDITOS_ATIVOS__UM_A_DOIS_CREDITOS_ATIVOS + FAIXA_TAXA_REJEICAO__SEM_REJEICAO_PREVIA;2;5;7;0.010000;0.04;2.29;0.01;1.02
76;FAIXA_IDADE__IDADE_60_OU_MAIS + POSSE_CARRO__SEM_CARRO + SITUACAO_FAMILIAR__CASADO_OU_UNIAO_CIVIL + FAIXA_CREDITOS_ATIVOS__UM_A_DOIS_CREDITOS_ATIVOS + FAIXA_TAXA_REJEICAO__SEM_REJEICAO_PREVIA;FAIXA_RENDA__RENDA_BAIXA + CATEGORIA_FILHOS__SEM_FILHOS;5;2;7;0.010000;0.54;2.29;0.01;1.64
77;FAIXA_IDADE__IDADE_50_A_59 + FAIXA_TAXA_REJEICAO__REJEICAO_PREVIA_ACIMA_25_PCT;CATEGORIA_FILHOS__SEM_FILHOS + POSSE_CARRO__SEM_CARRO + FAIXA_CREDITOS_ATIVOS__TRES_OU_MAIS_CREDITOS_ATIVOS;2;3;5;0.010000;0.28;2.27;0.01;1.21
78;CATEGORIA_FILHOS__SEM_FILHOS + POSSE_CARRO__SEM_CARRO + FAIXA_CREDITOS_ATIVOS__TRES_OU_MAIS_CREDITOS_ATIVOS;FAIXA_IDADE__IDADE_50_A_59 + FAIXA_TAXA_REJEICAO__REJEICAO_PREVIA_ACIMA_25_PCT;3;2;5;0.010000;0.08;2.27;0.01;1.05
79;FAIXA_IDADE__IDADE_30_A_39 + POSSE_CARRO__SEM_CARRO;CATEGORIA_FILHOS__DOIS_OU_MAIS_FILHOS + FAIXA_CREDITOS_ATIVOS__SEM_CREDITOS_ATIVOS;2;2;4;0.010000;0.06;2.23;0.01;1.04
80;CATEGORIA_FILHOS__DOIS_OU_MAIS_FILHOS + FAIXA_CREDITOS_ATIVOS__SEM_CREDITOS_ATIVOS;FAIXA_IDADE__IDADE_30_A_39 + POSSE_CARRO__SEM_CARRO;2;2;4;0.010000;0.36;2.23;0.01;1.3
81;FAIXA_IDADE__IDADE_60_OU_MAIS + POSSE_CARRO__SEM_CARRO + SITUACAO_FAMILIAR__CASADO_OU_UNIAO_CIVIL + FAIXA_CREDITOS_ATIVOS__UM_A_DOIS_CREDITOS_ATIVOS;FAIXA_RENDA__RENDA_BAIXA + CATEGORIA_FILHOS__SEM_FILHOS + FAIXA_TAXA_REJEICAO__SEM_REJEICAO_PREVIA;4;3;7;0.010000;0.37;2.19;0.01;1.32
82;FAIXA_RENDA__RENDA_BAIXA + CATEGORIA_FILHOS__SEM_FILHOS + FAIXA_TAXA_REJEICAO__SEM_REJEICAO_PREVIA;FAIXA_IDADE__IDADE_60_OU_MAIS + POSSE_CARRO__SEM_CARRO + SITUACAO_FAMILIAR__CASADO_OU_UNIAO_CIVIL + FAIXA_CREDITOS_ATIVOS__UM_A_DOIS_CREDITOS_ATIVOS;3;4;7;0.010000;0.06;2.19;0.01;1.03
83;FAIXA_RENDA__RENDA_BAIXA + CATEGORIA_FILHOS__SEM_FILHOS + POSSE_CARRO__SEM_CARRO + FAIXA_CREDITOS_ATIVOS__UM_A_DOIS_CREDITOS_ATIVOS;FAIXA_IDADE__IDADE_60_OU_MAIS + SITUACAO_FAMILIAR__CASADO_OU_UNIAO_CIVIL + FAIXA_TAXA_REJEICAO__SEM_REJEICAO_PREVIA;4;3;7;0.010000;0.13;2.18;0.01;1.08
84;FAIXA_IDADE__IDADE_60_OU_MAIS + SITUACAO_FAMILIAR__CASADO_OU_UNIAO_CIVIL + FAIXA_TAXA_REJEICAO__SEM_REJEICAO_PREVIA;FAIXA_RENDA__RENDA_BAIXA + CATEGORIA_FILHOS__SEM_FILHOS + POSSE_CARRO__SEM_CARRO + FAIXA_CREDITOS_ATIVOS__UM_A_DOIS_CREDITOS_ATIVOS;3;4;7;0.010000;0.17;2.18;0.01;1.11
85;FAIXA_IDADE__IDADE_60_OU_MAIS + POSSE_CARRO__SEM_CARRO + SITUACAO_FAMILIAR__CASADO_OU_UNIAO_CIVIL;FAIXA_RENDA__RENDA_BAIXA + CATEGORIA_FILHOS__SEM_FILHOS + FAIXA_CREDITOS_ATIVOS__UM_A_DOIS_CREDITOS_ATIVOS + FAIXA_TAXA_REJEICAO__SEM_REJEICAO_PREVIA;3;4;7;0.010000;0.16;2.17;0.01;1.1
86;FAIXA_RENDA__RENDA_BAIXA + CATEGORIA_FILHOS__SEM_FILHOS + FAIXA_CREDITOS_ATIVOS__UM_A_DOIS_CREDITOS_ATIVOS + FAIXA_TAXA_REJEICAO__SEM_REJEICAO_PREVIA;FAIXA_IDADE__IDADE_60_OU_MAIS + POSSE_CARRO__SEM_CARRO + SITUACAO_FAMILIAR__CASADO_OU_UNIAO_CIVIL;4;3;7;0.010000;0.14;2.17;0.01;1.09
87;FAIXA_RENDA__RENDA_BAIXA + CATEGORIA_FILHOS__SEM_FILHOS;FAIXA_CREDITO__CREDITO_BAIXO + FAIXA_IDADE__IDADE_50_A_59 + FAIXA_CREDITOS_ATIVOS__UM_A_DOIS_CREDITOS_ATIVOS;2;3;5;0.010000;0.04;2.13;0.01;1.02
88;FAIXA_CREDITO__CREDITO_BAIXO + FAIXA_IDADE__IDADE_50_A_59 + FAIXA_CREDITOS_ATIVOS__UM_A_DOIS_CREDITOS_ATIVOS;FAIXA_RENDA__RENDA_BAIXA + CATEGORIA_FILHOS__SEM_FILHOS;3;2;5;0.010000;0.5;2.13;0.01;1.52
89;CATEGORIA_FILHOS__SEM_FILHOS + FAIXA_CREDITOS_ATIVOS__TRES_OU_MAIS_CREDITOS_ATIVOS;FAIXA_IDADE__IDADE_50_A_59 + POSSE_CARRO__SEM_CARRO + FAIXA_TAXA_REJEICAO__REJEICAO_PREVIA_ACIMA_25_PCT;2;3;5;0.010000;0.05;2.12;0.01;1.03
90;FAIXA_IDADE__IDADE_50_A_59 + POSSE_CARRO__SEM_CARRO + FAIXA_TAXA_REJEICAO__REJEICAO_PREVIA_ACIMA_25_PCT;CATEGORIA_FILHOS__SEM_FILHOS + FAIXA_CREDITOS_ATIVOS__TRES_OU_MAIS_CREDITOS_ATIVOS;3;2;5;0.010000;0.39;2.12;0.01;1.33
91;CATEGORIA_FILHOS__DOIS_OU_MAIS_FILHOS;FAIXA_IDADE__IDADE_30_A_39 + POSSE_CARRO__SEM_CARRO + FAIXA_CREDITOS_ATIVOS__SEM_CREDITOS_ATIVOS;1;3;4;0.010000;0.1;2.12;0.01;1.06
92;FAIXA_IDADE__IDADE_30_A_39 + POSSE_CARRO__SEM_CARRO + FAIXA_CREDITOS_ATIVOS__SEM_CREDITOS_ATIVOS;CATEGORIA_FILHOS__DOIS_OU_MAIS_FILHOS;3;1;4;0.010000;0.22;2.12;0.01;1.14
93;FAIXA_RENDA__RENDA_BAIXA + CATEGORIA_FILHOS__SEM_FILHOS + POSSE_CARRO__SEM_CARRO;FAIXA_IDADE__IDADE_60_OU_MAIS + SITUACAO_FAMILIAR__CASADO_OU_UNIAO_CIVIL + FAIXA_CREDITOS_ATIVOS__UM_A_DOIS_CREDITOS_ATIVOS + FAIXA_TAXA_REJEICAO__SEM_REJEICAO_PREVIA;3;4;7;0.010000;0.05;2.11;0.01;1.03
94;FAIXA_IDADE__IDADE_60_OU_MAIS + SITUACAO_FAMILIAR__CASADO_OU_UNIAO_CIVIL + FAIXA_CREDITOS_ATIVOS__UM_A_DOIS_CREDITOS_ATIVOS + FAIXA_TAXA_REJEICAO__SEM_REJEICAO_PREVIA;FAIXA_RENDA__RENDA_BAIXA + CATEGORIA_FILHOS__SEM_FILHOS + POSSE_CARRO__SEM_CARRO;4;3;7;0.010000;0.39;2.11;0.01;1.33
95;FAIXA_RENDA__RENDA_BAIXA + FAIXA_IDADE__IDADE_21_A_29 + CATEGORIA_FILHOS__SEM_FILHOS;FAIXA_CREDITO__CREDITO_BAIXO + POSSE_CARRO__SEM_CARRO;3;2;5;0.010000;0.38;2.07;0.01;1.31
96;FAIXA_CREDITO__CREDITO_BAIXO + POSSE_CARRO__SEM_CARRO;FAIXA_RENDA__RENDA_BAIXA + FAIXA_IDADE__IDADE_21_A_29 + CATEGORIA_FILHOS__SEM_FILHOS;2;3;5;0.010000;0.05;2.07;0.01;1.03
97;FAIXA_RENDA__RENDA_BAIXA + CATEGORIA_FILHOS__SEM_FILHOS + POSSE_CARRO__SEM_CARRO + SITUACAO_FAMILIAR__CASADO_OU_UNIAO_CIVIL + FAIXA_CREDITOS_ATIVOS__UM_A_DOIS_CREDITOS_ATIVOS;FAIXA_IDADE__IDADE_60_OU_MAIS + FAIXA_TAXA_REJEICAO__SEM_REJEICAO_PREVIA;5;2;7;0.010000;0.2;2.07;0.01;1.13
98;FAIXA_IDADE__IDADE_60_OU_MAIS + FAIXA_TAXA_REJEICAO__SEM_REJEICAO_PREVIA;FAIXA_RENDA__RENDA_BAIXA + CATEGORIA_FILHOS__SEM_FILHOS + POSSE_CARRO__SEM_CARRO + SITUACAO_FAMILIAR__CASADO_OU_UNIAO_CIVIL + FAIXA_CREDITOS_ATIVOS__UM_A_DOIS_CREDITOS_ATIVOS;2;5;7;0.010000;0.1;2.07;0.01;1.06
99;FAIXA_IDADE__IDADE_60_OU_MAIS + SITUACAO_FAMILIAR__SEPARADO_VIUVO_OU_NAO_INFORMADO + FAIXA_CREDITOS_ATIVOS__UM_A_DOIS_CREDITOS_ATIVOS;CATEGORIA_FILHOS__SEM_FILHOS + POSSE_CARRO__SEM_CARRO + FAIXA_TAXA_REJEICAO__SEM_REJEICAO_PREVIA;3;3;6;0.010000;0.67;2.04;0.01;1.98
100;CATEGORIA_FILHOS__SEM_FILHOS + POSSE_CARRO__SEM_CARRO + FAIXA_TAXA_REJEICAO__SEM_REJEICAO_PREVIA;FAIXA_IDADE__IDADE_60_OU_MAIS + SITUACAO_FAMILIAR__SEPARADO_VIUVO_OU_NAO_INFORMADO + FAIXA_CREDITOS_ATIVOS__UM_A_DOIS_CREDITOS_ATIVOS;3;3;6;0.010000;0.03;2.04;0.01;1.02
101;FAIXA_CREDITO__CREDITO_MUITO_ALTO + FAIXA_IDADE__IDADE_50_A_59 + FAIXA_CREDITOS_ATIVOS__TRES_OU_MAIS_CREDITOS_ATIVOS;FAIXA_RENDA__RENDA_MUITO_ALTA;3;1;4;0.010000;0.49;2.04;0.01;1.47
102;FAIXA_RENDA__RENDA_MUITO_ALTA;FAIXA_CREDITO__CREDITO_MUITO_ALTO + FAIXA_IDADE__IDADE_50_A_59 + FAIXA_CREDITOS_ATIVOS__TRES_OU_MAIS_CREDITOS_ATIVOS;1;3;4;0.010000;0.04;2.04;0.01;1.02
103;FAIXA_IDADE__IDADE_60_OU_MAIS + SITUACAO_FAMILIAR__CASADO_OU_UNIAO_CIVIL;FAIXA_RENDA__RENDA_BAIXA + CATEGORIA_FILHOS__SEM_FILHOS + POSSE_CARRO__SEM_CARRO + FAIXA_CREDITOS_ATIVOS__UM_A_DOIS_CREDITOS_ATIVOS + FAIXA_TAXA_REJEICAO__SEM_REJEICAO_PREVIA;2;5;7;0.010000;0.12;2.02;0.01;1.07
104;FAIXA_RENDA__RENDA_BAIXA + CATEGORIA_FILHOS__SEM_FILHOS + POSSE_CARRO__SEM_CARRO + FAIXA_CREDITOS_ATIVOS__UM_A_DOIS_CREDITOS_ATIVOS + FAIXA_TAXA_REJEICAO__SEM_REJEICAO_PREVIA;FAIXA_IDADE__IDADE_60_OU_MAIS + SITUACAO_FAMILIAR__CASADO_OU_UNIAO_CIVIL;5;2;7;0.010000;0.17;2.02;0.01;1.1
105;FAIXA_CREDITO__CREDITO_MUITO_ALTO;FAIXA_RENDA__RENDA_MUITO_ALTA + FAIXA_IDADE__IDADE_50_A_59 + FAIXA_CREDITOS_ATIVOS__TRES_OU_MAIS_CREDITOS_ATIVOS;1;3;4;0.010000;0.04;2.01;0.01;1.02
106;FAIXA_RENDA__RENDA_MUITO_ALTA + FAIXA_IDADE__IDADE_50_A_59 + FAIXA_CREDITOS_ATIVOS__TRES_OU_MAIS_CREDITOS_ATIVOS;FAIXA_CREDITO__CREDITO_MUITO_ALTO;3;1;4;0.010000;0.5;2.01;0.01;1.49
107;FAIXA_RENDA__RENDA_BAIXA + CATEGORIA_FILHOS__SEM_FILHOS + POSSE_CARRO__SEM_CARRO + SITUACAO_FAMILIAR__CASADO_OU_UNIAO_CIVIL;FAIXA_IDADE__IDADE_60_OU_MAIS + FAIXA_CREDITOS_ATIVOS__UM_A_DOIS_CREDITOS_ATIVOS + FAIXA_TAXA_REJEICAO__SEM_REJEICAO_PREVIA;4;3;7;0.010000;0.08;2.01;0.01;1.05
108;FAIXA_IDADE__IDADE_60_OU_MAIS + FAIXA_CREDITOS_ATIVOS__UM_A_DOIS_CREDITOS_ATIVOS + FAIXA_TAXA_REJEICAO__SEM_REJEICAO_PREVIA;FAIXA_RENDA__RENDA_BAIXA + CATEGORIA_FILHOS__SEM_FILHOS + POSSE_CARRO__SEM_CARRO + SITUACAO_FAMILIAR__CASADO_OU_UNIAO_CIVIL;3;4;7;0.010000;0.24;2.01;0.01;1.15
109;FAIXA_IDADE__IDADE_60_OU_MAIS + SITUACAO_FAMILIAR__CASADO_OU_UNIAO_CIVIL + FAIXA_CREDITOS_ATIVOS__UM_A_DOIS_CREDITOS_ATIVOS;FAIXA_RENDA__RENDA_BAIXA + CATEGORIA_FILHOS__SEM_FILHOS + POSSE_CARRO__SEM_CARRO + FAIXA_TAXA_REJEICAO__SEM_REJEICAO_PREVIA;3;4;7;0.010000;0.27;2;0.01;1.18
110;FAIXA_RENDA__RENDA_BAIXA + CATEGORIA_FILHOS__SEM_FILHOS + POSSE_CARRO__SEM_CARRO + FAIXA_TAXA_REJEICAO__SEM_REJEICAO_PREVIA;FAIXA_IDADE__IDADE_60_OU_MAIS + SITUACAO_FAMILIAR__CASADO_OU_UNIAO_CIVIL + FAIXA_CREDITOS_ATIVOS__UM_A_DOIS_CREDITOS_ATIVOS;4;3;7;0.010000;0.07;2;0.01;1.04
111;FAIXA_CREDITO__CREDITO_BAIXO + CATEGORIA_FILHOS__SEM_FILHOS;FAIXA_RENDA__RENDA_BAIXA + FAIXA_IDADE__IDADE_50_A_59 + FAIXA_CREDITOS_ATIVOS__UM_A_DOIS_CREDITOS_ATIVOS;2;3;5;0.010000;0.06;1.98;0;1.03
112;FAIXA_RENDA__RENDA_BAIXA + FAIXA_IDADE__IDADE_50_A_59 + FAIXA_CREDITOS_ATIVOS__UM_A_DOIS_CREDITOS_ATIVOS;FAIXA_CREDITO__CREDITO_BAIXO + CATEGORIA_FILHOS__SEM_FILHOS;3;2;5;0.010000;0.35;1.98;0;1.26
113;FAIXA_IDADE__IDADE_60_OU_MAIS + POSSE_CARRO__SEM_CARRO + FAIXA_CREDITOS_ATIVOS__UM_A_DOIS_CREDITOS_ATIVOS + FAIXA_TAXA_REJEICAO__SEM_REJEICAO_PREVIA;FAIXA_RENDA__RENDA_BAIXA + CATEGORIA_FILHOS__SEM_FILHOS + SITUACAO_FAMILIAR__CASADO_OU_UNIAO_CIVIL;4;3;7;0.010000;0.3;1.96;0;1.21
114;FAIXA_RENDA__RENDA_BAIXA + CATEGORIA_FILHOS__SEM_FILHOS + SITUACAO_FAMILIAR__CASADO_OU_UNIAO_CIVIL;FAIXA_IDADE__IDADE_60_OU_MAIS + POSSE_CARRO__SEM_CARRO + FAIXA_CREDITOS_ATIVOS__UM_A_DOIS_CREDITOS_ATIVOS + FAIXA_TAXA_REJEICAO__SEM_REJEICAO_PREVIA;3;4;7;0.010000;0.06;1.96;0;1.03
115;FAIXA_IDADE__IDADE_60_OU_MAIS + POSSE_CARRO__SEM_CARRO + FAIXA_TAXA_REJEICAO__SEM_REJEICAO_PREVIA;FAIXA_RENDA__RENDA_BAIXA + CATEGORIA_FILHOS__SEM_FILHOS + SITUACAO_FAMILIAR__CASADO_OU_UNIAO_CIVIL + FAIXA_CREDITOS_ATIVOS__UM_A_DOIS_CREDITOS_ATIVOS;3;4;7;0.010000;0.13;1.95;0;1.07
116;FAIXA_RENDA__RENDA_BAIXA + CATEGORIA_FILHOS__SEM_FILHOS + SITUACAO_FAMILIAR__CASADO_OU_UNIAO_CIVIL + FAIXA_CREDITOS_ATIVOS__UM_A_DOIS_CREDITOS_ATIVOS;FAIXA_IDADE__IDADE_60_OU_MAIS + POSSE_CARRO__SEM_CARRO + FAIXA_TAXA_REJEICAO__SEM_REJEICAO_PREVIA;4;3;7;0.010000;0.15;1.95;0;1.09
117;CATEGORIA_FILHOS__SEM_FILHOS + POSSE_CARRO__SEM_CARRO + FAIXA_TAXA_REJEICAO__REJEICAO_PREVIA_ACIMA_25_PCT;FAIXA_IDADE__IDADE_50_A_59 + FAIXA_CREDITOS_ATIVOS__TRES_OU_MAIS_CREDITOS_ATIVOS;3;2;5;0.010000;0.12;1.94;0;1.07
118;FAIXA_IDADE__IDADE_50_A_59 + FAIXA_CREDITOS_ATIVOS__TRES_OU_MAIS_CREDITOS_ATIVOS;CATEGORIA_FILHOS__SEM_FILHOS + POSSE_CARRO__SEM_CARRO + FAIXA_TAXA_REJEICAO__REJEICAO_PREVIA_ACIMA_25_PCT;2;3;5;0.010000;0.16;1.94;0;1.09
119;FAIXA_IDADE__IDADE_60_OU_MAIS + FAIXA_CREDITOS_ATIVOS__UM_A_DOIS_CREDITOS_ATIVOS;FAIXA_RENDA__RENDA_BAIXA + CATEGORIA_FILHOS__SEM_FILHOS + POSSE_CARRO__SEM_CARRO + SITUACAO_FAMILIAR__CASADO_OU_UNIAO_CIVIL + FAIXA_TAXA_REJEICAO__SEM_REJEICAO_PREVIA;2;5;7;0.010000;0.17;1.94;0;1.1
120;FAIXA_RENDA__RENDA_BAIXA + CATEGORIA_FILHOS__SEM_FILHOS + POSSE_CARRO__SEM_CARRO + SITUACAO_FAMILIAR__CASADO_OU_UNIAO_CIVIL + FAIXA_TAXA_REJEICAO__SEM_REJEICAO_PREVIA;FAIXA_IDADE__IDADE_60_OU_MAIS + FAIXA_CREDITOS_ATIVOS__UM_A_DOIS_CREDITOS_ATIVOS;5;2;7;0.010000;0.11;1.94;0;1.06
121;FAIXA_CREDITO__CREDITO_BAIXO;FAIXA_RENDA__RENDA_BAIXA + FAIXA_IDADE__IDADE_21_A_29 + CATEGORIA_FILHOS__SEM_FILHOS + POSSE_CARRO__SEM_CARRO;1;4;5;0.010000;0.04;1.94;0;1.02
122;FAIXA_RENDA__RENDA_BAIXA + FAIXA_IDADE__IDADE_21_A_29 + CATEGORIA_FILHOS__SEM_FILHOS + POSSE_CARRO__SEM_CARRO;FAIXA_CREDITO__CREDITO_BAIXO;4;1;5;0.010000;0.5;1.94;0;1.46
123;FAIXA_RENDA__RENDA_BAIXA + CATEGORIA_FILHOS__SEM_FILHOS + POSSE_CARRO__SEM_CARRO + SITUACAO_FAMILIAR__CASADO_OU_UNIAO_CIVIL + FAIXA_CREDITOS_ATIVOS__UM_A_DOIS_CREDITOS_ATIVOS + FAIXA_TAXA_REJEICAO__SEM_REJEICAO_PREVIA;FAIXA_IDADE__IDADE_60_OU_MAIS;6;1;7;0.010000;0.27;1.92;0;1.18
124;FAIXA_IDADE__IDADE_60_OU_MAIS;FAIXA_RENDA__RENDA_BAIXA + CATEGORIA_FILHOS__SEM_FILHOS + POSSE_CARRO__SEM_CARRO + SITUACAO_FAMILIAR__CASADO_OU_UNIAO_CIVIL + FAIXA_CREDITOS_ATIVOS__UM_A_DOIS_CREDITOS_ATIVOS + FAIXA_TAXA_REJEICAO__SEM_REJEICAO_PREVIA;1;6;7;0.010000;0.07;1.92;0;1.04
125;FAIXA_IDADE__IDADE_60_OU_MAIS + POSSE_CARRO__SEM_CARRO + FAIXA_CREDITOS_ATIVOS__UM_A_DOIS_CREDITOS_ATIVOS;FAIXA_RENDA__RENDA_BAIXA + CATEGORIA_FILHOS__SEM_FILHOS + SITUACAO_FAMILIAR__CASADO_OU_UNIAO_CIVIL + FAIXA_TAXA_REJEICAO__SEM_REJEICAO_PREVIA;3;4;7;0.010000;0.22;1.92;0;1.13
126;FAIXA_RENDA__RENDA_BAIXA + CATEGORIA_FILHOS__SEM_FILHOS + SITUACAO_FAMILIAR__CASADO_OU_UNIAO_CIVIL + FAIXA_TAXA_REJEICAO__SEM_REJEICAO_PREVIA;FAIXA_IDADE__IDADE_60_OU_MAIS + POSSE_CARRO__SEM_CARRO + FAIXA_CREDITOS_ATIVOS__UM_A_DOIS_CREDITOS_ATIVOS;4;3;7;0.010000;0.09;1.92;0;1.05
127;FAIXA_CREDITO__CREDITO_ALTO + FAIXA_RENDA__RENDA_BAIXA + CATEGORIA_FILHOS__SEM_FILHOS + SITUACAO_FAMILIAR__CASADO_OU_UNIAO_CIVIL;FAIXA_IDADE__IDADE_50_A_59 + FAIXA_TAXA_REJEICAO__SEM_REJEICAO_PREVIA;4;2;6;0.010000;0.28;1.9;0;1.18
128;FAIXA_IDADE__IDADE_50_A_59 + FAIXA_TAXA_REJEICAO__SEM_REJEICAO_PREVIA;FAIXA_CREDITO__CREDITO_ALTO + FAIXA_RENDA__RENDA_BAIXA + CATEGORIA_FILHOS__SEM_FILHOS + SITUACAO_FAMILIAR__CASADO_OU_UNIAO_CIVIL;2;4;6;0.010000;0.07;1.9;0;1.03
129;CATEGORIA_FILHOS__SEM_FILHOS + POSSE_CARRO__SEM_CARRO;FAIXA_IDADE__IDADE_60_OU_MAIS + SITUACAO_FAMILIAR__SEPARADO_VIUVO_OU_NAO_INFORMADO + FAIXA_CREDITOS_ATIVOS__UM_A_DOIS_CREDITOS_ATIVOS + FAIXA_TAXA_REJEICAO__SEM_REJEICAO_PREVIA;2;4;6;0.010000;0.02;1.87;0;1.01
130;FAIXA_IDADE__IDADE_60_OU_MAIS + SITUACAO_FAMILIAR__SEPARADO_VIUVO_OU_NAO_INFORMADO + FAIXA_CREDITOS_ATIVOS__UM_A_DOIS_CREDITOS_ATIVOS + FAIXA_TAXA_REJEICAO__SEM_REJEICAO_PREVIA;CATEGORIA_FILHOS__SEM_FILHOS + POSSE_CARRO__SEM_CARRO;4;2;6;0.010000;0.9;1.87;0;4.8
131;CATEGORIA_FILHOS__SEM_FILHOS + POSSE_CARRO__SEM_CARRO + FAIXA_CREDITOS_ATIVOS__UM_A_DOIS_CREDITOS_ATIVOS;FAIXA_IDADE__IDADE_60_OU_MAIS + SITUACAO_FAMILIAR__SEPARADO_VIUVO_OU_NAO_INFORMADO + FAIXA_TAXA_REJEICAO__SEM_REJEICAO_PREVIA;3;3;6;0.010000;0.05;1.86;0;1.02
132;FAIXA_IDADE__IDADE_60_OU_MAIS + SITUACAO_FAMILIAR__SEPARADO_VIUVO_OU_NAO_INFORMADO + FAIXA_TAXA_REJEICAO__SEM_REJEICAO_PREVIA;CATEGORIA_FILHOS__SEM_FILHOS + POSSE_CARRO__SEM_CARRO + FAIXA_CREDITOS_ATIVOS__UM_A_DOIS_CREDITOS_ATIVOS;3;3;6;0.010000;0.38;1.86;0;1.27
133;FAIXA_IDADE__IDADE_50_A_59 + POSSE_CARRO__SEM_CARRO + FAIXA_CREDITOS_ATIVOS__TRES_OU_MAIS_CREDITOS_ATIVOS;CATEGORIA_FILHOS__SEM_FILHOS + FAIXA_TAXA_REJEICAO__REJEICAO_PREVIA_ACIMA_25_PCT;3;2;5;0.010000;0.22;1.86;0;1.13
134;CATEGORIA_FILHOS__SEM_FILHOS + FAIXA_TAXA_REJEICAO__REJEICAO_PREVIA_ACIMA_25_PCT;FAIXA_IDADE__IDADE_50_A_59 + POSSE_CARRO__SEM_CARRO + FAIXA_CREDITOS_ATIVOS__TRES_OU_MAIS_CREDITOS_ATIVOS;2;3;5;0.010000;0.08;1.86;0;1.04
135;FAIXA_RENDA__RENDA_BAIXA + POSSE_CARRO__SEM_CARRO;FAIXA_CREDITO__CREDITO_MEDIO + FAIXA_IDADE__IDADE_60_OU_MAIS + FAIXA_TAXA_REJEICAO__SEM_REJEICAO_PREVIA;2;3;5;0.010000;0.04;1.85;0;1.02
136;FAIXA_CREDITO__CREDITO_MEDIO + FAIXA_IDADE__IDADE_60_OU_MAIS + FAIXA_TAXA_REJEICAO__SEM_REJEICAO_PREVIA;FAIXA_RENDA__RENDA_BAIXA + POSSE_CARRO__SEM_CARRO;3;2;5;0.010000;0.47;1.85;0;1.4
137;FAIXA_RENDA__RENDA_BAIXA + FAIXA_IDADE__IDADE_40_A_49;FAIXA_CREDITO__CREDITO_BAIXO + POSSE_CARRO__SEM_CARRO + SITUACAO_FAMILIAR__CASADO_OU_UNIAO_CIVIL + FAIXA_TAXA_REJEICAO__SEM_REJEICAO_PREVIA;2;4;6;0.010000;0.14;1.84;0;1.07
138;FAIXA_CREDITO__CREDITO_BAIXO + POSSE_CARRO__SEM_CARRO + SITUACAO_FAMILIAR__CASADO_OU_UNIAO_CIVIL + FAIXA_TAXA_REJEICAO__SEM_REJEICAO_PREVIA;FAIXA_RENDA__RENDA_BAIXA + FAIXA_IDADE__IDADE_40_A_49;4;2;6;0.010000;0.13;1.84;0;1.07
139;FAIXA_RENDA__RENDA_BAIXA + SITUACAO_FAMILIAR__CASADO_OU_UNIAO_CIVIL;FAIXA_CREDITO__CREDITO_BAIXO + FAIXA_IDADE__IDADE_40_A_49 + POSSE_CARRO__SEM_CARRO + FAIXA_TAXA_REJEICAO__SEM_REJEICAO_PREVIA;2;4;6;0.010000;0.04;1.84;0;1.02
140;FAIXA_CREDITO__CREDITO_BAIXO + FAIXA_IDADE__IDADE_40_A_49 + POSSE_CARRO__SEM_CARRO + FAIXA_TAXA_REJEICAO__SEM_REJEICAO_PREVIA;FAIXA_RENDA__RENDA_BAIXA + SITUACAO_FAMILIAR__CASADO_OU_UNIAO_CIVIL;4;2;6;0.010000;0.43;1.84;0;1.33
141;FAIXA_IDADE__IDADE_60_OU_MAIS + POSSE_CARRO__SEM_CARRO;FAIXA_RENDA__RENDA_BAIXA + CATEGORIA_FILHOS__SEM_FILHOS + SITUACAO_FAMILIAR__CASADO_OU_UNIAO_CIVIL + FAIXA_CREDITOS_ATIVOS__UM_A_DOIS_CREDITOS_ATIVOS + FAIXA_TAXA_REJEICAO__SEM_REJEICAO_PREVIA;2;5;7;0.010000;0.09;1.84;0;1.04
142;FAIXA_RENDA__RENDA_BAIXA + CATEGORIA_FILHOS__SEM_FILHOS + SITUACAO_FAMILIAR__CASADO_OU_UNIAO_CIVIL + FAIXA_CREDITOS_ATIVOS__UM_A_DOIS_CREDITOS_ATIVOS + FAIXA_TAXA_REJEICAO__SEM_REJEICAO_PREVIA;FAIXA_IDADE__IDADE_60_OU_MAIS + POSSE_CARRO__SEM_CARRO;5;2;7;0.010000;0.21;1.84;0;1.12
143;FAIXA_CREDITO__CREDITO_MUITO_ALTO + FAIXA_IDADE__IDADE_50_A_59;FAIXA_RENDA__RENDA_MUITO_ALTA + FAIXA_CREDITOS_ATIVOS__TRES_OU_MAIS_CREDITOS_ATIVOS;2;2;4;0.010000;0.15;1.83;0;1.08
144;FAIXA_RENDA__RENDA_MUITO_ALTA + FAIXA_CREDITOS_ATIVOS__TRES_OU_MAIS_CREDITOS_ATIVOS;FAIXA_CREDITO__CREDITO_MUITO_ALTO + FAIXA_IDADE__IDADE_50_A_59;2;2;4;0.010000;0.12;1.83;0;1.06
145;CATEGORIA_FILHOS__SEM_FILHOS + FAIXA_CREDITOS_ATIVOS__SEM_CREDITOS_ATIVOS;FAIXA_CREDITO__CREDITO_MEDIO + SITUACAO_FAMILIAR__SOLTEIRO + FAIXA_TAXA_REJEICAO__SEM_REJEICAO_PREVIA;2;3;5;0.010000;0.05;1.82;0;1.02
146;FAIXA_CREDITO__CREDITO_MEDIO + SITUACAO_FAMILIAR__SOLTEIRO + FAIXA_TAXA_REJEICAO__SEM_REJEICAO_PREVIA;CATEGORIA_FILHOS__SEM_FILHOS + FAIXA_CREDITOS_ATIVOS__SEM_CREDITOS_ATIVOS;3;2;5;0.010000;0.38;1.82;0;1.27
147;FAIXA_RENDA__RENDA_BAIXA + FAIXA_IDADE__IDADE_60_OU_MAIS + SITUACAO_FAMILIAR__CASADO_OU_UNIAO_CIVIL;CATEGORIA_FILHOS__SEM_FILHOS + POSSE_CARRO__SEM_CARRO + FAIXA_CREDITOS_ATIVOS__UM_A_DOIS_CREDITOS_ATIVOS + FAIXA_TAXA_REJEICAO__SEM_REJEICAO_PREVIA;3;4;7;0.010000;0.26;1.82;0;1.15
148;CATEGORIA_FILHOS__SEM_FILHOS + POSSE_CARRO__SEM_CARRO + FAIXA_CREDITOS_ATIVOS__UM_A_DOIS_CREDITOS_ATIVOS + FAIXA_TAXA_REJEICAO__SEM_REJEICAO_PREVIA;FAIXA_RENDA__RENDA_BAIXA + FAIXA_IDADE__IDADE_60_OU_MAIS + SITUACAO_FAMILIAR__CASADO_OU_UNIAO_CIVIL;4;3;7;0.010000;0.07;1.82;0;1.03
149;FAIXA_RENDA__RENDA_BAIXA + FAIXA_IDADE__IDADE_50_A_59;FAIXA_CREDITO__CREDITO_BAIXO + CATEGORIA_FILHOS__SEM_FILHOS + FAIXA_CREDITOS_ATIVOS__UM_A_DOIS_CREDITOS_ATIVOS;2;3;5;0.010000;0.14;1.81;0;1.07
150;FAIXA_CREDITO__CREDITO_BAIXO + CATEGORIA_FILHOS__SEM_FILHOS + FAIXA_CREDITOS_ATIVOS__UM_A_DOIS_CREDITOS_ATIVOS;FAIXA_RENDA__RENDA_BAIXA + FAIXA_IDADE__IDADE_50_A_59;3;2;5;0.010000;0.13;1.81;0;1.07
151;FAIXA_CREDITO__CREDITO_MEDIO + CATEGORIA_FILHOS__SEM_FILHOS + FAIXA_CREDITOS_ATIVOS__SEM_CREDITOS_ATIVOS;SITUACAO_FAMILIAR__SOLTEIRO + FAIXA_TAXA_REJEICAO__SEM_REJEICAO_PREVIA;3;2;5;0.010000;0.19;1.81;0;1.1
152;SITUACAO_FAMILIAR__SOLTEIRO + FAIXA_TAXA_REJEICAO__SEM_REJEICAO_PREVIA;FAIXA_CREDITO__CREDITO_MEDIO + CATEGORIA_FILHOS__SEM_FILHOS + FAIXA_CREDITOS_ATIVOS__SEM_CREDITOS_ATIVOS;2;3;5;0.010000;0.1;1.81;0;1.05
153;CATEGORIA_FILHOS__SEM_FILHOS + POSSE_CARRO__SEM_CARRO + FAIXA_TAXA_REJEICAO__SEM_REJEICAO_PREVIA;FAIXA_RENDA__RENDA_BAIXA + FAIXA_IDADE__IDADE_60_OU_MAIS + SITUACAO_FAMILIAR__CASADO_OU_UNIAO_CIVIL + FAIXA_CREDITOS_ATIVOS__UM_A_DOIS_CREDITOS_ATIVOS;3;4;7;0.010000;0.03;1.81;0;1.01
154;FAIXA_RENDA__RENDA_BAIXA + FAIXA_IDADE__IDADE_60_OU_MAIS + SITUACAO_FAMILIAR__CASADO_OU_UNIAO_CIVIL + FAIXA_CREDITOS_ATIVOS__UM_A_DOIS_CREDITOS_ATIVOS;CATEGORIA_FILHOS__SEM_FILHOS + POSSE_CARRO__SEM_CARRO + FAIXA_TAXA_REJEICAO__SEM_REJEICAO_PREVIA;4;3;7;0.010000;0.59;1.81;0;1.63
155;FAIXA_RENDA__RENDA_BAIXA + FAIXA_CREDITOS_ATIVOS__UM_A_DOIS_CREDITOS_ATIVOS;FAIXA_CREDITO__CREDITO_BAIXO + FAIXA_IDADE__IDADE_50_A_59 + CATEGORIA_FILHOS__SEM_FILHOS;2;3;5;0.010000;0.07;1.81;0;1.03
156;FAIXA_CREDITO__CREDITO_BAIXO + FAIXA_IDADE__IDADE_50_A_59 + CATEGORIA_FILHOS__SEM_FILHOS;FAIXA_RENDA__RENDA_BAIXA + FAIXA_CREDITOS_ATIVOS__UM_A_DOIS_CREDITOS_ATIVOS;3;2;5;0.010000;0.26;1.81;0;1.15
157;FAIXA_RENDA__RENDA_BAIXA;FAIXA_CREDITO__CREDITO_BAIXO + FAIXA_IDADE__IDADE_40_A_49 + POSSE_CARRO__SEM_CARRO + SITUACAO_FAMILIAR__CASADO_OU_UNIAO_CIVIL + FAIXA_TAXA_REJEICAO__SEM_REJEICAO_PREVIA;1;5;6;0.010000;0.03;1.8;0;1.01
158;FAIXA_CREDITO__CREDITO_BAIXO + FAIXA_IDADE__IDADE_40_A_49 + POSSE_CARRO__SEM_CARRO + SITUACAO_FAMILIAR__CASADO_OU_UNIAO_CIVIL + FAIXA_TAXA_REJEICAO__SEM_REJEICAO_PREVIA;FAIXA_RENDA__RENDA_BAIXA;5;1;6;0.010000;0.59;1.8;0;1.62
159;FAIXA_RENDA__RENDA_BAIXA + FAIXA_IDADE__IDADE_21_A_29;FAIXA_CREDITO__CREDITO_BAIXO + CATEGORIA_FILHOS__SEM_FILHOS + POSSE_CARRO__SEM_CARRO;2;3;5;0.010000;0.24;1.8;0;1.14
160;FAIXA_CREDITO__CREDITO_BAIXO + CATEGORIA_FILHOS__SEM_FILHOS + POSSE_CARRO__SEM_CARRO;FAIXA_RENDA__RENDA_BAIXA + FAIXA_IDADE__IDADE_21_A_29;3;2;5;0.010000;0.08;1.8;0;1.04
161;FAIXA_IDADE__IDADE_50_A_59 + SITUACAO_FAMILIAR__CASADO_OU_UNIAO_CIVIL + FAIXA_TAXA_REJEICAO__SEM_REJEICAO_PREVIA;FAIXA_CREDITO__CREDITO_ALTO + FAIXA_RENDA__RENDA_BAIXA + CATEGORIA_FILHOS__SEM_FILHOS;3;3;6;0.010000;0.09;1.79;0;1.04
162;FAIXA_CREDITO__CREDITO_ALTO + FAIXA_RENDA__RENDA_BAIXA + CATEGORIA_FILHOS__SEM_FILHOS;FAIXA_IDADE__IDADE_50_A_59 + SITUACAO_FAMILIAR__CASADO_OU_UNIAO_CIVIL + FAIXA_TAXA_REJEICAO__SEM_REJEICAO_PREVIA;3;3;6;0.010000;0.2;1.79;0;1.11
163;SITUACAO_FAMILIAR__SOLTEIRO + FAIXA_CREDITOS_ATIVOS__SEM_CREDITOS_ATIVOS;FAIXA_CREDITO__CREDITO_MEDIO + CATEGORIA_FILHOS__SEM_FILHOS + FAIXA_TAXA_REJEICAO__SEM_REJEICAO_PREVIA;2;3;5;0.010000;0.2;1.78;0;1.11
164;FAIXA_CREDITO__CREDITO_MEDIO + CATEGORIA_FILHOS__SEM_FILHOS + FAIXA_TAXA_REJEICAO__SEM_REJEICAO_PREVIA;SITUACAO_FAMILIAR__SOLTEIRO + FAIXA_CREDITOS_ATIVOS__SEM_CREDITOS_ATIVOS;3;2;5;0.010000;0.09;1.78;0;1.04
165;FAIXA_IDADE__IDADE_60_OU_MAIS + SITUACAO_FAMILIAR__SEPARADO_VIUVO_OU_NAO_INFORMADO;CATEGORIA_FILHOS__SEM_FILHOS + POSSE_CARRO__SEM_CARRO + FAIXA_CREDITOS_ATIVOS__UM_A_DOIS_CREDITOS_ATIVOS + FAIXA_TAXA_REJEICAO__SEM_REJEICAO_PREVIA;2;4;6;0.010000;0.25;1.77;0;1.14
166;CATEGORIA_FILHOS__SEM_FILHOS + POSSE_CARRO__SEM_CARRO + FAIXA_CREDITOS_ATIVOS__UM_A_DOIS_CREDITOS_ATIVOS + FAIXA_TAXA_REJEICAO__SEM_REJEICAO_PREVIA;FAIXA_IDADE__IDADE_60_OU_MAIS + SITUACAO_FAMILIAR__SEPARADO_VIUVO_OU_NAO_INFORMADO;4;2;6;0.010000;0.07;1.77;0;1.03
167;FAIXA_CREDITO__CREDITO_BAIXO + CATEGORIA_FILHOS__SEM_FILHOS;FAIXA_RENDA__RENDA_BAIXA + FAIXA_IDADE__IDADE_21_A_29 + POSSE_CARRO__SEM_CARRO;2;3;5;0.010000;0.06;1.77;0;1.03
168;FAIXA_RENDA__RENDA_BAIXA + FAIXA_IDADE__IDADE_21_A_29 + POSSE_CARRO__SEM_CARRO;FAIXA_CREDITO__CREDITO_BAIXO + CATEGORIA_FILHOS__SEM_FILHOS;3;2;5;0.010000;0.31;1.77;0;1.19
169;FAIXA_RENDA__RENDA_BAIXA;FAIXA_CREDITO__CREDITO_MEDIO + FAIXA_IDADE__IDADE_60_OU_MAIS + POSSE_CARRO__SEM_CARRO + FAIXA_TAXA_REJEICAO__SEM_REJEICAO_PREVIA;1;4;5;0.010000;0.03;1.76;0;1.01
170;FAIXA_CREDITO__CREDITO_MEDIO + FAIXA_IDADE__IDADE_60_OU_MAIS + POSSE_CARRO__SEM_CARRO + FAIXA_TAXA_REJEICAO__SEM_REJEICAO_PREVIA;FAIXA_RENDA__RENDA_BAIXA;4;1;5;0.010000;0.58;1.76;0;1.57
171;FAIXA_IDADE__IDADE_50_A_59 + CATEGORIA_FILHOS__SEM_FILHOS + FAIXA_TAXA_REJEICAO__REJEICAO_PREVIA_ACIMA_25_PCT;POSSE_CARRO__SEM_CARRO + FAIXA_CREDITOS_ATIVOS__TRES_OU_MAIS_CREDITOS_ATIVOS;3;2;5;0.010000;0.3;1.76;0;1.18
172;POSSE_CARRO__SEM_CARRO + FAIXA_CREDITOS_ATIVOS__TRES_OU_MAIS_CREDITOS_ATIVOS;FAIXA_IDADE__IDADE_50_A_59 + CATEGORIA_FILHOS__SEM_FILHOS + FAIXA_TAXA_REJEICAO__REJEICAO_PREVIA_ACIMA_25_PCT;2;3;5;0.010000;0.06;1.76;0;1.03
173;FAIXA_CREDITO__CREDITO_ALTO + FAIXA_RENDA__RENDA_BAIXA + CATEGORIA_FILHOS__SEM_FILHOS + SITUACAO_FAMILIAR__CASADO_OU_UNIAO_CIVIL + FAIXA_TAXA_REJEICAO__SEM_REJEICAO_PREVIA;FAIXA_IDADE__IDADE_50_A_59;5;1;6;0.010000;0.38;1.75;0;1.26
174;FAIXA_IDADE__IDADE_50_A_59;FAIXA_CREDITO__CREDITO_ALTO + FAIXA_RENDA__RENDA_BAIXA + CATEGORIA_FILHOS__SEM_FILHOS + SITUACAO_FAMILIAR__CASADO_OU_UNIAO_CIVIL + FAIXA_TAXA_REJEICAO__SEM_REJEICAO_PREVIA;1;5;6;0.010000;0.05;1.75;0;1.02
175;CATEGORIA_FILHOS__SEM_FILHOS + POSSE_CARRO__SEM_CARRO + FAIXA_CREDITOS_ATIVOS__UM_A_DOIS_CREDITOS_ATIVOS;FAIXA_RENDA__RENDA_BAIXA + FAIXA_IDADE__IDADE_60_OU_MAIS + SITUACAO_FAMILIAR__CASADO_OU_UNIAO_CIVIL + FAIXA_TAXA_REJEICAO__SEM_REJEICAO_PREVIA;3;4;7;0.010000;0.05;1.73;0;1.02
176;FAIXA_RENDA__RENDA_BAIXA + FAIXA_IDADE__IDADE_60_OU_MAIS + SITUACAO_FAMILIAR__CASADO_OU_UNIAO_CIVIL + FAIXA_TAXA_REJEICAO__SEM_REJEICAO_PREVIA;CATEGORIA_FILHOS__SEM_FILHOS + POSSE_CARRO__SEM_CARRO + FAIXA_CREDITOS_ATIVOS__UM_A_DOIS_CREDITOS_ATIVOS;4;3;7;0.010000;0.35;1.73;0;1.22
177;SITUACAO_FAMILIAR__SOLTEIRO;FAIXA_CREDITO__CREDITO_MEDIO + CATEGORIA_FILHOS__SEM_FILHOS + FAIXA_CREDITOS_ATIVOS__SEM_CREDITOS_ATIVOS + FAIXA_TAXA_REJEICAO__SEM_REJEICAO_PREVIA;1;4;5;0.010000;0.07;1.72;0;1.03
178;FAIXA_CREDITO__CREDITO_MEDIO + CATEGORIA_FILHOS__SEM_FILHOS + FAIXA_CREDITOS_ATIVOS__SEM_CREDITOS_ATIVOS + FAIXA_TAXA_REJEICAO__SEM_REJEICAO_PREVIA;SITUACAO_FAMILIAR__SOLTEIRO;4;1;5;0.010000;0.26;1.72;0;1.14
179;FAIXA_IDADE__IDADE_21_A_29 + SITUACAO_FAMILIAR__SOLTEIRO;CATEGORIA_FILHOS__SEM_FILHOS + POSSE_CARRO__COM_CARRO + FAIXA_TAXA_REJEICAO__SEM_REJEICAO_PREVIA;2;3;5;0.010000;0.25;1.72;0;1.13
180;CATEGORIA_FILHOS__SEM_FILHOS + POSSE_CARRO__COM_CARRO + FAIXA_TAXA_REJEICAO__SEM_REJEICAO_PREVIA;FAIXA_IDADE__IDADE_21_A_29 + SITUACAO_FAMILIAR__SOLTEIRO;3;2;5;0.010000;0.07;1.72;0;1.03
181;FAIXA_CREDITOS_ATIVOS__TRES_OU_MAIS_CREDITOS_ATIVOS;FAIXA_CREDITO__CREDITO_MUITO_ALTO + POSSE_CARRO__SEM_CARRO + FAIXA_TAXA_REJEICAO__REJEICAO_PREVIA_ACIMA_25_PCT;1;3;4;0.010000;0.04;1.71;0;1.02
182;FAIXA_CREDITO__CREDITO_MUITO_ALTO + POSSE_CARRO__SEM_CARRO + FAIXA_TAXA_REJEICAO__REJEICAO_PREVIA_ACIMA_25_PCT;FAIXA_CREDITOS_ATIVOS__TRES_OU_MAIS_CREDITOS_ATIVOS;3;1;4;0.010000;0.46;1.71;0;1.34
183;FAIXA_CREDITO__CREDITO_BAIXO + POSSE_CARRO__SEM_CARRO + SITUACAO_FAMILIAR__CASADO_OU_UNIAO_CIVIL;FAIXA_RENDA__RENDA_BAIXA + FAIXA_IDADE__IDADE_40_A_49 + FAIXA_TAXA_REJEICAO__SEM_REJEICAO_PREVIA;3;3;6;0.010000;0.09;1.7;0;1.04
184;FAIXA_RENDA__RENDA_BAIXA + FAIXA_IDADE__IDADE_40_A_49 + FAIXA_TAXA_REJEICAO__SEM_REJEICAO_PREVIA;FAIXA_CREDITO__CREDITO_BAIXO + POSSE_CARRO__SEM_CARRO + SITUACAO_FAMILIAR__CASADO_OU_UNIAO_CIVIL;3;3;6;0.010000;0.19;1.7;0;1.1
185;FAIXA_RENDA__RENDA_BAIXA + FAIXA_IDADE__IDADE_60_OU_MAIS + FAIXA_CREDITOS_ATIVOS__UM_A_DOIS_CREDITOS_ATIVOS;CATEGORIA_FILHOS__SEM_FILHOS + POSSE_CARRO__SEM_CARRO + SITUACAO_FAMILIAR__CASADO_OU_UNIAO_CIVIL + FAIXA_TAXA_REJEICAO__SEM_REJEICAO_PREVIA;3;4;7;0.010000;0.35;1.69;0;1.21
186;CATEGORIA_FILHOS__SEM_FILHOS + POSSE_CARRO__SEM_CARRO + SITUACAO_FAMILIAR__CASADO_OU_UNIAO_CIVIL + FAIXA_TAXA_REJEICAO__SEM_REJEICAO_PREVIA;FAIXA_RENDA__RENDA_BAIXA + FAIXA_IDADE__IDADE_60_OU_MAIS + FAIXA_CREDITOS_ATIVOS__UM_A_DOIS_CREDITOS_ATIVOS;4;3;7;0.010000;0.05;1.69;0;1.02
187;FAIXA_CREDITO__CREDITO_BAIXO + FAIXA_IDADE__IDADE_50_A_59 + CATEGORIA_FILHOS__SEM_FILHOS + FAIXA_CREDITOS_ATIVOS__UM_A_DOIS_CREDITOS_ATIVOS;FAIXA_RENDA__RENDA_BAIXA;4;1;5;0.010000;0.55;1.68;0;1.48
188;FAIXA_RENDA__RENDA_BAIXA;FAIXA_CREDITO__CREDITO_BAIXO + FAIXA_IDADE__IDADE_50_A_59 + CATEGORIA_FILHOS__SEM_FILHOS + FAIXA_CREDITOS_ATIVOS__UM_A_DOIS_CREDITOS_ATIVOS;1;4;5;0.010000;0.03;1.68;0;1.01
189;CATEGORIA_FILHOS__SEM_FILHOS + POSSE_CARRO__SEM_CARRO;FAIXA_RENDA__RENDA_BAIXA + FAIXA_IDADE__IDADE_60_OU_MAIS + SITUACAO_FAMILIAR__CASADO_OU_UNIAO_CIVIL + FAIXA_CREDITOS_ATIVOS__UM_A_DOIS_CREDITOS_ATIVOS + FAIXA_TAXA_REJEICAO__SEM_REJEICAO_PREVIA;2;5;7;0.010000;0.02;1.68;0;1.01
190;FAIXA_RENDA__RENDA_BAIXA + FAIXA_IDADE__IDADE_60_OU_MAIS + SITUACAO_FAMILIAR__CASADO_OU_UNIAO_CIVIL + FAIXA_CREDITOS_ATIVOS__UM_A_DOIS_CREDITOS_ATIVOS + FAIXA_TAXA_REJEICAO__SEM_REJEICAO_PREVIA;CATEGORIA_FILHOS__SEM_FILHOS + POSSE_CARRO__SEM_CARRO;5;2;7;0.010000;0.81;1.68;0;2.57
191;FAIXA_CREDITO__CREDITO_MEDIO + FAIXA_IDADE__IDADE_60_OU_MAIS;FAIXA_RENDA__RENDA_BAIXA + POSSE_CARRO__SEM_CARRO + FAIXA_TAXA_REJEICAO__SEM_REJEICAO_PREVIA;2;3;5;0.010000;0.31;1.68;0;1.17
192;FAIXA_RENDA__RENDA_BAIXA + POSSE_CARRO__SEM_CARRO + FAIXA_TAXA_REJEICAO__SEM_REJEICAO_PREVIA;FAIXA_CREDITO__CREDITO_MEDIO + FAIXA_IDADE__IDADE_60_OU_MAIS;3;2;5;0.010000;0.05;1.68;0;1.02
193;FAIXA_CREDITO__CREDITO_BAIXO + FAIXA_IDADE__IDADE_40_A_49 + POSSE_CARRO__SEM_CARRO;FAIXA_RENDA__RENDA_BAIXA + SITUACAO_FAMILIAR__CASADO_OU_UNIAO_CIVIL + FAIXA_TAXA_REJEICAO__SEM_REJEICAO_PREVIA;3;3;6;0.010000;0.28;1.68;0;1.15
194;FAIXA_RENDA__RENDA_BAIXA + SITUACAO_FAMILIAR__CASADO_OU_UNIAO_CIVIL + FAIXA_TAXA_REJEICAO__SEM_REJEICAO_PREVIA;FAIXA_CREDITO__CREDITO_BAIXO + FAIXA_IDADE__IDADE_40_A_49 + POSSE_CARRO__SEM_CARRO;3;3;6;0.010000;0.06;1.68;0;1.02
195;FAIXA_CREDITO__CREDITO_BAIXO + FAIXA_IDADE__IDADE_40_A_49 + FAIXA_TAXA_REJEICAO__SEM_REJEICAO_PREVIA;FAIXA_RENDA__RENDA_BAIXA + POSSE_CARRO__SEM_CARRO + SITUACAO_FAMILIAR__CASADO_OU_UNIAO_CIVIL;3;3;6;0.010000;0.29;1.67;0;1.16
196;FAIXA_RENDA__RENDA_BAIXA + POSSE_CARRO__SEM_CARRO + SITUACAO_FAMILIAR__CASADO_OU_UNIAO_CIVIL;FAIXA_CREDITO__CREDITO_BAIXO + FAIXA_IDADE__IDADE_40_A_49 + FAIXA_TAXA_REJEICAO__SEM_REJEICAO_PREVIA;3;3;6;0.010000;0.06;1.67;0;1.02
197;FAIXA_CREDITO__CREDITO_ALTO + FAIXA_RENDA__RENDA_BAIXA + FAIXA_IDADE__IDADE_50_A_59;CATEGORIA_FILHOS__SEM_FILHOS + SITUACAO_FAMILIAR__CASADO_OU_UNIAO_CIVIL + FAIXA_TAXA_REJEICAO__SEM_REJEICAO_PREVIA;3;3;6;0.010000;0.53;1.67;0;1.44
198;CATEGORIA_FILHOS__SEM_FILHOS + SITUACAO_FAMILIAR__CASADO_OU_UNIAO_CIVIL + FAIXA_TAXA_REJEICAO__SEM_REJEICAO_PREVIA;FAIXA_CREDITO__CREDITO_ALTO + FAIXA_RENDA__RENDA_BAIXA + FAIXA_IDADE__IDADE_50_A_59;3;3;6;0.010000;0.03;1.67;0;1.01
199;FAIXA_CREDITO__CREDITO_ALTO + CATEGORIA_FILHOS__SEM_FILHOS + SITUACAO_FAMILIAR__CASADO_OU_UNIAO_CIVIL + FAIXA_TAXA_REJEICAO__SEM_REJEICAO_PREVIA;FAIXA_RENDA__RENDA_BAIXA + FAIXA_IDADE__IDADE_50_A_59;4;2;6;0.010000;0.12;1.67;0;1.05
200;FAIXA_RENDA__RENDA_BAIXA + FAIXA_IDADE__IDADE_50_A_59;FAIXA_CREDITO__CREDITO_ALTO + CATEGORIA_FILHOS__SEM_FILHOS + SITUACAO_FAMILIAR__CASADO_OU_UNIAO_CIVIL + FAIXA_TAXA_REJEICAO__SEM_REJEICAO_PREVIA;2;4;6;0.010000;0.14;1.67;0;1.06
201;FAIXA_RENDA__RENDA_BAIXA + FAIXA_IDADE__IDADE_40_A_49 + POSSE_CARRO__SEM_CARRO;FAIXA_CREDITO__CREDITO_BAIXO + SITUACAO_FAMILIAR__CASADO_OU_UNIAO_CIVIL + FAIXA_TAXA_REJEICAO__SEM_REJEICAO_PREVIA;3;3;6;0.010000;0.19;1.66;0;1.09
202;FAIXA_CREDITO__CREDITO_BAIXO + SITUACAO_FAMILIAR__CASADO_OU_UNIAO_CIVIL + FAIXA_TAXA_REJEICAO__SEM_REJEICAO_PREVIA;FAIXA_RENDA__RENDA_BAIXA + FAIXA_IDADE__IDADE_40_A_49 + POSSE_CARRO__SEM_CARRO;3;3;6;0.010000;0.09;1.66;0;1.04
203;FAIXA_CREDITO__CREDITO_BAIXO + FAIXA_IDADE__IDADE_40_A_49 + POSSE_CARRO__SEM_CARRO + SITUACAO_FAMILIAR__CASADO_OU_UNIAO_CIVIL;FAIXA_RENDA__RENDA_BAIXA + FAIXA_TAXA_REJEICAO__SEM_REJEICAO_PREVIA;4;2;6;0.010000;0.39;1.66;0;1.24
204;FAIXA_RENDA__RENDA_BAIXA + FAIXA_TAXA_REJEICAO__SEM_REJEICAO_PREVIA;FAIXA_CREDITO__CREDITO_BAIXO + FAIXA_IDADE__IDADE_40_A_49 + POSSE_CARRO__SEM_CARRO + SITUACAO_FAMILIAR__CASADO_OU_UNIAO_CIVIL;2;4;6;0.010000;0.04;1.66;0;1.02
205;FAIXA_RENDA__RENDA_BAIXA;FAIXA_IDADE__IDADE_60_OU_MAIS + CATEGORIA_FILHOS__SEM_FILHOS + POSSE_CARRO__SEM_CARRO + SITUACAO_FAMILIAR__CASADO_OU_UNIAO_CIVIL + FAIXA_CREDITOS_ATIVOS__UM_A_DOIS_CREDITOS_ATIVOS + FAIXA_TAXA_REJEICAO__SEM_REJEICAO_PREVIA;1;6;7;0.010000;0.03;1.65;0;1.01
206;FAIXA_IDADE__IDADE_60_OU_MAIS + CATEGORIA_FILHOS__SEM_FILHOS + POSSE_CARRO__SEM_CARRO + SITUACAO_FAMILIAR__CASADO_OU_UNIAO_CIVIL + FAIXA_CREDITOS_ATIVOS__UM_A_DOIS_CREDITOS_ATIVOS + FAIXA_TAXA_REJEICAO__SEM_REJEICAO_PREVIA;FAIXA_RENDA__RENDA_BAIXA;6;1;7;0.010000;0.54;1.65;0;1.45
207;FAIXA_IDADE__IDADE_50_A_59 + SITUACAO_FAMILIAR__CASADO_OU_UNIAO_CIVIL;FAIXA_CREDITO__CREDITO_ALTO + FAIXA_RENDA__RENDA_BAIXA + CATEGORIA_FILHOS__SEM_FILHOS + FAIXA_TAXA_REJEICAO__SEM_REJEICAO_PREVIA;2;4;6;0.010000;0.06;1.64;0;1.03
208;FAIXA_CREDITO__CREDITO_ALTO + FAIXA_RENDA__RENDA_BAIXA + CATEGORIA_FILHOS__SEM_FILHOS + FAIXA_TAXA_REJEICAO__SEM_REJEICAO_PREVIA;FAIXA_IDADE__IDADE_50_A_59 + SITUACAO_FAMILIAR__CASADO_OU_UNIAO_CIVIL;4;2;6;0.010000;0.26;1.64;0;1.13
209;FAIXA_RENDA__RENDA_BAIXA;FAIXA_IDADE__IDADE_60_OU_MAIS + POSSE_CARRO__SEM_CARRO + SITUACAO_FAMILIAR__CASADO_OU_UNIAO_CIVIL + FAIXA_CREDITOS_ATIVOS__UM_A_DOIS_CREDITOS_ATIVOS + FAIXA_TAXA_REJEICAO__SEM_REJEICAO_PREVIA;1;5;6;0.010000;0.03;1.64;0;1.01
210;FAIXA_IDADE__IDADE_60_OU_MAIS + POSSE_CARRO__SEM_CARRO + SITUACAO_FAMILIAR__CASADO_OU_UNIAO_CIVIL + FAIXA_CREDITOS_ATIVOS__UM_A_DOIS_CREDITOS_ATIVOS + FAIXA_TAXA_REJEICAO__SEM_REJEICAO_PREVIA;FAIXA_RENDA__RENDA_BAIXA;5;1;6;0.010000;0.54;1.64;0;1.44
211;FAIXA_CREDITO__CREDITO_MUITO_ALTO + FAIXA_TAXA_REJEICAO__REJEICAO_PREVIA_ACIMA_25_PCT;POSSE_CARRO__SEM_CARRO + FAIXA_CREDITOS_ATIVOS__TRES_OU_MAIS_CREDITOS_ATIVOS;2;2;4;0.010000;0.28;1.62;0;1.14
212;POSSE_CARRO__SEM_CARRO + FAIXA_CREDITOS_ATIVOS__TRES_OU_MAIS_CREDITOS_ATIVOS;FAIXA_CREDITO__CREDITO_MUITO_ALTO + FAIXA_TAXA_REJEICAO__REJEICAO_PREVIA_ACIMA_25_PCT;2;2;4;0.010000;0.06;1.62;0;1.02
213;FAIXA_RENDA__RENDA_BAIXA + FAIXA_IDADE__IDADE_60_OU_MAIS;CATEGORIA_FILHOS__SEM_FILHOS + POSSE_CARRO__SEM_CARRO + SITUACAO_FAMILIAR__CASADO_OU_UNIAO_CIVIL + FAIXA_CREDITOS_ATIVOS__UM_A_DOIS_CREDITOS_ATIVOS + FAIXA_TAXA_REJEICAO__SEM_REJEICAO_PREVIA;2;5;7;0.010000;0.15;1.62;0;1.06
214;CATEGORIA_FILHOS__SEM_FILHOS + POSSE_CARRO__SEM_CARRO + SITUACAO_FAMILIAR__CASADO_OU_UNIAO_CIVIL + FAIXA_CREDITOS_ATIVOS__UM_A_DOIS_CREDITOS_ATIVOS + FAIXA_TAXA_REJEICAO__SEM_REJEICAO_PREVIA;FAIXA_RENDA__RENDA_BAIXA + FAIXA_IDADE__IDADE_60_OU_MAIS;5;2;7;0.010000;0.11;1.62;0;1.05
215;FAIXA_RENDA__RENDA_BAIXA + FAIXA_CREDITOS_ATIVOS__UM_A_DOIS_CREDITOS_ATIVOS;FAIXA_IDADE__IDADE_60_OU_MAIS + CATEGORIA_FILHOS__SEM_FILHOS + POSSE_CARRO__SEM_CARRO + SITUACAO_FAMILIAR__CASADO_OU_UNIAO_CIVIL + FAIXA_TAXA_REJEICAO__SEM_REJEICAO_PREVIA;2;5;7;0.010000;0.07;1.62;0;1.03
216;FAIXA_IDADE__IDADE_60_OU_MAIS + CATEGORIA_FILHOS__SEM_FILHOS + POSSE_CARRO__SEM_CARRO + SITUACAO_FAMILIAR__CASADO_OU_UNIAO_CIVIL + FAIXA_TAXA_REJEICAO__SEM_REJEICAO_PREVIA;FAIXA_RENDA__RENDA_BAIXA + FAIXA_CREDITOS_ATIVOS__UM_A_DOIS_CREDITOS_ATIVOS;5;2;7;0.010000;0.23;1.62;0;1.11
217;FAIXA_IDADE__IDADE_60_OU_MAIS + CATEGORIA_FILHOS__SEM_FILHOS + POSSE_CARRO__SEM_CARRO + SITUACAO_FAMILIAR__CASADO_OU_UNIAO_CIVIL + FAIXA_CREDITOS_ATIVOS__UM_A_DOIS_CREDITOS_ATIVOS;FAIXA_RENDA__RENDA_BAIXA + FAIXA_TAXA_REJEICAO__SEM_REJEICAO_PREVIA;5;2;7;0.010000;0.38;1.61;0;1.22
218;FAIXA_RENDA__RENDA_BAIXA + FAIXA_TAXA_REJEICAO__SEM_REJEICAO_PREVIA;FAIXA_IDADE__IDADE_60_OU_MAIS + CATEGORIA_FILHOS__SEM_FILHOS + POSSE_CARRO__SEM_CARRO + SITUACAO_FAMILIAR__CASADO_OU_UNIAO_CIVIL + FAIXA_CREDITOS_ATIVOS__UM_A_DOIS_CREDITOS_ATIVOS;2;5;7;0.010000;0.04;1.61;0;1.02
219;FAIXA_CREDITO__CREDITO_MEDIO + FAIXA_IDADE__IDADE_50_A_59;CATEGORIA_FILHOS__SEM_FILHOS + POSSE_CARRO__SEM_CARRO + FAIXA_CREDITOS_ATIVOS__TRES_OU_MAIS_CREDITOS_ATIVOS;2;3;5;0.010000;0.2;1.61;0;1.09
220;CATEGORIA_FILHOS__SEM_FILHOS + POSSE_CARRO__SEM_CARRO + FAIXA_CREDITOS_ATIVOS__TRES_OU_MAIS_CREDITOS_ATIVOS;FAIXA_CREDITO__CREDITO_MEDIO + FAIXA_IDADE__IDADE_50_A_59;3;2;5;0.010000;0.08;1.61;0;1.03
221;FAIXA_RENDA__RENDA_BAIXA + FAIXA_CREDITOS_ATIVOS__UM_A_DOIS_CREDITOS_ATIVOS;FAIXA_IDADE__IDADE_60_OU_MAIS + POSSE_CARRO__SEM_CARRO + SITUACAO_FAMILIAR__CASADO_OU_UNIAO_CIVIL + FAIXA_TAXA_REJEICAO__SEM_REJEICAO_PREVIA;2;4;6;0.010000;0.07;1.61;0;1.03
222;FAIXA_IDADE__IDADE_60_OU_MAIS + POSSE_CARRO__SEM_CARRO + SITUACAO_FAMILIAR__CASADO_OU_UNIAO_CIVIL + FAIXA_TAXA_REJEICAO__SEM_REJEICAO_PREVIA;FAIXA_RENDA__RENDA_BAIXA + FAIXA_CREDITOS_ATIVOS__UM_A_DOIS_CREDITOS_ATIVOS;4;2;6;0.010000;0.23;1.61;0;1.11
223;FAIXA_RENDA__RENDA_BAIXA + FAIXA_TAXA_REJEICAO__SEM_REJEICAO_PREVIA;FAIXA_CREDITO__CREDITO_MEDIO + FAIXA_IDADE__IDADE_60_OU_MAIS + POSSE_CARRO__SEM_CARRO;2;3;5;0.010000;0.04;1.6;0;1.02
224;FAIXA_CREDITO__CREDITO_MEDIO + FAIXA_IDADE__IDADE_60_OU_MAIS + POSSE_CARRO__SEM_CARRO;FAIXA_RENDA__RENDA_BAIXA + FAIXA_TAXA_REJEICAO__SEM_REJEICAO_PREVIA;3;2;5;0.010000;0.38;1.6;0;1.22
225;FAIXA_IDADE__IDADE_60_OU_MAIS + POSSE_CARRO__SEM_CARRO + SITUACAO_FAMILIAR__CASADO_OU_UNIAO_CIVIL + FAIXA_CREDITOS_ATIVOS__UM_A_DOIS_CREDITOS_ATIVOS;FAIXA_RENDA__RENDA_BAIXA + FAIXA_TAXA_REJEICAO__SEM_REJEICAO_PREVIA;4;2;6;0.010000;0.37;1.59;0;1.21
226;FAIXA_RENDA__RENDA_BAIXA + FAIXA_TAXA_REJEICAO__SEM_REJEICAO_PREVIA;FAIXA_IDADE__IDADE_60_OU_MAIS + POSSE_CARRO__SEM_CARRO + SITUACAO_FAMILIAR__CASADO_OU_UNIAO_CIVIL + FAIXA_CREDITOS_ATIVOS__UM_A_DOIS_CREDITOS_ATIVOS;2;4;6;0.010000;0.04;1.59;0;1.02
227;FAIXA_CREDITO__CREDITO_MEDIO + SITUACAO_FAMILIAR__SOLTEIRO;CATEGORIA_FILHOS__SEM_FILHOS + FAIXA_CREDITOS_ATIVOS__SEM_CREDITOS_ATIVOS + FAIXA_TAXA_REJEICAO__SEM_REJEICAO_PREVIA;2;3;5;0.010000;0.25;1.59;0;1.12
228;CATEGORIA_FILHOS__SEM_FILHOS + FAIXA_CREDITOS_ATIVOS__SEM_CREDITOS_ATIVOS + FAIXA_TAXA_REJEICAO__SEM_REJEICAO_PREVIA;FAIXA_CREDITO__CREDITO_MEDIO + SITUACAO_FAMILIAR__SOLTEIRO;3;2;5;0.010000;0.06;1.59;0;1.02
229;FAIXA_IDADE__IDADE_21_A_29 + POSSE_CARRO__COM_CARRO + SITUACAO_FAMILIAR__SOLTEIRO;CATEGORIA_FILHOS__SEM_FILHOS + FAIXA_TAXA_REJEICAO__SEM_REJEICAO_PREVIA;3;2;5;0.010000;0.75;1.59;0;2.03
230;CATEGORIA_FILHOS__SEM_FILHOS + FAIXA_TAXA_REJEICAO__SEM_REJEICAO_PREVIA;FAIXA_IDADE__IDADE_21_A_29 + POSSE_CARRO__COM_CARRO + SITUACAO_FAMILIAR__SOLTEIRO;2;3;5;0.010000;0.02;1.59;0;1.01
231;FAIXA_RENDA__RENDA_BAIXA + FAIXA_IDADE__IDADE_50_A_59 + SITUACAO_FAMILIAR__CASADO_OU_UNIAO_CIVIL;FAIXA_CREDITO__CREDITO_ALTO + CATEGORIA_FILHOS__SEM_FILHOS + FAIXA_TAXA_REJEICAO__SEM_REJEICAO_PREVIA;3;3;6;0.010000;0.19;1.59;0;1.08
232;FAIXA_CREDITO__CREDITO_ALTO + CATEGORIA_FILHOS__SEM_FILHOS + FAIXA_TAXA_REJEICAO__SEM_REJEICAO_PREVIA;FAIXA_RENDA__RENDA_BAIXA + FAIXA_IDADE__IDADE_50_A_59 + SITUACAO_FAMILIAR__CASADO_OU_UNIAO_CIVIL;3;3;6;0.010000;0.08;1.59;0;1.03
233;FAIXA_RENDA__RENDA_BAIXA + POSSE_CARRO__SEM_CARRO + FAIXA_CREDITOS_ATIVOS__UM_A_DOIS_CREDITOS_ATIVOS;FAIXA_IDADE__IDADE_60_OU_MAIS + CATEGORIA_FILHOS__SEM_FILHOS + SITUACAO_FAMILIAR__CASADO_OU_UNIAO_CIVIL + FAIXA_TAXA_REJEICAO__SEM_REJEICAO_PREVIA;3;4;7;0.010000;0.09;1.58;0;1.04
234;FAIXA_IDADE__IDADE_60_OU_MAIS + CATEGORIA_FILHOS__SEM_FILHOS + SITUACAO_FAMILIAR__CASADO_OU_UNIAO_CIVIL + FAIXA_TAXA_REJEICAO__SEM_REJEICAO_PREVIA;FAIXA_RENDA__RENDA_BAIXA + POSSE_CARRO__SEM_CARRO + FAIXA_CREDITOS_ATIVOS__UM_A_DOIS_CREDITOS_ATIVOS;4;3;7;0.010000;0.17;1.58;0;1.08
235;FAIXA_IDADE__IDADE_60_OU_MAIS + CATEGORIA_FILHOS__SEM_FILHOS + SITUACAO_FAMILIAR__CASADO_OU_UNIAO_CIVIL + FAIXA_CREDITOS_ATIVOS__UM_A_DOIS_CREDITOS_ATIVOS + FAIXA_TAXA_REJEICAO__SEM_REJEICAO_PREVIA;FAIXA_RENDA__RENDA_BAIXA + POSSE_CARRO__SEM_CARRO;5;2;7;0.010000;0.4;1.57;0;1.23
236;FAIXA_RENDA__RENDA_BAIXA + POSSE_CARRO__SEM_CARRO;FAIXA_IDADE__IDADE_60_OU_MAIS + CATEGORIA_FILHOS__SEM_FILHOS + SITUACAO_FAMILIAR__CASADO_OU_UNIAO_CIVIL + FAIXA_CREDITOS_ATIVOS__UM_A_DOIS_CREDITOS_ATIVOS + FAIXA_TAXA_REJEICAO__SEM_REJEICAO_PREVIA;2;5;7;0.010000;0.04;1.57;0;1.01
237;FAIXA_CREDITO__CREDITO_MEDIO + FAIXA_CREDITOS_ATIVOS__SEM_CREDITOS_ATIVOS;CATEGORIA_FILHOS__SEM_FILHOS + SITUACAO_FAMILIAR__SOLTEIRO + FAIXA_TAXA_REJEICAO__SEM_REJEICAO_PREVIA;2;3;5;0.010000;0.14;1.57;0;1.06
238;CATEGORIA_FILHOS__SEM_FILHOS + SITUACAO_FAMILIAR__SOLTEIRO + FAIXA_TAXA_REJEICAO__SEM_REJEICAO_PREVIA;FAIXA_CREDITO__CREDITO_MEDIO + FAIXA_CREDITOS_ATIVOS__SEM_CREDITOS_ATIVOS;3;2;5;0.010000;0.11;1.57;0;1.04
239;FAIXA_CREDITO__CREDITO_MEDIO + CATEGORIA_FILHOS__SEM_FILHOS + POSSE_CARRO__SEM_CARRO + FAIXA_CREDITOS_ATIVOS__TRES_OU_MAIS_CREDITOS_ATIVOS;FAIXA_IDADE__IDADE_50_A_59;4;1;5;0.010000;0.34;1.57;0;1.18
240;FAIXA_IDADE__IDADE_50_A_59;FAIXA_CREDITO__CREDITO_MEDIO + CATEGORIA_FILHOS__SEM_FILHOS + POSSE_CARRO__SEM_CARRO + FAIXA_CREDITOS_ATIVOS__TRES_OU_MAIS_CREDITOS_ATIVOS;1;4;5;0.010000;0.05;1.57;0;1.02
241;FAIXA_IDADE__IDADE_60_OU_MAIS + CATEGORIA_FILHOS__SEM_FILHOS + POSSE_CARRO__SEM_CARRO + SITUACAO_FAMILIAR__CASADO_OU_UNIAO_CIVIL;FAIXA_RENDA__RENDA_BAIXA + FAIXA_CREDITOS_ATIVOS__UM_A_DOIS_CREDITOS_ATIVOS + FAIXA_TAXA_REJEICAO__SEM_REJEICAO_PREVIA;4;3;7;0.010000;0.16;1.57;0;1.07
242;FAIXA_RENDA__RENDA_BAIXA + FAIXA_CREDITOS_ATIVOS__UM_A_DOIS_CREDITOS_ATIVOS + FAIXA_TAXA_REJEICAO__SEM_REJEICAO_PREVIA;FAIXA_IDADE__IDADE_60_OU_MAIS + CATEGORIA_FILHOS__SEM_FILHOS + POSSE_CARRO__SEM_CARRO + SITUACAO_FAMILIAR__CASADO_OU_UNIAO_CIVIL;3;4;7;0.010000;0.1;1.57;0;1.04
243;FAIXA_CREDITO__CREDITO_ALTO + FAIXA_RENDA__RENDA_BAIXA + FAIXA_IDADE__IDADE_50_A_59 + SITUACAO_FAMILIAR__CASADO_OU_UNIAO_CIVIL;CATEGORIA_FILHOS__SEM_FILHOS + FAIXA_TAXA_REJEICAO__SEM_REJEICAO_PREVIA;4;2;6;0.010000;0.74;1.56;0;1.95
244;CATEGORIA_FILHOS__SEM_FILHOS + FAIXA_TAXA_REJEICAO__SEM_REJEICAO_PREVIA;FAIXA_CREDITO__CREDITO_ALTO + FAIXA_RENDA__RENDA_BAIXA + FAIXA_IDADE__IDADE_50_A_59 + SITUACAO_FAMILIAR__CASADO_OU_UNIAO_CIVIL;2;4;6;0.010000;0.02;1.56;0;1.01
245;FAIXA_RENDA__RENDA_BAIXA + POSSE_CARRO__SEM_CARRO + FAIXA_CREDITOS_ATIVOS__UM_A_DOIS_CREDITOS_ATIVOS;FAIXA_IDADE__IDADE_60_OU_MAIS + SITUACAO_FAMILIAR__CASADO_OU_UNIAO_CIVIL + FAIXA_TAXA_REJEICAO__SEM_REJEICAO_PREVIA;3;3;6;0.010000;0.09;1.56;0;1.04
246;FAIXA_IDADE__IDADE_60_OU_MAIS + SITUACAO_FAMILIAR__CASADO_OU_UNIAO_CIVIL + FAIXA_TAXA_REJEICAO__SEM_REJEICAO_PREVIA;FAIXA_RENDA__RENDA_BAIXA + POSSE_CARRO__SEM_CARRO + FAIXA_CREDITOS_ATIVOS__UM_A_DOIS_CREDITOS_ATIVOS;3;3;6;0.010000;0.17;1.56;0;1.07
247;FAIXA_CREDITO__CREDITO_ALTO + CATEGORIA_FILHOS__SEM_FILHOS + SITUACAO_FAMILIAR__CASADO_OU_UNIAO_CIVIL;FAIXA_RENDA__RENDA_BAIXA + FAIXA_IDADE__IDADE_50_A_59 + FAIXA_TAXA_REJEICAO__SEM_REJEICAO_PREVIA;3;3;6;0.010000;0.08;1.56;0;1.03
248;FAIXA_RENDA__RENDA_BAIXA + FAIXA_IDADE__IDADE_50_A_59 + FAIXA_TAXA_REJEICAO__SEM_REJEICAO_PREVIA;FAIXA_CREDITO__CREDITO_ALTO + CATEGORIA_FILHOS__SEM_FILHOS + SITUACAO_FAMILIAR__CASADO_OU_UNIAO_CIVIL;3;3;6;0.010000;0.19;1.56;0;1.08
249;FAIXA_IDADE__IDADE_50_A_59;CATEGORIA_FILHOS__SEM_FILHOS + POSSE_CARRO__SEM_CARRO + FAIXA_CREDITOS_ATIVOS__TRES_OU_MAIS_CREDITOS_ATIVOS + FAIXA_TAXA_REJEICAO__REJEICAO_PREVIA_ACIMA_25_PCT;1;4;5;0.010000;0.05;1.56;0;1.02
250;CATEGORIA_FILHOS__SEM_FILHOS + POSSE_CARRO__SEM_CARRO + FAIXA_CREDITOS_ATIVOS__TRES_OU_MAIS_CREDITOS_ATIVOS + FAIXA_TAXA_REJEICAO__REJEICAO_PREVIA_ACIMA_25_PCT;FAIXA_IDADE__IDADE_50_A_59;4;1;5;0.010000;0.34;1.56;0;1.18
251;FAIXA_IDADE__IDADE_60_OU_MAIS + POSSE_CARRO__SEM_CARRO + SITUACAO_FAMILIAR__SEPARADO_VIUVO_OU_NAO_INFORMADO + FAIXA_CREDITOS_ATIVOS__UM_A_DOIS_CREDITOS_ATIVOS;CATEGORIA_FILHOS__SEM_FILHOS + FAIXA_TAXA_REJEICAO__SEM_REJEICAO_PREVIA;4;2;6;0.010000;0.73;1.55;0;1.91
252;CATEGORIA_FILHOS__SEM_FILHOS + FAIXA_TAXA_REJEICAO__SEM_REJEICAO_PREVIA;FAIXA_IDADE__IDADE_60_OU_MAIS + POSSE_CARRO__SEM_CARRO + SITUACAO_FAMILIAR__SEPARADO_VIUVO_OU_NAO_INFORMADO + FAIXA_CREDITOS_ATIVOS__UM_A_DOIS_CREDITOS_ATIVOS;2;4;6;0.010000;0.02;1.55;0;1.01
253;FAIXA_IDADE__IDADE_60_OU_MAIS + POSSE_CARRO__SEM_CARRO + SITUACAO_FAMILIAR__CASADO_OU_UNIAO_CIVIL;FAIXA_RENDA__RENDA_BAIXA + FAIXA_CREDITOS_ATIVOS__UM_A_DOIS_CREDITOS_ATIVOS + FAIXA_TAXA_REJEICAO__SEM_REJEICAO_PREVIA;3;3;6;0.010000;0.16;1.55;0;1.06
254;FAIXA_RENDA__RENDA_BAIXA + FAIXA_CREDITOS_ATIVOS__UM_A_DOIS_CREDITOS_ATIVOS + FAIXA_TAXA_REJEICAO__SEM_REJEICAO_PREVIA;FAIXA_IDADE__IDADE_60_OU_MAIS + POSSE_CARRO__SEM_CARRO + SITUACAO_FAMILIAR__CASADO_OU_UNIAO_CIVIL;3;3;6;0.010000;0.1;1.55;0;1.04
255;FAIXA_IDADE__IDADE_50_A_59 + CATEGORIA_FILHOS__SEM_FILHOS + POSSE_CARRO__SEM_CARRO + FAIXA_TAXA_REJEICAO__REJEICAO_PREVIA_ACIMA_25_PCT;FAIXA_CREDITOS_ATIVOS__TRES_OU_MAIS_CREDITOS_ATIVOS;4;1;5;0.010000;0.42;1.55;0;1.25
256;FAIXA_CREDITOS_ATIVOS__TRES_OU_MAIS_CREDITOS_ATIVOS;FAIXA_IDADE__IDADE_50_A_59 + CATEGORIA_FILHOS__SEM_FILHOS + POSSE_CARRO__SEM_CARRO + FAIXA_TAXA_REJEICAO__REJEICAO_PREVIA_ACIMA_25_PCT;1;4;5;0.010000;0.04;1.55;0;1.01
257;CATEGORIA_FILHOS__SEM_FILHOS + POSSE_CARRO__SEM_CARRO + SITUACAO_FAMILIAR__CASADO_OU_UNIAO_CIVIL;FAIXA_RENDA__RENDA_BAIXA + FAIXA_IDADE__IDADE_60_OU_MAIS + FAIXA_CREDITOS_ATIVOS__UM_A_DOIS_CREDITOS_ATIVOS + FAIXA_TAXA_REJEICAO__SEM_REJEICAO_PREVIA;3;4;7;0.010000;0.03;1.55;0;1.01
258;FAIXA_RENDA__RENDA_BAIXA + FAIXA_IDADE__IDADE_60_OU_MAIS + FAIXA_CREDITOS_ATIVOS__UM_A_DOIS_CREDITOS_ATIVOS + FAIXA_TAXA_REJEICAO__SEM_REJEICAO_PREVIA;CATEGORIA_FILHOS__SEM_FILHOS + POSSE_CARRO__SEM_CARRO + SITUACAO_FAMILIAR__CASADO_OU_UNIAO_CIVIL;4;3;7;0.010000;0.47;1.55;0;1.31
259;FAIXA_RENDA__RENDA_BAIXA + POSSE_CARRO__SEM_CARRO;FAIXA_IDADE__IDADE_60_OU_MAIS + SITUACAO_FAMILIAR__CASADO_OU_UNIAO_CIVIL + FAIXA_CREDITOS_ATIVOS__UM_A_DOIS_CREDITOS_ATIVOS + FAIXA_TAXA_REJEICAO__SEM_REJEICAO_PREVIA;2;4;6;0.010000;0.04;1.55;0;1.01
260;FAIXA_IDADE__IDADE_60_OU_MAIS + SITUACAO_FAMILIAR__CASADO_OU_UNIAO_CIVIL + FAIXA_CREDITOS_ATIVOS__UM_A_DOIS_CREDITOS_ATIVOS + FAIXA_TAXA_REJEICAO__SEM_REJEICAO_PREVIA;FAIXA_RENDA__RENDA_BAIXA + POSSE_CARRO__SEM_CARRO;4;2;6;0.010000;0.39;1.55;0;1.22
261;FAIXA_RENDA__RENDA_BAIXA + FAIXA_IDADE__IDADE_60_OU_MAIS + FAIXA_TAXA_REJEICAO__SEM_REJEICAO_PREVIA;CATEGORIA_FILHOS__SEM_FILHOS + POSSE_CARRO__SEM_CARRO + SITUACAO_FAMILIAR__CASADO_OU_UNIAO_CIVIL + FAIXA_CREDITOS_ATIVOS__UM_A_DOIS_CREDITOS_ATIVOS;3;4;7;0.010000;0.2;1.54;0;1.09
262;CATEGORIA_FILHOS__SEM_FILHOS + POSSE_CARRO__SEM_CARRO + SITUACAO_FAMILIAR__CASADO_OU_UNIAO_CIVIL + FAIXA_CREDITOS_ATIVOS__UM_A_DOIS_CREDITOS_ATIVOS;FAIXA_RENDA__RENDA_BAIXA + FAIXA_IDADE__IDADE_60_OU_MAIS + FAIXA_TAXA_REJEICAO__SEM_REJEICAO_PREVIA;4;3;7;0.010000;0.08;1.54;0;1.03
263;CATEGORIA_FILHOS__SEM_FILHOS + FAIXA_TAXA_REJEICAO__SEM_REJEICAO_PREVIA;FAIXA_RENDA__RENDA_BAIXA + FAIXA_IDADE__IDADE_60_OU_MAIS + POSSE_CARRO__SEM_CARRO + SITUACAO_FAMILIAR__CASADO_OU_UNIAO_CIVIL + FAIXA_CREDITOS_ATIVOS__UM_A_DOIS_CREDITOS_ATIVOS;2;5;7;0.010000;0.02;1.54;0;1.01
264;FAIXA_RENDA__RENDA_BAIXA + FAIXA_IDADE__IDADE_60_OU_MAIS + POSSE_CARRO__SEM_CARRO + SITUACAO_FAMILIAR__CASADO_OU_UNIAO_CIVIL + FAIXA_CREDITOS_ATIVOS__UM_A_DOIS_CREDITOS_ATIVOS;CATEGORIA_FILHOS__SEM_FILHOS + FAIXA_TAXA_REJEICAO__SEM_REJEICAO_PREVIA;5;2;7;0.010000;0.72;1.54;0;1.87
265;CATEGORIA_FILHOS__SEM_FILHOS + POSSE_CARRO__COM_CARRO;FAIXA_IDADE__IDADE_21_A_29 + SITUACAO_FAMILIAR__SOLTEIRO + FAIXA_TAXA_REJEICAO__SEM_REJEICAO_PREVIA;2;3;5;0.010000;0.05;1.53;0;1.02
266;FAIXA_IDADE__IDADE_21_A_29 + SITUACAO_FAMILIAR__SOLTEIRO + FAIXA_TAXA_REJEICAO__SEM_REJEICAO_PREVIA;CATEGORIA_FILHOS__SEM_FILHOS + POSSE_CARRO__COM_CARRO;3;2;5;0.010000;0.33;1.53;0;1.16
267;FAIXA_CREDITO__CREDITO_MUITO_ALTO + FAIXA_RENDA__RENDA_MUITO_ALTA;FAIXA_IDADE__IDADE_50_A_59 + FAIXA_CREDITOS_ATIVOS__TRES_OU_MAIS_CREDITOS_ATIVOS;2;2;4;0.010000;0.1;1.53;0;1.04
268;FAIXA_IDADE__IDADE_50_A_59 + FAIXA_CREDITOS_ATIVOS__TRES_OU_MAIS_CREDITOS_ATIVOS;FAIXA_CREDITO__CREDITO_MUITO_ALTO + FAIXA_RENDA__RENDA_MUITO_ALTA;2;2;4;0.010000;0.16;1.53;0;1.06
269;FAIXA_IDADE__IDADE_60_OU_MAIS + FAIXA_TAXA_REJEICAO__SEM_REJEICAO_PREVIA;FAIXA_CREDITO__CREDITO_MEDIO + FAIXA_RENDA__RENDA_BAIXA + POSSE_CARRO__SEM_CARRO;2;3;5;0.010000;0.1;1.52;0;1.04
270;FAIXA_CREDITO__CREDITO_MEDIO + FAIXA_RENDA__RENDA_BAIXA + POSSE_CARRO__SEM_CARRO;FAIXA_IDADE__IDADE_60_OU_MAIS + FAIXA_TAXA_REJEICAO__SEM_REJEICAO_PREVIA;3;2;5;0.010000;0.15;1.52;0;1.06
271;FAIXA_CREDITO__CREDITO_BAIXO + SITUACAO_FAMILIAR__CASADO_OU_UNIAO_CIVIL;FAIXA_RENDA__RENDA_BAIXA + FAIXA_IDADE__IDADE_40_A_49 + POSSE_CARRO__SEM_CARRO + FAIXA_TAXA_REJEICAO__SEM_REJEICAO_PREVIA;2;4;6;0.010000;0.06;1.52;0;1.02
272;FAIXA_RENDA__RENDA_BAIXA + FAIXA_IDADE__IDADE_40_A_49 + POSSE_CARRO__SEM_CARRO + FAIXA_TAXA_REJEICAO__SEM_REJEICAO_PREVIA;FAIXA_CREDITO__CREDITO_BAIXO + SITUACAO_FAMILIAR__CASADO_OU_UNIAO_CIVIL;4;2;6;0.010000;0.26;1.52;0;1.12
273;FAIXA_CREDITO__CREDITO_ALTO + CATEGORIA_FILHOS__SEM_FILHOS;FAIXA_RENDA__RENDA_ALTA + FAIXA_IDADE__IDADE_50_A_59 + POSSE_CARRO__SEM_CARRO;2;3;5;0.010000;0.06;1.52;0;1.02
274;FAIXA_RENDA__RENDA_ALTA + FAIXA_IDADE__IDADE_50_A_59 + POSSE_CARRO__SEM_CARRO;FAIXA_CREDITO__CREDITO_ALTO + CATEGORIA_FILHOS__SEM_FILHOS;3;2;5;0.010000;0.27;1.52;0;1.12
275;FAIXA_CREDITO__CREDITO_BAIXO + FAIXA_IDADE__IDADE_40_A_49 + SITUACAO_FAMILIAR__CASADO_OU_UNIAO_CIVIL + FAIXA_TAXA_REJEICAO__SEM_REJEICAO_PREVIA;FAIXA_RENDA__RENDA_BAIXA + POSSE_CARRO__SEM_CARRO;4;2;6;0.010000;0.39;1.52;0;1.21
276;FAIXA_RENDA__RENDA_BAIXA + POSSE_CARRO__SEM_CARRO;FAIXA_CREDITO__CREDITO_BAIXO + FAIXA_IDADE__IDADE_40_A_49 + SITUACAO_FAMILIAR__CASADO_OU_UNIAO_CIVIL + FAIXA_TAXA_REJEICAO__SEM_REJEICAO_PREVIA;2;4;6;0.010000;0.04;1.52;0;1.01
277;CATEGORIA_FILHOS__SEM_FILHOS + SITUACAO_FAMILIAR__SOLTEIRO;FAIXA_CREDITO__CREDITO_MEDIO + FAIXA_CREDITOS_ATIVOS__SEM_CREDITOS_ATIVOS + FAIXA_TAXA_REJEICAO__SEM_REJEICAO_PREVIA;2;3;5;0.010000;0.08;1.52;0;1.03
278;FAIXA_CREDITO__CREDITO_MEDIO + FAIXA_CREDITOS_ATIVOS__SEM_CREDITOS_ATIVOS + FAIXA_TAXA_REJEICAO__SEM_REJEICAO_PREVIA;CATEGORIA_FILHOS__SEM_FILHOS + SITUACAO_FAMILIAR__SOLTEIRO;3;2;5;0.010000;0.19;1.52;0;1.08
279;FAIXA_CREDITO__CREDITO_MEDIO + CATEGORIA_FILHOS__SEM_FILHOS;SITUACAO_FAMILIAR__SOLTEIRO + FAIXA_CREDITOS_ATIVOS__SEM_CREDITOS_ATIVOS + FAIXA_TAXA_REJEICAO__SEM_REJEICAO_PREVIA;2;3;5;0.010000;0.06;1.52;0;1.02
280;SITUACAO_FAMILIAR__SOLTEIRO + FAIXA_CREDITOS_ATIVOS__SEM_CREDITOS_ATIVOS + FAIXA_TAXA_REJEICAO__SEM_REJEICAO_PREVIA;FAIXA_CREDITO__CREDITO_MEDIO + CATEGORIA_FILHOS__SEM_FILHOS;3;2;5;0.010000;0.26;1.52;0;1.12
281;FAIXA_CREDITO__CREDITO_BAIXO + FAIXA_IDADE__IDADE_40_A_49;FAIXA_RENDA__RENDA_BAIXA + POSSE_CARRO__SEM_CARRO + SITUACAO_FAMILIAR__CASADO_OU_UNIAO_CIVIL + FAIXA_TAXA_REJEICAO__SEM_REJEICAO_PREVIA;2;4;6;0.010000;0.19;1.52;0;1.08
282;FAIXA_RENDA__RENDA_BAIXA + POSSE_CARRO__SEM_CARRO + SITUACAO_FAMILIAR__CASADO_OU_UNIAO_CIVIL + FAIXA_TAXA_REJEICAO__SEM_REJEICAO_PREVIA;FAIXA_CREDITO__CREDITO_BAIXO + FAIXA_IDADE__IDADE_40_A_49;4;2;6;0.010000;0.08;1.52;0;1.03
283;FAIXA_IDADE__IDADE_21_A_29 + POSSE_CARRO__SEM_CARRO + SITUACAO_FAMILIAR__CASADO_OU_UNIAO_CIVIL;FAIXA_RENDA__RENDA_BAIXA + FAIXA_CREDITOS_ATIVOS__UM_A_DOIS_CREDITOS_ATIVOS;3;2;5;0.010000;0.21;1.52;0;1.09
284;FAIXA_RENDA__RENDA_BAIXA + FAIXA_CREDITOS_ATIVOS__UM_A_DOIS_CREDITOS_ATIVOS;FAIXA_IDADE__IDADE_21_A_29 + POSSE_CARRO__SEM_CARRO + SITUACAO_FAMILIAR__CASADO_OU_UNIAO_CIVIL;2;3;5;0.010000;0.07;1.52;0;1.03
285;FAIXA_RENDA__RENDA_BAIXA + FAIXA_IDADE__IDADE_60_OU_MAIS + POSSE_CARRO__SEM_CARRO + SITUACAO_FAMILIAR__CASADO_OU_UNIAO_CIVIL;CATEGORIA_FILHOS__SEM_FILHOS + FAIXA_CREDITOS_ATIVOS__UM_A_DOIS_CREDITOS_ATIVOS + FAIXA_TAXA_REJEICAO__SEM_REJEICAO_PREVIA;4;3;7;0.010000;0.31;1.51;0;1.15
286;CATEGORIA_FILHOS__SEM_FILHOS + FAIXA_CREDITOS_ATIVOS__UM_A_DOIS_CREDITOS_ATIVOS + FAIXA_TAXA_REJEICAO__SEM_REJEICAO_PREVIA;FAIXA_RENDA__RENDA_BAIXA + FAIXA_IDADE__IDADE_60_OU_MAIS + POSSE_CARRO__SEM_CARRO + SITUACAO_FAMILIAR__CASADO_OU_UNIAO_CIVIL;3;4;7;0.010000;0.05;1.51;0;1.02
287;FAIXA_RENDA__RENDA_BAIXA + POSSE_CARRO__SEM_CARRO + FAIXA_TAXA_REJEICAO__SEM_REJEICAO_PREVIA;FAIXA_IDADE__IDADE_60_OU_MAIS + CATEGORIA_FILHOS__SEM_FILHOS + SITUACAO_FAMILIAR__CASADO_OU_UNIAO_CIVIL + FAIXA_CREDITOS_ATIVOS__UM_A_DOIS_CREDITOS_ATIVOS;3;4;7;0.010000;0.05;1.51;0;1.02
288;FAIXA_IDADE__IDADE_60_OU_MAIS + CATEGORIA_FILHOS__SEM_FILHOS + SITUACAO_FAMILIAR__CASADO_OU_UNIAO_CIVIL + FAIXA_CREDITOS_ATIVOS__UM_A_DOIS_CREDITOS_ATIVOS;FAIXA_RENDA__RENDA_BAIXA + POSSE_CARRO__SEM_CARRO + FAIXA_TAXA_REJEICAO__SEM_REJEICAO_PREVIA;4;3;7;0.010000;0.28;1.51;0;1.13
289;FAIXA_IDADE__IDADE_50_A_59 + CATEGORIA_FILHOS__SEM_FILHOS + FAIXA_CREDITOS_ATIVOS__TRES_OU_MAIS_CREDITOS_ATIVOS;POSSE_CARRO__SEM_CARRO + FAIXA_TAXA_REJEICAO__REJEICAO_PREVIA_ACIMA_25_PCT;3;2;5;0.010000;0.17;1.51;0;1.07
290;POSSE_CARRO__SEM_CARRO + FAIXA_TAXA_REJEICAO__REJEICAO_PREVIA_ACIMA_25_PCT;FAIXA_IDADE__IDADE_50_A_59 + CATEGORIA_FILHOS__SEM_FILHOS + FAIXA_CREDITOS_ATIVOS__TRES_OU_MAIS_CREDITOS_ATIVOS;2;3;5;0.010000;0.09;1.51;0;1.03
291;FAIXA_RENDA__RENDA_BAIXA + POSSE_CARRO__SEM_CARRO + FAIXA_CREDITOS_ATIVOS__UM_A_DOIS_CREDITOS_ATIVOS + FAIXA_TAXA_REJEICAO__SEM_REJEICAO_PREVIA;FAIXA_IDADE__IDADE_60_OU_MAIS + CATEGORIA_FILHOS__SEM_FILHOS + SITUACAO_FAMILIAR__CASADO_OU_UNIAO_CIVIL;4;3;7;0.010000;0.13;1.5;0;1.05
292;FAIXA_IDADE__IDADE_60_OU_MAIS + CATEGORIA_FILHOS__SEM_FILHOS + SITUACAO_FAMILIAR__CASADO_OU_UNIAO_CIVIL;FAIXA_RENDA__RENDA_BAIXA + POSSE_CARRO__SEM_CARRO + FAIXA_CREDITOS_ATIVOS__UM_A_DOIS_CREDITOS_ATIVOS + FAIXA_TAXA_REJEICAO__SEM_REJEICAO_PREVIA;3;4;7;0.010000;0.12;1.5;0;1.04
293;FAIXA_CREDITO__CREDITO_ALTO + CATEGORIA_FILHOS__SEM_FILHOS + POSSE_CARRO__SEM_CARRO;FAIXA_RENDA__RENDA_ALTA + FAIXA_IDADE__IDADE_50_A_59;3;2;5;0.010000;0.08;1.5;0;1.03
294;FAIXA_RENDA__RENDA_ALTA + FAIXA_IDADE__IDADE_50_A_59;FAIXA_CREDITO__CREDITO_ALTO + CATEGORIA_FILHOS__SEM_FILHOS + POSSE_CARRO__SEM_CARRO;2;3;5;0.010000;0.19;1.5;0;1.07
295;FAIXA_RENDA__RENDA_BAIXA + CATEGORIA_FILHOS__SEM_FILHOS + SITUACAO_FAMILIAR__CASADO_OU_UNIAO_CIVIL;FAIXA_CREDITO__CREDITO_ALTO + FAIXA_IDADE__IDADE_50_A_59 + FAIXA_TAXA_REJEICAO__SEM_REJEICAO_PREVIA;3;3;6;0.010000;0.06;1.5;0;1.02
296;FAIXA_CREDITO__CREDITO_ALTO + FAIXA_IDADE__IDADE_50_A_59 + FAIXA_TAXA_REJEICAO__SEM_REJEICAO_PREVIA;FAIXA_RENDA__RENDA_BAIXA + CATEGORIA_FILHOS__SEM_FILHOS + SITUACAO_FAMILIAR__CASADO_OU_UNIAO_CIVIL;3;3;6;0.010000;0.23;1.5;0;1.1
297;FAIXA_CREDITO__CREDITO_MEDIO + FAIXA_IDADE__IDADE_50_A_59 + FAIXA_CREDITOS_ATIVOS__UM_A_DOIS_CREDITOS_ATIVOS;CATEGORIA_FILHOS__SEM_FILHOS + POSSE_CARRO__SEM_CARRO + FAIXA_TAXA_REJEICAO__SEM_REJEICAO_PREVIA;3;3;6;0.010000;0.49;1.5;0;1.31
298;CATEGORIA_FILHOS__SEM_FILHOS + POSSE_CARRO__SEM_CARRO + FAIXA_TAXA_REJEICAO__SEM_REJEICAO_PREVIA;FAIXA_CREDITO__CREDITO_MEDIO + FAIXA_IDADE__IDADE_50_A_59 + FAIXA_CREDITOS_ATIVOS__UM_A_DOIS_CREDITOS_ATIVOS;3;3;6;0.010000;0.03;1.5;0;1.01
299;FAIXA_IDADE__IDADE_60_OU_MAIS + CATEGORIA_FILHOS__SEM_FILHOS + SITUACAO_FAMILIAR__SEPARADO_VIUVO_OU_NAO_INFORMADO + FAIXA_CREDITOS_ATIVOS__UM_A_DOIS_CREDITOS_ATIVOS;POSSE_CARRO__SEM_CARRO + FAIXA_TAXA_REJEICAO__SEM_REJEICAO_PREVIA;4;2;6;0.010000;0.67;1.49;0;1.64
300;POSSE_CARRO__SEM_CARRO + FAIXA_TAXA_REJEICAO__SEM_REJEICAO_PREVIA;FAIXA_IDADE__IDADE_60_OU_MAIS + CATEGORIA_FILHOS__SEM_FILHOS + SITUACAO_FAMILIAR__SEPARADO_VIUVO_OU_NAO_INFORMADO + FAIXA_CREDITOS_ATIVOS__UM_A_DOIS_CREDITOS_ATIVOS;2;4;6;0.010000;0.02;1.49;0;1.01
301;FAIXA_CREDITO__CREDITO_ALTO + FAIXA_IDADE__IDADE_50_A_59;FAIXA_RENDA__RENDA_BAIXA + CATEGORIA_FILHOS__SEM_FILHOS + SITUACAO_FAMILIAR__CASADO_OU_UNIAO_CIVIL + FAIXA_TAXA_REJEICAO__SEM_REJEICAO_PREVIA;2;4;6;0.010000;0.17;1.49;0;1.06
302;FAIXA_RENDA__RENDA_BAIXA + CATEGORIA_FILHOS__SEM_FILHOS + SITUACAO_FAMILIAR__CASADO_OU_UNIAO_CIVIL + FAIXA_TAXA_REJEICAO__SEM_REJEICAO_PREVIA;FAIXA_CREDITO__CREDITO_ALTO + FAIXA_IDADE__IDADE_50_A_59;4;2;6;0.010000;0.09;1.49;0;1.03
303;FAIXA_CREDITO__CREDITO_MEDIO + CATEGORIA_FILHOS__SEM_FILHOS + FAIXA_CREDITOS_ATIVOS__TRES_OU_MAIS_CREDITOS_ATIVOS;FAIXA_IDADE__IDADE_50_A_59 + POSSE_CARRO__SEM_CARRO;3;2;5;0.010000;0.23;1.49;0;1.09
304;FAIXA_IDADE__IDADE_50_A_59 + POSSE_CARRO__SEM_CARRO;FAIXA_CREDITO__CREDITO_MEDIO + CATEGORIA_FILHOS__SEM_FILHOS + FAIXA_CREDITOS_ATIVOS__TRES_OU_MAIS_CREDITOS_ATIVOS;2;3;5;0.010000;0.07;1.49;0;1.02
305;FAIXA_IDADE__IDADE_60_OU_MAIS + SITUACAO_FAMILIAR__CASADO_OU_UNIAO_CIVIL + FAIXA_CREDITOS_ATIVOS__UM_A_DOIS_CREDITOS_ATIVOS;FAIXA_RENDA__RENDA_BAIXA + POSSE_CARRO__SEM_CARRO + FAIXA_TAXA_REJEICAO__SEM_REJEICAO_PREVIA;3;3;6;0.010000;0.27;1.49;0;1.12
306;FAIXA_RENDA__RENDA_BAIXA + POSSE_CARRO__SEM_CARRO + FAIXA_TAXA_REJEICAO__SEM_REJEICAO_PREVIA;FAIXA_IDADE__IDADE_60_OU_MAIS + SITUACAO_FAMILIAR__CASADO_OU_UNIAO_CIVIL + FAIXA_CREDITOS_ATIVOS__UM_A_DOIS_CREDITOS_ATIVOS;3;3;6;0.010000;0.05;1.49;0;1.02
307;POSSE_CARRO__SEM_CARRO + FAIXA_TAXA_REJEICAO__SEM_REJEICAO_PREVIA;FAIXA_IDADE__IDADE_60_OU_MAIS + SITUACAO_FAMILIAR__SEPARADO_VIUVO_OU_NAO_INFORMADO + FAIXA_CREDITOS_ATIVOS__UM_A_DOIS_CREDITOS_ATIVOS;2;3;5;0.010000;0.02;1.48;0;1.01
308;FAIXA_IDADE__IDADE_60_OU_MAIS + SITUACAO_FAMILIAR__SEPARADO_VIUVO_OU_NAO_INFORMADO + FAIXA_CREDITOS_ATIVOS__UM_A_DOIS_CREDITOS_ATIVOS;POSSE_CARRO__SEM_CARRO + FAIXA_TAXA_REJEICAO__SEM_REJEICAO_PREVIA;3;2;5;0.010000;0.67;1.48;0;1.62
309;FAIXA_IDADE__IDADE_60_OU_MAIS;FAIXA_CREDITO__CREDITO_MEDIO + FAIXA_RENDA__RENDA_BAIXA + POSSE_CARRO__SEM_CARRO + FAIXA_TAXA_REJEICAO__SEM_REJEICAO_PREVIA;1;4;5;0.010000;0.07;1.48;0;1.02
310;FAIXA_CREDITO__CREDITO_MEDIO + FAIXA_RENDA__RENDA_BAIXA + POSSE_CARRO__SEM_CARRO + FAIXA_TAXA_REJEICAO__SEM_REJEICAO_PREVIA;FAIXA_IDADE__IDADE_60_OU_MAIS;4;1;5;0.010000;0.21;1.48;0;1.08
311;FAIXA_RENDA__RENDA_BAIXA + POSSE_CARRO__SEM_CARRO + FAIXA_CREDITOS_ATIVOS__UM_A_DOIS_CREDITOS_ATIVOS + FAIXA_TAXA_REJEICAO__SEM_REJEICAO_PREVIA;FAIXA_IDADE__IDADE_60_OU_MAIS + SITUACAO_FAMILIAR__CASADO_OU_UNIAO_CIVIL;4;2;6;0.010000;0.13;1.48;0;1.05
312;FAIXA_IDADE__IDADE_60_OU_MAIS + SITUACAO_FAMILIAR__CASADO_OU_UNIAO_CIVIL;FAIXA_RENDA__RENDA_BAIXA + POSSE_CARRO__SEM_CARRO + FAIXA_CREDITOS_ATIVOS__UM_A_DOIS_CREDITOS_ATIVOS + FAIXA_TAXA_REJEICAO__SEM_REJEICAO_PREVIA;2;4;6;0.010000;0.12;1.48;0;1.04
313;CATEGORIA_FILHOS__SEM_FILHOS + POSSE_CARRO__SEM_CARRO;FAIXA_CREDITO__CREDITO_MEDIO + FAIXA_IDADE__IDADE_50_A_59 + FAIXA_CREDITOS_ATIVOS__UM_A_DOIS_CREDITOS_ATIVOS + FAIXA_TAXA_REJEICAO__SEM_REJEICAO_PREVIA;2;4;6;0.010000;0.02;1.48;0;1.01
314;FAIXA_CREDITO__CREDITO_MEDIO + FAIXA_IDADE__IDADE_50_A_59 + FAIXA_CREDITOS_ATIVOS__UM_A_DOIS_CREDITOS_ATIVOS + FAIXA_TAXA_REJEICAO__SEM_REJEICAO_PREVIA;CATEGORIA_FILHOS__SEM_FILHOS + POSSE_CARRO__SEM_CARRO;4;2;6;0.010000;0.71;1.48;0;1.77
315;FAIXA_CREDITO__CREDITO_MEDIO + FAIXA_RENDA__RENDA_MUITO_ALTA;POSSE_CARRO__COM_CARRO + FAIXA_CREDITOS_ATIVOS__UM_A_DOIS_CREDITOS_ATIVOS;2;2;4;0.010000;0.22;1.48;0;1.09
316;POSSE_CARRO__COM_CARRO + FAIXA_CREDITOS_ATIVOS__UM_A_DOIS_CREDITOS_ATIVOS;FAIXA_CREDITO__CREDITO_MEDIO + FAIXA_RENDA__RENDA_MUITO_ALTA;2;2;4;0.010000;0.07;1.48;0;1.02
317;FAIXA_RENDA__RENDA_BAIXA;FAIXA_CREDITO__CREDITO_BAIXO + FAIXA_IDADE__IDADE_21_A_29 + CATEGORIA_FILHOS__SEM_FILHOS + POSSE_CARRO__SEM_CARRO;1;4;5;0.010000;0.03;1.48;0;1.01
318;FAIXA_CREDITO__CREDITO_BAIXO + FAIXA_IDADE__IDADE_21_A_29 + CATEGORIA_FILHOS__SEM_FILHOS + POSSE_CARRO__SEM_CARRO;FAIXA_RENDA__RENDA_BAIXA;4;1;5;0.010000;0.49;1.48;0;1.29
319;FAIXA_CREDITO__CREDITO_MEDIO + FAIXA_IDADE__IDADE_50_A_59 + FAIXA_TAXA_REJEICAO__SEM_REJEICAO_PREVIA;CATEGORIA_FILHOS__SEM_FILHOS + POSSE_CARRO__SEM_CARRO + FAIXA_CREDITOS_ATIVOS__UM_A_DOIS_CREDITOS_ATIVOS;3;3;6;0.010000;0.3;1.48;0;1.13
320;CATEGORIA_FILHOS__SEM_FILHOS + POSSE_CARRO__SEM_CARRO + FAIXA_CREDITOS_ATIVOS__UM_A_DOIS_CREDITOS_ATIVOS;FAIXA_CREDITO__CREDITO_MEDIO + FAIXA_IDADE__IDADE_50_A_59 + FAIXA_TAXA_REJEICAO__SEM_REJEICAO_PREVIA;3;3;6;0.010000;0.05;1.48;0;1.02
321;FAIXA_CREDITO__CREDITO_ALTO + CATEGORIA_FILHOS__SEM_FILHOS;FAIXA_RENDA__RENDA_BAIXA + FAIXA_IDADE__IDADE_50_A_59 + SITUACAO_FAMILIAR__CASADO_OU_UNIAO_CIVIL + FAIXA_TAXA_REJEICAO__SEM_REJEICAO_PREVIA;2;4;6;0.010000;0.06;1.46;0;1.02
322;FAIXA_RENDA__RENDA_BAIXA + FAIXA_IDADE__IDADE_50_A_59 + SITUACAO_FAMILIAR__CASADO_OU_UNIAO_CIVIL + FAIXA_TAXA_REJEICAO__SEM_REJEICAO_PREVIA;FAIXA_CREDITO__CREDITO_ALTO + CATEGORIA_FILHOS__SEM_FILHOS;4;2;6;0.010000;0.26;1.46;0;1.11
323;FAIXA_CREDITO__CREDITO_MEDIO + FAIXA_RENDA__RENDA_BAIXA;FAIXA_IDADE__IDADE_21_A_29 + POSSE_CARRO__SEM_CARRO;2;2;4;0.010000;0.11;1.46;0;1.04
324;FAIXA_IDADE__IDADE_21_A_29 + POSSE_CARRO__SEM_CARRO;FAIXA_CREDITO__CREDITO_MEDIO + FAIXA_RENDA__RENDA_BAIXA;2;2;4;0.010000;0.13;1.46;0;1.05
325;FAIXA_CREDITO__CREDITO_BAIXO;FAIXA_RENDA__RENDA_BAIXA + FAIXA_IDADE__IDADE_50_A_59 + CATEGORIA_FILHOS__SEM_FILHOS + FAIXA_CREDITOS_ATIVOS__UM_A_DOIS_CREDITOS_ATIVOS;1;4;5;0.010000;0.04;1.45;0;1.01
326;FAIXA_RENDA__RENDA_BAIXA + FAIXA_IDADE__IDADE_50_A_59 + CATEGORIA_FILHOS__SEM_FILHOS + FAIXA_CREDITOS_ATIVOS__UM_A_DOIS_CREDITOS_ATIVOS;FAIXA_CREDITO__CREDITO_BAIXO;4;1;5;0.010000;0.37;1.45;0;1.18
327;CATEGORIA_FILHOS__SEM_FILHOS + POSSE_CARRO__SEM_CARRO;FAIXA_CREDITO__CREDITO_MEDIO + FAIXA_IDADE__IDADE_50_A_59 + FAIXA_CREDITOS_ATIVOS__TRES_OU_MAIS_CREDITOS_ATIVOS;2;3;5;0.010000;0.02;1.45;0;1.01
328;FAIXA_CREDITO__CREDITO_MEDIO + FAIXA_IDADE__IDADE_50_A_59 + FAIXA_CREDITOS_ATIVOS__TRES_OU_MAIS_CREDITOS_ATIVOS;CATEGORIA_FILHOS__SEM_FILHOS + POSSE_CARRO__SEM_CARRO;3;2;5;0.010000;0.7;1.45;0;1.69
329;CATEGORIA_FILHOS__SEM_FILHOS + FAIXA_CREDITOS_ATIVOS__TRES_OU_MAIS_CREDITOS_ATIVOS + FAIXA_TAXA_REJEICAO__REJEICAO_PREVIA_ACIMA_25_PCT;FAIXA_IDADE__IDADE_50_A_59 + POSSE_CARRO__SEM_CARRO;3;2;5;0.010000;0.22;1.45;0;1.09
330;FAIXA_IDADE__IDADE_50_A_59 + POSSE_CARRO__SEM_CARRO;CATEGORIA_FILHOS__SEM_FILHOS + FAIXA_CREDITOS_ATIVOS__TRES_OU_MAIS_CREDITOS_ATIVOS + FAIXA_TAXA_REJEICAO__REJEICAO_PREVIA_ACIMA_25_PCT;2;3;5;0.010000;0.07;1.45;0;1.02
331;CATEGORIA_FILHOS__SEM_FILHOS + FAIXA_TAXA_REJEICAO__SEM_REJEICAO_PREVIA;FAIXA_CREDITO__CREDITO_MEDIO + SITUACAO_FAMILIAR__SOLTEIRO + FAIXA_CREDITOS_ATIVOS__SEM_CREDITOS_ATIVOS;2;3;5;0.010000;0.02;1.45;0;1.01
332;FAIXA_CREDITO__CREDITO_MEDIO + SITUACAO_FAMILIAR__SOLTEIRO + FAIXA_CREDITOS_ATIVOS__SEM_CREDITOS_ATIVOS;CATEGORIA_FILHOS__SEM_FILHOS + FAIXA_TAXA_REJEICAO__SEM_REJEICAO_PREVIA;3;2;5;0.010000;0.68;1.45;0;1.62
333;FAIXA_CREDITO__CREDITO_MEDIO + CATEGORIA_FILHOS__SEM_FILHOS + SITUACAO_FAMILIAR__SOLTEIRO + FAIXA_TAXA_REJEICAO__SEM_REJEICAO_PREVIA;FAIXA_CREDITOS_ATIVOS__SEM_CREDITOS_ATIVOS;4;1;5;0.010000;0.43;1.45;0;1.22
334;FAIXA_CREDITOS_ATIVOS__SEM_CREDITOS_ATIVOS;FAIXA_CREDITO__CREDITO_MEDIO + CATEGORIA_FILHOS__SEM_FILHOS + SITUACAO_FAMILIAR__SOLTEIRO + FAIXA_TAXA_REJEICAO__SEM_REJEICAO_PREVIA;1;4;5;0.010000;0.03;1.45;0;1.01
335;FAIXA_CREDITO__CREDITO_MEDIO + FAIXA_RENDA__RENDA_BAIXA;FAIXA_IDADE__IDADE_60_OU_MAIS + POSSE_CARRO__SEM_CARRO + FAIXA_TAXA_REJEICAO__SEM_REJEICAO_PREVIA;2;3;5;0.010000;0.11;1.44;0;1.04
336;FAIXA_IDADE__IDADE_60_OU_MAIS + POSSE_CARRO__SEM_CARRO + FAIXA_TAXA_REJEICAO__SEM_REJEICAO_PREVIA;FAIXA_CREDITO__CREDITO_MEDIO + FAIXA_RENDA__RENDA_BAIXA;3;2;5;0.010000;0.13;1.44;0;1.04
337;FAIXA_CREDITO__CREDITO_ALTO + FAIXA_RENDA__RENDA_BAIXA;FAIXA_IDADE__IDADE_50_A_59 + CATEGORIA_FILHOS__SEM_FILHOS + SITUACAO_FAMILIAR__CASADO_OU_UNIAO_CIVIL + FAIXA_TAXA_REJEICAO__SEM_REJEICAO_PREVIA;2;4;6;0.010000;0.15;1.44;0;1.05
338;FAIXA_IDADE__IDADE_50_A_59 + CATEGORIA_FILHOS__SEM_FILHOS + SITUACAO_FAMILIAR__CASADO_OU_UNIAO_CIVIL + FAIXA_TAXA_REJEICAO__SEM_REJEICAO_PREVIA;FAIXA_CREDITO__CREDITO_ALTO + FAIXA_RENDA__RENDA_BAIXA;4;2;6;0.010000;0.1;1.44;0;1.03
339;CATEGORIA_FILHOS__SEM_FILHOS + SITUACAO_FAMILIAR__SOLTEIRO + FAIXA_CREDITOS_ATIVOS__SEM_CREDITOS_ATIVOS;FAIXA_CREDITO__CREDITO_MEDIO + FAIXA_TAXA_REJEICAO__SEM_REJEICAO_PREVIA;3;2;5;0.010000;0.23;1.44;0;1.09
340;FAIXA_CREDITO__CREDITO_MEDIO + FAIXA_TAXA_REJEICAO__SEM_REJEICAO_PREVIA;CATEGORIA_FILHOS__SEM_FILHOS + SITUACAO_FAMILIAR__SOLTEIRO + FAIXA_CREDITOS_ATIVOS__SEM_CREDITOS_ATIVOS;2;3;5;0.010000;0.06;1.44;0;1.02
341;CATEGORIA_FILHOS__SEM_FILHOS;FAIXA_IDADE__IDADE_60_OU_MAIS + POSSE_CARRO__SEM_CARRO + SITUACAO_FAMILIAR__SEPARADO_VIUVO_OU_NAO_INFORMADO + FAIXA_CREDITOS_ATIVOS__UM_A_DOIS_CREDITOS_ATIVOS + FAIXA_TAXA_REJEICAO__SEM_REJEICAO_PREVIA;1;5;6;0.010000;0.01;1.44;0;1
342;FAIXA_IDADE__IDADE_60_OU_MAIS + POSSE_CARRO__SEM_CARRO + SITUACAO_FAMILIAR__SEPARADO_VIUVO_OU_NAO_INFORMADO + FAIXA_CREDITOS_ATIVOS__UM_A_DOIS_CREDITOS_ATIVOS + FAIXA_TAXA_REJEICAO__SEM_REJEICAO_PREVIA;CATEGORIA_FILHOS__SEM_FILHOS;5;1;6;0.010000;1;1.44;0;30.39
343;CATEGORIA_FILHOS__SEM_FILHOS;FAIXA_RENDA__RENDA_BAIXA + FAIXA_IDADE__IDADE_60_OU_MAIS + POSSE_CARRO__SEM_CARRO + SITUACAO_FAMILIAR__CASADO_OU_UNIAO_CIVIL + FAIXA_CREDITOS_ATIVOS__UM_A_DOIS_CREDITOS_ATIVOS + FAIXA_TAXA_REJEICAO__SEM_REJEICAO_PREVIA;1;6;7;0.010000;0.01;1.44;0;1
344;FAIXA_RENDA__RENDA_BAIXA + FAIXA_IDADE__IDADE_60_OU_MAIS + POSSE_CARRO__SEM_CARRO + SITUACAO_FAMILIAR__CASADO_OU_UNIAO_CIVIL + FAIXA_CREDITOS_ATIVOS__UM_A_DOIS_CREDITOS_ATIVOS + FAIXA_TAXA_REJEICAO__SEM_REJEICAO_PREVIA;CATEGORIA_FILHOS__SEM_FILHOS;6;1;7;0.010000;1;1.44;0;30.39
345;CATEGORIA_FILHOS__SEM_FILHOS + FAIXA_CREDITOS_ATIVOS__UM_A_DOIS_CREDITOS_ATIVOS;FAIXA_RENDA__RENDA_BAIXA + FAIXA_IDADE__IDADE_60_OU_MAIS + POSSE_CARRO__SEM_CARRO + SITUACAO_FAMILIAR__CASADO_OU_UNIAO_CIVIL + FAIXA_TAXA_REJEICAO__SEM_REJEICAO_PREVIA;2;5;7;0.010000;0.03;1.44;0;1.01
346;FAIXA_RENDA__RENDA_BAIXA + FAIXA_IDADE__IDADE_60_OU_MAIS + POSSE_CARRO__SEM_CARRO + SITUACAO_FAMILIAR__CASADO_OU_UNIAO_CIVIL + FAIXA_TAXA_REJEICAO__SEM_REJEICAO_PREVIA;CATEGORIA_FILHOS__SEM_FILHOS + FAIXA_CREDITOS_ATIVOS__UM_A_DOIS_CREDITOS_ATIVOS;5;2;7;0.010000;0.43;1.44;0;1.22
347;FAIXA_RENDA__RENDA_BAIXA + FAIXA_IDADE__IDADE_21_A_29;FAIXA_CREDITO__CREDITO_MEDIO + POSSE_CARRO__SEM_CARRO;2;2;4;0.010000;0.24;1.44;0;1.09
348;FAIXA_CREDITO__CREDITO_MEDIO + POSSE_CARRO__SEM_CARRO;FAIXA_RENDA__RENDA_BAIXA + FAIXA_IDADE__IDADE_21_A_29;2;2;4;0.010000;0.06;1.44;0;1.02
349;CATEGORIA_FILHOS__SEM_FILHOS + SITUACAO_FAMILIAR__CASADO_OU_UNIAO_CIVIL;FAIXA_CREDITO__CREDITO_ALTO + FAIXA_RENDA__RENDA_BAIXA + FAIXA_IDADE__IDADE_50_A_59 + FAIXA_TAXA_REJEICAO__SEM_REJEICAO_PREVIA;2;4;6;0.010000;0.02;1.43;0;1.01
350;FAIXA_CREDITO__CREDITO_ALTO + FAIXA_RENDA__RENDA_BAIXA + FAIXA_IDADE__IDADE_50_A_59 + FAIXA_TAXA_REJEICAO__SEM_REJEICAO_PREVIA;CATEGORIA_FILHOS__SEM_FILHOS + SITUACAO_FAMILIAR__CASADO_OU_UNIAO_CIVIL;4;2;6;0.010000;0.68;1.43;0;1.6
351;FAIXA_CREDITO__CREDITO_ALTO + FAIXA_IDADE__IDADE_50_A_59;FAIXA_RENDA__RENDA_ALTA + CATEGORIA_FILHOS__SEM_FILHOS + POSSE_CARRO__SEM_CARRO;2;3;5;0.010000;0.17;1.43;0;1.06
352;FAIXA_RENDA__RENDA_ALTA + CATEGORIA_FILHOS__SEM_FILHOS + POSSE_CARRO__SEM_CARRO;FAIXA_CREDITO__CREDITO_ALTO + FAIXA_IDADE__IDADE_50_A_59;3;2;5;0.010000;0.09;1.43;0;1.03
353;FAIXA_RENDA__RENDA_BAIXA + FAIXA_IDADE__IDADE_40_A_49 + SITUACAO_FAMILIAR__CASADO_OU_UNIAO_CIVIL;FAIXA_CREDITO__CREDITO_BAIXO + POSSE_CARRO__SEM_CARRO + FAIXA_TAXA_REJEICAO__SEM_REJEICAO_PREVIA;3;3;6;0.010000;0.18;1.43;0;1.06
354;FAIXA_CREDITO__CREDITO_BAIXO + POSSE_CARRO__SEM_CARRO + FAIXA_TAXA_REJEICAO__SEM_REJEICAO_PREVIA;FAIXA_RENDA__RENDA_BAIXA + FAIXA_IDADE__IDADE_40_A_49 + SITUACAO_FAMILIAR__CASADO_OU_UNIAO_CIVIL;3;3;6;0.010000;0.08;1.43;0;1.03
355;FAIXA_IDADE__IDADE_50_A_59 + POSSE_CARRO__SEM_CARRO + FAIXA_CREDITOS_ATIVOS__UM_A_DOIS_CREDITOS_ATIVOS;FAIXA_CREDITO__CREDITO_MEDIO + CATEGORIA_FILHOS__SEM_FILHOS + FAIXA_TAXA_REJEICAO__SEM_REJEICAO_PREVIA;3;3;6;0.010000;0.16;1.42;0;1.05
356;FAIXA_CREDITO__CREDITO_MEDIO + CATEGORIA_FILHOS__SEM_FILHOS + FAIXA_TAXA_REJEICAO__SEM_REJEICAO_PREVIA;FAIXA_IDADE__IDADE_50_A_59 + POSSE_CARRO__SEM_CARRO + FAIXA_CREDITOS_ATIVOS__UM_A_DOIS_CREDITOS_ATIVOS;3;3;6;0.010000;0.09;1.42;0;1.03
357;FAIXA_RENDA__RENDA_BAIXA;FAIXA_IDADE__IDADE_21_A_29 + POSSE_CARRO__SEM_CARRO + SITUACAO_FAMILIAR__CASADO_OU_UNIAO_CIVIL + FAIXA_CREDITOS_ATIVOS__UM_A_DOIS_CREDITOS_ATIVOS;1;4;5;0.010000;0.03;1.42;0;1.01
358;FAIXA_IDADE__IDADE_21_A_29 + POSSE_CARRO__SEM_CARRO + SITUACAO_FAMILIAR__CASADO_OU_UNIAO_CIVIL + FAIXA_CREDITOS_ATIVOS__UM_A_DOIS_CREDITOS_ATIVOS;FAIXA_RENDA__RENDA_BAIXA;4;1;5;0.010000;0.47;1.42;0;1.25
359;FAIXA_IDADE__IDADE_60_OU_MAIS + POSSE_CARRO__SEM_CARRO;FAIXA_CREDITO__CREDITO_MEDIO + FAIXA_RENDA__RENDA_BAIXA + FAIXA_TAXA_REJEICAO__SEM_REJEICAO_PREVIA;2;3;5;0.010000;0.09;1.42;0;1.03
360;FAIXA_CREDITO__CREDITO_MEDIO + FAIXA_RENDA__RENDA_BAIXA + FAIXA_TAXA_REJEICAO__SEM_REJEICAO_PREVIA;FAIXA_IDADE__IDADE_60_OU_MAIS + POSSE_CARRO__SEM_CARRO;3;2;5;0.010000;0.16;1.42;0;1.06
361;FAIXA_CREDITO__CREDITO_BAIXO + FAIXA_RENDA__RENDA_BAIXA;FAIXA_IDADE__IDADE_21_A_29 + CATEGORIA_FILHOS__SEM_FILHOS + POSSE_CARRO__SEM_CARRO;2;3;5;0.010000;0.07;1.42;0;1.02
362;FAIXA_IDADE__IDADE_21_A_29 + CATEGORIA_FILHOS__SEM_FILHOS + POSSE_CARRO__SEM_CARRO;FAIXA_CREDITO__CREDITO_BAIXO + FAIXA_RENDA__RENDA_BAIXA;3;2;5;0.010000;0.19;1.42;0;1.07
363;FAIXA_CREDITO__CREDITO_ALTO + FAIXA_RENDA__RENDA_BAIXA + SITUACAO_FAMILIAR__CASADO_OU_UNIAO_CIVIL;FAIXA_IDADE__IDADE_50_A_59 + CATEGORIA_FILHOS__SEM_FILHOS + FAIXA_TAXA_REJEICAO__SEM_REJEICAO_PREVIA;3;3;6;0.010000;0.2;1.41;0;1.07
364;FAIXA_IDADE__IDADE_50_A_59 + CATEGORIA_FILHOS__SEM_FILHOS + FAIXA_TAXA_REJEICAO__SEM_REJEICAO_PREVIA;FAIXA_CREDITO__CREDITO_ALTO + FAIXA_RENDA__RENDA_BAIXA + SITUACAO_FAMILIAR__CASADO_OU_UNIAO_CIVIL;3;3;6;0.010000;0.07;1.41;0;1.02
365;POSSE_CARRO__COM_CARRO;FAIXA_CREDITO__CREDITO_MEDIO + FAIXA_RENDA__RENDA_MUITO_ALTA + FAIXA_CREDITOS_ATIVOS__UM_A_DOIS_CREDITOS_ATIVOS;1;3;4;0.010000;0.03;1.41;0;1.01
366;FAIXA_CREDITO__CREDITO_MEDIO + FAIXA_RENDA__RENDA_MUITO_ALTA + FAIXA_CREDITOS_ATIVOS__UM_A_DOIS_CREDITOS_ATIVOS;POSSE_CARRO__COM_CARRO;3;1;4;0.010000;0.48;1.41;0;1.25
367;FAIXA_RENDA__RENDA_BAIXA + FAIXA_IDADE__IDADE_40_A_49 + POSSE_CARRO__SEM_CARRO + SITUACAO_FAMILIAR__CASADO_OU_UNIAO_CIVIL;FAIXA_CREDITO__CREDITO_BAIXO + FAIXA_TAXA_REJEICAO__SEM_REJEICAO_PREVIA;4;2;6;0.010000;0.24;1.4;0;1.09
368;FAIXA_CREDITO__CREDITO_BAIXO + FAIXA_TAXA_REJEICAO__SEM_REJEICAO_PREVIA;FAIXA_RENDA__RENDA_BAIXA + FAIXA_IDADE__IDADE_40_A_49 + POSSE_CARRO__SEM_CARRO + SITUACAO_FAMILIAR__CASADO_OU_UNIAO_CIVIL;2;4;6;0.010000;0.06;1.4;0;1.02
369;FAIXA_CREDITO__CREDITO_MEDIO + FAIXA_IDADE__IDADE_50_A_59 + POSSE_CARRO__SEM_CARRO;CATEGORIA_FILHOS__SEM_FILHOS + FAIXA_CREDITOS_ATIVOS__TRES_OU_MAIS_CREDITOS_ATIVOS;3;2;5;0.010000;0.26;1.4;0;1.1
370;CATEGORIA_FILHOS__SEM_FILHOS + FAIXA_CREDITOS_ATIVOS__TRES_OU_MAIS_CREDITOS_ATIVOS;FAIXA_CREDITO__CREDITO_MEDIO + FAIXA_IDADE__IDADE_50_A_59 + POSSE_CARRO__SEM_CARRO;2;3;5;0.010000;0.05;1.4;0;1.02
371;CATEGORIA_FILHOS__SEM_FILHOS + FAIXA_CREDITOS_ATIVOS__UM_A_DOIS_CREDITOS_ATIVOS;FAIXA_CREDITO__CREDITO_BAIXO + FAIXA_RENDA__RENDA_BAIXA + FAIXA_IDADE__IDADE_50_A_59;2;3;5;0.010000;0.03;1.4;0;1.01
372;FAIXA_CREDITO__CREDITO_BAIXO + FAIXA_RENDA__RENDA_BAIXA + FAIXA_IDADE__IDADE_50_A_59;CATEGORIA_FILHOS__SEM_FILHOS + FAIXA_CREDITOS_ATIVOS__UM_A_DOIS_CREDITOS_ATIVOS;3;2;5;0.010000;0.42;1.4;0;1.2
373;FAIXA_RENDA__RENDA_BAIXA + CATEGORIA_FILHOS__SEM_FILHOS;FAIXA_CREDITO__CREDITO_BAIXO + FAIXA_IDADE__IDADE_21_A_29 + POSSE_CARRO__SEM_CARRO;2;3;5;0.010000;0.04;1.4;0;1.01
374;FAIXA_CREDITO__CREDITO_BAIXO + FAIXA_IDADE__IDADE_21_A_29 + POSSE_CARRO__SEM_CARRO;FAIXA_RENDA__RENDA_BAIXA + CATEGORIA_FILHOS__SEM_FILHOS;3;2;5;0.010000;0.33;1.4;0;1.13
375;CATEGORIA_FILHOS__SEM_FILHOS;FAIXA_IDADE__IDADE_21_A_29 + POSSE_CARRO__COM_CARRO + SITUACAO_FAMILIAR__SOLTEIRO + FAIXA_TAXA_REJEICAO__SEM_REJEICAO_PREVIA;1;4;5;0.010000;0.01;1.39;0;1
376;FAIXA_IDADE__IDADE_21_A_29 + POSSE_CARRO__COM_CARRO + SITUACAO_FAMILIAR__SOLTEIRO + FAIXA_TAXA_REJEICAO__SEM_REJEICAO_PREVIA;CATEGORIA_FILHOS__SEM_FILHOS;4;1;5;0.010000;0.97;1.39;0;7.83
377;FAIXA_RENDA__RENDA_BAIXA + POSSE_CARRO__SEM_CARRO + FAIXA_TAXA_REJEICAO__SEM_REJEICAO_PREVIA;FAIXA_CREDITO__CREDITO_BAIXO + FAIXA_IDADE__IDADE_40_A_49 + SITUACAO_FAMILIAR__CASADO_OU_UNIAO_CIVIL;3;3;6;0.010000;0.05;1.39;0;1.02
378;FAIXA_CREDITO__CREDITO_BAIXO + FAIXA_IDADE__IDADE_40_A_49 + SITUACAO_FAMILIAR__CASADO_OU_UNIAO_CIVIL;FAIXA_RENDA__RENDA_BAIXA + POSSE_CARRO__SEM_CARRO + FAIXA_TAXA_REJEICAO__SEM_REJEICAO_PREVIA;3;3;6;0.010000;0.26;1.39;0;1.09
379;FAIXA_RENDA__RENDA_BAIXA + POSSE_CARRO__SEM_CARRO + SITUACAO_FAMILIAR__CASADO_OU_UNIAO_CIVIL + FAIXA_CREDITOS_ATIVOS__UM_A_DOIS_CREDITOS_ATIVOS;FAIXA_IDADE__IDADE_60_OU_MAIS + CATEGORIA_FILHOS__SEM_FILHOS + FAIXA_TAXA_REJEICAO__SEM_REJEICAO_PREVIA;4;3;7;0.010000;0.13;1.39;0;1.04
380;FAIXA_IDADE__IDADE_60_OU_MAIS + CATEGORIA_FILHOS__SEM_FILHOS + FAIXA_TAXA_REJEICAO__SEM_REJEICAO_PREVIA;FAIXA_RENDA__RENDA_BAIXA + POSSE_CARRO__SEM_CARRO + SITUACAO_FAMILIAR__CASADO_OU_UNIAO_CIVIL + FAIXA_CREDITOS_ATIVOS__UM_A_DOIS_CREDITOS_ATIVOS;3;4;7;0.010000;0.11;1.39;0;1.03
381;FAIXA_IDADE__IDADE_50_A_59 + CATEGORIA_FILHOS__SEM_FILHOS + POSSE_CARRO__SEM_CARRO + FAIXA_CREDITOS_ATIVOS__TRES_OU_MAIS_CREDITOS_ATIVOS;FAIXA_TAXA_REJEICAO__REJEICAO_PREVIA_ACIMA_25_PCT;4;1;5;0.010000;0.24;1.39;0;1.08
382;FAIXA_TAXA_REJEICAO__REJEICAO_PREVIA_ACIMA_25_PCT;FAIXA_IDADE__IDADE_50_A_59 + CATEGORIA_FILHOS__SEM_FILHOS + POSSE_CARRO__SEM_CARRO + FAIXA_CREDITOS_ATIVOS__TRES_OU_MAIS_CREDITOS_ATIVOS;1;4;5;0.010000;0.06;1.39;0;1.02
383;FAIXA_IDADE__IDADE_60_OU_MAIS + CATEGORIA_FILHOS__SEM_FILHOS + FAIXA_CREDITOS_ATIVOS__UM_A_DOIS_CREDITOS_ATIVOS + FAIXA_TAXA_REJEICAO__SEM_REJEICAO_PREVIA;FAIXA_RENDA__RENDA_BAIXA + POSSE_CARRO__SEM_CARRO + SITUACAO_FAMILIAR__CASADO_OU_UNIAO_CIVIL;4;3;7;0.010000;0.24;1.38;0;1.08
384;FAIXA_RENDA__RENDA_BAIXA + POSSE_CARRO__SEM_CARRO + SITUACAO_FAMILIAR__CASADO_OU_UNIAO_CIVIL;FAIXA_IDADE__IDADE_60_OU_MAIS + CATEGORIA_FILHOS__SEM_FILHOS + FAIXA_CREDITOS_ATIVOS__UM_A_DOIS_CREDITOS_ATIVOS + FAIXA_TAXA_REJEICAO__SEM_REJEICAO_PREVIA;3;4;7;0.010000;0.06;1.38;0;1.02
385;FAIXA_CREDITO__CREDITO_MEDIO + FAIXA_IDADE__IDADE_50_A_59 + POSSE_CARRO__SEM_CARRO + FAIXA_CREDITOS_ATIVOS__UM_A_DOIS_CREDITOS_ATIVOS;CATEGORIA_FILHOS__SEM_FILHOS + FAIXA_TAXA_REJEICAO__SEM_REJEICAO_PREVIA;4;2;6;0.010000;0.65;1.38;0;1.48
386;CATEGORIA_FILHOS__SEM_FILHOS + FAIXA_TAXA_REJEICAO__SEM_REJEICAO_PREVIA;FAIXA_CREDITO__CREDITO_MEDIO + FAIXA_IDADE__IDADE_50_A_59 + POSSE_CARRO__SEM_CARRO + FAIXA_CREDITOS_ATIVOS__UM_A_DOIS_CREDITOS_ATIVOS;2;4;6;0.010000;0.02;1.38;0;1.01
387;FAIXA_RENDA__RENDA_BAIXA + FAIXA_IDADE__IDADE_60_OU_MAIS;FAIXA_CREDITO__CREDITO_MEDIO + POSSE_CARRO__SEM_CARRO + FAIXA_TAXA_REJEICAO__SEM_REJEICAO_PREVIA;2;3;5;0.010000;0.15;1.38;0;1.05
388;FAIXA_CREDITO__CREDITO_MEDIO + POSSE_CARRO__SEM_CARRO + FAIXA_TAXA_REJEICAO__SEM_REJEICAO_PREVIA;FAIXA_RENDA__RENDA_BAIXA + FAIXA_IDADE__IDADE_60_OU_MAIS;3;2;5;0.010000;0.09;1.38;0;1.03
389;FAIXA_CREDITO__CREDITO_MEDIO + FAIXA_IDADE__IDADE_50_A_59;CATEGORIA_FILHOS__SEM_FILHOS + POSSE_CARRO__SEM_CARRO + FAIXA_CREDITOS_ATIVOS__UM_A_DOIS_CREDITOS_ATIVOS + FAIXA_TAXA_REJEICAO__SEM_REJEICAO_PREVIA;2;4;6;0.010000;0.2;1.38;0;1.06
390;CATEGORIA_FILHOS__SEM_FILHOS + POSSE_CARRO__SEM_CARRO + FAIXA_CREDITOS_ATIVOS__UM_A_DOIS_CREDITOS_ATIVOS + FAIXA_TAXA_REJEICAO__SEM_REJEICAO_PREVIA;FAIXA_CREDITO__CREDITO_MEDIO + FAIXA_IDADE__IDADE_50_A_59;4;2;6;0.010000;0.07;1.38;0;1.02
391;FAIXA_IDADE__IDADE_50_A_59 + FAIXA_CREDITOS_ATIVOS__TRES_OU_MAIS_CREDITOS_ATIVOS + FAIXA_TAXA_REJEICAO__REJEICAO_PREVIA_ACIMA_25_PCT;CATEGORIA_FILHOS__SEM_FILHOS + POSSE_CARRO__SEM_CARRO;3;2;5;0.010000;0.66;1.38;0;1.51
392;CATEGORIA_FILHOS__SEM_FILHOS + POSSE_CARRO__SEM_CARRO;FAIXA_IDADE__IDADE_50_A_59 + FAIXA_CREDITOS_ATIVOS__TRES_OU_MAIS_CREDITOS_ATIVOS + FAIXA_TAXA_REJEICAO__REJEICAO_PREVIA_ACIMA_25_PCT;2;3;5;0.010000;0.02;1.38;0;1.01
393;FAIXA_RENDA__RENDA_BAIXA + POSSE_CARRO__SEM_CARRO + SITUACAO_FAMILIAR__CASADO_OU_UNIAO_CIVIL + FAIXA_CREDITOS_ATIVOS__UM_A_DOIS_CREDITOS_ATIVOS;FAIXA_IDADE__IDADE_60_OU_MAIS + FAIXA_TAXA_REJEICAO__SEM_REJEICAO_PREVIA;4;2;6;0.010000;0.13;1.38;0;1.04
394;FAIXA_IDADE__IDADE_60_OU_MAIS + FAIXA_TAXA_REJEICAO__SEM_REJEICAO_PREVIA;FAIXA_RENDA__RENDA_BAIXA + POSSE_CARRO__SEM_CARRO + SITUACAO_FAMILIAR__CASADO_OU_UNIAO_CIVIL + FAIXA_CREDITOS_ATIVOS__UM_A_DOIS_CREDITOS_ATIVOS;2;4;6;0.010000;0.1;1.38;0;1.03
395;CATEGORIA_FILHOS__SEM_FILHOS + FAIXA_CREDITOS_ATIVOS__UM_A_DOIS_CREDITOS_ATIVOS;FAIXA_IDADE__IDADE_60_OU_MAIS + POSSE_CARRO__SEM_CARRO + SITUACAO_FAMILIAR__SEPARADO_VIUVO_OU_NAO_INFORMADO + FAIXA_TAXA_REJEICAO__SEM_REJEICAO_PREVIA;2;4;6;0.010000;0.03;1.37;0;1.01
396;FAIXA_IDADE__IDADE_60_OU_MAIS + POSSE_CARRO__SEM_CARRO + SITUACAO_FAMILIAR__SEPARADO_VIUVO_OU_NAO_INFORMADO + FAIXA_TAXA_REJEICAO__SEM_REJEICAO_PREVIA;CATEGORIA_FILHOS__SEM_FILHOS + FAIXA_CREDITOS_ATIVOS__UM_A_DOIS_CREDITOS_ATIVOS;4;2;6;0.010000;0.41;1.37;0;1.18
397;FAIXA_RENDA__RENDA_BAIXA + CATEGORIA_FILHOS__SEM_FILHOS + FAIXA_TAXA_REJEICAO__SEM_REJEICAO_PREVIA;FAIXA_CREDITO__CREDITO_ALTO + FAIXA_IDADE__IDADE_50_A_59 + SITUACAO_FAMILIAR__CASADO_OU_UNIAO_CIVIL;3;3;6;0.010000;0.06;1.37;0;1.02
398;FAIXA_CREDITO__CREDITO_ALTO + FAIXA_IDADE__IDADE_50_A_59 + SITUACAO_FAMILIAR__CASADO_OU_UNIAO_CIVIL;FAIXA_RENDA__RENDA_BAIXA + CATEGORIA_FILHOS__SEM_FILHOS + FAIXA_TAXA_REJEICAO__SEM_REJEICAO_PREVIA;3;3;6;0.010000;0.23;1.37;0;1.08
399;FAIXA_IDADE__IDADE_21_A_29 + FAIXA_TAXA_REJEICAO__SEM_REJEICAO_PREVIA;CATEGORIA_FILHOS__UM_FILHO + FAIXA_CREDITOS_ATIVOS__UM_A_DOIS_CREDITOS_ATIVOS;2;2;4;0.010000;0.12;1.37;0;1.03
400;CATEGORIA_FILHOS__UM_FILHO + FAIXA_CREDITOS_ATIVOS__UM_A_DOIS_CREDITOS_ATIVOS;FAIXA_IDADE__IDADE_21_A_29 + FAIXA_TAXA_REJEICAO__SEM_REJEICAO_PREVIA;2;2;4;0.010000;0.12;1.37;0;1.03
401;CATEGORIA_FILHOS__SEM_FILHOS;FAIXA_CREDITO__CREDITO_ALTO + FAIXA_RENDA__RENDA_BAIXA + FAIXA_IDADE__IDADE_50_A_59 + SITUACAO_FAMILIAR__CASADO_OU_UNIAO_CIVIL + FAIXA_TAXA_REJEICAO__SEM_REJEICAO_PREVIA;1;5;6;0.010000;0.01;1.37;0;1
402;FAIXA_CREDITO__CREDITO_ALTO + FAIXA_RENDA__RENDA_BAIXA + FAIXA_IDADE__IDADE_50_A_59 + SITUACAO_FAMILIAR__CASADO_OU_UNIAO_CIVIL + FAIXA_TAXA_REJEICAO__SEM_REJEICAO_PREVIA;CATEGORIA_FILHOS__SEM_FILHOS;5;1;6;0.010000;0.95;1.37;0;5.32
403;FAIXA_IDADE__IDADE_50_A_59 + FAIXA_CREDITOS_ATIVOS__UM_A_DOIS_CREDITOS_ATIVOS;FAIXA_RENDA__RENDA_MEDIA + POSSE_CARRO__SEM_CARRO + FAIXA_TAXA_REJEICAO__SEM_REJEICAO_PREVIA;2;3;5;0.010000;0.11;1.37;0;1.03
404;FAIXA_RENDA__RENDA_MEDIA + POSSE_CARRO__SEM_CARRO + FAIXA_TAXA_REJEICAO__SEM_REJEICAO_PREVIA;FAIXA_IDADE__IDADE_50_A_59 + FAIXA_CREDITOS_ATIVOS__UM_A_DOIS_CREDITOS_ATIVOS;3;2;5;0.010000;0.12;1.37;0;1.04
405;FAIXA_RENDA__RENDA_BAIXA + POSSE_CARRO__SEM_CARRO + SITUACAO_FAMILIAR__CASADO_OU_UNIAO_CIVIL;FAIXA_IDADE__IDADE_60_OU_MAIS + FAIXA_CREDITOS_ATIVOS__UM_A_DOIS_CREDITOS_ATIVOS + FAIXA_TAXA_REJEICAO__SEM_REJEICAO_PREVIA;3;3;6;0.010000;0.06;1.37;0;1.02
406;FAIXA_IDADE__IDADE_60_OU_MAIS + FAIXA_CREDITOS_ATIVOS__UM_A_DOIS_CREDITOS_ATIVOS + FAIXA_TAXA_REJEICAO__SEM_REJEICAO_PREVIA;FAIXA_RENDA__RENDA_BAIXA + POSSE_CARRO__SEM_CARRO + SITUACAO_FAMILIAR__CASADO_OU_UNIAO_CIVIL;3;3;6;0.010000;0.24;1.37;0;1.08
407;FAIXA_IDADE__IDADE_60_OU_MAIS + SITUACAO_FAMILIAR__SEPARADO_VIUVO_OU_NAO_INFORMADO + FAIXA_CREDITOS_ATIVOS__UM_A_DOIS_CREDITOS_ATIVOS + FAIXA_TAXA_REJEICAO__SEM_REJEICAO_PREVIA;POSSE_CARRO__SEM_CARRO;4;1;5;0.010000;0.9;1.36;0;3.14
408;FAIXA_IDADE__IDADE_60_OU_MAIS + CATEGORIA_FILHOS__SEM_FILHOS + SITUACAO_FAMILIAR__SEPARADO_VIUVO_OU_NAO_INFORMADO + FAIXA_CREDITOS_ATIVOS__UM_A_DOIS_CREDITOS_ATIVOS + FAIXA_TAXA_REJEICAO__SEM_REJEICAO_PREVIA;POSSE_CARRO__SEM_CARRO;5;1;6;0.010000;0.9;1.36;0;3.14
409;POSSE_CARRO__SEM_CARRO;FAIXA_IDADE__IDADE_60_OU_MAIS + SITUACAO_FAMILIAR__SEPARADO_VIUVO_OU_NAO_INFORMADO + FAIXA_CREDITOS_ATIVOS__UM_A_DOIS_CREDITOS_ATIVOS + FAIXA_TAXA_REJEICAO__SEM_REJEICAO_PREVIA;1;4;5;0.010000;0.02;1.36;0;1
410;POSSE_CARRO__SEM_CARRO;FAIXA_IDADE__IDADE_60_OU_MAIS + CATEGORIA_FILHOS__SEM_FILHOS + SITUACAO_FAMILIAR__SEPARADO_VIUVO_OU_NAO_INFORMADO + FAIXA_CREDITOS_ATIVOS__UM_A_DOIS_CREDITOS_ATIVOS + FAIXA_TAXA_REJEICAO__SEM_REJEICAO_PREVIA;1;5;6;0.010000;0.02;1.36;0;1
411;FAIXA_RENDA__RENDA_BAIXA;FAIXA_CREDITO__CREDITO_MEDIO + FAIXA_IDADE__IDADE_21_A_29 + POSSE_CARRO__SEM_CARRO;1;3;4;0.010000;0.03;1.36;0;1.01
412;FAIXA_CREDITO__CREDITO_MEDIO + FAIXA_IDADE__IDADE_21_A_29 + POSSE_CARRO__SEM_CARRO;FAIXA_RENDA__RENDA_BAIXA;3;1;4;0.010000;0.45;1.36;0;1.2
413;FAIXA_IDADE__IDADE_50_A_59 + FAIXA_CREDITOS_ATIVOS__UM_A_DOIS_CREDITOS_ATIVOS;FAIXA_CREDITO__CREDITO_MEDIO + CATEGORIA_FILHOS__SEM_FILHOS + POSSE_CARRO__SEM_CARRO + FAIXA_TAXA_REJEICAO__SEM_REJEICAO_PREVIA;2;4;6;0.010000;0.11;1.36;0;1.03
414;FAIXA_CREDITO__CREDITO_MEDIO + CATEGORIA_FILHOS__SEM_FILHOS + POSSE_CARRO__SEM_CARRO + FAIXA_TAXA_REJEICAO__SEM_REJEICAO_PREVIA;FAIXA_IDADE__IDADE_50_A_59 + FAIXA_CREDITOS_ATIVOS__UM_A_DOIS_CREDITOS_ATIVOS;4;2;6;0.010000;0.12;1.36;0;1.04
415;FAIXA_CREDITO__CREDITO_ALTO + FAIXA_IDADE__IDADE_50_A_59 + FAIXA_CREDITOS_ATIVOS__SEM_CREDITOS_ATIVOS;CATEGORIA_FILHOS__SEM_FILHOS + SITUACAO_FAMILIAR__CASADO_OU_UNIAO_CIVIL;3;2;5;0.010000;0.64;1.36;0;1.45
416;CATEGORIA_FILHOS__SEM_FILHOS + SITUACAO_FAMILIAR__CASADO_OU_UNIAO_CIVIL;FAIXA_CREDITO__CREDITO_ALTO + FAIXA_IDADE__IDADE_50_A_59 + FAIXA_CREDITOS_ATIVOS__SEM_CREDITOS_ATIVOS;2;3;5;0.010000;0.02;1.36;0;1.01
417;FAIXA_RENDA__RENDA_BAIXA + CATEGORIA_FILHOS__SEM_FILHOS;FAIXA_CREDITO__CREDITO_ALTO + FAIXA_IDADE__IDADE_50_A_59 + SITUACAO_FAMILIAR__CASADO_OU_UNIAO_CIVIL + FAIXA_TAXA_REJEICAO__SEM_REJEICAO_PREVIA;2;4;6;0.010000;0.04;1.36;0;1.01
418;FAIXA_CREDITO__CREDITO_ALTO + FAIXA_IDADE__IDADE_50_A_59 + SITUACAO_FAMILIAR__CASADO_OU_UNIAO_CIVIL + FAIXA_TAXA_REJEICAO__SEM_REJEICAO_PREVIA;FAIXA_RENDA__RENDA_BAIXA + CATEGORIA_FILHOS__SEM_FILHOS;4;2;6;0.010000;0.32;1.36;0;1.12
419;FAIXA_CREDITO__CREDITO_MUITO_ALTO + FAIXA_RENDA__RENDA_MUITO_ALTA + FAIXA_IDADE__IDADE_50_A_59;FAIXA_CREDITOS_ATIVOS__TRES_OU_MAIS_CREDITOS_ATIVOS;3;1;4;0.010000;0.37;1.36;0;1.15
420;FAIXA_CREDITOS_ATIVOS__TRES_OU_MAIS_CREDITOS_ATIVOS;FAIXA_CREDITO__CREDITO_MUITO_ALTO + FAIXA_RENDA__RENDA_MUITO_ALTA + FAIXA_IDADE__IDADE_50_A_59;1;3;4;0.010000;0.04;1.36;0;1.01
421;CATEGORIA_FILHOS__SEM_FILHOS;FAIXA_CREDITO__CREDITO_MEDIO + FAIXA_IDADE__IDADE_50_A_59 + POSSE_CARRO__SEM_CARRO + FAIXA_CREDITOS_ATIVOS__TRES_OU_MAIS_CREDITOS_ATIVOS;1;4;5;0.010000;0.01;1.36;0;1
422;FAIXA_CREDITO__CREDITO_MEDIO + FAIXA_IDADE__IDADE_50_A_59 + POSSE_CARRO__SEM_CARRO + FAIXA_CREDITOS_ATIVOS__TRES_OU_MAIS_CREDITOS_ATIVOS;CATEGORIA_FILHOS__SEM_FILHOS;4;1;5;0.010000;0.94;1.36;0;4.6
423;FAIXA_IDADE__IDADE_21_A_29;CATEGORIA_FILHOS__UM_FILHO + FAIXA_CREDITOS_ATIVOS__UM_A_DOIS_CREDITOS_ATIVOS + FAIXA_TAXA_REJEICAO__SEM_REJEICAO_PREVIA;1;3;4;0.010000;0.08;1.35;0;1.02
424;CATEGORIA_FILHOS__UM_FILHO + FAIXA_CREDITOS_ATIVOS__UM_A_DOIS_CREDITOS_ATIVOS + FAIXA_TAXA_REJEICAO__SEM_REJEICAO_PREVIA;FAIXA_IDADE__IDADE_21_A_29;3;1;4;0.010000;0.16;1.35;0;1.05
425;FAIXA_CREDITO__CREDITO_BAIXO + FAIXA_RENDA__RENDA_BAIXA + CATEGORIA_FILHOS__SEM_FILHOS;FAIXA_IDADE__IDADE_21_A_29 + POSSE_CARRO__SEM_CARRO;3;2;5;0.010000;0.1;1.35;0;1.03
426;FAIXA_IDADE__IDADE_21_A_29 + POSSE_CARRO__SEM_CARRO;FAIXA_CREDITO__CREDITO_BAIXO + FAIXA_RENDA__RENDA_BAIXA + CATEGORIA_FILHOS__SEM_FILHOS;2;3;5;0.010000;0.13;1.35;0;1.04
427;FAIXA_RENDA__RENDA_BAIXA + FAIXA_IDADE__IDADE_60_OU_MAIS + CATEGORIA_FILHOS__SEM_FILHOS + SITUACAO_FAMILIAR__CASADO_OU_UNIAO_CIVIL + FAIXA_CREDITOS_ATIVOS__UM_A_DOIS_CREDITOS_ATIVOS;POSSE_CARRO__SEM_CARRO + FAIXA_TAXA_REJEICAO__SEM_REJEICAO_PREVIA;5;2;7;0.010000;0.61;1.35;0;1.38
428;POSSE_CARRO__SEM_CARRO + FAIXA_TAXA_REJEICAO__SEM_REJEICAO_PREVIA;FAIXA_RENDA__RENDA_BAIXA + FAIXA_IDADE__IDADE_60_OU_MAIS + CATEGORIA_FILHOS__SEM_FILHOS + SITUACAO_FAMILIAR__CASADO_OU_UNIAO_CIVIL + FAIXA_CREDITOS_ATIVOS__UM_A_DOIS_CREDITOS_ATIVOS;2;5;7;0.010000;0.02;1.35;0;1.01
429;FAIXA_RENDA__RENDA_BAIXA + FAIXA_IDADE__IDADE_21_A_29 + SITUACAO_FAMILIAR__CASADO_OU_UNIAO_CIVIL;POSSE_CARRO__SEM_CARRO + FAIXA_CREDITOS_ATIVOS__UM_A_DOIS_CREDITOS_ATIVOS;3;2;5;0.010000;0.38;1.35;0;1.15
430;POSSE_CARRO__SEM_CARRO + FAIXA_CREDITOS_ATIVOS__UM_A_DOIS_CREDITOS_ATIVOS;FAIXA_RENDA__RENDA_BAIXA + FAIXA_IDADE__IDADE_21_A_29 + SITUACAO_FAMILIAR__CASADO_OU_UNIAO_CIVIL;2;3;5;0.010000;0.04;1.35;0;1.01
431;FAIXA_IDADE__IDADE_60_OU_MAIS + CATEGORIA_FILHOS__SEM_FILHOS + FAIXA_CREDITOS_ATIVOS__UM_A_DOIS_CREDITOS_ATIVOS;FAIXA_RENDA__RENDA_BAIXA + POSSE_CARRO__SEM_CARRO + SITUACAO_FAMILIAR__CASADO_OU_UNIAO_CIVIL + FAIXA_TAXA_REJEICAO__SEM_REJEICAO_PREVIA;3;4;7;0.010000;0.17;1.35;0;1.05
432;FAIXA_RENDA__RENDA_BAIXA + POSSE_CARRO__SEM_CARRO + SITUACAO_FAMILIAR__CASADO_OU_UNIAO_CIVIL + FAIXA_TAXA_REJEICAO__SEM_REJEICAO_PREVIA;FAIXA_IDADE__IDADE_60_OU_MAIS + CATEGORIA_FILHOS__SEM_FILHOS + FAIXA_CREDITOS_ATIVOS__UM_A_DOIS_CREDITOS_ATIVOS;4;3;7;0.010000;0.08;1.35;0;1.02
433;FAIXA_CREDITO__CREDITO_MEDIO + CATEGORIA_FILHOS__DOIS_OU_MAIS_FILHOS;SITUACAO_FAMILIAR__CASADO_OU_UNIAO_CIVIL + FAIXA_CREDITOS_ATIVOS__UM_A_DOIS_CREDITOS_ATIVOS;2;2;4;0.010000;0.43;1.34;0;1.18
434;SITUACAO_FAMILIAR__CASADO_OU_UNIAO_CIVIL + FAIXA_CREDITOS_ATIVOS__UM_A_DOIS_CREDITOS_ATIVOS;FAIXA_CREDITO__CREDITO_MEDIO + CATEGORIA_FILHOS__DOIS_OU_MAIS_FILHOS;2;2;4;0.010000;0.03;1.34;0;1.01
435;CATEGORIA_FILHOS__SEM_FILHOS;FAIXA_CREDITO__CREDITO_MEDIO + FAIXA_IDADE__IDADE_50_A_59 + POSSE_CARRO__SEM_CARRO + FAIXA_CREDITOS_ATIVOS__UM_A_DOIS_CREDITOS_ATIVOS + FAIXA_TAXA_REJEICAO__SEM_REJEICAO_PREVIA;1;5;6;0.010000;0.01;1.34;0;1
436;FAIXA_CREDITO__CREDITO_MEDIO + FAIXA_IDADE__IDADE_50_A_59 + POSSE_CARRO__SEM_CARRO + FAIXA_CREDITOS_ATIVOS__UM_A_DOIS_CREDITOS_ATIVOS + FAIXA_TAXA_REJEICAO__SEM_REJEICAO_PREVIA;CATEGORIA_FILHOS__SEM_FILHOS;5;1;6;0.010000;0.93;1.34;0;4.06
437;FAIXA_CREDITO__CREDITO_ALTO + FAIXA_RENDA__RENDA_ALTA + CATEGORIA_FILHOS__SEM_FILHOS + POSSE_CARRO__SEM_CARRO;FAIXA_IDADE__IDADE_50_A_59;4;1;5;0.010000;0.29;1.34;0;1.1
438;FAIXA_CREDITO__CREDITO_ALTO + CATEGORIA_FILHOS__SEM_FILHOS + SITUACAO_FAMILIAR__CASADO_OU_UNIAO_CIVIL + FAIXA_CREDITOS_ATIVOS__SEM_CREDITOS_ATIVOS;FAIXA_IDADE__IDADE_50_A_59;4;1;5;0.010000;0.29;1.34;0;1.1
439;FAIXA_IDADE__IDADE_50_A_59;FAIXA_CREDITO__CREDITO_ALTO + FAIXA_RENDA__RENDA_ALTA + CATEGORIA_FILHOS__SEM_FILHOS + POSSE_CARRO__SEM_CARRO;1;4;5;0.010000;0.05;1.34;0;1.01
440;FAIXA_IDADE__IDADE_50_A_59;FAIXA_CREDITO__CREDITO_ALTO + CATEGORIA_FILHOS__SEM_FILHOS + SITUACAO_FAMILIAR__CASADO_OU_UNIAO_CIVIL + FAIXA_CREDITOS_ATIVOS__SEM_CREDITOS_ATIVOS;1;4;5;0.010000;0.05;1.34;0;1.01
441;FAIXA_TAXA_REJEICAO__REJEICAO_PREVIA_ACIMA_25_PCT;FAIXA_CREDITO__CREDITO_MUITO_ALTO + POSSE_CARRO__SEM_CARRO + FAIXA_CREDITOS_ATIVOS__TRES_OU_MAIS_CREDITOS_ATIVOS;1;3;4;0.010000;0.06;1.34;0;1.02
442;FAIXA_CREDITO__CREDITO_MUITO_ALTO + POSSE_CARRO__SEM_CARRO + FAIXA_CREDITOS_ATIVOS__TRES_OU_MAIS_CREDITOS_ATIVOS;FAIXA_TAXA_REJEICAO__REJEICAO_PREVIA_ACIMA_25_PCT;3;1;4;0.010000;0.23;1.34;0;1.07
443;FAIXA_IDADE__IDADE_40_A_49 + FAIXA_TAXA_REJEICAO__REJEICAO_PREVIA_ATE_25_PCT;FAIXA_RENDA__RENDA_MUITO_ALTA + SITUACAO_FAMILIAR__CASADO_OU_UNIAO_CIVIL;2;2;4;0.010000;0.24;1.33;0;1.07
444;FAIXA_RENDA__RENDA_MUITO_ALTA + SITUACAO_FAMILIAR__CASADO_OU_UNIAO_CIVIL;FAIXA_IDADE__IDADE_40_A_49 + FAIXA_TAXA_REJEICAO__REJEICAO_PREVIA_ATE_25_PCT;2;2;4;0.010000;0.06;1.33;0;1.01
445;POSSE_CARRO__SEM_CARRO + FAIXA_CREDITOS_ATIVOS__UM_A_DOIS_CREDITOS_ATIVOS;FAIXA_IDADE__IDADE_60_OU_MAIS + SITUACAO_FAMILIAR__SEPARADO_VIUVO_OU_NAO_INFORMADO + FAIXA_TAXA_REJEICAO__SEM_REJEICAO_PREVIA;2;3;5;0.010000;0.04;1.33;0;1.01
446;FAIXA_IDADE__IDADE_60_OU_MAIS + SITUACAO_FAMILIAR__SEPARADO_VIUVO_OU_NAO_INFORMADO + FAIXA_TAXA_REJEICAO__SEM_REJEICAO_PREVIA;POSSE_CARRO__SEM_CARRO + FAIXA_CREDITOS_ATIVOS__UM_A_DOIS_CREDITOS_ATIVOS;3;2;5;0.010000;0.38;1.33;0;1.15
447;POSSE_CARRO__SEM_CARRO + FAIXA_CREDITOS_ATIVOS__UM_A_DOIS_CREDITOS_ATIVOS;FAIXA_IDADE__IDADE_60_OU_MAIS + CATEGORIA_FILHOS__SEM_FILHOS + SITUACAO_FAMILIAR__SEPARADO_VIUVO_OU_NAO_INFORMADO + FAIXA_TAXA_REJEICAO__SEM_REJEICAO_PREVIA;2;4;6;0.010000;0.04;1.33;0;1.01
448;FAIXA_IDADE__IDADE_60_OU_MAIS + CATEGORIA_FILHOS__SEM_FILHOS + SITUACAO_FAMILIAR__SEPARADO_VIUVO_OU_NAO_INFORMADO + FAIXA_TAXA_REJEICAO__SEM_REJEICAO_PREVIA;POSSE_CARRO__SEM_CARRO + FAIXA_CREDITOS_ATIVOS__UM_A_DOIS_CREDITOS_ATIVOS;4;2;6;0.010000;0.38;1.33;0;1.15
449;FAIXA_CREDITO__CREDITO_ALTO + FAIXA_RENDA__RENDA_ALTA + FAIXA_IDADE__IDADE_50_A_59;CATEGORIA_FILHOS__SEM_FILHOS + POSSE_CARRO__SEM_CARRO;3;2;5;0.010000;0.64;1.33;0;1.42
450;CATEGORIA_FILHOS__SEM_FILHOS + POSSE_CARRO__SEM_CARRO;FAIXA_CREDITO__CREDITO_ALTO + FAIXA_RENDA__RENDA_ALTA + FAIXA_IDADE__IDADE_50_A_59;2;3;5;0.010000;0.02;1.33;0;1.01
451;FAIXA_IDADE__IDADE_50_A_59 + POSSE_CARRO__SEM_CARRO + FAIXA_CREDITOS_ATIVOS__UM_A_DOIS_CREDITOS_ATIVOS;FAIXA_RENDA__RENDA_MEDIA + FAIXA_TAXA_REJEICAO__SEM_REJEICAO_PREVIA;3;2;5;0.010000;0.16;1.33;0;1.05
452;FAIXA_RENDA__RENDA_MEDIA + FAIXA_TAXA_REJEICAO__SEM_REJEICAO_PREVIA;FAIXA_IDADE__IDADE_50_A_59 + POSSE_CARRO__SEM_CARRO + FAIXA_CREDITOS_ATIVOS__UM_A_DOIS_CREDITOS_ATIVOS;2;3;5;0.010000;0.08;1.33;0;1.02
453;CATEGORIA_FILHOS__SEM_FILHOS;FAIXA_IDADE__IDADE_50_A_59 + POSSE_CARRO__SEM_CARRO + FAIXA_CREDITOS_ATIVOS__TRES_OU_MAIS_CREDITOS_ATIVOS + FAIXA_TAXA_REJEICAO__REJEICAO_PREVIA_ACIMA_25_PCT;1;4;5;0.010000;0.01;1.33;0;1
454;FAIXA_IDADE__IDADE_50_A_59 + POSSE_CARRO__SEM_CARRO + FAIXA_CREDITOS_ATIVOS__TRES_OU_MAIS_CREDITOS_ATIVOS + FAIXA_TAXA_REJEICAO__REJEICAO_PREVIA_ACIMA_25_PCT;CATEGORIA_FILHOS__SEM_FILHOS;4;1;5;0.010000;0.93;1.33;0;3.65
455;FAIXA_RENDA__RENDA_BAIXA + FAIXA_CREDITOS_ATIVOS__UM_A_DOIS_CREDITOS_ATIVOS;FAIXA_IDADE__IDADE_21_A_29 + POSSE_CARRO__SEM_CARRO + FAIXA_TAXA_REJEICAO__SEM_REJEICAO_PREVIA;2;3;5;0.010000;0.07;1.33;0;1.02
456;FAIXA_IDADE__IDADE_21_A_29 + POSSE_CARRO__SEM_CARRO + FAIXA_TAXA_REJEICAO__SEM_REJEICAO_PREVIA;FAIXA_RENDA__RENDA_BAIXA + FAIXA_CREDITOS_ATIVOS__UM_A_DOIS_CREDITOS_ATIVOS;3;2;5;0.010000;0.19;1.33;0;1.06
457;FAIXA_IDADE__IDADE_60_OU_MAIS + FAIXA_CREDITOS_ATIVOS__UM_A_DOIS_CREDITOS_ATIVOS;FAIXA_RENDA__RENDA_BAIXA + POSSE_CARRO__SEM_CARRO + SITUACAO_FAMILIAR__CASADO_OU_UNIAO_CIVIL + FAIXA_TAXA_REJEICAO__SEM_REJEICAO_PREVIA;2;4;6;0.010000;0.17;1.33;0;1.05
458;FAIXA_RENDA__RENDA_BAIXA + POSSE_CARRO__SEM_CARRO + SITUACAO_FAMILIAR__CASADO_OU_UNIAO_CIVIL + FAIXA_TAXA_REJEICAO__SEM_REJEICAO_PREVIA;FAIXA_IDADE__IDADE_60_OU_MAIS + FAIXA_CREDITOS_ATIVOS__UM_A_DOIS_CREDITOS_ATIVOS;4;2;6;0.010000;0.08;1.33;0;1.02
459;FAIXA_CREDITO__CREDITO_MEDIO + FAIXA_RENDA__RENDA_BAIXA + FAIXA_IDADE__IDADE_60_OU_MAIS;POSSE_CARRO__SEM_CARRO + FAIXA_TAXA_REJEICAO__SEM_REJEICAO_PREVIA;3;2;5;0.010000;0.6;1.33;0;1.34
460;POSSE_CARRO__SEM_CARRO + FAIXA_TAXA_REJEICAO__SEM_REJEICAO_PREVIA;FAIXA_CREDITO__CREDITO_MEDIO + FAIXA_RENDA__RENDA_BAIXA + FAIXA_IDADE__IDADE_60_OU_MAIS;2;3;5;0.010000;0.02;1.33;0;1.01
461;FAIXA_RENDA__RENDA_BAIXA + FAIXA_IDADE__IDADE_60_OU_MAIS + CATEGORIA_FILHOS__SEM_FILHOS + SITUACAO_FAMILIAR__CASADO_OU_UNIAO_CIVIL;POSSE_CARRO__SEM_CARRO + FAIXA_CREDITOS_ATIVOS__UM_A_DOIS_CREDITOS_ATIVOS + FAIXA_TAXA_REJEICAO__SEM_REJEICAO_PREVIA;4;3;7;0.010000;0.26;1.32;0;1.08
462;POSSE_CARRO__SEM_CARRO + FAIXA_CREDITOS_ATIVOS__UM_A_DOIS_CREDITOS_ATIVOS + FAIXA_TAXA_REJEICAO__SEM_REJEICAO_PREVIA;FAIXA_RENDA__RENDA_BAIXA + FAIXA_IDADE__IDADE_60_OU_MAIS + CATEGORIA_FILHOS__SEM_FILHOS + SITUACAO_FAMILIAR__CASADO_OU_UNIAO_CIVIL;3;4;7;0.010000;0.05;1.32;0;1.01
463;FAIXA_IDADE__IDADE_50_A_59 + CATEGORIA_FILHOS__SEM_FILHOS + SITUACAO_FAMILIAR__CASADO_OU_UNIAO_CIVIL;FAIXA_CREDITO__CREDITO_ALTO + FAIXA_RENDA__RENDA_BAIXA + FAIXA_TAXA_REJEICAO__SEM_REJEICAO_PREVIA;3;3;6;0.010000;0.07;1.32;0;1.02
464;FAIXA_CREDITO__CREDITO_ALTO + FAIXA_RENDA__RENDA_BAIXA + FAIXA_TAXA_REJEICAO__SEM_REJEICAO_PREVIA;FAIXA_IDADE__IDADE_50_A_59 + CATEGORIA_FILHOS__SEM_FILHOS + SITUACAO_FAMILIAR__CASADO_OU_UNIAO_CIVIL;3;3;6;0.010000;0.19;1.32;0;1.06
465;FAIXA_RENDA__RENDA_BAIXA + FAIXA_IDADE__IDADE_50_A_59 + CATEGORIA_FILHOS__SEM_FILHOS;FAIXA_CREDITO__CREDITO_BAIXO + FAIXA_CREDITOS_ATIVOS__UM_A_DOIS_CREDITOS_ATIVOS;3;2;5;0.010000;0.15;1.32;0;1.04
466;FAIXA_CREDITO__CREDITO_BAIXO + FAIXA_CREDITOS_ATIVOS__UM_A_DOIS_CREDITOS_ATIVOS;FAIXA_RENDA__RENDA_BAIXA + FAIXA_IDADE__IDADE_50_A_59 + CATEGORIA_FILHOS__SEM_FILHOS;2;3;5;0.010000;0.09;1.32;0;1.02
467;FAIXA_IDADE__IDADE_60_OU_MAIS + POSSE_CARRO__SEM_CARRO + SITUACAO_FAMILIAR__SEPARADO_VIUVO_OU_NAO_INFORMADO;CATEGORIA_FILHOS__SEM_FILHOS + FAIXA_CREDITOS_ATIVOS__UM_A_DOIS_CREDITOS_ATIVOS + FAIXA_TAXA_REJEICAO__SEM_REJEICAO_PREVIA;3;3;6;0.010000;0.27;1.32;0;1.09
468;CATEGORIA_FILHOS__SEM_FILHOS + FAIXA_CREDITOS_ATIVOS__UM_A_DOIS_CREDITOS_ATIVOS + FAIXA_TAXA_REJEICAO__SEM_REJEICAO_PREVIA;FAIXA_IDADE__IDADE_60_OU_MAIS + POSSE_CARRO__SEM_CARRO + SITUACAO_FAMILIAR__SEPARADO_VIUVO_OU_NAO_INFORMADO;3;3;6;0.010000;0.05;1.32;0;1.01
469;CATEGORIA_FILHOS__SEM_FILHOS;FAIXA_CREDITO__CREDITO_MEDIO + SITUACAO_FAMILIAR__SOLTEIRO + FAIXA_CREDITOS_ATIVOS__SEM_CREDITOS_ATIVOS + FAIXA_TAXA_REJEICAO__SEM_REJEICAO_PREVIA;1;4;5;0.010000;0.01;1.32;0;1
470;FAIXA_CREDITO__CREDITO_MEDIO + SITUACAO_FAMILIAR__SOLTEIRO + FAIXA_CREDITOS_ATIVOS__SEM_CREDITOS_ATIVOS + FAIXA_TAXA_REJEICAO__SEM_REJEICAO_PREVIA;CATEGORIA_FILHOS__SEM_FILHOS;4;1;5;0.010000;0.92;1.32;0;3.31
471;FAIXA_RENDA__RENDA_BAIXA + FAIXA_IDADE__IDADE_60_OU_MAIS + SITUACAO_FAMILIAR__CASADO_OU_UNIAO_CIVIL + FAIXA_CREDITOS_ATIVOS__UM_A_DOIS_CREDITOS_ATIVOS;POSSE_CARRO__SEM_CARRO + FAIXA_TAXA_REJEICAO__SEM_REJEICAO_PREVIA;4;2;6;0.010000;0.59;1.32;0;1.33
472;POSSE_CARRO__SEM_CARRO + FAIXA_TAXA_REJEICAO__SEM_REJEICAO_PREVIA;FAIXA_RENDA__RENDA_BAIXA + FAIXA_IDADE__IDADE_60_OU_MAIS + SITUACAO_FAMILIAR__CASADO_OU_UNIAO_CIVIL + FAIXA_CREDITOS_ATIVOS__UM_A_DOIS_CREDITOS_ATIVOS;2;4;6;0.010000;0.02;1.32;0;1.01
473;FAIXA_RENDA__RENDA_MUITO_ALTA + SITUACAO_FAMILIAR__CASADO_OU_UNIAO_CIVIL + FAIXA_TAXA_REJEICAO__REJEICAO_PREVIA_ATE_25_PCT;FAIXA_IDADE__IDADE_40_A_49;3;1;4;0.010000;0.33;1.32;0;1.11
474;FAIXA_IDADE__IDADE_40_A_49;FAIXA_RENDA__RENDA_MUITO_ALTA + SITUACAO_FAMILIAR__CASADO_OU_UNIAO_CIVIL + FAIXA_TAXA_REJEICAO__REJEICAO_PREVIA_ATE_25_PCT;1;3;4;0.010000;0.04;1.32;0;1.01
475;FAIXA_RENDA__RENDA_ALTA + CATEGORIA_FILHOS__SEM_FILHOS;FAIXA_CREDITO__CREDITO_ALTO + FAIXA_IDADE__IDADE_50_A_59 + POSSE_CARRO__SEM_CARRO;2;3;5;0.010000;0.06;1.31;0;1.01
476;FAIXA_CREDITO__CREDITO_ALTO + FAIXA_IDADE__IDADE_50_A_59 + POSSE_CARRO__SEM_CARRO;FAIXA_RENDA__RENDA_ALTA + CATEGORIA_FILHOS__SEM_FILHOS;3;2;5;0.010000;0.23;1.31;0;1.07
477;FAIXA_CREDITO__CREDITO_BAIXO + FAIXA_RENDA__RENDA_BAIXA + FAIXA_IDADE__IDADE_40_A_49;POSSE_CARRO__SEM_CARRO + SITUACAO_FAMILIAR__CASADO_OU_UNIAO_CIVIL + FAIXA_TAXA_REJEICAO__SEM_REJEICAO_PREVIA;3;3;6;0.010000;0.4;1.31;0;1.15
478;POSSE_CARRO__SEM_CARRO + SITUACAO_FAMILIAR__CASADO_OU_UNIAO_CIVIL + FAIXA_TAXA_REJEICAO__SEM_REJEICAO_PREVIA;FAIXA_CREDITO__CREDITO_BAIXO + FAIXA_RENDA__RENDA_BAIXA + FAIXA_IDADE__IDADE_40_A_49;3;3;6;0.010000;0.03;1.31;0;1.01
479;FAIXA_RENDA__RENDA_MEDIA + POSSE_CARRO__COM_CARRO;FAIXA_IDADE__IDADE_30_A_39 + SITUACAO_FAMILIAR__CASADO_OU_UNIAO_CIVIL + FAIXA_TAXA_REJEICAO__SEM_REJEICAO_PREVIA;2;3;5;0.010000;0.18;1.31;0;1.05
480;FAIXA_IDADE__IDADE_30_A_39 + SITUACAO_FAMILIAR__CASADO_OU_UNIAO_CIVIL + FAIXA_TAXA_REJEICAO__SEM_REJEICAO_PREVIA;FAIXA_RENDA__RENDA_MEDIA + POSSE_CARRO__COM_CARRO;3;2;5;0.010000;0.07;1.31;0;1.02
481;CATEGORIA_FILHOS__SEM_FILHOS + FAIXA_CREDITOS_ATIVOS__UM_A_DOIS_CREDITOS_ATIVOS;FAIXA_CREDITO__CREDITO_MEDIO + FAIXA_IDADE__IDADE_50_A_59 + POSSE_CARRO__SEM_CARRO + FAIXA_TAXA_REJEICAO__SEM_REJEICAO_PREVIA;2;4;6;0.010000;0.03;1.31;0;1.01
482;FAIXA_CREDITO__CREDITO_MEDIO + FAIXA_IDADE__IDADE_50_A_59 + POSSE_CARRO__SEM_CARRO + FAIXA_TAXA_REJEICAO__SEM_REJEICAO_PREVIA;CATEGORIA_FILHOS__SEM_FILHOS + FAIXA_CREDITOS_ATIVOS__UM_A_DOIS_CREDITOS_ATIVOS;4;2;6;0.010000;0.39;1.31;0;1.14
483;FAIXA_RENDA__RENDA_BAIXA + FAIXA_IDADE__IDADE_60_OU_MAIS + SITUACAO_FAMILIAR__CASADO_OU_UNIAO_CIVIL;POSSE_CARRO__SEM_CARRO + FAIXA_CREDITOS_ATIVOS__UM_A_DOIS_CREDITOS_ATIVOS + FAIXA_TAXA_REJEICAO__SEM_REJEICAO_PREVIA;3;3;6;0.010000;0.26;1.31;0;1.08
484;POSSE_CARRO__SEM_CARRO + FAIXA_CREDITOS_ATIVOS__UM_A_DOIS_CREDITOS_ATIVOS + FAIXA_TAXA_REJEICAO__SEM_REJEICAO_PREVIA;FAIXA_RENDA__RENDA_BAIXA + FAIXA_IDADE__IDADE_60_OU_MAIS + SITUACAO_FAMILIAR__CASADO_OU_UNIAO_CIVIL;3;3;6;0.010000;0.05;1.31;0;1.01
485;CATEGORIA_FILHOS__SEM_FILHOS;FAIXA_CREDITO__CREDITO_ALTO + FAIXA_RENDA__RENDA_ALTA + FAIXA_IDADE__IDADE_50_A_59 + POSSE_CARRO__SEM_CARRO;1;4;5;0.010000;0.01;1.31;0;1
486;CATEGORIA_FILHOS__SEM_FILHOS;FAIXA_CREDITO__CREDITO_BAIXO + FAIXA_RENDA__RENDA_BAIXA + FAIXA_IDADE__IDADE_50_A_59 + FAIXA_CREDITOS_ATIVOS__UM_A_DOIS_CREDITOS_ATIVOS;1;4;5;0.010000;0.01;1.31;0;1
487;FAIXA_CREDITO__CREDITO_ALTO + FAIXA_RENDA__RENDA_ALTA + FAIXA_IDADE__IDADE_50_A_59 + POSSE_CARRO__SEM_CARRO;CATEGORIA_FILHOS__SEM_FILHOS;4;1;5;0.010000;0.91;1.31;0;3.04
488;FAIXA_CREDITO__CREDITO_BAIXO + FAIXA_RENDA__RENDA_BAIXA + FAIXA_IDADE__IDADE_50_A_59 + FAIXA_CREDITOS_ATIVOS__UM_A_DOIS_CREDITOS_ATIVOS;CATEGORIA_FILHOS__SEM_FILHOS;4;1;5;0.010000;0.91;1.31;0;3.04
489;FAIXA_RENDA__RENDA_BAIXA + FAIXA_IDADE__IDADE_60_OU_MAIS + POSSE_CARRO__SEM_CARRO + FAIXA_CREDITOS_ATIVOS__UM_A_DOIS_CREDITOS_ATIVOS;CATEGORIA_FILHOS__SEM_FILHOS + SITUACAO_FAMILIAR__CASADO_OU_UNIAO_CIVIL + FAIXA_TAXA_REJEICAO__SEM_REJEICAO_PREVIA;4;3;7;0.010000;0.41;1.31;0;1.16
490;CATEGORIA_FILHOS__SEM_FILHOS + SITUACAO_FAMILIAR__CASADO_OU_UNIAO_CIVIL + FAIXA_TAXA_REJEICAO__SEM_REJEICAO_PREVIA;FAIXA_RENDA__RENDA_BAIXA + FAIXA_IDADE__IDADE_60_OU_MAIS + POSSE_CARRO__SEM_CARRO + FAIXA_CREDITOS_ATIVOS__UM_A_DOIS_CREDITOS_ATIVOS;3;4;7;0.010000;0.03;1.31;0;1.01
491;FAIXA_RENDA__RENDA_MEDIA + POSSE_CARRO__SEM_CARRO;FAIXA_IDADE__IDADE_50_A_59 + FAIXA_CREDITOS_ATIVOS__UM_A_DOIS_CREDITOS_ATIVOS + FAIXA_TAXA_REJEICAO__SEM_REJEICAO_PREVIA;2;3;5;0.010000;0.08;1.3;0;1.02
492;FAIXA_IDADE__IDADE_50_A_59 + FAIXA_CREDITOS_ATIVOS__UM_A_DOIS_CREDITOS_ATIVOS + FAIXA_TAXA_REJEICAO__SEM_REJEICAO_PREVIA;FAIXA_RENDA__RENDA_MEDIA + POSSE_CARRO__SEM_CARRO;3;2;5;0.010000;0.15;1.3;0;1.04
493;FAIXA_IDADE__IDADE_50_A_59 + CATEGORIA_FILHOS__SEM_FILHOS;FAIXA_CREDITO__CREDITO_ALTO + FAIXA_RENDA__RENDA_BAIXA + SITUACAO_FAMILIAR__CASADO_OU_UNIAO_CIVIL + FAIXA_TAXA_REJEICAO__SEM_REJEICAO_PREVIA;2;4;6;0.010000;0.05;1.3;0;1.01
494;FAIXA_CREDITO__CREDITO_ALTO + FAIXA_RENDA__RENDA_BAIXA + SITUACAO_FAMILIAR__CASADO_OU_UNIAO_CIVIL + FAIXA_TAXA_REJEICAO__SEM_REJEICAO_PREVIA;FAIXA_IDADE__IDADE_50_A_59 + CATEGORIA_FILHOS__SEM_FILHOS;4;2;6;0.010000;0.26;1.3;0;1.08
495;FAIXA_IDADE__IDADE_60_OU_MAIS + CATEGORIA_FILHOS__SEM_FILHOS;FAIXA_RENDA__RENDA_BAIXA + POSSE_CARRO__SEM_CARRO + SITUACAO_FAMILIAR__CASADO_OU_UNIAO_CIVIL + FAIXA_CREDITOS_ATIVOS__UM_A_DOIS_CREDITOS_ATIVOS + FAIXA_TAXA_REJEICAO__SEM_REJEICAO_PREVIA;2;5;7;0.010000;0.07;1.3;0;1.02
496;FAIXA_RENDA__RENDA_BAIXA + POSSE_CARRO__SEM_CARRO + SITUACAO_FAMILIAR__CASADO_OU_UNIAO_CIVIL + FAIXA_CREDITOS_ATIVOS__UM_A_DOIS_CREDITOS_ATIVOS + FAIXA_TAXA_REJEICAO__SEM_REJEICAO_PREVIA;FAIXA_IDADE__IDADE_60_OU_MAIS + CATEGORIA_FILHOS__SEM_FILHOS;5;2;7;0.010000;0.18;1.3;0;1.05
497;FAIXA_IDADE__IDADE_21_A_29 + POSSE_CARRO__SEM_CARRO;FAIXA_RENDA__RENDA_BAIXA + FAIXA_CREDITOS_ATIVOS__UM_A_DOIS_CREDITOS_ATIVOS + FAIXA_TAXA_REJEICAO__SEM_REJEICAO_PREVIA;2;3;5;0.010000;0.13;1.3;0;1.03
498;FAIXA_RENDA__RENDA_BAIXA + FAIXA_CREDITOS_ATIVOS__UM_A_DOIS_CREDITOS_ATIVOS + FAIXA_TAXA_REJEICAO__SEM_REJEICAO_PREVIA;FAIXA_IDADE__IDADE_21_A_29 + POSSE_CARRO__SEM_CARRO;3;2;5;0.010000;0.1;1.3;0;1.02
499;FAIXA_CREDITO__CREDITO_BAIXO + POSSE_CARRO__SEM_CARRO;FAIXA_RENDA__RENDA_BAIXA + FAIXA_IDADE__IDADE_40_A_49 + SITUACAO_FAMILIAR__CASADO_OU_UNIAO_CIVIL + FAIXA_TAXA_REJEICAO__SEM_REJEICAO_PREVIA;2;4;6;0.010000;0.05;1.3;0;1.01
500;FAIXA_RENDA__RENDA_BAIXA + FAIXA_IDADE__IDADE_40_A_49 + SITUACAO_FAMILIAR__CASADO_OU_UNIAO_CIVIL + FAIXA_TAXA_REJEICAO__SEM_REJEICAO_PREVIA;FAIXA_CREDITO__CREDITO_BAIXO + POSSE_CARRO__SEM_CARRO;4;2;6;0.010000;0.24;1.3;0;1.07
501;FAIXA_CREDITO__CREDITO_ALTO + FAIXA_RENDA__RENDA_ALTA + CATEGORIA_FILHOS__SEM_FILHOS;FAIXA_IDADE__IDADE_50_A_59 + POSSE_CARRO__SEM_CARRO;3;2;5;0.010000;0.2;1.29;0;1.05
502;FAIXA_IDADE__IDADE_50_A_59 + POSSE_CARRO__SEM_CARRO;FAIXA_CREDITO__CREDITO_ALTO + FAIXA_RENDA__RENDA_ALTA + CATEGORIA_FILHOS__SEM_FILHOS;2;3;5;0.010000;0.07;1.29;0;1.02
503;FAIXA_CREDITO__CREDITO_MEDIO + CATEGORIA_FILHOS__SEM_FILHOS;FAIXA_IDADE__IDADE_50_A_59 + POSSE_CARRO__SEM_CARRO + FAIXA_CREDITOS_ATIVOS__TRES_OU_MAIS_CREDITOS_ATIVOS;2;3;5;0.010000;0.06;1.29;0;1.01
504;FAIXA_IDADE__IDADE_50_A_59 + POSSE_CARRO__SEM_CARRO + FAIXA_CREDITOS_ATIVOS__TRES_OU_MAIS_CREDITOS_ATIVOS;FAIXA_CREDITO__CREDITO_MEDIO + CATEGORIA_FILHOS__SEM_FILHOS;3;2;5;0.010000;0.22;1.29;0;1.06
505;FAIXA_IDADE__IDADE_60_OU_MAIS + CATEGORIA_FILHOS__SEM_FILHOS + POSSE_CARRO__SEM_CARRO + FAIXA_CREDITOS_ATIVOS__UM_A_DOIS_CREDITOS_ATIVOS + FAIXA_TAXA_REJEICAO__SEM_REJEICAO_PREVIA;FAIXA_RENDA__RENDA_BAIXA + SITUACAO_FAMILIAR__CASADO_OU_UNIAO_CIVIL;5;2;7;0.010000;0.3;1.29;0;1.09
506;FAIXA_RENDA__RENDA_BAIXA + SITUACAO_FAMILIAR__CASADO_OU_UNIAO_CIVIL;FAIXA_IDADE__IDADE_60_OU_MAIS + CATEGORIA_FILHOS__SEM_FILHOS + POSSE_CARRO__SEM_CARRO + FAIXA_CREDITOS_ATIVOS__UM_A_DOIS_CREDITOS_ATIVOS + FAIXA_TAXA_REJEICAO__SEM_REJEICAO_PREVIA;2;5;7;0.010000;0.04;1.29;0;1.01
507;FAIXA_IDADE__IDADE_60_OU_MAIS + CATEGORIA_FILHOS__SEM_FILHOS + POSSE_CARRO__SEM_CARRO + FAIXA_CREDITOS_ATIVOS__UM_A_DOIS_CREDITOS_ATIVOS;FAIXA_RENDA__RENDA_BAIXA + SITUACAO_FAMILIAR__CASADO_OU_UNIAO_CIVIL + FAIXA_TAXA_REJEICAO__SEM_REJEICAO_PREVIA;4;3;7;0.010000;0.22;1.29;0;1.06
508;FAIXA_RENDA__RENDA_BAIXA + SITUACAO_FAMILIAR__CASADO_OU_UNIAO_CIVIL + FAIXA_TAXA_REJEICAO__SEM_REJEICAO_PREVIA;FAIXA_IDADE__IDADE_60_OU_MAIS + CATEGORIA_FILHOS__SEM_FILHOS + POSSE_CARRO__SEM_CARRO + FAIXA_CREDITOS_ATIVOS__UM_A_DOIS_CREDITOS_ATIVOS;3;4;7;0.010000;0.06;1.29;0;1.01
509;FAIXA_IDADE__IDADE_60_OU_MAIS;FAIXA_RENDA__RENDA_BAIXA + POSSE_CARRO__SEM_CARRO + SITUACAO_FAMILIAR__CASADO_OU_UNIAO_CIVIL + FAIXA_CREDITOS_ATIVOS__UM_A_DOIS_CREDITOS_ATIVOS + FAIXA_TAXA_REJEICAO__SEM_REJEICAO_PREVIA;1;5;6;0.010000;0.07;1.29;0;1.02
510;FAIXA_RENDA__RENDA_BAIXA + POSSE_CARRO__SEM_CARRO + SITUACAO_FAMILIAR__CASADO_OU_UNIAO_CIVIL + FAIXA_CREDITOS_ATIVOS__UM_A_DOIS_CREDITOS_ATIVOS + FAIXA_TAXA_REJEICAO__SEM_REJEICAO_PREVIA;FAIXA_IDADE__IDADE_60_OU_MAIS;5;1;6;0.010000;0.18;1.29;0;1.05
511;FAIXA_IDADE__IDADE_50_A_59 + POSSE_CARRO__SEM_CARRO + FAIXA_CREDITOS_ATIVOS__UM_A_DOIS_CREDITOS_ATIVOS + FAIXA_TAXA_REJEICAO__SEM_REJEICAO_PREVIA;FAIXA_CREDITO__CREDITO_MEDIO + CATEGORIA_FILHOS__SEM_FILHOS;4;2;6;0.010000;0.22;1.29;0;1.06
512;FAIXA_CREDITO__CREDITO_MEDIO + CATEGORIA_FILHOS__SEM_FILHOS;FAIXA_IDADE__IDADE_50_A_59 + POSSE_CARRO__SEM_CARRO + FAIXA_CREDITOS_ATIVOS__UM_A_DOIS_CREDITOS_ATIVOS + FAIXA_TAXA_REJEICAO__SEM_REJEICAO_PREVIA;2;4;6;0.010000;0.06;1.29;0;1.01
513;FAIXA_CREDITO__CREDITO_MEDIO + CATEGORIA_FILHOS__SEM_FILHOS + FAIXA_CREDITOS_ATIVOS__UM_A_DOIS_CREDITOS_ATIVOS + FAIXA_TAXA_REJEICAO__SEM_REJEICAO_PREVIA;FAIXA_IDADE__IDADE_50_A_59 + POSSE_CARRO__SEM_CARRO;4;2;6;0.010000;0.2;1.29;0;1.05
514;FAIXA_IDADE__IDADE_50_A_59 + POSSE_CARRO__SEM_CARRO;FAIXA_CREDITO__CREDITO_MEDIO + CATEGORIA_FILHOS__SEM_FILHOS + FAIXA_CREDITOS_ATIVOS__UM_A_DOIS_CREDITOS_ATIVOS + FAIXA_TAXA_REJEICAO__SEM_REJEICAO_PREVIA;2;4;6;0.010000;0.07;1.29;0;1.01
515;FAIXA_CREDITO__CREDITO_MEDIO + CATEGORIA_FILHOS__SEM_FILHOS + POSSE_CARRO__SEM_CARRO;FAIXA_IDADE__IDADE_50_A_59 + FAIXA_CREDITOS_ATIVOS__TRES_OU_MAIS_CREDITOS_ATIVOS;3;2;5;0.010000;0.08;1.29;0;1.02
516;FAIXA_IDADE__IDADE_50_A_59 + FAIXA_CREDITOS_ATIVOS__TRES_OU_MAIS_CREDITOS_ATIVOS;FAIXA_CREDITO__CREDITO_MEDIO + CATEGORIA_FILHOS__SEM_FILHOS + POSSE_CARRO__SEM_CARRO;2;3;5;0.010000;0.16;1.29;0;1.04
517;FAIXA_CREDITO__CREDITO_MEDIO + CATEGORIA_FILHOS__SEM_FILHOS + FAIXA_CREDITOS_ATIVOS__UM_A_DOIS_CREDITOS_ATIVOS;FAIXA_IDADE__IDADE_50_A_59 + POSSE_CARRO__SEM_CARRO + FAIXA_TAXA_REJEICAO__SEM_REJEICAO_PREVIA;3;3;6;0.010000;0.13;1.29;0;1.03
518;FAIXA_IDADE__IDADE_50_A_59 + POSSE_CARRO__SEM_CARRO + FAIXA_TAXA_REJEICAO__SEM_REJEICAO_PREVIA;FAIXA_CREDITO__CREDITO_MEDIO + CATEGORIA_FILHOS__SEM_FILHOS + FAIXA_CREDITOS_ATIVOS__UM_A_DOIS_CREDITOS_ATIVOS;3;3;6;0.010000;0.1;1.29;0;1.02
519;FAIXA_IDADE__IDADE_60_OU_MAIS + POSSE_CARRO__SEM_CARRO + FAIXA_CREDITOS_ATIVOS__UM_A_DOIS_CREDITOS_ATIVOS + FAIXA_TAXA_REJEICAO__SEM_REJEICAO_PREVIA;FAIXA_RENDA__RENDA_BAIXA + SITUACAO_FAMILIAR__CASADO_OU_UNIAO_CIVIL;4;2;6;0.010000;0.3;1.28;0;1.09
520;FAIXA_RENDA__RENDA_BAIXA + SITUACAO_FAMILIAR__CASADO_OU_UNIAO_CIVIL;FAIXA_IDADE__IDADE_60_OU_MAIS + POSSE_CARRO__SEM_CARRO + FAIXA_CREDITOS_ATIVOS__UM_A_DOIS_CREDITOS_ATIVOS + FAIXA_TAXA_REJEICAO__SEM_REJEICAO_PREVIA;2;4;6;0.010000;0.04;1.28;0;1.01
521;CATEGORIA_FILHOS__SEM_FILHOS;FAIXA_CREDITO__CREDITO_ALTO + FAIXA_IDADE__IDADE_50_A_59 + SITUACAO_FAMILIAR__CASADO_OU_UNIAO_CIVIL + FAIXA_CREDITOS_ATIVOS__SEM_CREDITOS_ATIVOS;1;4;5;0.010000;0.01;1.28;0;1
522;FAIXA_CREDITO__CREDITO_ALTO + FAIXA_IDADE__IDADE_50_A_59 + SITUACAO_FAMILIAR__CASADO_OU_UNIAO_CIVIL + FAIXA_CREDITOS_ATIVOS__SEM_CREDITOS_ATIVOS;CATEGORIA_FILHOS__SEM_FILHOS;4;1;5;0.010000;0.89;1.28;0;2.62
523;FAIXA_CREDITO__CREDITO_BAIXO + FAIXA_IDADE__IDADE_21_A_29 + CATEGORIA_FILHOS__SEM_FILHOS;FAIXA_RENDA__RENDA_BAIXA + POSSE_CARRO__SEM_CARRO;3;2;5;0.010000;0.33;1.28;0;1.1
524;FAIXA_RENDA__RENDA_BAIXA + POSSE_CARRO__SEM_CARRO;FAIXA_CREDITO__CREDITO_BAIXO + FAIXA_IDADE__IDADE_21_A_29 + CATEGORIA_FILHOS__SEM_FILHOS;2;3;5;0.010000;0.04;1.28;0;1.01
525;FAIXA_IDADE__IDADE_50_A_59 + FAIXA_CREDITOS_ATIVOS__SEM_CREDITOS_ATIVOS;FAIXA_CREDITO__CREDITO_ALTO + CATEGORIA_FILHOS__SEM_FILHOS + SITUACAO_FAMILIAR__CASADO_OU_UNIAO_CIVIL;2;3;5;0.010000;0.16;1.28;0;1.04
526;FAIXA_CREDITO__CREDITO_ALTO + CATEGORIA_FILHOS__SEM_FILHOS + SITUACAO_FAMILIAR__CASADO_OU_UNIAO_CIVIL;FAIXA_IDADE__IDADE_50_A_59 + FAIXA_CREDITOS_ATIVOS__SEM_CREDITOS_ATIVOS;3;2;5;0.010000;0.08;1.28;0;1.02
527;FAIXA_RENDA__RENDA_MUITO_ALTA;FAIXA_IDADE__IDADE_40_A_49 + SITUACAO_FAMILIAR__CASADO_OU_UNIAO_CIVIL + FAIXA_TAXA_REJEICAO__REJEICAO_PREVIA_ATE_25_PCT;1;3;4;0.010000;0.04;1.28;0;1.01
528;FAIXA_IDADE__IDADE_40_A_49 + SITUACAO_FAMILIAR__CASADO_OU_UNIAO_CIVIL + FAIXA_TAXA_REJEICAO__REJEICAO_PREVIA_ATE_25_PCT;FAIXA_RENDA__RENDA_MUITO_ALTA;3;1;4;0.010000;0.31;1.28;0;1.09
529;FAIXA_RENDA__RENDA_MEDIA + POSSE_CARRO__SEM_CARRO + FAIXA_CREDITOS_ATIVOS__UM_A_DOIS_CREDITOS_ATIVOS;FAIXA_IDADE__IDADE_50_A_59 + FAIXA_TAXA_REJEICAO__SEM_REJEICAO_PREVIA;3;2;5;0.010000;0.19;1.28;0;1.05
530;FAIXA_IDADE__IDADE_50_A_59 + FAIXA_TAXA_REJEICAO__SEM_REJEICAO_PREVIA;FAIXA_RENDA__RENDA_MEDIA + POSSE_CARRO__SEM_CARRO + FAIXA_CREDITOS_ATIVOS__UM_A_DOIS_CREDITOS_ATIVOS;2;3;5;0.010000;0.07;1.28;0;1.01
531;FAIXA_CREDITO__CREDITO_MEDIO + CATEGORIA_FILHOS__SEM_FILHOS + SITUACAO_FAMILIAR__SOLTEIRO;FAIXA_CREDITOS_ATIVOS__SEM_CREDITOS_ATIVOS + FAIXA_TAXA_REJEICAO__SEM_REJEICAO_PREVIA;3;2;5;0.010000;0.28;1.28;0;1.08
532;FAIXA_CREDITOS_ATIVOS__SEM_CREDITOS_ATIVOS + FAIXA_TAXA_REJEICAO__SEM_REJEICAO_PREVIA;FAIXA_CREDITO__CREDITO_MEDIO + CATEGORIA_FILHOS__SEM_FILHOS + SITUACAO_FAMILIAR__SOLTEIRO;2;3;5;0.010000;0.05;1.28;0;1.01
533;FAIXA_IDADE__IDADE_60_OU_MAIS + CATEGORIA_FILHOS__SEM_FILHOS + SITUACAO_FAMILIAR__SEPARADO_VIUVO_OU_NAO_INFORMADO;POSSE_CARRO__SEM_CARRO + FAIXA_CREDITOS_ATIVOS__UM_A_DOIS_CREDITOS_ATIVOS + FAIXA_TAXA_REJEICAO__SEM_REJEICAO_PREVIA;3;3;6;0.010000;0.25;1.28;0;1.07
534;POSSE_CARRO__SEM_CARRO + FAIXA_CREDITOS_ATIVOS__UM_A_DOIS_CREDITOS_ATIVOS + FAIXA_TAXA_REJEICAO__SEM_REJEICAO_PREVIA;FAIXA_IDADE__IDADE_60_OU_MAIS + CATEGORIA_FILHOS__SEM_FILHOS + SITUACAO_FAMILIAR__SEPARADO_VIUVO_OU_NAO_INFORMADO;3;3;6;0.010000;0.05;1.28;0;1.01
535;CATEGORIA_FILHOS__UM_FILHO + FAIXA_TAXA_REJEICAO__SEM_REJEICAO_PREVIA;FAIXA_IDADE__IDADE_21_A_29 + FAIXA_CREDITOS_ATIVOS__UM_A_DOIS_CREDITOS_ATIVOS;2;2;4;0.010000;0.07;1.28;0;1.02
536;FAIXA_IDADE__IDADE_21_A_29 + FAIXA_CREDITOS_ATIVOS__UM_A_DOIS_CREDITOS_ATIVOS;CATEGORIA_FILHOS__UM_FILHO + FAIXA_TAXA_REJEICAO__SEM_REJEICAO_PREVIA;2;2;4;0.010000;0.17;1.28;0;1.04
537;FAIXA_IDADE__IDADE_60_OU_MAIS + POSSE_CARRO__SEM_CARRO + FAIXA_CREDITOS_ATIVOS__UM_A_DOIS_CREDITOS_ATIVOS;FAIXA_RENDA__RENDA_BAIXA + SITUACAO_FAMILIAR__CASADO_OU_UNIAO_CIVIL + FAIXA_TAXA_REJEICAO__SEM_REJEICAO_PREVIA;3;3;6;0.010000;0.22;1.28;0;1.06
538;FAIXA_RENDA__RENDA_BAIXA + SITUACAO_FAMILIAR__CASADO_OU_UNIAO_CIVIL + FAIXA_TAXA_REJEICAO__SEM_REJEICAO_PREVIA;FAIXA_IDADE__IDADE_60_OU_MAIS + POSSE_CARRO__SEM_CARRO + FAIXA_CREDITOS_ATIVOS__UM_A_DOIS_CREDITOS_ATIVOS;3;3;6;0.010000;0.06;1.28;0;1.01
539;FAIXA_RENDA__RENDA_BAIXA + FAIXA_IDADE__IDADE_40_A_49 + POSSE_CARRO__SEM_CARRO + SITUACAO_FAMILIAR__CASADO_OU_UNIAO_CIVIL + FAIXA_TAXA_REJEICAO__SEM_REJEICAO_PREVIA;FAIXA_CREDITO__CREDITO_BAIXO;5;1;6;0.010000;0.33;1.27;0;1.1
540;FAIXA_CREDITO__CREDITO_BAIXO;FAIXA_RENDA__RENDA_BAIXA + FAIXA_IDADE__IDADE_40_A_49 + POSSE_CARRO__SEM_CARRO + SITUACAO_FAMILIAR__CASADO_OU_UNIAO_CIVIL + FAIXA_TAXA_REJEICAO__SEM_REJEICAO_PREVIA;1;5;6;0.010000;0.04;1.27;0;1.01
541;FAIXA_CREDITO__CREDITO_MEDIO;FAIXA_RENDA__RENDA_BAIXA + FAIXA_IDADE__IDADE_21_A_29 + POSSE_CARRO__SEM_CARRO;1;3;4;0.010000;0.04;1.27;0;1.01
542;FAIXA_RENDA__RENDA_BAIXA + FAIXA_IDADE__IDADE_21_A_29 + POSSE_CARRO__SEM_CARRO;FAIXA_CREDITO__CREDITO_MEDIO;3;1;4;0.010000;0.31;1.27;0;1.09
543;FAIXA_RENDA__RENDA_MUITO_ALTA + SITUACAO_FAMILIAR__CASADO_OU_UNIAO_CIVIL + FAIXA_TAXA_REJEICAO__SEM_REJEICAO_PREVIA;FAIXA_IDADE__IDADE_40_A_49 + CATEGORIA_FILHOS__SEM_FILHOS + FAIXA_CREDITOS_ATIVOS__UM_A_DOIS_CREDITOS_ATIVOS;3;3;6;0.010000;0.09;1.27;0;1.02
544;FAIXA_IDADE__IDADE_40_A_49 + CATEGORIA_FILHOS__SEM_FILHOS + FAIXA_CREDITOS_ATIVOS__UM_A_DOIS_CREDITOS_ATIVOS;FAIXA_RENDA__RENDA_MUITO_ALTA + SITUACAO_FAMILIAR__CASADO_OU_UNIAO_CIVIL + FAIXA_TAXA_REJEICAO__SEM_REJEICAO_PREVIA;3;3;6;0.010000;0.14;1.27;0;1.03
545;FAIXA_IDADE__IDADE_60_OU_MAIS + SITUACAO_FAMILIAR__SEPARADO_VIUVO_OU_NAO_INFORMADO;POSSE_CARRO__SEM_CARRO + FAIXA_CREDITOS_ATIVOS__UM_A_DOIS_CREDITOS_ATIVOS + FAIXA_TAXA_REJEICAO__SEM_REJEICAO_PREVIA;2;3;5;0.010000;0.25;1.27;0;1.07
546;POSSE_CARRO__SEM_CARRO + FAIXA_CREDITOS_ATIVOS__UM_A_DOIS_CREDITOS_ATIVOS + FAIXA_TAXA_REJEICAO__SEM_REJEICAO_PREVIA;FAIXA_IDADE__IDADE_60_OU_MAIS + SITUACAO_FAMILIAR__SEPARADO_VIUVO_OU_NAO_INFORMADO;3;2;5;0.010000;0.05;1.27;0;1.01
547;FAIXA_IDADE__IDADE_40_A_49 + FAIXA_CREDITOS_ATIVOS__UM_A_DOIS_CREDITOS_ATIVOS;FAIXA_RENDA__RENDA_MUITO_ALTA + CATEGORIA_FILHOS__SEM_FILHOS + SITUACAO_FAMILIAR__CASADO_OU_UNIAO_CIVIL + FAIXA_TAXA_REJEICAO__SEM_REJEICAO_PREVIA;2;4;6;0.010000;0.09;1.27;0;1.02
548;FAIXA_RENDA__RENDA_MUITO_ALTA + CATEGORIA_FILHOS__SEM_FILHOS + SITUACAO_FAMILIAR__CASADO_OU_UNIAO_CIVIL + FAIXA_TAXA_REJEICAO__SEM_REJEICAO_PREVIA;FAIXA_IDADE__IDADE_40_A_49 + FAIXA_CREDITOS_ATIVOS__UM_A_DOIS_CREDITOS_ATIVOS;4;2;6;0.010000;0.14;1.27;0;1.03
549;FAIXA_IDADE__IDADE_21_A_29 + POSSE_CARRO__SEM_CARRO;FAIXA_RENDA__RENDA_BAIXA + SITUACAO_FAMILIAR__CASADO_OU_UNIAO_CIVIL + FAIXA_CREDITOS_ATIVOS__UM_A_DOIS_CREDITOS_ATIVOS;2;3;5;0.010000;0.13;1.27;0;1.03
550;FAIXA_RENDA__RENDA_BAIXA + SITUACAO_FAMILIAR__CASADO_OU_UNIAO_CIVIL + FAIXA_CREDITOS_ATIVOS__UM_A_DOIS_CREDITOS_ATIVOS;FAIXA_IDADE__IDADE_21_A_29 + POSSE_CARRO__SEM_CARRO;3;2;5;0.010000;0.1;1.27;0;1.02
551;FAIXA_RENDA__RENDA_MEDIA;FAIXA_IDADE__IDADE_50_A_59 + POSSE_CARRO__SEM_CARRO + FAIXA_CREDITOS_ATIVOS__UM_A_DOIS_CREDITOS_ATIVOS + FAIXA_TAXA_REJEICAO__SEM_REJEICAO_PREVIA;1;4;5;0.010000;0.06;1.27;0;1.01
552;FAIXA_IDADE__IDADE_50_A_59 + POSSE_CARRO__SEM_CARRO + FAIXA_CREDITOS_ATIVOS__UM_A_DOIS_CREDITOS_ATIVOS + FAIXA_TAXA_REJEICAO__SEM_REJEICAO_PREVIA;FAIXA_RENDA__RENDA_MEDIA;4;1;5;0.010000;0.22;1.27;0;1.06
553;POSSE_CARRO__SEM_CARRO;FAIXA_CREDITO__CREDITO_MEDIO + FAIXA_RENDA__RENDA_BAIXA + FAIXA_IDADE__IDADE_60_OU_MAIS + FAIXA_TAXA_REJEICAO__SEM_REJEICAO_PREVIA;1;4;5;0.010000;0.02;1.26;0;1
554;FAIXA_CREDITO__CREDITO_MEDIO + FAIXA_RENDA__RENDA_BAIXA + FAIXA_IDADE__IDADE_60_OU_MAIS + FAIXA_TAXA_REJEICAO__SEM_REJEICAO_PREVIA;POSSE_CARRO__SEM_CARRO;4;1;5;0.010000;0.83;1.26;0;1.94
555;FAIXA_RENDA__RENDA_BAIXA + SITUACAO_FAMILIAR__CASADO_OU_UNIAO_CIVIL + FAIXA_CREDITOS_ATIVOS__UM_A_DOIS_CREDITOS_ATIVOS;FAIXA_IDADE__IDADE_60_OU_MAIS + CATEGORIA_FILHOS__SEM_FILHOS + POSSE_CARRO__SEM_CARRO + FAIXA_TAXA_REJEICAO__SEM_REJEICAO_PREVIA;3;4;7;0.010000;0.1;1.26;0;1.02
556;FAIXA_IDADE__IDADE_60_OU_MAIS + CATEGORIA_FILHOS__SEM_FILHOS + POSSE_CARRO__SEM_CARRO + FAIXA_TAXA_REJEICAO__SEM_REJEICAO_PREVIA;FAIXA_RENDA__RENDA_BAIXA + SITUACAO_FAMILIAR__CASADO_OU_UNIAO_CIVIL + FAIXA_CREDITOS_ATIVOS__UM_A_DOIS_CREDITOS_ATIVOS;4;3;7;0.010000;0.13;1.26;0;1.03
557;FAIXA_CREDITO__CREDITO_MEDIO + CATEGORIA_FILHOS__SEM_FILHOS + POSSE_CARRO__SEM_CARRO;FAIXA_IDADE__IDADE_50_A_59 + FAIXA_CREDITOS_ATIVOS__UM_A_DOIS_CREDITOS_ATIVOS + FAIXA_TAXA_REJEICAO__SEM_REJEICAO_PREVIA;3;3;6;0.010000;0.08;1.26;0;1.02
558;FAIXA_IDADE__IDADE_50_A_59 + FAIXA_CREDITOS_ATIVOS__UM_A_DOIS_CREDITOS_ATIVOS + FAIXA_TAXA_REJEICAO__SEM_REJEICAO_PREVIA;FAIXA_CREDITO__CREDITO_MEDIO + CATEGORIA_FILHOS__SEM_FILHOS + POSSE_CARRO__SEM_CARRO;3;3;6;0.010000;0.15;1.26;0;1.04
559;SITUACAO_FAMILIAR__CASADO_OU_UNIAO_CIVIL;FAIXA_RENDA__RENDA_BAIXA + CATEGORIA_FILHOS__UM_FILHO + POSSE_CARRO__COM_CARRO + FAIXA_TAXA_REJEICAO__SEM_REJEICAO_PREVIA;1;4;5;0.010000;0.01;1.26;0;1
560;FAIXA_RENDA__RENDA_BAIXA + CATEGORIA_FILHOS__UM_FILHO + POSSE_CARRO__COM_CARRO + FAIXA_TAXA_REJEICAO__SEM_REJEICAO_PREVIA;SITUACAO_FAMILIAR__CASADO_OU_UNIAO_CIVIL;4;1;5;0.010000;0.92;1.26;0;2.94
561;FAIXA_CREDITO__CREDITO_MUITO_ALTO + FAIXA_RENDA__RENDA_MUITO_ALTA + FAIXA_CREDITOS_ATIVOS__TRES_OU_MAIS_CREDITOS_ATIVOS;FAIXA_IDADE__IDADE_50_A_59;3;1;4;0.010000;0.27;1.25;0;1.07
562;FAIXA_IDADE__IDADE_50_A_59;FAIXA_CREDITO__CREDITO_MUITO_ALTO + FAIXA_RENDA__RENDA_MUITO_ALTA + FAIXA_CREDITOS_ATIVOS__TRES_OU_MAIS_CREDITOS_ATIVOS;1;3;4;0.010000;0.05;1.25;0;1.01
563;FAIXA_IDADE__IDADE_60_OU_MAIS + POSSE_CARRO__SEM_CARRO + FAIXA_TAXA_REJEICAO__SEM_REJEICAO_PREVIA;FAIXA_RENDA__RENDA_BAIXA + SITUACAO_FAMILIAR__CASADO_OU_UNIAO_CIVIL + FAIXA_CREDITOS_ATIVOS__UM_A_DOIS_CREDITOS_ATIVOS;3;3;6;0.010000;0.13;1.25;0;1.03
564;FAIXA_RENDA__RENDA_BAIXA + SITUACAO_FAMILIAR__CASADO_OU_UNIAO_CIVIL + FAIXA_CREDITOS_ATIVOS__UM_A_DOIS_CREDITOS_ATIVOS;FAIXA_IDADE__IDADE_60_OU_MAIS + POSSE_CARRO__SEM_CARRO + FAIXA_TAXA_REJEICAO__SEM_REJEICAO_PREVIA;3;3;6;0.010000;0.1;1.25;0;1.02
565;CATEGORIA_FILHOS__UM_FILHO;FAIXA_IDADE__IDADE_21_A_29 + FAIXA_CREDITOS_ATIVOS__UM_A_DOIS_CREDITOS_ATIVOS + FAIXA_TAXA_REJEICAO__SEM_REJEICAO_PREVIA;1;3;4;0.010000;0.05;1.25;0;1.01
566;FAIXA_IDADE__IDADE_21_A_29 + FAIXA_CREDITOS_ATIVOS__UM_A_DOIS_CREDITOS_ATIVOS + FAIXA_TAXA_REJEICAO__SEM_REJEICAO_PREVIA;CATEGORIA_FILHOS__UM_FILHO;3;1;4;0.010000;0.25;1.25;0;1.06
567;POSSE_CARRO__SEM_CARRO + FAIXA_CREDITOS_ATIVOS__UM_A_DOIS_CREDITOS_ATIVOS;FAIXA_RENDA__RENDA_BAIXA + FAIXA_IDADE__IDADE_60_OU_MAIS + CATEGORIA_FILHOS__SEM_FILHOS + SITUACAO_FAMILIAR__CASADO_OU_UNIAO_CIVIL + FAIXA_TAXA_REJEICAO__SEM_REJEICAO_PREVIA;2;5;7;0.010000;0.04;1.25;0;1.01
568;FAIXA_RENDA__RENDA_BAIXA + FAIXA_IDADE__IDADE_60_OU_MAIS + CATEGORIA_FILHOS__SEM_FILHOS + SITUACAO_FAMILIAR__CASADO_OU_UNIAO_CIVIL + FAIXA_TAXA_REJEICAO__SEM_REJEICAO_PREVIA;POSSE_CARRO__SEM_CARRO + FAIXA_CREDITOS_ATIVOS__UM_A_DOIS_CREDITOS_ATIVOS;5;2;7;0.010000;0.36;1.25;0;1.11
569;FAIXA_CREDITO__CREDITO_MEDIO + CATEGORIA_FILHOS__SEM_FILHOS + POSSE_CARRO__SEM_CARRO + FAIXA_CREDITOS_ATIVOS__UM_A_DOIS_CREDITOS_ATIVOS;FAIXA_IDADE__IDADE_50_A_59 + FAIXA_TAXA_REJEICAO__SEM_REJEICAO_PREVIA;4;2;6;0.010000;0.19;1.25;0;1.04
570;FAIXA_IDADE__IDADE_50_A_59 + FAIXA_TAXA_REJEICAO__SEM_REJEICAO_PREVIA;FAIXA_CREDITO__CREDITO_MEDIO + CATEGORIA_FILHOS__SEM_FILHOS + POSSE_CARRO__SEM_CARRO + FAIXA_CREDITOS_ATIVOS__UM_A_DOIS_CREDITOS_ATIVOS;2;4;6;0.010000;0.07;1.25;0;1.01
571;FAIXA_RENDA__RENDA_BAIXA;FAIXA_IDADE__IDADE_21_A_29 + POSSE_CARRO__SEM_CARRO + FAIXA_CREDITOS_ATIVOS__UM_A_DOIS_CREDITOS_ATIVOS + FAIXA_TAXA_REJEICAO__SEM_REJEICAO_PREVIA;1;4;5;0.010000;0.03;1.25;0;1.01
572;FAIXA_IDADE__IDADE_21_A_29 + POSSE_CARRO__SEM_CARRO + FAIXA_CREDITOS_ATIVOS__UM_A_DOIS_CREDITOS_ATIVOS + FAIXA_TAXA_REJEICAO__SEM_REJEICAO_PREVIA;FAIXA_RENDA__RENDA_BAIXA;4;1;5;0.010000;0.41;1.25;0;1.13
573;FAIXA_RENDA__RENDA_MUITO_ALTA + FAIXA_IDADE__IDADE_40_A_49;SITUACAO_FAMILIAR__CASADO_OU_UNIAO_CIVIL + FAIXA_TAXA_REJEICAO__REJEICAO_PREVIA_ATE_25_PCT;2;2;4;0.010000;0.14;1.25;0;1.03
574;SITUACAO_FAMILIAR__CASADO_OU_UNIAO_CIVIL + FAIXA_TAXA_REJEICAO__REJEICAO_PREVIA_ATE_25_PCT;FAIXA_RENDA__RENDA_MUITO_ALTA + FAIXA_IDADE__IDADE_40_A_49;2;2;4;0.010000;0.09;1.25;0;1.02
575;FAIXA_RENDA__RENDA_MUITO_ALTA + SITUACAO_FAMILIAR__CASADO_OU_UNIAO_CIVIL + FAIXA_CREDITOS_ATIVOS__UM_A_DOIS_CREDITOS_ATIVOS;FAIXA_IDADE__IDADE_40_A_49 + CATEGORIA_FILHOS__SEM_FILHOS + FAIXA_TAXA_REJEICAO__SEM_REJEICAO_PREVIA;3;3;6;0.010000;0.13;1.25;0;1.03
576;FAIXA_IDADE__IDADE_40_A_49 + CATEGORIA_FILHOS__SEM_FILHOS + FAIXA_TAXA_REJEICAO__SEM_REJEICAO_PREVIA;FAIXA_RENDA__RENDA_MUITO_ALTA + SITUACAO_FAMILIAR__CASADO_OU_UNIAO_CIVIL + FAIXA_CREDITOS_ATIVOS__UM_A_DOIS_CREDITOS_ATIVOS;3;3;6;0.010000;0.1;1.25;0;1.02
577;FAIXA_RENDA__RENDA_MEDIA + POSSE_CARRO__COM_CARRO + SITUACAO_FAMILIAR__CASADO_OU_UNIAO_CIVIL;FAIXA_IDADE__IDADE_30_A_39 + FAIXA_TAXA_REJEICAO__SEM_REJEICAO_PREVIA;3;2;5;0.010000;0.22;1.25;0;1.05
578;FAIXA_IDADE__IDADE_30_A_39 + FAIXA_TAXA_REJEICAO__SEM_REJEICAO_PREVIA;FAIXA_RENDA__RENDA_MEDIA + POSSE_CARRO__COM_CARRO + SITUACAO_FAMILIAR__CASADO_OU_UNIAO_CIVIL;2;3;5;0.010000;0.06;1.25;0;1.01
579;POSSE_CARRO__SEM_CARRO + SITUACAO_FAMILIAR__CASADO_OU_UNIAO_CIVIL;FAIXA_CREDITO__CREDITO_BAIXO + FAIXA_RENDA__RENDA_BAIXA + FAIXA_IDADE__IDADE_40_A_49 + FAIXA_TAXA_REJEICAO__SEM_REJEICAO_PREVIA;2;4;6;0.010000;0.02;1.25;0;1
580;FAIXA_CREDITO__CREDITO_BAIXO + FAIXA_RENDA__RENDA_BAIXA + FAIXA_IDADE__IDADE_40_A_49 + FAIXA_TAXA_REJEICAO__SEM_REJEICAO_PREVIA;POSSE_CARRO__SEM_CARRO + SITUACAO_FAMILIAR__CASADO_OU_UNIAO_CIVIL;4;2;6;0.010000;0.56;1.25;0;1.24
581;FAIXA_CREDITO__CREDITO_MEDIO + FAIXA_IDADE__IDADE_50_A_59 + POSSE_CARRO__SEM_CARRO;CATEGORIA_FILHOS__SEM_FILHOS + FAIXA_CREDITOS_ATIVOS__UM_A_DOIS_CREDITOS_ATIVOS + FAIXA_TAXA_REJEICAO__SEM_REJEICAO_PREVIA;3;3;6;0.010000;0.26;1.25;0;1.07
582;CATEGORIA_FILHOS__SEM_FILHOS + FAIXA_CREDITOS_ATIVOS__UM_A_DOIS_CREDITOS_ATIVOS + FAIXA_TAXA_REJEICAO__SEM_REJEICAO_PREVIA;FAIXA_CREDITO__CREDITO_MEDIO + FAIXA_IDADE__IDADE_50_A_59 + POSSE_CARRO__SEM_CARRO;3;3;6;0.010000;0.05;1.25;0;1.01
583;FAIXA_IDADE__IDADE_30_A_39 + SITUACAO_FAMILIAR__CASADO_OU_UNIAO_CIVIL;FAIXA_RENDA__RENDA_MEDIA + POSSE_CARRO__COM_CARRO + FAIXA_TAXA_REJEICAO__SEM_REJEICAO_PREVIA;2;3;5;0.010000;0.05;1.25;0;1.01
584;FAIXA_RENDA__RENDA_MEDIA + POSSE_CARRO__COM_CARRO + FAIXA_TAXA_REJEICAO__SEM_REJEICAO_PREVIA;FAIXA_IDADE__IDADE_30_A_39 + SITUACAO_FAMILIAR__CASADO_OU_UNIAO_CIVIL;3;2;5;0.010000;0.26;1.25;0;1.07
585;FAIXA_CREDITO__CREDITO_MEDIO + SITUACAO_FAMILIAR__CASADO_OU_UNIAO_CIVIL + FAIXA_CREDITOS_ATIVOS__UM_A_DOIS_CREDITOS_ATIVOS;CATEGORIA_FILHOS__DOIS_OU_MAIS_FILHOS;3;1;4;0.010000;0.13;1.24;0;1.03
586;CATEGORIA_FILHOS__DOIS_OU_MAIS_FILHOS;FAIXA_CREDITO__CREDITO_MEDIO + SITUACAO_FAMILIAR__CASADO_OU_UNIAO_CIVIL + FAIXA_CREDITOS_ATIVOS__UM_A_DOIS_CREDITOS_ATIVOS;1;3;4;0.010000;0.1;1.24;0;1.02
587;POSSE_CARRO__SEM_CARRO;FAIXA_RENDA__RENDA_BAIXA + FAIXA_IDADE__IDADE_60_OU_MAIS + CATEGORIA_FILHOS__SEM_FILHOS + SITUACAO_FAMILIAR__CASADO_OU_UNIAO_CIVIL + FAIXA_CREDITOS_ATIVOS__UM_A_DOIS_CREDITOS_ATIVOS + FAIXA_TAXA_REJEICAO__SEM_REJEICAO_PREVIA;1;6;7;0.010000;0.02;1.24;0;1
588;FAIXA_RENDA__RENDA_BAIXA + FAIXA_IDADE__IDADE_60_OU_MAIS + CATEGORIA_FILHOS__SEM_FILHOS + SITUACAO_FAMILIAR__CASADO_OU_UNIAO_CIVIL + FAIXA_CREDITOS_ATIVOS__UM_A_DOIS_CREDITOS_ATIVOS + FAIXA_TAXA_REJEICAO__SEM_REJEICAO_PREVIA;POSSE_CARRO__SEM_CARRO;6;1;7;0.010000;0.82;1.24;0;1.8
589;POSSE_CARRO__SEM_CARRO + FAIXA_CREDITOS_ATIVOS__UM_A_DOIS_CREDITOS_ATIVOS;FAIXA_RENDA__RENDA_BAIXA + FAIXA_IDADE__IDADE_60_OU_MAIS + SITUACAO_FAMILIAR__CASADO_OU_UNIAO_CIVIL + FAIXA_TAXA_REJEICAO__SEM_REJEICAO_PREVIA;2;4;6;0.010000;0.04;1.24;0;1.01
590;FAIXA_RENDA__RENDA_BAIXA + FAIXA_IDADE__IDADE_60_OU_MAIS + SITUACAO_FAMILIAR__CASADO_OU_UNIAO_CIVIL + FAIXA_TAXA_REJEICAO__SEM_REJEICAO_PREVIA;POSSE_CARRO__SEM_CARRO + FAIXA_CREDITOS_ATIVOS__UM_A_DOIS_CREDITOS_ATIVOS;4;2;6;0.010000;0.35;1.24;0;1.1
591;FAIXA_RENDA__RENDA_MEDIA + FAIXA_IDADE__IDADE_50_A_59;POSSE_CARRO__SEM_CARRO + FAIXA_CREDITOS_ATIVOS__UM_A_DOIS_CREDITOS_ATIVOS + FAIXA_TAXA_REJEICAO__SEM_REJEICAO_PREVIA;2;3;5;0.010000;0.25;1.24;0;1.06
592;POSSE_CARRO__SEM_CARRO + FAIXA_CREDITOS_ATIVOS__UM_A_DOIS_CREDITOS_ATIVOS + FAIXA_TAXA_REJEICAO__SEM_REJEICAO_PREVIA;FAIXA_RENDA__RENDA_MEDIA + FAIXA_IDADE__IDADE_50_A_59;3;2;5;0.010000;0.05;1.24;0;1.01
593;FAIXA_IDADE__IDADE_50_A_59 + CATEGORIA_FILHOS__SEM_FILHOS;POSSE_CARRO__SEM_CARRO + FAIXA_CREDITOS_ATIVOS__TRES_OU_MAIS_CREDITOS_ATIVOS + FAIXA_TAXA_REJEICAO__REJEICAO_PREVIA_ACIMA_25_PCT;2;3;5;0.010000;0.05;1.24;0;1.01
594;POSSE_CARRO__SEM_CARRO + FAIXA_CREDITOS_ATIVOS__TRES_OU_MAIS_CREDITOS_ATIVOS + FAIXA_TAXA_REJEICAO__REJEICAO_PREVIA_ACIMA_25_PCT;FAIXA_IDADE__IDADE_50_A_59 + CATEGORIA_FILHOS__SEM_FILHOS;3;2;5;0.010000;0.25;1.24;0;1.06
595;FAIXA_CREDITO__CREDITO_ALTO + CATEGORIA_FILHOS__UM_FILHO;FAIXA_RENDA__RENDA_ALTA + FAIXA_TAXA_REJEICAO__SEM_REJEICAO_PREVIA;2;2;4;0.010000;0.21;1.24;0;1.05
596;FAIXA_RENDA__RENDA_ALTA + FAIXA_TAXA_REJEICAO__SEM_REJEICAO_PREVIA;FAIXA_CREDITO__CREDITO_ALTO + CATEGORIA_FILHOS__UM_FILHO;2;2;4;0.010000;0.06;1.24;0;1.01
597;FAIXA_IDADE__IDADE_50_A_59 + POSSE_CARRO__SEM_CARRO + FAIXA_TAXA_REJEICAO__SEM_REJEICAO_PREVIA;FAIXA_RENDA__RENDA_MEDIA + FAIXA_CREDITOS_ATIVOS__UM_A_DOIS_CREDITOS_ATIVOS;3;2;5;0.010000;0.1;1.23;0;1.02
598;FAIXA_RENDA__RENDA_MEDIA + FAIXA_CREDITOS_ATIVOS__UM_A_DOIS_CREDITOS_ATIVOS;FAIXA_IDADE__IDADE_50_A_59 + POSSE_CARRO__SEM_CARRO + FAIXA_TAXA_REJEICAO__SEM_REJEICAO_PREVIA;2;3;5;0.010000;0.13;1.23;0;1.03
599;POSSE_CARRO__SEM_CARRO;FAIXA_RENDA__RENDA_BAIXA + FAIXA_IDADE__IDADE_21_A_29 + FAIXA_CREDITOS_ATIVOS__UM_A_DOIS_CREDITOS_ATIVOS + FAIXA_TAXA_REJEICAO__SEM_REJEICAO_PREVIA;1;4;5;0.010000;0.02;1.23;0;1
600;FAIXA_RENDA__RENDA_BAIXA + FAIXA_IDADE__IDADE_21_A_29 + FAIXA_CREDITOS_ATIVOS__UM_A_DOIS_CREDITOS_ATIVOS + FAIXA_TAXA_REJEICAO__SEM_REJEICAO_PREVIA;POSSE_CARRO__SEM_CARRO;4;1;5;0.010000;0.81;1.23;0;1.74
601;FAIXA_CREDITO__CREDITO_MEDIO + FAIXA_IDADE__IDADE_50_A_59 + CATEGORIA_FILHOS__SEM_FILHOS;POSSE_CARRO__SEM_CARRO + FAIXA_CREDITOS_ATIVOS__TRES_OU_MAIS_CREDITOS_ATIVOS;3;2;5;0.010000;0.21;1.23;0;1.05
602;POSSE_CARRO__SEM_CARRO + FAIXA_CREDITOS_ATIVOS__TRES_OU_MAIS_CREDITOS_ATIVOS;FAIXA_CREDITO__CREDITO_MEDIO + FAIXA_IDADE__IDADE_50_A_59 + CATEGORIA_FILHOS__SEM_FILHOS;2;3;5;0.010000;0.06;1.23;0;1.01
603;FAIXA_RENDA__RENDA_BAIXA + POSSE_CARRO__COM_CARRO + SITUACAO_FAMILIAR__CASADO_OU_UNIAO_CIVIL;CATEGORIA_FILHOS__UM_FILHO + FAIXA_TAXA_REJEICAO__SEM_REJEICAO_PREVIA;3;2;5;0.010000;0.17;1.23;0;1.04
604;CATEGORIA_FILHOS__UM_FILHO + FAIXA_TAXA_REJEICAO__SEM_REJEICAO_PREVIA;FAIXA_RENDA__RENDA_BAIXA + POSSE_CARRO__COM_CARRO + SITUACAO_FAMILIAR__CASADO_OU_UNIAO_CIVIL;2;3;5;0.010000;0.07;1.23;0;1.01
605;FAIXA_RENDA__RENDA_BAIXA + CATEGORIA_FILHOS__UM_FILHO + POSSE_CARRO__COM_CARRO;SITUACAO_FAMILIAR__CASADO_OU_UNIAO_CIVIL + FAIXA_TAXA_REJEICAO__SEM_REJEICAO_PREVIA;3;2;5;0.010000;0.61;1.23;0;1.26
606;SITUACAO_FAMILIAR__CASADO_OU_UNIAO_CIVIL + FAIXA_TAXA_REJEICAO__SEM_REJEICAO_PREVIA;FAIXA_RENDA__RENDA_BAIXA + CATEGORIA_FILHOS__UM_FILHO + POSSE_CARRO__COM_CARRO;2;3;5;0.010000;0.02;1.23;0;1
607;FAIXA_IDADE__IDADE_50_A_59;FAIXA_CREDITO__CREDITO_MEDIO + CATEGORIA_FILHOS__SEM_FILHOS + POSSE_CARRO__SEM_CARRO + FAIXA_CREDITOS_ATIVOS__UM_A_DOIS_CREDITOS_ATIVOS + FAIXA_TAXA_REJEICAO__SEM_REJEICAO_PREVIA;1;5;6;0.010000;0.05;1.22;0;1.01
608;FAIXA_CREDITO__CREDITO_MEDIO + CATEGORIA_FILHOS__SEM_FILHOS + POSSE_CARRO__SEM_CARRO + FAIXA_CREDITOS_ATIVOS__UM_A_DOIS_CREDITOS_ATIVOS + FAIXA_TAXA_REJEICAO__SEM_REJEICAO_PREVIA;FAIXA_IDADE__IDADE_50_A_59;5;1;6;0.010000;0.27;1.22;0;1.06
609;FAIXA_RENDA__RENDA_BAIXA + FAIXA_IDADE__IDADE_21_A_29;POSSE_CARRO__SEM_CARRO + SITUACAO_FAMILIAR__CASADO_OU_UNIAO_CIVIL + FAIXA_CREDITOS_ATIVOS__UM_A_DOIS_CREDITOS_ATIVOS;2;3;5;0.010000;0.24;1.22;0;1.05
610;POSSE_CARRO__SEM_CARRO + SITUACAO_FAMILIAR__CASADO_OU_UNIAO_CIVIL + FAIXA_CREDITOS_ATIVOS__UM_A_DOIS_CREDITOS_ATIVOS;FAIXA_RENDA__RENDA_BAIXA + FAIXA_IDADE__IDADE_21_A_29;3;2;5;0.010000;0.05;1.22;0;1.01
611;FAIXA_RENDA__RENDA_MUITO_ALTA + SITUACAO_FAMILIAR__CASADO_OU_UNIAO_CIVIL;FAIXA_IDADE__IDADE_40_A_49 + CATEGORIA_FILHOS__SEM_FILHOS + FAIXA_CREDITOS_ATIVOS__UM_A_DOIS_CREDITOS_ATIVOS + FAIXA_TAXA_REJEICAO__SEM_REJEICAO_PREVIA;2;4;6;0.010000;0.06;1.22;0;1.01
612;FAIXA_IDADE__IDADE_40_A_49 + CATEGORIA_FILHOS__SEM_FILHOS + FAIXA_CREDITOS_ATIVOS__UM_A_DOIS_CREDITOS_ATIVOS + FAIXA_TAXA_REJEICAO__SEM_REJEICAO_PREVIA;FAIXA_RENDA__RENDA_MUITO_ALTA + SITUACAO_FAMILIAR__CASADO_OU_UNIAO_CIVIL;4;2;6;0.010000;0.22;1.22;0;1.05
613;SITUACAO_FAMILIAR__CASADO_OU_UNIAO_CIVIL;FAIXA_CREDITO__CREDITO_MEDIO + CATEGORIA_FILHOS__DOIS_OU_MAIS_FILHOS + FAIXA_CREDITOS_ATIVOS__UM_A_DOIS_CREDITOS_ATIVOS;1;3;4;0.010000;0.01;1.22;0;1
614;FAIXA_CREDITO__CREDITO_MEDIO + CATEGORIA_FILHOS__DOIS_OU_MAIS_FILHOS + FAIXA_CREDITOS_ATIVOS__UM_A_DOIS_CREDITOS_ATIVOS;SITUACAO_FAMILIAR__CASADO_OU_UNIAO_CIVIL;3;1;4;0.010000;0.89;1.22;0;2.32
615;FAIXA_CREDITO__CREDITO_ALTO + FAIXA_IDADE__IDADE_50_A_59;CATEGORIA_FILHOS__SEM_FILHOS + SITUACAO_FAMILIAR__CASADO_OU_UNIAO_CIVIL + FAIXA_CREDITOS_ATIVOS__SEM_CREDITOS_ATIVOS;2;3;5;0.010000;0.17;1.22;0;1.03
616;CATEGORIA_FILHOS__SEM_FILHOS + SITUACAO_FAMILIAR__CASADO_OU_UNIAO_CIVIL + FAIXA_CREDITOS_ATIVOS__SEM_CREDITOS_ATIVOS;FAIXA_CREDITO__CREDITO_ALTO + FAIXA_IDADE__IDADE_50_A_59;3;2;5;0.010000;0.07;1.22;0;1.01
617;FAIXA_RENDA__RENDA_ALTA + FAIXA_IDADE__IDADE_50_A_59 + CATEGORIA_FILHOS__SEM_FILHOS;FAIXA_CREDITO__CREDITO_ALTO + POSSE_CARRO__SEM_CARRO;3;2;5;0.010000;0.2;1.22;0;1.04
618;FAIXA_CREDITO__CREDITO_ALTO + POSSE_CARRO__SEM_CARRO;FAIXA_RENDA__RENDA_ALTA + FAIXA_IDADE__IDADE_50_A_59 + CATEGORIA_FILHOS__SEM_FILHOS;2;3;5;0.010000;0.06;1.22;0;1.01
619;FAIXA_RENDA__RENDA_MUITO_ALTA + FAIXA_TAXA_REJEICAO__SEM_REJEICAO_PREVIA;FAIXA_IDADE__IDADE_40_A_49 + CATEGORIA_FILHOS__SEM_FILHOS + SITUACAO_FAMILIAR__CASADO_OU_UNIAO_CIVIL + FAIXA_CREDITOS_ATIVOS__UM_A_DOIS_CREDITOS_ATIVOS;2;4;6;0.010000;0.07;1.22;0;1.01
620;FAIXA_IDADE__IDADE_40_A_49 + CATEGORIA_FILHOS__SEM_FILHOS + SITUACAO_FAMILIAR__CASADO_OU_UNIAO_CIVIL + FAIXA_CREDITOS_ATIVOS__UM_A_DOIS_CREDITOS_ATIVOS;FAIXA_RENDA__RENDA_MUITO_ALTA + FAIXA_TAXA_REJEICAO__SEM_REJEICAO_PREVIA;4;2;6;0.010000;0.19;1.22;0;1.04
621;FAIXA_IDADE__IDADE_50_A_59;FAIXA_RENDA__RENDA_MEDIA + POSSE_CARRO__SEM_CARRO + FAIXA_CREDITOS_ATIVOS__UM_A_DOIS_CREDITOS_ATIVOS + FAIXA_TAXA_REJEICAO__SEM_REJEICAO_PREVIA;1;4;5;0.010000;0.05;1.22;0;1.01
622;FAIXA_RENDA__RENDA_MEDIA + POSSE_CARRO__SEM_CARRO + FAIXA_CREDITOS_ATIVOS__UM_A_DOIS_CREDITOS_ATIVOS + FAIXA_TAXA_REJEICAO__SEM_REJEICAO_PREVIA;FAIXA_IDADE__IDADE_50_A_59;4;1;5;0.010000;0.27;1.22;0;1.06
623;FAIXA_CREDITO__CREDITO_MEDIO + FAIXA_RENDA__RENDA_BAIXA + FAIXA_IDADE__IDADE_21_A_29;POSSE_CARRO__SEM_CARRO;3;1;4;0.010000;0.81;1.22;0;1.68
624;POSSE_CARRO__SEM_CARRO;FAIXA_CREDITO__CREDITO_MEDIO + FAIXA_RENDA__RENDA_BAIXA + FAIXA_IDADE__IDADE_21_A_29;1;3;4;0.010000;0.02;1.22;0;1
625;POSSE_CARRO__SEM_CARRO;FAIXA_RENDA__RENDA_BAIXA + FAIXA_IDADE__IDADE_60_OU_MAIS + SITUACAO_FAMILIAR__CASADO_OU_UNIAO_CIVIL + FAIXA_CREDITOS_ATIVOS__UM_A_DOIS_CREDITOS_ATIVOS + FAIXA_TAXA_REJEICAO__SEM_REJEICAO_PREVIA;1;5;6;0.010000;0.02;1.22;0;1
626;FAIXA_RENDA__RENDA_BAIXA + FAIXA_IDADE__IDADE_60_OU_MAIS + SITUACAO_FAMILIAR__CASADO_OU_UNIAO_CIVIL + FAIXA_CREDITOS_ATIVOS__UM_A_DOIS_CREDITOS_ATIVOS + FAIXA_TAXA_REJEICAO__SEM_REJEICAO_PREVIA;POSSE_CARRO__SEM_CARRO;5;1;6;0.010000;0.81;1.22;0;1.68
627;FAIXA_CREDITO__CREDITO_MEDIO + POSSE_CARRO__COM_CARRO;FAIXA_RENDA__RENDA_MUITO_ALTA + FAIXA_CREDITOS_ATIVOS__UM_A_DOIS_CREDITOS_ATIVOS;2;2;4;0.010000;0.13;1.22;0;1.02
628;FAIXA_RENDA__RENDA_MUITO_ALTA + FAIXA_CREDITOS_ATIVOS__UM_A_DOIS_CREDITOS_ATIVOS;FAIXA_CREDITO__CREDITO_MEDIO + POSSE_CARRO__COM_CARRO;2;2;4;0.010000;0.1;1.22;0;1.02
629;FAIXA_IDADE__IDADE_50_A_59 + POSSE_CARRO__COM_CARRO;FAIXA_RENDA__RENDA_ALTA + SITUACAO_FAMILIAR__CASADO_OU_UNIAO_CIVIL + FAIXA_TAXA_REJEICAO__SEM_REJEICAO_PREVIA;2;3;5;0.010000;0.16;1.22;0;1.03
630;FAIXA_RENDA__RENDA_ALTA + SITUACAO_FAMILIAR__CASADO_OU_UNIAO_CIVIL + FAIXA_TAXA_REJEICAO__SEM_REJEICAO_PREVIA;FAIXA_IDADE__IDADE_50_A_59 + POSSE_CARRO__COM_CARRO;3;2;5;0.010000;0.08;1.22;0;1.01
631;POSSE_CARRO__SEM_CARRO + FAIXA_CREDITOS_ATIVOS__UM_A_DOIS_CREDITOS_ATIVOS;FAIXA_RENDA__RENDA_MEDIA + FAIXA_IDADE__IDADE_50_A_59 + FAIXA_TAXA_REJEICAO__SEM_REJEICAO_PREVIA;2;3;5;0.010000;0.04;1.22;0;1.01
632;FAIXA_RENDA__RENDA_MEDIA + FAIXA_IDADE__IDADE_50_A_59 + FAIXA_TAXA_REJEICAO__SEM_REJEICAO_PREVIA;POSSE_CARRO__SEM_CARRO + FAIXA_CREDITOS_ATIVOS__UM_A_DOIS_CREDITOS_ATIVOS;3;2;5;0.010000;0.35;1.22;0;1.09
633;FAIXA_IDADE__IDADE_50_A_59 + SITUACAO_FAMILIAR__CASADO_OU_UNIAO_CIVIL;FAIXA_CREDITO__CREDITO_ALTO + CATEGORIA_FILHOS__SEM_FILHOS + FAIXA_CREDITOS_ATIVOS__SEM_CREDITOS_ATIVOS;2;3;5;0.010000;0.06;1.22;0;1.01
634;FAIXA_CREDITO__CREDITO_ALTO + CATEGORIA_FILHOS__SEM_FILHOS + FAIXA_CREDITOS_ATIVOS__SEM_CREDITOS_ATIVOS;FAIXA_IDADE__IDADE_50_A_59 + SITUACAO_FAMILIAR__CASADO_OU_UNIAO_CIVIL;3;2;5;0.010000;0.19;1.22;0;1.04
635;FAIXA_RENDA__RENDA_MUITO_ALTA + FAIXA_CREDITOS_ATIVOS__UM_A_DOIS_CREDITOS_ATIVOS;FAIXA_IDADE__IDADE_40_A_49 + CATEGORIA_FILHOS__SEM_FILHOS + SITUACAO_FAMILIAR__CASADO_OU_UNIAO_CIVIL + FAIXA_TAXA_REJEICAO__SEM_REJEICAO_PREVIA;2;4;6;0.010000;0.1;1.22;0;1.02
636;FAIXA_IDADE__IDADE_40_A_49 + CATEGORIA_FILHOS__SEM_FILHOS + SITUACAO_FAMILIAR__CASADO_OU_UNIAO_CIVIL + FAIXA_TAXA_REJEICAO__SEM_REJEICAO_PREVIA;FAIXA_RENDA__RENDA_MUITO_ALTA + FAIXA_CREDITOS_ATIVOS__UM_A_DOIS_CREDITOS_ATIVOS;4;2;6;0.010000;0.13;1.22;0;1.02
637;FAIXA_CREDITO__CREDITO_MEDIO + POSSE_CARRO__COM_CARRO + FAIXA_CREDITOS_ATIVOS__UM_A_DOIS_CREDITOS_ATIVOS;FAIXA_RENDA__RENDA_MUITO_ALTA;3;1;4;0.010000;0.29;1.21;0;1.07
638;FAIXA_RENDA__RENDA_MUITO_ALTA;FAIXA_CREDITO__CREDITO_MEDIO + POSSE_CARRO__COM_CARRO + FAIXA_CREDITOS_ATIVOS__UM_A_DOIS_CREDITOS_ATIVOS;1;3;4;0.010000;0.04;1.21;0;1.01
639;FAIXA_RENDA__RENDA_BAIXA + FAIXA_IDADE__IDADE_21_A_29 + FAIXA_TAXA_REJEICAO__SEM_REJEICAO_PREVIA;POSSE_CARRO__SEM_CARRO + FAIXA_CREDITOS_ATIVOS__UM_A_DOIS_CREDITOS_ATIVOS;3;2;5;0.010000;0.34;1.21;0;1.09
640;POSSE_CARRO__SEM_CARRO + FAIXA_CREDITOS_ATIVOS__UM_A_DOIS_CREDITOS_ATIVOS;FAIXA_RENDA__RENDA_BAIXA + FAIXA_IDADE__IDADE_21_A_29 + FAIXA_TAXA_REJEICAO__SEM_REJEICAO_PREVIA;2;3;5;0.010000;0.04;1.21;0;1.01
641;FAIXA_CREDITO__CREDITO_ALTO + FAIXA_CREDITOS_ATIVOS__UM_A_DOIS_CREDITOS_ATIVOS;FAIXA_RENDA__RENDA_MUITO_ALTA + POSSE_CARRO__SEM_CARRO + FAIXA_TAXA_REJEICAO__SEM_REJEICAO_PREVIA;2;3;5;0.010000;0.09;1.21;0;1.02
642;FAIXA_RENDA__RENDA_MUITO_ALTA + POSSE_CARRO__SEM_CARRO + FAIXA_TAXA_REJEICAO__SEM_REJEICAO_PREVIA;FAIXA_CREDITO__CREDITO_ALTO + FAIXA_CREDITOS_ATIVOS__UM_A_DOIS_CREDITOS_ATIVOS;3;2;5;0.010000;0.13;1.21;0;1.02
643;FAIXA_IDADE__IDADE_40_A_49 + CATEGORIA_FILHOS__SEM_FILHOS;FAIXA_RENDA__RENDA_MUITO_ALTA + SITUACAO_FAMILIAR__CASADO_OU_UNIAO_CIVIL + FAIXA_CREDITOS_ATIVOS__UM_A_DOIS_CREDITOS_ATIVOS + FAIXA_TAXA_REJEICAO__SEM_REJEICAO_PREVIA;2;4;6;0.010000;0.06;1.21;0;1.01
644;FAIXA_RENDA__RENDA_MUITO_ALTA + SITUACAO_FAMILIAR__CASADO_OU_UNIAO_CIVIL + FAIXA_CREDITOS_ATIVOS__UM_A_DOIS_CREDITOS_ATIVOS + FAIXA_TAXA_REJEICAO__SEM_REJEICAO_PREVIA;FAIXA_IDADE__IDADE_40_A_49 + CATEGORIA_FILHOS__SEM_FILHOS;4;2;6;0.010000;0.19;1.21;0;1.04
645;SITUACAO_FAMILIAR__CASADO_OU_UNIAO_CIVIL;FAIXA_RENDA__RENDA_ALTA + FAIXA_IDADE__IDADE_50_A_59 + POSSE_CARRO__COM_CARRO + FAIXA_TAXA_REJEICAO__SEM_REJEICAO_PREVIA;1;4;5;0.010000;0.01;1.21;0;1
646;FAIXA_RENDA__RENDA_ALTA + FAIXA_IDADE__IDADE_50_A_59 + POSSE_CARRO__COM_CARRO + FAIXA_TAXA_REJEICAO__SEM_REJEICAO_PREVIA;SITUACAO_FAMILIAR__CASADO_OU_UNIAO_CIVIL;4;1;5;0.010000;0.88;1.21;0;2.18
647;FAIXA_RENDA__RENDA_ALTA + FAIXA_IDADE__IDADE_50_A_59 + POSSE_CARRO__COM_CARRO;SITUACAO_FAMILIAR__CASADO_OU_UNIAO_CIVIL + FAIXA_TAXA_REJEICAO__SEM_REJEICAO_PREVIA;3;2;5;0.010000;0.6;1.21;0;1.24
648;SITUACAO_FAMILIAR__CASADO_OU_UNIAO_CIVIL + FAIXA_TAXA_REJEICAO__SEM_REJEICAO_PREVIA;FAIXA_RENDA__RENDA_ALTA + FAIXA_IDADE__IDADE_50_A_59 + POSSE_CARRO__COM_CARRO;2;3;5;0.010000;0.02;1.21;0;1
649;FAIXA_CREDITO__CREDITO_BAIXO + FAIXA_RENDA__RENDA_BAIXA + FAIXA_IDADE__IDADE_40_A_49 + SITUACAO_FAMILIAR__CASADO_OU_UNIAO_CIVIL;POSSE_CARRO__SEM_CARRO + FAIXA_TAXA_REJEICAO__SEM_REJEICAO_PREVIA;4;2;6;0.010000;0.54;1.21;0;1.19
650;POSSE_CARRO__SEM_CARRO + FAIXA_TAXA_REJEICAO__SEM_REJEICAO_PREVIA;FAIXA_CREDITO__CREDITO_BAIXO + FAIXA_RENDA__RENDA_BAIXA + FAIXA_IDADE__IDADE_40_A_49 + SITUACAO_FAMILIAR__CASADO_OU_UNIAO_CIVIL;2;4;6;0.010000;0.02;1.21;0;1
651;FAIXA_IDADE__IDADE_50_A_59 + CATEGORIA_FILHOS__SEM_FILHOS;FAIXA_CREDITO__CREDITO_MEDIO + POSSE_CARRO__SEM_CARRO + FAIXA_CREDITOS_ATIVOS__TRES_OU_MAIS_CREDITOS_ATIVOS;2;3;5;0.010000;0.05;1.21;0;1.01
652;FAIXA_CREDITO__CREDITO_MEDIO + POSSE_CARRO__SEM_CARRO + FAIXA_CREDITOS_ATIVOS__TRES_OU_MAIS_CREDITOS_ATIVOS;FAIXA_IDADE__IDADE_50_A_59 + CATEGORIA_FILHOS__SEM_FILHOS;3;2;5;0.010000;0.24;1.21;0;1.05
653;FAIXA_CREDITO__CREDITO_MEDIO + POSSE_CARRO__SEM_CARRO;FAIXA_RENDA__RENDA_BAIXA + FAIXA_IDADE__IDADE_60_OU_MAIS + FAIXA_TAXA_REJEICAO__SEM_REJEICAO_PREVIA;2;3;5;0.010000;0.06;1.21;0;1.01
654;FAIXA_RENDA__RENDA_BAIXA + FAIXA_IDADE__IDADE_60_OU_MAIS + FAIXA_TAXA_REJEICAO__SEM_REJEICAO_PREVIA;FAIXA_CREDITO__CREDITO_MEDIO + POSSE_CARRO__SEM_CARRO;3;2;5;0.010000;0.2;1.21;0;1.04
655;FAIXA_RENDA__RENDA_BAIXA + POSSE_CARRO__COM_CARRO;CATEGORIA_FILHOS__UM_FILHO + SITUACAO_FAMILIAR__CASADO_OU_UNIAO_CIVIL + FAIXA_TAXA_REJEICAO__SEM_REJEICAO_PREVIA;2;3;5;0.010000;0.14;1.21;0;1.03
656;CATEGORIA_FILHOS__UM_FILHO + SITUACAO_FAMILIAR__CASADO_OU_UNIAO_CIVIL + FAIXA_TAXA_REJEICAO__SEM_REJEICAO_PREVIA;FAIXA_RENDA__RENDA_BAIXA + POSSE_CARRO__COM_CARRO;3;2;5;0.010000;0.09;1.21;0;1.02
657;CATEGORIA_FILHOS__UM_FILHO;FAIXA_RENDA__RENDA_BAIXA + POSSE_CARRO__COM_CARRO + SITUACAO_FAMILIAR__CASADO_OU_UNIAO_CIVIL + FAIXA_TAXA_REJEICAO__SEM_REJEICAO_PREVIA;1;4;5;0.010000;0.05;1.21;0;1.01
658;FAIXA_RENDA__RENDA_BAIXA + POSSE_CARRO__COM_CARRO + SITUACAO_FAMILIAR__CASADO_OU_UNIAO_CIVIL + FAIXA_TAXA_REJEICAO__SEM_REJEICAO_PREVIA;CATEGORIA_FILHOS__UM_FILHO;4;1;5;0.010000;0.24;1.21;0;1.05
659;FAIXA_CREDITO__CREDITO_BAIXO + FAIXA_IDADE__IDADE_21_A_29;FAIXA_RENDA__RENDA_BAIXA + CATEGORIA_FILHOS__SEM_FILHOS + POSSE_CARRO__SEM_CARRO;2;3;5;0.010000;0.23;1.21;0;1.05
660;FAIXA_RENDA__RENDA_BAIXA + CATEGORIA_FILHOS__SEM_FILHOS + POSSE_CARRO__SEM_CARRO;FAIXA_CREDITO__CREDITO_BAIXO + FAIXA_IDADE__IDADE_21_A_29;3;2;5;0.010000;0.05;1.21;0;1.01
661;FAIXA_RENDA__RENDA_BAIXA + FAIXA_IDADE__IDADE_60_OU_MAIS + POSSE_CARRO__SEM_CARRO;CATEGORIA_FILHOS__SEM_FILHOS + SITUACAO_FAMILIAR__CASADO_OU_UNIAO_CIVIL + FAIXA_CREDITOS_ATIVOS__UM_A_DOIS_CREDITOS_ATIVOS + FAIXA_TAXA_REJEICAO__SEM_REJEICAO_PREVIA;3;4;7;0.010000;0.17;1.21;0;1.03
662;CATEGORIA_FILHOS__SEM_FILHOS + SITUACAO_FAMILIAR__CASADO_OU_UNIAO_CIVIL + FAIXA_CREDITOS_ATIVOS__UM_A_DOIS_CREDITOS_ATIVOS + FAIXA_TAXA_REJEICAO__SEM_REJEICAO_PREVIA;FAIXA_RENDA__RENDA_BAIXA + FAIXA_IDADE__IDADE_60_OU_MAIS + POSSE_CARRO__SEM_CARRO;4;3;7;0.010000;0.07;1.21;0;1.01
663;FAIXA_IDADE__IDADE_60_OU_MAIS + CATEGORIA_FILHOS__SEM_FILHOS + POSSE_CARRO__SEM_CARRO;FAIXA_RENDA__RENDA_BAIXA + SITUACAO_FAMILIAR__CASADO_OU_UNIAO_CIVIL + FAIXA_CREDITOS_ATIVOS__UM_A_DOIS_CREDITOS_ATIVOS + FAIXA_TAXA_REJEICAO__SEM_REJEICAO_PREVIA;3;4;7;0.010000;0.09;1.2;0;1.02
664;FAIXA_RENDA__RENDA_BAIXA + SITUACAO_FAMILIAR__CASADO_OU_UNIAO_CIVIL + FAIXA_CREDITOS_ATIVOS__UM_A_DOIS_CREDITOS_ATIVOS + FAIXA_TAXA_REJEICAO__SEM_REJEICAO_PREVIA;FAIXA_IDADE__IDADE_60_OU_MAIS + CATEGORIA_FILHOS__SEM_FILHOS + POSSE_CARRO__SEM_CARRO;4;3;7;0.010000;0.14;1.2;0;1.03
665;FAIXA_CREDITO__CREDITO_MEDIO;CATEGORIA_FILHOS__SEM_FILHOS + SITUACAO_FAMILIAR__SOLTEIRO + FAIXA_CREDITOS_ATIVOS__SEM_CREDITOS_ATIVOS + FAIXA_TAXA_REJEICAO__SEM_REJEICAO_PREVIA;1;4;5;0.010000;0.04;1.2;0;1.01
666;CATEGORIA_FILHOS__SEM_FILHOS + SITUACAO_FAMILIAR__SOLTEIRO + FAIXA_CREDITOS_ATIVOS__SEM_CREDITOS_ATIVOS + FAIXA_TAXA_REJEICAO__SEM_REJEICAO_PREVIA;FAIXA_CREDITO__CREDITO_MEDIO;4;1;5;0.010000;0.29;1.2;0;1.07
667;FAIXA_CREDITO__CREDITO_ALTO + CATEGORIA_FILHOS__SEM_FILHOS;FAIXA_IDADE__IDADE_50_A_59 + SITUACAO_FAMILIAR__CASADO_OU_UNIAO_CIVIL + FAIXA_CREDITOS_ATIVOS__SEM_CREDITOS_ATIVOS;2;3;5;0.010000;0.06;1.2;0;1.01
668;FAIXA_IDADE__IDADE_50_A_59 + SITUACAO_FAMILIAR__CASADO_OU_UNIAO_CIVIL + FAIXA_CREDITOS_ATIVOS__SEM_CREDITOS_ATIVOS;FAIXA_CREDITO__CREDITO_ALTO + CATEGORIA_FILHOS__SEM_FILHOS;3;2;5;0.010000;0.21;1.2;0;1.04
669;FAIXA_CREDITO__CREDITO_MEDIO + SITUACAO_FAMILIAR__CASADO_OU_UNIAO_CIVIL;CATEGORIA_FILHOS__DOIS_OU_MAIS_FILHOS + FAIXA_CREDITOS_ATIVOS__UM_A_DOIS_CREDITOS_ATIVOS;2;2;4;0.010000;0.06;1.2;0;1.01
670;CATEGORIA_FILHOS__DOIS_OU_MAIS_FILHOS + FAIXA_CREDITOS_ATIVOS__UM_A_DOIS_CREDITOS_ATIVOS;FAIXA_CREDITO__CREDITO_MEDIO + SITUACAO_FAMILIAR__CASADO_OU_UNIAO_CIVIL;2;2;4;0.010000;0.21;1.2;0;1.04
671;FAIXA_IDADE__IDADE_30_A_39;FAIXA_RENDA__RENDA_MEDIA + POSSE_CARRO__COM_CARRO + SITUACAO_FAMILIAR__CASADO_OU_UNIAO_CIVIL + FAIXA_TAXA_REJEICAO__SEM_REJEICAO_PREVIA;1;4;5;0.010000;0.04;1.2;0;1.01
672;FAIXA_RENDA__RENDA_MEDIA + POSSE_CARRO__COM_CARRO + SITUACAO_FAMILIAR__CASADO_OU_UNIAO_CIVIL + FAIXA_TAXA_REJEICAO__SEM_REJEICAO_PREVIA;FAIXA_IDADE__IDADE_30_A_39;4;1;5;0.010000;0.32;1.2;0;1.07
673;SITUACAO_FAMILIAR__CASADO_OU_UNIAO_CIVIL + FAIXA_CREDITOS_ATIVOS__TRES_OU_MAIS_CREDITOS_ATIVOS + FAIXA_TAXA_REJEICAO__SEM_REJEICAO_PREVIA;FAIXA_RENDA__RENDA_ALTA + FAIXA_IDADE__IDADE_30_A_39;3;2;5;0.010000;0.09;1.2;0;1.01
674;FAIXA_RENDA__RENDA_ALTA + FAIXA_IDADE__IDADE_30_A_39;SITUACAO_FAMILIAR__CASADO_OU_UNIAO_CIVIL + FAIXA_CREDITOS_ATIVOS__TRES_OU_MAIS_CREDITOS_ATIVOS + FAIXA_TAXA_REJEICAO__SEM_REJEICAO_PREVIA;2;3;5;0.010000;0.14;1.2;0;1.03
675;SITUACAO_FAMILIAR__CASADO_OU_UNIAO_CIVIL + FAIXA_CREDITOS_ATIVOS__UM_A_DOIS_CREDITOS_ATIVOS;FAIXA_RENDA__RENDA_MUITO_ALTA + FAIXA_IDADE__IDADE_40_A_49 + CATEGORIA_FILHOS__SEM_FILHOS + FAIXA_TAXA_REJEICAO__SEM_REJEICAO_PREVIA;2;4;6;0.010000;0.03;1.2;0;1.01
676;FAIXA_RENDA__RENDA_MUITO_ALTA + FAIXA_IDADE__IDADE_40_A_49 + CATEGORIA_FILHOS__SEM_FILHOS + FAIXA_TAXA_REJEICAO__SEM_REJEICAO_PREVIA;SITUACAO_FAMILIAR__CASADO_OU_UNIAO_CIVIL + FAIXA_CREDITOS_ATIVOS__UM_A_DOIS_CREDITOS_ATIVOS;4;2;6;0.010000;0.38;1.2;0;1.1
677;FAIXA_RENDA__RENDA_BAIXA + FAIXA_IDADE__IDADE_21_A_29;POSSE_CARRO__SEM_CARRO + FAIXA_CREDITOS_ATIVOS__UM_A_DOIS_CREDITOS_ATIVOS + FAIXA_TAXA_REJEICAO__SEM_REJEICAO_PREVIA;2;3;5;0.010000;0.24;1.2;0;1.05
678;POSSE_CARRO__SEM_CARRO + FAIXA_CREDITOS_ATIVOS__UM_A_DOIS_CREDITOS_ATIVOS + FAIXA_TAXA_REJEICAO__SEM_REJEICAO_PREVIA;FAIXA_RENDA__RENDA_BAIXA + FAIXA_IDADE__IDADE_21_A_29;3;2;5;0.010000;0.05;1.2;0;1.01
679;FAIXA_IDADE__IDADE_21_A_29;FAIXA_CREDITO__CREDITO_MEDIO + FAIXA_RENDA__RENDA_BAIXA + POSSE_CARRO__SEM_CARRO;1;3;4;0.010000;0.08;1.2;0;1.01
680;FAIXA_CREDITO__CREDITO_MEDIO + FAIXA_RENDA__RENDA_BAIXA + POSSE_CARRO__SEM_CARRO;FAIXA_IDADE__IDADE_21_A_29;3;1;4;0.010000;0.15;1.2;0;1.03
681;FAIXA_IDADE__IDADE_60_OU_MAIS + POSSE_CARRO__SEM_CARRO;FAIXA_RENDA__RENDA_BAIXA + SITUACAO_FAMILIAR__CASADO_OU_UNIAO_CIVIL + FAIXA_CREDITOS_ATIVOS__UM_A_DOIS_CREDITOS_ATIVOS + FAIXA_TAXA_REJEICAO__SEM_REJEICAO_PREVIA;2;4;6;0.010000;0.09;1.19;0;1.01
682;FAIXA_RENDA__RENDA_BAIXA + SITUACAO_FAMILIAR__CASADO_OU_UNIAO_CIVIL + FAIXA_CREDITOS_ATIVOS__UM_A_DOIS_CREDITOS_ATIVOS + FAIXA_TAXA_REJEICAO__SEM_REJEICAO_PREVIA;FAIXA_IDADE__IDADE_60_OU_MAIS + POSSE_CARRO__SEM_CARRO;4;2;6;0.010000;0.14;1.19;0;1.02
683;POSSE_CARRO__COM_CARRO;FAIXA_RENDA__RENDA_MEDIA + FAIXA_IDADE__IDADE_30_A_39 + SITUACAO_FAMILIAR__CASADO_OU_UNIAO_CIVIL + FAIXA_TAXA_REJEICAO__SEM_REJEICAO_PREVIA;1;4;5;0.010000;0.03;1.19;0;1
684;FAIXA_RENDA__RENDA_MEDIA + FAIXA_IDADE__IDADE_30_A_39 + SITUACAO_FAMILIAR__CASADO_OU_UNIAO_CIVIL + FAIXA_TAXA_REJEICAO__SEM_REJEICAO_PREVIA;POSSE_CARRO__COM_CARRO;4;1;5;0.010000;0.4;1.19;0;1.1
685;FAIXA_RENDA__RENDA_BAIXA + FAIXA_IDADE__IDADE_50_A_59 + CATEGORIA_FILHOS__SEM_FILHOS + SITUACAO_FAMILIAR__CASADO_OU_UNIAO_CIVIL;FAIXA_CREDITO__CREDITO_ALTO + FAIXA_TAXA_REJEICAO__SEM_REJEICAO_PREVIA;4;2;6;0.010000;0.21;1.19;0;1.04
686;FAIXA_CREDITO__CREDITO_ALTO + FAIXA_TAXA_REJEICAO__SEM_REJEICAO_PREVIA;FAIXA_RENDA__RENDA_BAIXA + FAIXA_IDADE__IDADE_50_A_59 + CATEGORIA_FILHOS__SEM_FILHOS + SITUACAO_FAMILIAR__CASADO_OU_UNIAO_CIVIL;2;4;6;0.010000;0.06;1.19;0;1.01
687;FAIXA_RENDA__RENDA_MUITO_ALTA + CATEGORIA_FILHOS__SEM_FILHOS + SITUACAO_FAMILIAR__CASADO_OU_UNIAO_CIVIL + FAIXA_CREDITOS_ATIVOS__UM_A_DOIS_CREDITOS_ATIVOS + FAIXA_TAXA_REJEICAO__SEM_REJEICAO_PREVIA;FAIXA_IDADE__IDADE_40_A_49;5;1;6;0.010000;0.3;1.19;0;1.06
688;FAIXA_IDADE__IDADE_40_A_49;FAIXA_RENDA__RENDA_MUITO_ALTA + CATEGORIA_FILHOS__SEM_FILHOS + SITUACAO_FAMILIAR__CASADO_OU_UNIAO_CIVIL + FAIXA_CREDITOS_ATIVOS__UM_A_DOIS_CREDITOS_ATIVOS + FAIXA_TAXA_REJEICAO__SEM_REJEICAO_PREVIA;1;5;6;0.010000;0.04;1.19;0;1.01
689;FAIXA_IDADE__IDADE_40_A_49 + SITUACAO_FAMILIAR__CASADO_OU_UNIAO_CIVIL;FAIXA_RENDA__RENDA_MUITO_ALTA + FAIXA_TAXA_REJEICAO__REJEICAO_PREVIA_ATE_25_PCT;2;2;4;0.010000;0.05;1.19;0;1.01
690;FAIXA_RENDA__RENDA_MUITO_ALTA + FAIXA_TAXA_REJEICAO__REJEICAO_PREVIA_ATE_25_PCT;FAIXA_IDADE__IDADE_40_A_49 + SITUACAO_FAMILIAR__CASADO_OU_UNIAO_CIVIL;2;2;4;0.010000;0.24;1.19;0;1.05
691;FAIXA_CREDITO__CREDITO_MUITO_ALTO + FAIXA_CREDITOS_ATIVOS__TRES_OU_MAIS_CREDITOS_ATIVOS;POSSE_CARRO__SEM_CARRO + FAIXA_TAXA_REJEICAO__REJEICAO_PREVIA_ACIMA_25_PCT;2;2;4;0.010000;0.13;1.18;0;1.02
692;POSSE_CARRO__SEM_CARRO + FAIXA_TAXA_REJEICAO__REJEICAO_PREVIA_ACIMA_25_PCT;FAIXA_CREDITO__CREDITO_MUITO_ALTO + FAIXA_CREDITOS_ATIVOS__TRES_OU_MAIS_CREDITOS_ATIVOS;2;2;4;0.010000;0.09;1.18;0;1.01
693;FAIXA_RENDA__RENDA_MEDIA + FAIXA_IDADE__IDADE_50_A_59 + FAIXA_CREDITOS_ATIVOS__UM_A_DOIS_CREDITOS_ATIVOS;POSSE_CARRO__SEM_CARRO + FAIXA_TAXA_REJEICAO__SEM_REJEICAO_PREVIA;3;2;5;0.010000;0.53;1.18;0;1.16
694;POSSE_CARRO__SEM_CARRO + FAIXA_TAXA_REJEICAO__SEM_REJEICAO_PREVIA;FAIXA_RENDA__RENDA_MEDIA + FAIXA_IDADE__IDADE_50_A_59 + FAIXA_CREDITOS_ATIVOS__UM_A_DOIS_CREDITOS_ATIVOS;2;3;5;0.010000;0.02;1.18;0;1
695;POSSE_CARRO__SEM_CARRO;FAIXA_RENDA__RENDA_BAIXA + FAIXA_IDADE__IDADE_21_A_29 + SITUACAO_FAMILIAR__CASADO_OU_UNIAO_CIVIL + FAIXA_CREDITOS_ATIVOS__UM_A_DOIS_CREDITOS_ATIVOS;1;4;5;0.010000;0.02;1.18;0;1
696;FAIXA_RENDA__RENDA_BAIXA + FAIXA_IDADE__IDADE_21_A_29 + SITUACAO_FAMILIAR__CASADO_OU_UNIAO_CIVIL + FAIXA_CREDITOS_ATIVOS__UM_A_DOIS_CREDITOS_ATIVOS;POSSE_CARRO__SEM_CARRO;4;1;5;0.010000;0.78;1.18;0;1.5
697;FAIXA_RENDA__RENDA_BAIXA + POSSE_CARRO__COM_CARRO + FAIXA_TAXA_REJEICAO__SEM_REJEICAO_PREVIA;CATEGORIA_FILHOS__UM_FILHO + SITUACAO_FAMILIAR__CASADO_OU_UNIAO_CIVIL;3;2;5;0.010000;0.2;1.18;0;1.03
698;CATEGORIA_FILHOS__UM_FILHO + SITUACAO_FAMILIAR__CASADO_OU_UNIAO_CIVIL;FAIXA_RENDA__RENDA_BAIXA + POSSE_CARRO__COM_CARRO + FAIXA_TAXA_REJEICAO__SEM_REJEICAO_PREVIA;2;3;5;0.010000;0.06;1.18;0;1.01
699;FAIXA_IDADE__IDADE_40_A_49 + CATEGORIA_FILHOS__SEM_FILHOS + SITUACAO_FAMILIAR__CASADO_OU_UNIAO_CIVIL;FAIXA_RENDA__RENDA_MUITO_ALTA + FAIXA_CREDITOS_ATIVOS__UM_A_DOIS_CREDITOS_ATIVOS + FAIXA_TAXA_REJEICAO__SEM_REJEICAO_PREVIA;3;3;6;0.010000;0.08;1.18;0;1.01
700;FAIXA_RENDA__RENDA_MUITO_ALTA + FAIXA_CREDITOS_ATIVOS__UM_A_DOIS_CREDITOS_ATIVOS + FAIXA_TAXA_REJEICAO__SEM_REJEICAO_PREVIA;FAIXA_IDADE__IDADE_40_A_49 + CATEGORIA_FILHOS__SEM_FILHOS + SITUACAO_FAMILIAR__CASADO_OU_UNIAO_CIVIL;3;3;6;0.010000;0.14;1.18;0;1.02
701;FAIXA_RENDA__RENDA_MEDIA + FAIXA_CREDITOS_ATIVOS__UM_A_DOIS_CREDITOS_ATIVOS + FAIXA_TAXA_REJEICAO__SEM_REJEICAO_PREVIA;FAIXA_IDADE__IDADE_50_A_59 + POSSE_CARRO__SEM_CARRO;3;2;5;0.010000;0.18;1.18;0;1.03
702;FAIXA_IDADE__IDADE_50_A_59 + POSSE_CARRO__SEM_CARRO;FAIXA_RENDA__RENDA_MEDIA + FAIXA_CREDITOS_ATIVOS__UM_A_DOIS_CREDITOS_ATIVOS + FAIXA_TAXA_REJEICAO__SEM_REJEICAO_PREVIA;2;3;5;0.010000;0.07;1.18;0;1.01
703;FAIXA_RENDA__RENDA_MEDIA + POSSE_CARRO__SEM_CARRO + SITUACAO_FAMILIAR__CASADO_OU_UNIAO_CIVIL;FAIXA_CREDITO__CREDITO_ALTO + FAIXA_CREDITOS_ATIVOS__UM_A_DOIS_CREDITOS_ATIVOS;3;2;5;0.010000;0.13;1.18;0;1.02
704;FAIXA_CREDITO__CREDITO_ALTO + FAIXA_CREDITOS_ATIVOS__UM_A_DOIS_CREDITOS_ATIVOS;FAIXA_RENDA__RENDA_MEDIA + POSSE_CARRO__SEM_CARRO + SITUACAO_FAMILIAR__CASADO_OU_UNIAO_CIVIL;2;3;5;0.010000;0.09;1.18;0;1.01
705;FAIXA_IDADE__IDADE_21_A_29 + SITUACAO_FAMILIAR__CASADO_OU_UNIAO_CIVIL;FAIXA_RENDA__RENDA_BAIXA + POSSE_CARRO__SEM_CARRO + FAIXA_CREDITOS_ATIVOS__UM_A_DOIS_CREDITOS_ATIVOS;2;3;5;0.010000;0.13;1.18;0;1.02
706;FAIXA_RENDA__RENDA_BAIXA + POSSE_CARRO__SEM_CARRO + FAIXA_CREDITOS_ATIVOS__UM_A_DOIS_CREDITOS_ATIVOS;FAIXA_IDADE__IDADE_21_A_29 + SITUACAO_FAMILIAR__CASADO_OU_UNIAO_CIVIL;3;2;5;0.010000;0.09;1.18;0;1.01
707;FAIXA_IDADE__IDADE_21_A_29 + POSSE_CARRO__SEM_CARRO + FAIXA_CREDITOS_ATIVOS__UM_A_DOIS_CREDITOS_ATIVOS;FAIXA_RENDA__RENDA_BAIXA + SITUACAO_FAMILIAR__CASADO_OU_UNIAO_CIVIL;3;2;5;0.010000;0.28;1.18;0;1.05
708;FAIXA_IDADE__IDADE_21_A_29 + POSSE_CARRO__SEM_CARRO + FAIXA_CREDITOS_ATIVOS__UM_A_DOIS_CREDITOS_ATIVOS;FAIXA_RENDA__RENDA_BAIXA + FAIXA_TAXA_REJEICAO__SEM_REJEICAO_PREVIA;3;2;5;0.010000;0.28;1.18;0;1.05
709;FAIXA_RENDA__RENDA_BAIXA + SITUACAO_FAMILIAR__CASADO_OU_UNIAO_CIVIL;FAIXA_IDADE__IDADE_21_A_29 + POSSE_CARRO__SEM_CARRO + FAIXA_CREDITOS_ATIVOS__UM_A_DOIS_CREDITOS_ATIVOS;2;3;5;0.010000;0.04;1.18;0;1.01
710;FAIXA_RENDA__RENDA_BAIXA + FAIXA_TAXA_REJEICAO__SEM_REJEICAO_PREVIA;FAIXA_IDADE__IDADE_21_A_29 + POSSE_CARRO__SEM_CARRO + FAIXA_CREDITOS_ATIVOS__UM_A_DOIS_CREDITOS_ATIVOS;2;3;5;0.010000;0.04;1.18;0;1.01
711;FAIXA_RENDA__RENDA_MEDIA;FAIXA_CREDITO__CREDITO_ALTO + POSSE_CARRO__SEM_CARRO + SITUACAO_FAMILIAR__CASADO_OU_UNIAO_CIVIL + FAIXA_CREDITOS_ATIVOS__UM_A_DOIS_CREDITOS_ATIVOS;1;4;5;0.010000;0.06;1.18;0;1.01
712;FAIXA_CREDITO__CREDITO_ALTO + POSSE_CARRO__SEM_CARRO + SITUACAO_FAMILIAR__CASADO_OU_UNIAO_CIVIL + FAIXA_CREDITOS_ATIVOS__UM_A_DOIS_CREDITOS_ATIVOS;FAIXA_RENDA__RENDA_MEDIA;4;1;5;0.010000;0.2;1.18;0;1.04
713;FAIXA_RENDA__RENDA_MEDIA + FAIXA_IDADE__IDADE_30_A_39 + SITUACAO_FAMILIAR__CASADO_OU_UNIAO_CIVIL;POSSE_CARRO__COM_CARRO + FAIXA_TAXA_REJEICAO__SEM_REJEICAO_PREVIA;3;2;5;0.010000;0.27;1.18;0;1.05
714;FAIXA_IDADE__IDADE_21_A_29 + CATEGORIA_FILHOS__SEM_FILHOS + SITUACAO_FAMILIAR__SOLTEIRO;POSSE_CARRO__COM_CARRO + FAIXA_TAXA_REJEICAO__SEM_REJEICAO_PREVIA;3;2;5;0.010000;0.27;1.18;0;1.05
715;POSSE_CARRO__COM_CARRO + FAIXA_TAXA_REJEICAO__SEM_REJEICAO_PREVIA;FAIXA_RENDA__RENDA_MEDIA + FAIXA_IDADE__IDADE_30_A_39 + SITUACAO_FAMILIAR__CASADO_OU_UNIAO_CIVIL;2;3;5;0.010000;0.04;1.18;0;1.01
716;POSSE_CARRO__COM_CARRO + FAIXA_TAXA_REJEICAO__SEM_REJEICAO_PREVIA;FAIXA_IDADE__IDADE_21_A_29 + CATEGORIA_FILHOS__SEM_FILHOS + SITUACAO_FAMILIAR__SOLTEIRO;2;3;5;0.010000;0.04;1.18;0;1.01
717;FAIXA_CREDITO__CREDITO_ALTO + SITUACAO_FAMILIAR__CASADO_OU_UNIAO_CIVIL + FAIXA_TAXA_REJEICAO__SEM_REJEICAO_PREVIA;FAIXA_RENDA__RENDA_BAIXA + FAIXA_IDADE__IDADE_50_A_59 + CATEGORIA_FILHOS__SEM_FILHOS;3;3;6;0.010000;0.08;1.17;0;1.01
718;FAIXA_RENDA__RENDA_BAIXA + FAIXA_IDADE__IDADE_50_A_59 + CATEGORIA_FILHOS__SEM_FILHOS;FAIXA_CREDITO__CREDITO_ALTO + SITUACAO_FAMILIAR__CASADO_OU_UNIAO_CIVIL + FAIXA_TAXA_REJEICAO__SEM_REJEICAO_PREVIA;3;3;6;0.010000;0.15;1.17;0;1.02
719;FAIXA_RENDA__RENDA_BAIXA + FAIXA_IDADE__IDADE_40_A_49 + CATEGORIA_FILHOS__SEM_FILHOS + FAIXA_CREDITOS_ATIVOS__UM_A_DOIS_CREDITOS_ATIVOS;POSSE_CARRO__SEM_CARRO + FAIXA_TAXA_REJEICAO__SEM_REJEICAO_PREVIA;4;2;6;0.010000;0.53;1.17;0;1.15
720;POSSE_CARRO__SEM_CARRO + FAIXA_TAXA_REJEICAO__SEM_REJEICAO_PREVIA;FAIXA_RENDA__RENDA_BAIXA + FAIXA_IDADE__IDADE_40_A_49 + CATEGORIA_FILHOS__SEM_FILHOS + FAIXA_CREDITOS_ATIVOS__UM_A_DOIS_CREDITOS_ATIVOS;2;4;6;0.010000;0.02;1.17;0;1
721;FAIXA_RENDA__RENDA_MUITO_ALTA + FAIXA_IDADE__IDADE_40_A_49 + SITUACAO_FAMILIAR__CASADO_OU_UNIAO_CIVIL;FAIXA_TAXA_REJEICAO__REJEICAO_PREVIA_ATE_25_PCT;3;1;4;0.010000;0.18;1.17;0;1.03
722;FAIXA_TAXA_REJEICAO__REJEICAO_PREVIA_ATE_25_PCT;FAIXA_RENDA__RENDA_MUITO_ALTA + FAIXA_IDADE__IDADE_40_A_49 + SITUACAO_FAMILIAR__CASADO_OU_UNIAO_CIVIL;1;3;4;0.010000;0.07;1.17;0;1.01
723;FAIXA_RENDA__RENDA_MUITO_ALTA + CATEGORIA_FILHOS__SEM_FILHOS + SITUACAO_FAMILIAR__CASADO_OU_UNIAO_CIVIL + FAIXA_CREDITOS_ATIVOS__UM_A_DOIS_CREDITOS_ATIVOS;FAIXA_IDADE__IDADE_40_A_49 + FAIXA_TAXA_REJEICAO__SEM_REJEICAO_PREVIA;4;2;6;0.010000;0.2;1.17;0;1.03
724;FAIXA_IDADE__IDADE_40_A_49 + FAIXA_TAXA_REJEICAO__SEM_REJEICAO_PREVIA;FAIXA_RENDA__RENDA_MUITO_ALTA + CATEGORIA_FILHOS__SEM_FILHOS + SITUACAO_FAMILIAR__CASADO_OU_UNIAO_CIVIL + FAIXA_CREDITOS_ATIVOS__UM_A_DOIS_CREDITOS_ATIVOS;2;4;6;0.010000;0.06;1.17;0;1.01
725;CATEGORIA_FILHOS__SEM_FILHOS + SITUACAO_FAMILIAR__CASADO_OU_UNIAO_CIVIL;FAIXA_RENDA__RENDA_BAIXA + FAIXA_IDADE__IDADE_60_OU_MAIS + POSSE_CARRO__SEM_CARRO + FAIXA_CREDITOS_ATIVOS__UM_A_DOIS_CREDITOS_ATIVOS + FAIXA_TAXA_REJEICAO__SEM_REJEICAO_PREVIA;2;5;7;0.010000;0.02;1.17;0;1
726;FAIXA_RENDA__RENDA_BAIXA + FAIXA_IDADE__IDADE_60_OU_MAIS + POSSE_CARRO__SEM_CARRO + FAIXA_CREDITOS_ATIVOS__UM_A_DOIS_CREDITOS_ATIVOS + FAIXA_TAXA_REJEICAO__SEM_REJEICAO_PREVIA;CATEGORIA_FILHOS__SEM_FILHOS + SITUACAO_FAMILIAR__CASADO_OU_UNIAO_CIVIL;5;2;7;0.010000;0.55;1.17;0;1.16
727;FAIXA_RENDA__RENDA_MEDIA + SITUACAO_FAMILIAR__CASADO_OU_UNIAO_CIVIL;FAIXA_IDADE__IDADE_30_A_39 + POSSE_CARRO__COM_CARRO + FAIXA_TAXA_REJEICAO__SEM_REJEICAO_PREVIA;2;3;5;0.010000;0.08;1.17;0;1.01
728;FAIXA_IDADE__IDADE_30_A_39 + POSSE_CARRO__COM_CARRO + FAIXA_TAXA_REJEICAO__SEM_REJEICAO_PREVIA;FAIXA_RENDA__RENDA_MEDIA + SITUACAO_FAMILIAR__CASADO_OU_UNIAO_CIVIL;3;2;5;0.010000;0.14;1.17;0;1.02
729;FAIXA_RENDA__RENDA_MEDIA + POSSE_CARRO__COM_CARRO;FAIXA_CREDITOS_ATIVOS__TRES_OU_MAIS_CREDITOS_ATIVOS + FAIXA_TAXA_REJEICAO__SEM_REJEICAO_PREVIA;2;2;4;0.010000;0.18;1.16;0;1.03
730;FAIXA_CREDITOS_ATIVOS__TRES_OU_MAIS_CREDITOS_ATIVOS + FAIXA_TAXA_REJEICAO__SEM_REJEICAO_PREVIA;FAIXA_RENDA__RENDA_MEDIA + POSSE_CARRO__COM_CARRO;2;2;4;0.010000;0.06;1.16;0;1.01
731;FAIXA_RENDA__RENDA_BAIXA + FAIXA_IDADE__IDADE_40_A_49 + CATEGORIA_FILHOS__SEM_FILHOS;POSSE_CARRO__SEM_CARRO + FAIXA_CREDITOS_ATIVOS__UM_A_DOIS_CREDITOS_ATIVOS + FAIXA_TAXA_REJEICAO__SEM_REJEICAO_PREVIA;3;3;6;0.010000;0.23;1.16;0;1.04
732;POSSE_CARRO__SEM_CARRO + FAIXA_CREDITOS_ATIVOS__UM_A_DOIS_CREDITOS_ATIVOS + FAIXA_TAXA_REJEICAO__SEM_REJEICAO_PREVIA;FAIXA_RENDA__RENDA_BAIXA + FAIXA_IDADE__IDADE_40_A_49 + CATEGORIA_FILHOS__SEM_FILHOS;3;3;6;0.010000;0.05;1.16;0;1.01
733;FAIXA_RENDA__RENDA_MUITO_ALTA;FAIXA_IDADE__IDADE_40_A_49 + CATEGORIA_FILHOS__SEM_FILHOS + SITUACAO_FAMILIAR__CASADO_OU_UNIAO_CIVIL + FAIXA_CREDITOS_ATIVOS__UM_A_DOIS_CREDITOS_ATIVOS + FAIXA_TAXA_REJEICAO__SEM_REJEICAO_PREVIA;1;5;6;0.010000;0.04;1.16;0;1.01
734;FAIXA_IDADE__IDADE_40_A_49 + CATEGORIA_FILHOS__SEM_FILHOS + SITUACAO_FAMILIAR__CASADO_OU_UNIAO_CIVIL + FAIXA_CREDITOS_ATIVOS__UM_A_DOIS_CREDITOS_ATIVOS + FAIXA_TAXA_REJEICAO__SEM_REJEICAO_PREVIA;FAIXA_RENDA__RENDA_MUITO_ALTA;5;1;6;0.010000;0.28;1.16;0;1.05
735;FAIXA_RENDA__RENDA_BAIXA + FAIXA_IDADE__IDADE_21_A_29 + POSSE_CARRO__SEM_CARRO + SITUACAO_FAMILIAR__CASADO_OU_UNIAO_CIVIL;FAIXA_CREDITOS_ATIVOS__UM_A_DOIS_CREDITOS_ATIVOS;4;1;5;0.010000;0.51;1.16;0;1.13
736;FAIXA_CREDITOS_ATIVOS__UM_A_DOIS_CREDITOS_ATIVOS;FAIXA_RENDA__RENDA_BAIXA + FAIXA_IDADE__IDADE_21_A_29 + POSSE_CARRO__SEM_CARRO + SITUACAO_FAMILIAR__CASADO_OU_UNIAO_CIVIL;1;4;5;0.010000;0.02;1.16;0;1
737;FAIXA_CREDITO__CREDITO_ALTO;FAIXA_RENDA__RENDA_MEDIA + POSSE_CARRO__SEM_CARRO + SITUACAO_FAMILIAR__CASADO_OU_UNIAO_CIVIL + FAIXA_CREDITOS_ATIVOS__UM_A_DOIS_CREDITOS_ATIVOS;1;4;5;0.010000;0.04;1.16;0;1.01
738;FAIXA_RENDA__RENDA_MEDIA + POSSE_CARRO__SEM_CARRO + SITUACAO_FAMILIAR__CASADO_OU_UNIAO_CIVIL + FAIXA_CREDITOS_ATIVOS__UM_A_DOIS_CREDITOS_ATIVOS;FAIXA_CREDITO__CREDITO_ALTO;4;1;5;0.010000;0.29;1.16;0;1.05
739;FAIXA_RENDA__RENDA_BAIXA + FAIXA_IDADE__IDADE_60_OU_MAIS + CATEGORIA_FILHOS__SEM_FILHOS + FAIXA_CREDITOS_ATIVOS__UM_A_DOIS_CREDITOS_ATIVOS;POSSE_CARRO__SEM_CARRO + SITUACAO_FAMILIAR__CASADO_OU_UNIAO_CIVIL + FAIXA_TAXA_REJEICAO__SEM_REJEICAO_PREVIA;4;3;7;0.010000;0.36;1.16;0;1.07
740;POSSE_CARRO__SEM_CARRO + SITUACAO_FAMILIAR__CASADO_OU_UNIAO_CIVIL + FAIXA_TAXA_REJEICAO__SEM_REJEICAO_PREVIA;FAIXA_RENDA__RENDA_BAIXA + FAIXA_IDADE__IDADE_60_OU_MAIS + CATEGORIA_FILHOS__SEM_FILHOS + FAIXA_CREDITOS_ATIVOS__UM_A_DOIS_CREDITOS_ATIVOS;3;4;7;0.010000;0.03;1.16;0;1
741;FAIXA_RENDA__RENDA_MUITO_ALTA + CATEGORIA_FILHOS__SEM_FILHOS + SITUACAO_FAMILIAR__CASADO_OU_UNIAO_CIVIL;FAIXA_IDADE__IDADE_40_A_49 + FAIXA_CREDITOS_ATIVOS__UM_A_DOIS_CREDITOS_ATIVOS + FAIXA_TAXA_REJEICAO__SEM_REJEICAO_PREVIA;3;3;6;0.010000;0.09;1.16;0;1.01
742;FAIXA_IDADE__IDADE_40_A_49 + FAIXA_CREDITOS_ATIVOS__UM_A_DOIS_CREDITOS_ATIVOS + FAIXA_TAXA_REJEICAO__SEM_REJEICAO_PREVIA;FAIXA_RENDA__RENDA_MUITO_ALTA + CATEGORIA_FILHOS__SEM_FILHOS + SITUACAO_FAMILIAR__CASADO_OU_UNIAO_CIVIL;3;3;6;0.010000;0.13;1.16;0;1.02
743;FAIXA_RENDA__RENDA_MEDIA + FAIXA_IDADE__IDADE_50_A_59 + POSSE_CARRO__SEM_CARRO;FAIXA_CREDITOS_ATIVOS__UM_A_DOIS_CREDITOS_ATIVOS + FAIXA_TAXA_REJEICAO__SEM_REJEICAO_PREVIA;3;2;5;0.010000;0.35;1.16;0;1.07
744;FAIXA_CREDITOS_ATIVOS__UM_A_DOIS_CREDITOS_ATIVOS + FAIXA_TAXA_REJEICAO__SEM_REJEICAO_PREVIA;FAIXA_RENDA__RENDA_MEDIA + FAIXA_IDADE__IDADE_50_A_59 + POSSE_CARRO__SEM_CARRO;2;3;5;0.010000;0.03;1.16;0;1
745;FAIXA_RENDA__RENDA_ALTA + SITUACAO_FAMILIAR__CASADO_OU_UNIAO_CIVIL;FAIXA_IDADE__IDADE_30_A_39 + FAIXA_CREDITOS_ATIVOS__TRES_OU_MAIS_CREDITOS_ATIVOS + FAIXA_TAXA_REJEICAO__SEM_REJEICAO_PREVIA;2;3;5;0.010000;0.05;1.16;0;1.01
746;FAIXA_IDADE__IDADE_30_A_39 + FAIXA_CREDITOS_ATIVOS__TRES_OU_MAIS_CREDITOS_ATIVOS + FAIXA_TAXA_REJEICAO__SEM_REJEICAO_PREVIA;FAIXA_RENDA__RENDA_ALTA + SITUACAO_FAMILIAR__CASADO_OU_UNIAO_CIVIL;3;2;5;0.010000;0.22;1.16;0;1.04
747;FAIXA_IDADE__IDADE_21_A_29 + CATEGORIA_FILHOS__SEM_FILHOS;FAIXA_CREDITO__CREDITO_BAIXO + FAIXA_RENDA__RENDA_BAIXA + POSSE_CARRO__SEM_CARRO;2;3;5;0.010000;0.12;1.16;0;1.02
748;FAIXA_CREDITO__CREDITO_BAIXO + FAIXA_RENDA__RENDA_BAIXA + POSSE_CARRO__SEM_CARRO;FAIXA_IDADE__IDADE_21_A_29 + CATEGORIA_FILHOS__SEM_FILHOS;3;2;5;0.010000;0.09;1.16;0;1.01
749;FAIXA_RENDA__RENDA_ALTA + SITUACAO_FAMILIAR__CASADO_OU_UNIAO_CIVIL;FAIXA_IDADE__IDADE_50_A_59 + POSSE_CARRO__COM_CARRO + FAIXA_TAXA_REJEICAO__SEM_REJEICAO_PREVIA;2;3;5;0.010000;0.05;1.15;0;1.01
750;FAIXA_IDADE__IDADE_50_A_59 + POSSE_CARRO__COM_CARRO + FAIXA_TAXA_REJEICAO__SEM_REJEICAO_PREVIA;FAIXA_RENDA__RENDA_ALTA + SITUACAO_FAMILIAR__CASADO_OU_UNIAO_CIVIL;3;2;5;0.010000;0.22;1.15;0;1.04
751;FAIXA_CREDITO__CREDITO_ALTO;FAIXA_RENDA__RENDA_ALTA + FAIXA_IDADE__IDADE_50_A_59 + CATEGORIA_FILHOS__SEM_FILHOS + POSSE_CARRO__SEM_CARRO;1;4;5;0.010000;0.04;1.15;0;1.01
752;FAIXA_RENDA__RENDA_ALTA + FAIXA_IDADE__IDADE_50_A_59 + CATEGORIA_FILHOS__SEM_FILHOS + POSSE_CARRO__SEM_CARRO;FAIXA_CREDITO__CREDITO_ALTO;4;1;5;0.010000;0.29;1.15;0;1.05
753;POSSE_CARRO__SEM_CARRO + FAIXA_TAXA_REJEICAO__SEM_REJEICAO_PREVIA;FAIXA_CREDITO__CREDITO_MEDIO + FAIXA_IDADE__IDADE_50_A_59 + CATEGORIA_FILHOS__SEM_FILHOS + FAIXA_CREDITOS_ATIVOS__UM_A_DOIS_CREDITOS_ATIVOS;2;4;6;0.010000;0.02;1.15;0;1
754;FAIXA_CREDITO__CREDITO_MEDIO + FAIXA_IDADE__IDADE_50_A_59 + CATEGORIA_FILHOS__SEM_FILHOS + FAIXA_CREDITOS_ATIVOS__UM_A_DOIS_CREDITOS_ATIVOS;POSSE_CARRO__SEM_CARRO + FAIXA_TAXA_REJEICAO__SEM_REJEICAO_PREVIA;4;2;6;0.010000;0.52;1.15;0;1.13
755;FAIXA_IDADE__IDADE_21_A_29 + CATEGORIA_FILHOS__SEM_FILHOS + POSSE_CARRO__COM_CARRO + SITUACAO_FAMILIAR__SOLTEIRO;FAIXA_TAXA_REJEICAO__SEM_REJEICAO_PREVIA;4;1;5;0.010000;0.78;1.15;0;1.43
756;FAIXA_TAXA_REJEICAO__SEM_REJEICAO_PREVIA;FAIXA_IDADE__IDADE_21_A_29 + CATEGORIA_FILHOS__SEM_FILHOS + POSSE_CARRO__COM_CARRO + SITUACAO_FAMILIAR__SOLTEIRO;1;4;5;0.010000;0.01;1.15;0;1
757;FAIXA_CREDITO__CREDITO_BAIXO + FAIXA_RENDA__RENDA_BAIXA + CATEGORIA_FILHOS__SEM_FILHOS;FAIXA_IDADE__IDADE_50_A_59 + FAIXA_CREDITOS_ATIVOS__UM_A_DOIS_CREDITOS_ATIVOS;3;2;5;0.010000;0.1;1.15;0;1.01
758;FAIXA_IDADE__IDADE_50_A_59 + FAIXA_CREDITOS_ATIVOS__UM_A_DOIS_CREDITOS_ATIVOS;FAIXA_CREDITO__CREDITO_BAIXO + FAIXA_RENDA__RENDA_BAIXA + CATEGORIA_FILHOS__SEM_FILHOS;2;3;5;0.010000;0.11;1.15;0;1.01
759;FAIXA_CREDITO__CREDITO_ALTO;FAIXA_RENDA__RENDA_MUITO_ALTA + POSSE_CARRO__SEM_CARRO + FAIXA_CREDITOS_ATIVOS__UM_A_DOIS_CREDITOS_ATIVOS + FAIXA_TAXA_REJEICAO__SEM_REJEICAO_PREVIA;1;4;5;0.010000;0.04;1.15;0;1
760;FAIXA_RENDA__RENDA_MUITO_ALTA + POSSE_CARRO__SEM_CARRO + FAIXA_CREDITOS_ATIVOS__UM_A_DOIS_CREDITOS_ATIVOS + FAIXA_TAXA_REJEICAO__SEM_REJEICAO_PREVIA;FAIXA_CREDITO__CREDITO_ALTO;4;1;5;0.010000;0.29;1.15;0;1.05
761;POSSE_CARRO__SEM_CARRO;FAIXA_CREDITO__CREDITO_MEDIO + FAIXA_IDADE__IDADE_50_A_59 + CATEGORIA_FILHOS__SEM_FILHOS + FAIXA_CREDITOS_ATIVOS__UM_A_DOIS_CREDITOS_ATIVOS + FAIXA_TAXA_REJEICAO__SEM_REJEICAO_PREVIA;1;5;6;0.010000;0.02;1.15;0;1
762;FAIXA_CREDITO__CREDITO_MEDIO + FAIXA_IDADE__IDADE_50_A_59 + CATEGORIA_FILHOS__SEM_FILHOS + FAIXA_CREDITOS_ATIVOS__UM_A_DOIS_CREDITOS_ATIVOS + FAIXA_TAXA_REJEICAO__SEM_REJEICAO_PREVIA;POSSE_CARRO__SEM_CARRO;5;1;6;0.010000;0.76;1.15;0;1.36
763;FAIXA_RENDA__RENDA_MEDIA + SITUACAO_FAMILIAR__CASADO_OU_UNIAO_CIVIL;FAIXA_CREDITO__CREDITO_ALTO + POSSE_CARRO__SEM_CARRO + FAIXA_CREDITOS_ATIVOS__UM_A_DOIS_CREDITOS_ATIVOS;2;3;5;0.010000;0.08;1.15;0;1.01
764;FAIXA_CREDITO__CREDITO_ALTO + POSSE_CARRO__SEM_CARRO + FAIXA_CREDITOS_ATIVOS__UM_A_DOIS_CREDITOS_ATIVOS;FAIXA_RENDA__RENDA_MEDIA + SITUACAO_FAMILIAR__CASADO_OU_UNIAO_CIVIL;3;2;5;0.010000;0.14;1.15;0;1.02
765;FAIXA_RENDA__RENDA_ALTA + FAIXA_IDADE__IDADE_30_A_39 + SITUACAO_FAMILIAR__CASADO_OU_UNIAO_CIVIL;FAIXA_CREDITOS_ATIVOS__TRES_OU_MAIS_CREDITOS_ATIVOS + FAIXA_TAXA_REJEICAO__SEM_REJEICAO_PREVIA;3;2;5;0.010000;0.18;1.15;0;1.03
766;FAIXA_CREDITOS_ATIVOS__TRES_OU_MAIS_CREDITOS_ATIVOS + FAIXA_TAXA_REJEICAO__SEM_REJEICAO_PREVIA;FAIXA_RENDA__RENDA_ALTA + FAIXA_IDADE__IDADE_30_A_39 + SITUACAO_FAMILIAR__CASADO_OU_UNIAO_CIVIL;2;3;5;0.010000;0.06;1.15;0;1.01
767;FAIXA_RENDA__RENDA_MEDIA + FAIXA_IDADE__IDADE_50_A_59 + POSSE_CARRO__SEM_CARRO + FAIXA_CREDITOS_ATIVOS__UM_A_DOIS_CREDITOS_ATIVOS;FAIXA_TAXA_REJEICAO__SEM_REJEICAO_PREVIA;4;1;5;0.010000;0.78;1.14;0;1.39
768;FAIXA_TAXA_REJEICAO__SEM_REJEICAO_PREVIA;FAIXA_RENDA__RENDA_MEDIA + FAIXA_IDADE__IDADE_50_A_59 + POSSE_CARRO__SEM_CARRO + FAIXA_CREDITOS_ATIVOS__UM_A_DOIS_CREDITOS_ATIVOS;1;4;5;0.010000;0.01;1.14;0;1
769;FAIXA_CREDITO__CREDITO_BAIXO + POSSE_CARRO__COM_CARRO;SITUACAO_FAMILIAR__CASADO_OU_UNIAO_CIVIL + FAIXA_TAXA_REJEICAO__REJEICAO_PREVIA_ACIMA_25_PCT;2;2;4;0.010000;0.14;1.14;0;1.02
770;SITUACAO_FAMILIAR__CASADO_OU_UNIAO_CIVIL + FAIXA_TAXA_REJEICAO__REJEICAO_PREVIA_ACIMA_25_PCT;FAIXA_CREDITO__CREDITO_BAIXO + POSSE_CARRO__COM_CARRO;2;2;4;0.010000;0.08;1.14;0;1.01
771;FAIXA_RENDA__RENDA_BAIXA + FAIXA_IDADE__IDADE_60_OU_MAIS + FAIXA_CREDITOS_ATIVOS__UM_A_DOIS_CREDITOS_ATIVOS;POSSE_CARRO__SEM_CARRO + SITUACAO_FAMILIAR__CASADO_OU_UNIAO_CIVIL + FAIXA_TAXA_REJEICAO__SEM_REJEICAO_PREVIA;3;3;6;0.010000;0.35;1.14;0;1.06
772;POSSE_CARRO__SEM_CARRO + SITUACAO_FAMILIAR__CASADO_OU_UNIAO_CIVIL + FAIXA_TAXA_REJEICAO__SEM_REJEICAO_PREVIA;FAIXA_RENDA__RENDA_BAIXA + FAIXA_IDADE__IDADE_60_OU_MAIS + FAIXA_CREDITOS_ATIVOS__UM_A_DOIS_CREDITOS_ATIVOS;3;3;6;0.010000;0.03;1.14;0;1
773;FAIXA_CREDITOS_ATIVOS__UM_A_DOIS_CREDITOS_ATIVOS;FAIXA_RENDA__RENDA_MEDIA + FAIXA_IDADE__IDADE_50_A_59 + POSSE_CARRO__SEM_CARRO + FAIXA_TAXA_REJEICAO__SEM_REJEICAO_PREVIA;1;4;5;0.010000;0.02;1.14;0;1
774;FAIXA_RENDA__RENDA_MEDIA + FAIXA_IDADE__IDADE_50_A_59 + POSSE_CARRO__SEM_CARRO + FAIXA_TAXA_REJEICAO__SEM_REJEICAO_PREVIA;FAIXA_CREDITOS_ATIVOS__UM_A_DOIS_CREDITOS_ATIVOS;4;1;5;0.010000;0.5;1.14;0;1.11
775;POSSE_CARRO__SEM_CARRO + FAIXA_CREDITOS_ATIVOS__UM_A_DOIS_CREDITOS_ATIVOS;FAIXA_RENDA__RENDA_BAIXA + FAIXA_IDADE__IDADE_40_A_49 + CATEGORIA_FILHOS__SEM_FILHOS + FAIXA_TAXA_REJEICAO__SEM_REJEICAO_PREVIA;2;4;6;0.010000;0.04;1.14;0;1
776;FAIXA_RENDA__RENDA_BAIXA + FAIXA_IDADE__IDADE_40_A_49 + CATEGORIA_FILHOS__SEM_FILHOS + FAIXA_TAXA_REJEICAO__SEM_REJEICAO_PREVIA;POSSE_CARRO__SEM_CARRO + FAIXA_CREDITOS_ATIVOS__UM_A_DOIS_CREDITOS_ATIVOS;4;2;6;0.010000;0.32;1.14;0;1.05
777;FAIXA_CREDITO__CREDITO_ALTO + FAIXA_RENDA__RENDA_BAIXA + FAIXA_IDADE__IDADE_50_A_59 + CATEGORIA_FILHOS__SEM_FILHOS + SITUACAO_FAMILIAR__CASADO_OU_UNIAO_CIVIL;FAIXA_TAXA_REJEICAO__SEM_REJEICAO_PREVIA;5;1;6;0.010000;0.77;1.14;0;1.35
778;FAIXA_TAXA_REJEICAO__SEM_REJEICAO_PREVIA;FAIXA_CREDITO__CREDITO_ALTO + FAIXA_RENDA__RENDA_BAIXA + FAIXA_IDADE__IDADE_50_A_59 + CATEGORIA_FILHOS__SEM_FILHOS + SITUACAO_FAMILIAR__CASADO_OU_UNIAO_CIVIL;1;5;6;0.010000;0.01;1.14;0;1
779;FAIXA_CREDITOS_ATIVOS__UM_A_DOIS_CREDITOS_ATIVOS;FAIXA_RENDA__RENDA_MUITO_ALTA + FAIXA_IDADE__IDADE_40_A_49 + CATEGORIA_FILHOS__SEM_FILHOS + SITUACAO_FAMILIAR__CASADO_OU_UNIAO_CIVIL + FAIXA_TAXA_REJEICAO__SEM_REJEICAO_PREVIA;1;5;6;0.010000;0.02;1.13;0;1
780;FAIXA_RENDA__RENDA_MUITO_ALTA + FAIXA_IDADE__IDADE_40_A_49 + CATEGORIA_FILHOS__SEM_FILHOS + SITUACAO_FAMILIAR__CASADO_OU_UNIAO_CIVIL + FAIXA_TAXA_REJEICAO__SEM_REJEICAO_PREVIA;FAIXA_CREDITOS_ATIVOS__UM_A_DOIS_CREDITOS_ATIVOS;5;1;6;0.010000;0.49;1.13;0;1.1
781;FAIXA_CREDITO__CREDITO_ALTO + FAIXA_RENDA__RENDA_BAIXA + FAIXA_IDADE__IDADE_50_A_59 + CATEGORIA_FILHOS__SEM_FILHOS;SITUACAO_FAMILIAR__CASADO_OU_UNIAO_CIVIL + FAIXA_TAXA_REJEICAO__SEM_REJEICAO_PREVIA;4;2;6;0.010000;0.56;1.13;0;1.13
782;SITUACAO_FAMILIAR__CASADO_OU_UNIAO_CIVIL + FAIXA_TAXA_REJEICAO__SEM_REJEICAO_PREVIA;FAIXA_CREDITO__CREDITO_ALTO + FAIXA_RENDA__RENDA_BAIXA + FAIXA_IDADE__IDADE_50_A_59 + CATEGORIA_FILHOS__SEM_FILHOS;2;4;6;0.010000;0.02;1.13;0;1
783;FAIXA_CREDITO__CREDITO_BAIXO + FAIXA_RENDA__RENDA_BAIXA + FAIXA_IDADE__IDADE_40_A_49 + SITUACAO_FAMILIAR__CASADO_OU_UNIAO_CIVIL + FAIXA_TAXA_REJEICAO__SEM_REJEICAO_PREVIA;POSSE_CARRO__SEM_CARRO;5;1;6;0.010000;0.75;1.13;0;1.3
784;POSSE_CARRO__SEM_CARRO;FAIXA_CREDITO__CREDITO_BAIXO + FAIXA_RENDA__RENDA_BAIXA + FAIXA_IDADE__IDADE_40_A_49 + SITUACAO_FAMILIAR__CASADO_OU_UNIAO_CIVIL + FAIXA_TAXA_REJEICAO__SEM_REJEICAO_PREVIA;1;5;6;0.010000;0.02;1.13;0;1
785;FAIXA_RENDA__RENDA_ALTA;FAIXA_CREDITO__CREDITO_ALTO + CATEGORIA_FILHOS__UM_FILHO + FAIXA_TAXA_REJEICAO__SEM_REJEICAO_PREVIA;1;3;4;0.010000;0.04;1.13;0;1
786;FAIXA_CREDITO__CREDITO_ALTO + CATEGORIA_FILHOS__UM_FILHO + FAIXA_TAXA_REJEICAO__SEM_REJEICAO_PREVIA;FAIXA_RENDA__RENDA_ALTA;3;1;4;0.010000;0.29;1.13;0;1.04
787;FAIXA_CREDITO__CREDITO_ALTO + POSSE_CARRO__SEM_CARRO + SITUACAO_FAMILIAR__CASADO_OU_UNIAO_CIVIL;FAIXA_RENDA__RENDA_MEDIA + FAIXA_CREDITOS_ATIVOS__UM_A_DOIS_CREDITOS_ATIVOS;3;2;5;0.010000;0.09;1.13;0;1.01
788;FAIXA_RENDA__RENDA_MEDIA + FAIXA_CREDITOS_ATIVOS__UM_A_DOIS_CREDITOS_ATIVOS;FAIXA_CREDITO__CREDITO_ALTO + POSSE_CARRO__SEM_CARRO + SITUACAO_FAMILIAR__CASADO_OU_UNIAO_CIVIL;2;3;5;0.010000;0.13;1.13;0;1.02
789;FAIXA_CREDITO__CREDITO_MEDIO + FAIXA_RENDA__RENDA_MUITO_ALTA + SITUACAO_FAMILIAR__CASADO_OU_UNIAO_CIVIL;FAIXA_IDADE__IDADE_30_A_39;3;1;4;0.010000;0.3;1.13;0;1.04
790;FAIXA_IDADE__IDADE_30_A_39;FAIXA_CREDITO__CREDITO_MEDIO + FAIXA_RENDA__RENDA_MUITO_ALTA + SITUACAO_FAMILIAR__CASADO_OU_UNIAO_CIVIL;1;3;4;0.010000;0.04;1.13;0;1
791;FAIXA_CREDITO__CREDITO_MEDIO + FAIXA_RENDA__RENDA_MUITO_ALTA + POSSE_CARRO__COM_CARRO;FAIXA_CREDITOS_ATIVOS__UM_A_DOIS_CREDITOS_ATIVOS;3;1;4;0.010000;0.49;1.13;0;1.1
792;FAIXA_CREDITOS_ATIVOS__UM_A_DOIS_CREDITOS_ATIVOS;FAIXA_CREDITO__CREDITO_MEDIO + FAIXA_RENDA__RENDA_MUITO_ALTA + POSSE_CARRO__COM_CARRO;1;3;4;0.010000;0.02;1.13;0;1
793;FAIXA_RENDA__RENDA_BAIXA + FAIXA_IDADE__IDADE_60_OU_MAIS + POSSE_CARRO__SEM_CARRO + FAIXA_TAXA_REJEICAO__SEM_REJEICAO_PREVIA;CATEGORIA_FILHOS__SEM_FILHOS + SITUACAO_FAMILIAR__CASADO_OU_UNIAO_CIVIL + FAIXA_CREDITOS_ATIVOS__UM_A_DOIS_CREDITOS_ATIVOS;4;3;7;0.010000;0.23;1.13;0;1.03
794;CATEGORIA_FILHOS__SEM_FILHOS + SITUACAO_FAMILIAR__CASADO_OU_UNIAO_CIVIL + FAIXA_CREDITOS_ATIVOS__UM_A_DOIS_CREDITOS_ATIVOS;FAIXA_RENDA__RENDA_BAIXA + FAIXA_IDADE__IDADE_60_OU_MAIS + POSSE_CARRO__SEM_CARRO + FAIXA_TAXA_REJEICAO__SEM_REJEICAO_PREVIA;3;4;7;0.010000;0.05;1.13;0;1.01
795;POSSE_CARRO__SEM_CARRO;FAIXA_CREDITO__CREDITO_MEDIO + FAIXA_IDADE__IDADE_50_A_59 + CATEGORIA_FILHOS__SEM_FILHOS + FAIXA_CREDITOS_ATIVOS__TRES_OU_MAIS_CREDITOS_ATIVOS;1;4;5;0.010000;0.02;1.12;0;1
796;FAIXA_CREDITO__CREDITO_MEDIO + FAIXA_IDADE__IDADE_50_A_59 + CATEGORIA_FILHOS__SEM_FILHOS + FAIXA_CREDITOS_ATIVOS__TRES_OU_MAIS_CREDITOS_ATIVOS;POSSE_CARRO__SEM_CARRO;4;1;5;0.010000;0.74;1.12;0;1.27
797;FAIXA_CREDITO__CREDITO_ALTO + FAIXA_RENDA__RENDA_MEDIA;POSSE_CARRO__SEM_CARRO + SITUACAO_FAMILIAR__CASADO_OU_UNIAO_CIVIL + FAIXA_CREDITOS_ATIVOS__UM_A_DOIS_CREDITOS_ATIVOS;2;3;5;0.010000;0.22;1.12;0;1.03
798;POSSE_CARRO__SEM_CARRO + SITUACAO_FAMILIAR__CASADO_OU_UNIAO_CIVIL + FAIXA_CREDITOS_ATIVOS__UM_A_DOIS_CREDITOS_ATIVOS;FAIXA_CREDITO__CREDITO_ALTO + FAIXA_RENDA__RENDA_MEDIA;3;2;5;0.010000;0.05;1.12;0;1.01
799;FAIXA_IDADE__IDADE_30_A_39;FAIXA_RENDA__RENDA_ALTA + SITUACAO_FAMILIAR__CASADO_OU_UNIAO_CIVIL + FAIXA_CREDITOS_ATIVOS__TRES_OU_MAIS_CREDITOS_ATIVOS + FAIXA_TAXA_REJEICAO__SEM_REJEICAO_PREVIA;1;4;5;0.010000;0.04;1.12;0;1
800;FAIXA_RENDA__RENDA_ALTA + SITUACAO_FAMILIAR__CASADO_OU_UNIAO_CIVIL + FAIXA_CREDITOS_ATIVOS__TRES_OU_MAIS_CREDITOS_ATIVOS + FAIXA_TAXA_REJEICAO__SEM_REJEICAO_PREVIA;FAIXA_IDADE__IDADE_30_A_39;4;1;5;0.010000;0.3;1.12;0;1.04
801;FAIXA_RENDA__RENDA_MEDIA + SITUACAO_FAMILIAR__CASADO_OU_UNIAO_CIVIL + FAIXA_TAXA_REJEICAO__SEM_REJEICAO_PREVIA;FAIXA_IDADE__IDADE_30_A_39 + POSSE_CARRO__COM_CARRO;3;2;5;0.010000;0.12;1.12;0;1.01
802;FAIXA_IDADE__IDADE_30_A_39 + POSSE_CARRO__COM_CARRO;FAIXA_RENDA__RENDA_MEDIA + SITUACAO_FAMILIAR__CASADO_OU_UNIAO_CIVIL + FAIXA_TAXA_REJEICAO__SEM_REJEICAO_PREVIA;2;3;5;0.010000;0.09;1.12;0;1.01
803;POSSE_CARRO__COM_CARRO;FAIXA_CREDITO__CREDITO_ALTO + FAIXA_IDADE__IDADE_40_A_49 + FAIXA_CREDITOS_ATIVOS__UM_A_DOIS_CREDITOS_ATIVOS;1;3;4;0.010000;0.03;1.12;0;1
804;FAIXA_CREDITO__CREDITO_ALTO + FAIXA_IDADE__IDADE_40_A_49 + FAIXA_CREDITOS_ATIVOS__UM_A_DOIS_CREDITOS_ATIVOS;POSSE_CARRO__COM_CARRO;3;1;4;0.010000;0.38;1.12;0;1.06
805;FAIXA_CREDITO__CREDITO_ALTO;FAIXA_RENDA__RENDA_ALTA + CATEGORIA_FILHOS__UM_FILHO + FAIXA_TAXA_REJEICAO__SEM_REJEICAO_PREVIA;1;3;4;0.010000;0.04;1.12;0;1
806;FAIXA_RENDA__RENDA_ALTA + CATEGORIA_FILHOS__UM_FILHO + FAIXA_TAXA_REJEICAO__SEM_REJEICAO_PREVIA;FAIXA_CREDITO__CREDITO_ALTO;3;1;4;0.010000;0.28;1.12;0;1.04
807;FAIXA_RENDA__RENDA_BAIXA + FAIXA_IDADE__IDADE_21_A_29 + FAIXA_CREDITOS_ATIVOS__UM_A_DOIS_CREDITOS_ATIVOS;POSSE_CARRO__SEM_CARRO + FAIXA_TAXA_REJEICAO__SEM_REJEICAO_PREVIA;3;2;5;0.010000;0.5;1.11;0;1.09
808;POSSE_CARRO__SEM_CARRO + FAIXA_TAXA_REJEICAO__SEM_REJEICAO_PREVIA;FAIXA_RENDA__RENDA_BAIXA + FAIXA_IDADE__IDADE_21_A_29 + FAIXA_CREDITOS_ATIVOS__UM_A_DOIS_CREDITOS_ATIVOS;2;3;5;0.010000;0.02;1.11;0;1
809;FAIXA_RENDA__RENDA_BAIXA + POSSE_CARRO__SEM_CARRO;FAIXA_CREDITO__CREDITO_MEDIO + FAIXA_IDADE__IDADE_21_A_29;2;2;4;0.010000;0.04;1.11;0;1
810;FAIXA_CREDITO__CREDITO_MEDIO + FAIXA_IDADE__IDADE_21_A_29;FAIXA_RENDA__RENDA_BAIXA + POSSE_CARRO__SEM_CARRO;2;2;4;0.010000;0.28;1.11;0;1.04
811;FAIXA_CREDITO__CREDITO_MEDIO + FAIXA_IDADE__IDADE_50_A_59 + CATEGORIA_FILHOS__SEM_FILHOS + FAIXA_TAXA_REJEICAO__SEM_REJEICAO_PREVIA;POSSE_CARRO__SEM_CARRO + FAIXA_CREDITOS_ATIVOS__UM_A_DOIS_CREDITOS_ATIVOS;4;2;6;0.010000;0.32;1.11;0;1.04
812;POSSE_CARRO__SEM_CARRO + FAIXA_CREDITOS_ATIVOS__UM_A_DOIS_CREDITOS_ATIVOS;FAIXA_CREDITO__CREDITO_MEDIO + FAIXA_IDADE__IDADE_50_A_59 + CATEGORIA_FILHOS__SEM_FILHOS + FAIXA_TAXA_REJEICAO__SEM_REJEICAO_PREVIA;2;4;6;0.010000;0.04;1.11;0;1
813;FAIXA_IDADE__IDADE_40_A_49 + SITUACAO_FAMILIAR__CASADO_OU_UNIAO_CIVIL + FAIXA_CREDITOS_ATIVOS__UM_A_DOIS_CREDITOS_ATIVOS;FAIXA_RENDA__RENDA_MUITO_ALTA + CATEGORIA_FILHOS__SEM_FILHOS + FAIXA_TAXA_REJEICAO__SEM_REJEICAO_PREVIA;3;3;6;0.010000;0.11;1.11;0;1.01
814;FAIXA_RENDA__RENDA_MUITO_ALTA + CATEGORIA_FILHOS__SEM_FILHOS + FAIXA_TAXA_REJEICAO__SEM_REJEICAO_PREVIA;FAIXA_IDADE__IDADE_40_A_49 + SITUACAO_FAMILIAR__CASADO_OU_UNIAO_CIVIL + FAIXA_CREDITOS_ATIVOS__UM_A_DOIS_CREDITOS_ATIVOS;3;3;6;0.010000;0.1;1.11;0;1.01
815;FAIXA_CREDITO__CREDITO_MEDIO + CATEGORIA_FILHOS__DOIS_OU_MAIS_FILHOS + SITUACAO_FAMILIAR__CASADO_OU_UNIAO_CIVIL;FAIXA_CREDITOS_ATIVOS__UM_A_DOIS_CREDITOS_ATIVOS;3;1;4;0.010000;0.48;1.11;0;1.08
816;FAIXA_CREDITOS_ATIVOS__UM_A_DOIS_CREDITOS_ATIVOS;FAIXA_CREDITO__CREDITO_MEDIO + CATEGORIA_FILHOS__DOIS_OU_MAIS_FILHOS + SITUACAO_FAMILIAR__CASADO_OU_UNIAO_CIVIL;1;3;4;0.010000;0.02;1.11;0;1
817;FAIXA_RENDA__RENDA_ALTA + POSSE_CARRO__SEM_CARRO;FAIXA_CREDITO__CREDITO_ALTO + FAIXA_IDADE__IDADE_50_A_59 + CATEGORIA_FILHOS__SEM_FILHOS;2;3;5;0.010000;0.06;1.11;0;1.01
818;FAIXA_CREDITO__CREDITO_ALTO + FAIXA_IDADE__IDADE_50_A_59 + CATEGORIA_FILHOS__SEM_FILHOS;FAIXA_RENDA__RENDA_ALTA + POSSE_CARRO__SEM_CARRO;3;2;5;0.010000;0.18;1.11;0;1.02
819;FAIXA_RENDA__RENDA_MEDIA + FAIXA_IDADE__IDADE_30_A_39 + POSSE_CARRO__COM_CARRO;SITUACAO_FAMILIAR__CASADO_OU_UNIAO_CIVIL + FAIXA_TAXA_REJEICAO__SEM_REJEICAO_PREVIA;3;2;5;0.010000;0.55;1.11;0;1.11
820;SITUACAO_FAMILIAR__CASADO_OU_UNIAO_CIVIL + FAIXA_TAXA_REJEICAO__SEM_REJEICAO_PREVIA;FAIXA_RENDA__RENDA_MEDIA + FAIXA_IDADE__IDADE_30_A_39 + POSSE_CARRO__COM_CARRO;2;3;5;0.010000;0.02;1.11;0;1
821;FAIXA_RENDA__RENDA_BAIXA + POSSE_CARRO__COM_CARRO;SITUACAO_FAMILIAR__CASADO_OU_UNIAO_CIVIL + FAIXA_TAXA_REJEICAO__REJEICAO_PREVIA_ACIMA_25_PCT;2;2;4;0.010000;0.14;1.11;0;1.01
822;SITUACAO_FAMILIAR__CASADO_OU_UNIAO_CIVIL + FAIXA_TAXA_REJEICAO__REJEICAO_PREVIA_ACIMA_25_PCT;FAIXA_RENDA__RENDA_BAIXA + POSSE_CARRO__COM_CARRO;2;2;4;0.010000;0.08;1.11;0;1.01
823;FAIXA_TAXA_REJEICAO__SEM_REJEICAO_PREVIA;FAIXA_CREDITO__CREDITO_MEDIO + CATEGORIA_FILHOS__SEM_FILHOS + SITUACAO_FAMILIAR__SOLTEIRO + FAIXA_CREDITOS_ATIVOS__SEM_CREDITOS_ATIVOS;1;4;5;0.010000;0.01;1.11;0;1
824;FAIXA_CREDITO__CREDITO_MEDIO + CATEGORIA_FILHOS__SEM_FILHOS + SITUACAO_FAMILIAR__SOLTEIRO + FAIXA_CREDITOS_ATIVOS__SEM_CREDITOS_ATIVOS;FAIXA_TAXA_REJEICAO__SEM_REJEICAO_PREVIA;4;1;5;0.010000;0.75;1.11;0;1.26
825;FAIXA_CREDITO__CREDITO_MEDIO + POSSE_CARRO__SEM_CARRO + FAIXA_TAXA_REJEICAO__SEM_REJEICAO_PREVIA;FAIXA_IDADE__IDADE_50_A_59 + CATEGORIA_FILHOS__SEM_FILHOS + FAIXA_CREDITOS_ATIVOS__UM_A_DOIS_CREDITOS_ATIVOS;3;3;6;0.010000;0.09;1.11;0;1.01
826;FAIXA_IDADE__IDADE_50_A_59 + CATEGORIA_FILHOS__SEM_FILHOS + FAIXA_CREDITOS_ATIVOS__UM_A_DOIS_CREDITOS_ATIVOS;FAIXA_CREDITO__CREDITO_MEDIO + POSSE_CARRO__SEM_CARRO + FAIXA_TAXA_REJEICAO__SEM_REJEICAO_PREVIA;3;3;6;0.010000;0.12;1.11;0;1.01
827;FAIXA_TAXA_REJEICAO__REJEICAO_PREVIA_ATE_25_PCT;FAIXA_IDADE__IDADE_60_OU_MAIS + FAIXA_CREDITOS_ATIVOS__UM_A_DOIS_CREDITOS_ATIVOS;1;2;3;0.010000;0.07;1.11;0;1.01
828;FAIXA_IDADE__IDADE_60_OU_MAIS + FAIXA_CREDITOS_ATIVOS__UM_A_DOIS_CREDITOS_ATIVOS;FAIXA_TAXA_REJEICAO__REJEICAO_PREVIA_ATE_25_PCT;2;1;3;0.010000;0.17;1.11;0;1.02
829;FAIXA_RENDA__RENDA_MUITO_ALTA + FAIXA_IDADE__IDADE_40_A_49 + FAIXA_TAXA_REJEICAO__SEM_REJEICAO_PREVIA;CATEGORIA_FILHOS__SEM_FILHOS + SITUACAO_FAMILIAR__CASADO_OU_UNIAO_CIVIL + FAIXA_CREDITOS_ATIVOS__UM_A_DOIS_CREDITOS_ATIVOS;3;3;6;0.010000;0.23;1.11;0;1.03
830;CATEGORIA_FILHOS__SEM_FILHOS + SITUACAO_FAMILIAR__CASADO_OU_UNIAO_CIVIL + FAIXA_CREDITOS_ATIVOS__UM_A_DOIS_CREDITOS_ATIVOS;FAIXA_RENDA__RENDA_MUITO_ALTA + FAIXA_IDADE__IDADE_40_A_49 + FAIXA_TAXA_REJEICAO__SEM_REJEICAO_PREVIA;3;3;6;0.010000;0.05;1.11;0;1
831;FAIXA_RENDA__RENDA_MUITO_ALTA + POSSE_CARRO__SEM_CARRO + FAIXA_CREDITOS_ATIVOS__UM_A_DOIS_CREDITOS_ATIVOS;FAIXA_CREDITO__CREDITO_ALTO + FAIXA_TAXA_REJEICAO__SEM_REJEICAO_PREVIA;3;2;5;0.010000;0.19;1.11;0;1.02
832;FAIXA_CREDITO__CREDITO_ALTO + FAIXA_TAXA_REJEICAO__SEM_REJEICAO_PREVIA;FAIXA_RENDA__RENDA_MUITO_ALTA + POSSE_CARRO__SEM_CARRO + FAIXA_CREDITOS_ATIVOS__UM_A_DOIS_CREDITOS_ATIVOS;2;3;5;0.010000;0.06;1.11;0;1.01
833;FAIXA_RENDA__RENDA_MEDIA;FAIXA_IDADE__IDADE_21_A_29 + CATEGORIA_FILHOS__SEM_FILHOS + POSSE_CARRO__SEM_CARRO;1;3;4;0.010000;0.06;1.11;0;1.01
834;FAIXA_IDADE__IDADE_21_A_29 + CATEGORIA_FILHOS__SEM_FILHOS + POSSE_CARRO__SEM_CARRO;FAIXA_RENDA__RENDA_MEDIA;3;1;4;0.010000;0.19;1.11;0;1.02
835;FAIXA_CREDITO__CREDITO_ALTO + FAIXA_IDADE__IDADE_50_A_59 + SITUACAO_FAMILIAR__CASADO_OU_UNIAO_CIVIL;CATEGORIA_FILHOS__SEM_FILHOS + FAIXA_CREDITOS_ATIVOS__SEM_CREDITOS_ATIVOS;3;2;5;0.010000;0.23;1.11;0;1.03
836;CATEGORIA_FILHOS__SEM_FILHOS + FAIXA_CREDITOS_ATIVOS__SEM_CREDITOS_ATIVOS;FAIXA_CREDITO__CREDITO_ALTO + FAIXA_IDADE__IDADE_50_A_59 + SITUACAO_FAMILIAR__CASADO_OU_UNIAO_CIVIL;2;3;5;0.010000;0.05;1.11;0;1
837;FAIXA_CREDITO__CREDITO_ALTO + FAIXA_RENDA__RENDA_ALTA + FAIXA_IDADE__IDADE_50_A_59 + CATEGORIA_FILHOS__SEM_FILHOS;POSSE_CARRO__SEM_CARRO;4;1;5;0.010000;0.73;1.11;0;1.22
838;POSSE_CARRO__SEM_CARRO;FAIXA_CREDITO__CREDITO_ALTO + FAIXA_RENDA__RENDA_ALTA + FAIXA_IDADE__IDADE_50_A_59 + CATEGORIA_FILHOS__SEM_FILHOS;1;4;5;0.010000;0.02;1.11;0;1
839;POSSE_CARRO__SEM_CARRO;FAIXA_RENDA__RENDA_BAIXA + FAIXA_IDADE__IDADE_40_A_49 + CATEGORIA_FILHOS__SEM_FILHOS + FAIXA_CREDITOS_ATIVOS__UM_A_DOIS_CREDITOS_ATIVOS + FAIXA_TAXA_REJEICAO__SEM_REJEICAO_PREVIA;1;5;6;0.010000;0.02;1.11;0;1
840;FAIXA_RENDA__RENDA_BAIXA + FAIXA_IDADE__IDADE_40_A_49 + CATEGORIA_FILHOS__SEM_FILHOS + FAIXA_CREDITOS_ATIVOS__UM_A_DOIS_CREDITOS_ATIVOS + FAIXA_TAXA_REJEICAO__SEM_REJEICAO_PREVIA;POSSE_CARRO__SEM_CARRO;5;1;6;0.010000;0.73;1.11;0;1.22
841;POSSE_CARRO__SEM_CARRO + SITUACAO_FAMILIAR__CASADO_OU_UNIAO_CIVIL;FAIXA_RENDA__RENDA_BAIXA + FAIXA_IDADE__IDADE_21_A_29 + FAIXA_CREDITOS_ATIVOS__UM_A_DOIS_CREDITOS_ATIVOS;2;3;5;0.010000;0.02;1.1;0;1
842;FAIXA_RENDA__RENDA_BAIXA + FAIXA_IDADE__IDADE_21_A_29 + FAIXA_CREDITOS_ATIVOS__UM_A_DOIS_CREDITOS_ATIVOS;POSSE_CARRO__SEM_CARRO + SITUACAO_FAMILIAR__CASADO_OU_UNIAO_CIVIL;3;2;5;0.010000;0.5;1.1;0;1.08
843;FAIXA_IDADE__IDADE_50_A_59 + CATEGORIA_FILHOS__SEM_FILHOS + POSSE_CARRO__SEM_CARRO;FAIXA_CREDITOS_ATIVOS__TRES_OU_MAIS_CREDITOS_ATIVOS + FAIXA_TAXA_REJEICAO__REJEICAO_PREVIA_ACIMA_25_PCT;3;2;5;0.010000;0.07;1.1;0;1.01
844;FAIXA_CREDITOS_ATIVOS__TRES_OU_MAIS_CREDITOS_ATIVOS + FAIXA_TAXA_REJEICAO__REJEICAO_PREVIA_ACIMA_25_PCT;FAIXA_IDADE__IDADE_50_A_59 + CATEGORIA_FILHOS__SEM_FILHOS + POSSE_CARRO__SEM_CARRO;2;3;5;0.010000;0.16;1.1;0;1.02
845;SITUACAO_FAMILIAR__CASADO_OU_UNIAO_CIVIL;FAIXA_RENDA__RENDA_BAIXA + POSSE_CARRO__COM_CARRO + FAIXA_TAXA_REJEICAO__REJEICAO_PREVIA_ACIMA_25_PCT;1;3;4;0.010000;0.01;1.1;0;1
846;SITUACAO_FAMILIAR__CASADO_OU_UNIAO_CIVIL;FAIXA_RENDA__RENDA_ALTA + FAIXA_IDADE__IDADE_30_A_39 + FAIXA_CREDITOS_ATIVOS__TRES_OU_MAIS_CREDITOS_ATIVOS + FAIXA_TAXA_REJEICAO__SEM_REJEICAO_PREVIA;1;4;5;0.010000;0.01;1.1;0;1
847;SITUACAO_FAMILIAR__CASADO_OU_UNIAO_CIVIL;FAIXA_RENDA__RENDA_MEDIA + FAIXA_IDADE__IDADE_30_A_39 + POSSE_CARRO__COM_CARRO + FAIXA_TAXA_REJEICAO__SEM_REJEICAO_PREVIA;1;4;5;0.010000;0.01;1.1;0;1
848;FAIXA_RENDA__RENDA_BAIXA + POSSE_CARRO__COM_CARRO + FAIXA_TAXA_REJEICAO__REJEICAO_PREVIA_ACIMA_25_PCT;SITUACAO_FAMILIAR__CASADO_OU_UNIAO_CIVIL;3;1;4;0.010000;0.81;1.1;0;1.34
849;FAIXA_RENDA__RENDA_ALTA + FAIXA_IDADE__IDADE_30_A_39 + FAIXA_CREDITOS_ATIVOS__TRES_OU_MAIS_CREDITOS_ATIVOS + FAIXA_TAXA_REJEICAO__SEM_REJEICAO_PREVIA;SITUACAO_FAMILIAR__CASADO_OU_UNIAO_CIVIL;4;1;5;0.010000;0.81;1.1;0;1.34
850;FAIXA_RENDA__RENDA_MEDIA + FAIXA_IDADE__IDADE_30_A_39 + POSSE_CARRO__COM_CARRO + FAIXA_TAXA_REJEICAO__SEM_REJEICAO_PREVIA;SITUACAO_FAMILIAR__CASADO_OU_UNIAO_CIVIL;4;1;5;0.010000;0.81;1.1;0;1.34
851;POSSE_CARRO__COM_CARRO;FAIXA_RENDA__RENDA_MEDIA + FAIXA_CREDITOS_ATIVOS__TRES_OU_MAIS_CREDITOS_ATIVOS + FAIXA_TAXA_REJEICAO__SEM_REJEICAO_PREVIA;1;3;4;0.010000;0.03;1.1;0;1
852;FAIXA_RENDA__RENDA_MEDIA + FAIXA_CREDITOS_ATIVOS__TRES_OU_MAIS_CREDITOS_ATIVOS + FAIXA_TAXA_REJEICAO__SEM_REJEICAO_PREVIA;POSSE_CARRO__COM_CARRO;3;1;4;0.010000;0.37;1.1;0;1.05
853;FAIXA_CREDITO__CREDITO_MEDIO;FAIXA_RENDA__RENDA_ALTA + SITUACAO_FAMILIAR__SOLTEIRO;1;2;3;0.010000;0.04;1.1;0;1
854;FAIXA_RENDA__RENDA_ALTA + SITUACAO_FAMILIAR__SOLTEIRO;FAIXA_CREDITO__CREDITO_MEDIO;2;1;3;0.010000;0.27;1.1;0;1.03
855;FAIXA_IDADE__IDADE_60_OU_MAIS;FAIXA_CREDITOS_ATIVOS__UM_A_DOIS_CREDITOS_ATIVOS + FAIXA_TAXA_REJEICAO__REJEICAO_PREVIA_ATE_25_PCT;1;2;3;0.010000;0.07;1.1;0;1.01
856;FAIXA_CREDITOS_ATIVOS__UM_A_DOIS_CREDITOS_ATIVOS + FAIXA_TAXA_REJEICAO__REJEICAO_PREVIA_ATE_25_PCT;FAIXA_IDADE__IDADE_60_OU_MAIS;2;1;3;0.010000;0.16;1.1;0;1.02
857;FAIXA_RENDA__RENDA_ALTA + FAIXA_IDADE__IDADE_50_A_59 + SITUACAO_FAMILIAR__CASADO_OU_UNIAO_CIVIL;POSSE_CARRO__COM_CARRO + FAIXA_TAXA_REJEICAO__SEM_REJEICAO_PREVIA;3;2;5;0.010000;0.25;1.1;0;1.03
858;POSSE_CARRO__COM_CARRO + FAIXA_TAXA_REJEICAO__SEM_REJEICAO_PREVIA;FAIXA_RENDA__RENDA_ALTA + FAIXA_IDADE__IDADE_50_A_59 + SITUACAO_FAMILIAR__CASADO_OU_UNIAO_CIVIL;2;3;5;0.010000;0.04;1.1;0;1
859;FAIXA_CREDITOS_ATIVOS__UM_A_DOIS_CREDITOS_ATIVOS;FAIXA_IDADE__IDADE_21_A_29 + CATEGORIA_FILHOS__UM_FILHO + FAIXA_TAXA_REJEICAO__SEM_REJEICAO_PREVIA;1;3;4;0.010000;0.02;1.1;0;1
860;FAIXA_IDADE__IDADE_21_A_29 + CATEGORIA_FILHOS__UM_FILHO + FAIXA_TAXA_REJEICAO__SEM_REJEICAO_PREVIA;FAIXA_CREDITOS_ATIVOS__UM_A_DOIS_CREDITOS_ATIVOS;3;1;4;0.010000;0.48;1.1;0;1.07
861;FAIXA_CREDITO__CREDITO_ALTO + POSSE_CARRO__SEM_CARRO;FAIXA_RENDA__RENDA_MEDIA + SITUACAO_FAMILIAR__CASADO_OU_UNIAO_CIVIL + FAIXA_CREDITOS_ATIVOS__UM_A_DOIS_CREDITOS_ATIVOS;2;3;5;0.010000;0.06;1.1;0;1.01
862;FAIXA_RENDA__RENDA_MEDIA + SITUACAO_FAMILIAR__CASADO_OU_UNIAO_CIVIL + FAIXA_CREDITOS_ATIVOS__UM_A_DOIS_CREDITOS_ATIVOS;FAIXA_CREDITO__CREDITO_ALTO + POSSE_CARRO__SEM_CARRO;3;2;5;0.010000;0.18;1.1;0;1.02
863;POSSE_CARRO__COM_CARRO + SITUACAO_FAMILIAR__CASADO_OU_UNIAO_CIVIL + FAIXA_TAXA_REJEICAO__SEM_REJEICAO_PREVIA;FAIXA_RENDA__RENDA_MEDIA + FAIXA_IDADE__IDADE_30_A_39;3;2;5;0.010000;0.05;1.1;0;1
864;FAIXA_RENDA__RENDA_MEDIA + FAIXA_IDADE__IDADE_30_A_39;POSSE_CARRO__COM_CARRO + SITUACAO_FAMILIAR__CASADO_OU_UNIAO_CIVIL + FAIXA_TAXA_REJEICAO__SEM_REJEICAO_PREVIA;2;3;5;0.010000;0.2;1.1;0;1.02
865;FAIXA_CREDITO__CREDITO_MUITO_ALTO + POSSE_CARRO__SEM_CARRO;FAIXA_CREDITOS_ATIVOS__TRES_OU_MAIS_CREDITOS_ATIVOS + FAIXA_TAXA_REJEICAO__REJEICAO_PREVIA_ACIMA_25_PCT;2;2;4;0.010000;0.07;1.1;0;1.01
866;FAIXA_CREDITOS_ATIVOS__TRES_OU_MAIS_CREDITOS_ATIVOS + FAIXA_TAXA_REJEICAO__REJEICAO_PREVIA_ACIMA_25_PCT;FAIXA_CREDITO__CREDITO_MUITO_ALTO + POSSE_CARRO__SEM_CARRO;2;2;4;0.010000;0.16;1.1;0;1.02
867;FAIXA_CREDITOS_ATIVOS__UM_A_DOIS_CREDITOS_ATIVOS;FAIXA_CREDITO__CREDITO_MUITO_ALTO + SITUACAO_FAMILIAR__SEPARADO_VIUVO_OU_NAO_INFORMADO;1;2;3;0.010000;0.02;1.1;0;1
868;FAIXA_CREDITOS_ATIVOS__UM_A_DOIS_CREDITOS_ATIVOS;FAIXA_CREDITO__CREDITO_ALTO + FAIXA_RENDA__RENDA_MUITO_ALTA + POSSE_CARRO__SEM_CARRO + FAIXA_TAXA_REJEICAO__SEM_REJEICAO_PREVIA;1;4;5;0.010000;0.02;1.1;0;1
869;FAIXA_CREDITO__CREDITO_MUITO_ALTO + SITUACAO_FAMILIAR__SEPARADO_VIUVO_OU_NAO_INFORMADO;FAIXA_CREDITOS_ATIVOS__UM_A_DOIS_CREDITOS_ATIVOS;2;1;3;0.010000;0.48;1.1;0;1.07
870;FAIXA_CREDITO__CREDITO_ALTO + FAIXA_RENDA__RENDA_MUITO_ALTA + POSSE_CARRO__SEM_CARRO + FAIXA_TAXA_REJEICAO__SEM_REJEICAO_PREVIA;FAIXA_CREDITOS_ATIVOS__UM_A_DOIS_CREDITOS_ATIVOS;4;1;5;0.010000;0.48;1.1;0;1.07
871;FAIXA_CREDITO__CREDITO_ALTO + SITUACAO_FAMILIAR__CASADO_OU_UNIAO_CIVIL;FAIXA_RENDA__RENDA_BAIXA + FAIXA_IDADE__IDADE_50_A_59 + CATEGORIA_FILHOS__SEM_FILHOS + FAIXA_TAXA_REJEICAO__SEM_REJEICAO_PREVIA;2;4;6;0.010000;0.05;1.09;0;1
872;FAIXA_RENDA__RENDA_BAIXA + FAIXA_IDADE__IDADE_50_A_59 + CATEGORIA_FILHOS__SEM_FILHOS + FAIXA_TAXA_REJEICAO__SEM_REJEICAO_PREVIA;FAIXA_CREDITO__CREDITO_ALTO + SITUACAO_FAMILIAR__CASADO_OU_UNIAO_CIVIL;4;2;6;0.010000;0.2;1.09;0;1.02
873;FAIXA_RENDA__RENDA_BAIXA + FAIXA_IDADE__IDADE_60_OU_MAIS + CATEGORIA_FILHOS__SEM_FILHOS;POSSE_CARRO__SEM_CARRO + SITUACAO_FAMILIAR__CASADO_OU_UNIAO_CIVIL + FAIXA_CREDITOS_ATIVOS__UM_A_DOIS_CREDITOS_ATIVOS + FAIXA_TAXA_REJEICAO__SEM_REJEICAO_PREVIA;3;4;7;0.010000;0.15;1.09;0;1.01
874;POSSE_CARRO__SEM_CARRO + SITUACAO_FAMILIAR__CASADO_OU_UNIAO_CIVIL + FAIXA_CREDITOS_ATIVOS__UM_A_DOIS_CREDITOS_ATIVOS + FAIXA_TAXA_REJEICAO__SEM_REJEICAO_PREVIA;FAIXA_RENDA__RENDA_BAIXA + FAIXA_IDADE__IDADE_60_OU_MAIS + CATEGORIA_FILHOS__SEM_FILHOS;4;3;7;0.010000;0.07;1.09;0;1.01
875;FAIXA_CREDITO__CREDITO_ALTO;FAIXA_RENDA__RENDA_BAIXA + FAIXA_IDADE__IDADE_50_A_59 + CATEGORIA_FILHOS__SEM_FILHOS + SITUACAO_FAMILIAR__CASADO_OU_UNIAO_CIVIL + FAIXA_TAXA_REJEICAO__SEM_REJEICAO_PREVIA;1;5;6;0.010000;0.04;1.09;0;1
876;FAIXA_RENDA__RENDA_BAIXA + FAIXA_IDADE__IDADE_50_A_59 + CATEGORIA_FILHOS__SEM_FILHOS + SITUACAO_FAMILIAR__CASADO_OU_UNIAO_CIVIL + FAIXA_TAXA_REJEICAO__SEM_REJEICAO_PREVIA;FAIXA_CREDITO__CREDITO_ALTO;5;1;6;0.010000;0.27;1.09;0;1.03
877;FAIXA_RENDA__RENDA_MEDIA + FAIXA_IDADE__IDADE_30_A_39 + FAIXA_TAXA_REJEICAO__SEM_REJEICAO_PREVIA;POSSE_CARRO__COM_CARRO + SITUACAO_FAMILIAR__CASADO_OU_UNIAO_CIVIL;3;2;5;0.010000;0.3;1.09;0;1.03
878;POSSE_CARRO__COM_CARRO + SITUACAO_FAMILIAR__CASADO_OU_UNIAO_CIVIL;FAIXA_RENDA__RENDA_MEDIA + FAIXA_IDADE__IDADE_30_A_39 + FAIXA_TAXA_REJEICAO__SEM_REJEICAO_PREVIA;2;3;5;0.010000;0.04;1.09;0;1
879;FAIXA_IDADE__IDADE_50_A_59;FAIXA_CREDITO__CREDITO_BAIXO + FAIXA_RENDA__RENDA_BAIXA + CATEGORIA_FILHOS__SEM_FILHOS + FAIXA_CREDITOS_ATIVOS__UM_A_DOIS_CREDITOS_ATIVOS;1;4;5;0.010000;0.05;1.09;0;1
880;FAIXA_CREDITO__CREDITO_BAIXO + FAIXA_RENDA__RENDA_BAIXA + CATEGORIA_FILHOS__SEM_FILHOS + FAIXA_CREDITOS_ATIVOS__UM_A_DOIS_CREDITOS_ATIVOS;FAIXA_IDADE__IDADE_50_A_59;4;1;5;0.010000;0.24;1.09;0;1.02
881;FAIXA_CREDITO__CREDITO_ALTO + FAIXA_IDADE__IDADE_50_A_59 + CATEGORIA_FILHOS__SEM_FILHOS + SITUACAO_FAMILIAR__CASADO_OU_UNIAO_CIVIL;FAIXA_RENDA__RENDA_BAIXA + FAIXA_TAXA_REJEICAO__SEM_REJEICAO_PREVIA;4;2;6;0.010000;0.26;1.09;0;1.02
882;FAIXA_RENDA__RENDA_BAIXA + FAIXA_TAXA_REJEICAO__SEM_REJEICAO_PREVIA;FAIXA_CREDITO__CREDITO_ALTO + FAIXA_IDADE__IDADE_50_A_59 + CATEGORIA_FILHOS__SEM_FILHOS + SITUACAO_FAMILIAR__CASADO_OU_UNIAO_CIVIL;2;4;6;0.010000;0.04;1.09;0;1
883;FAIXA_RENDA__RENDA_MEDIA + CATEGORIA_FILHOS__SEM_FILHOS;FAIXA_IDADE__IDADE_21_A_29 + POSSE_CARRO__SEM_CARRO;2;2;4;0.010000;0.08;1.09;0;1.01
884;FAIXA_IDADE__IDADE_21_A_29 + POSSE_CARRO__SEM_CARRO;FAIXA_RENDA__RENDA_MEDIA + CATEGORIA_FILHOS__SEM_FILHOS;2;2;4;0.010000;0.13;1.09;0;1.01
885;FAIXA_TAXA_REJEICAO__SEM_REJEICAO_PREVIA;FAIXA_IDADE__IDADE_60_OU_MAIS + CATEGORIA_FILHOS__SEM_FILHOS + POSSE_CARRO__SEM_CARRO + SITUACAO_FAMILIAR__SEPARADO_VIUVO_OU_NAO_INFORMADO + FAIXA_CREDITOS_ATIVOS__UM_A_DOIS_CREDITOS_ATIVOS;1;5;6;0.010000;0.01;1.09;0;1
886;FAIXA_TAXA_REJEICAO__SEM_REJEICAO_PREVIA;FAIXA_RENDA__RENDA_BAIXA + FAIXA_IDADE__IDADE_60_OU_MAIS + CATEGORIA_FILHOS__SEM_FILHOS + POSSE_CARRO__SEM_CARRO + SITUACAO_FAMILIAR__CASADO_OU_UNIAO_CIVIL + FAIXA_CREDITOS_ATIVOS__UM_A_DOIS_CREDITOS_ATIVOS;1;6;7;0.010000;0.01;1.09;0;1
887;FAIXA_IDADE__IDADE_60_OU_MAIS + CATEGORIA_FILHOS__SEM_FILHOS + POSSE_CARRO__SEM_CARRO + SITUACAO_FAMILIAR__SEPARADO_VIUVO_OU_NAO_INFORMADO + FAIXA_CREDITOS_ATIVOS__UM_A_DOIS_CREDITOS_ATIVOS;FAIXA_TAXA_REJEICAO__SEM_REJEICAO_PREVIA;5;1;6;0.010000;0.74;1.09;0;1.19
888;FAIXA_RENDA__RENDA_BAIXA + FAIXA_IDADE__IDADE_60_OU_MAIS + CATEGORIA_FILHOS__SEM_FILHOS + POSSE_CARRO__SEM_CARRO + SITUACAO_FAMILIAR__CASADO_OU_UNIAO_CIVIL + FAIXA_CREDITOS_ATIVOS__UM_A_DOIS_CREDITOS_ATIVOS;FAIXA_TAXA_REJEICAO__SEM_REJEICAO_PREVIA;6;1;7;0.010000;0.74;1.09;0;1.19
889;FAIXA_IDADE__IDADE_30_A_39 + SITUACAO_FAMILIAR__CASADO_OU_UNIAO_CIVIL + FAIXA_CREDITOS_ATIVOS__TRES_OU_MAIS_CREDITOS_ATIVOS + FAIXA_TAXA_REJEICAO__SEM_REJEICAO_PREVIA;FAIXA_RENDA__RENDA_ALTA;4;1;5;0.010000;0.28;1.08;0;1.03
890;FAIXA_RENDA__RENDA_ALTA;FAIXA_IDADE__IDADE_30_A_39 + SITUACAO_FAMILIAR__CASADO_OU_UNIAO_CIVIL + FAIXA_CREDITOS_ATIVOS__TRES_OU_MAIS_CREDITOS_ATIVOS + FAIXA_TAXA_REJEICAO__SEM_REJEICAO_PREVIA;1;4;5;0.010000;0.04;1.08;0;1
891;FAIXA_IDADE__IDADE_30_A_39 + SITUACAO_FAMILIAR__CASADO_OU_UNIAO_CIVIL;FAIXA_RENDA__RENDA_ALTA + FAIXA_CREDITOS_ATIVOS__TRES_OU_MAIS_CREDITOS_ATIVOS + FAIXA_TAXA_REJEICAO__SEM_REJEICAO_PREVIA;2;3;5;0.010000;0.05;1.08;0;1
892;FAIXA_RENDA__RENDA_ALTA + FAIXA_CREDITOS_ATIVOS__TRES_OU_MAIS_CREDITOS_ATIVOS + FAIXA_TAXA_REJEICAO__SEM_REJEICAO_PREVIA;FAIXA_IDADE__IDADE_30_A_39 + SITUACAO_FAMILIAR__CASADO_OU_UNIAO_CIVIL;3;2;5;0.010000;0.22;1.08;0;1.02
893;FAIXA_RENDA__RENDA_BAIXA + FAIXA_IDADE__IDADE_60_OU_MAIS;POSSE_CARRO__SEM_CARRO + SITUACAO_FAMILIAR__CASADO_OU_UNIAO_CIVIL + FAIXA_CREDITOS_ATIVOS__UM_A_DOIS_CREDITOS_ATIVOS + FAIXA_TAXA_REJEICAO__SEM_REJEICAO_PREVIA;2;4;6;0.010000;0.15;1.08;0;1.01
894;POSSE_CARRO__SEM_CARRO + SITUACAO_FAMILIAR__CASADO_OU_UNIAO_CIVIL + FAIXA_CREDITOS_ATIVOS__UM_A_DOIS_CREDITOS_ATIVOS + FAIXA_TAXA_REJEICAO__SEM_REJEICAO_PREVIA;FAIXA_RENDA__RENDA_BAIXA + FAIXA_IDADE__IDADE_60_OU_MAIS;4;2;6;0.010000;0.07;1.08;0;1.01
895;FAIXA_RENDA__RENDA_BAIXA + POSSE_CARRO__SEM_CARRO + FAIXA_CREDITOS_ATIVOS__UM_A_DOIS_CREDITOS_ATIVOS;FAIXA_IDADE__IDADE_21_A_29 + FAIXA_TAXA_REJEICAO__SEM_REJEICAO_PREVIA;3;2;5;0.010000;0.09;1.08;0;1.01
896;FAIXA_IDADE__IDADE_21_A_29 + FAIXA_TAXA_REJEICAO__SEM_REJEICAO_PREVIA;FAIXA_RENDA__RENDA_BAIXA + POSSE_CARRO__SEM_CARRO + FAIXA_CREDITOS_ATIVOS__UM_A_DOIS_CREDITOS_ATIVOS;2;3;5;0.010000;0.12;1.08;0;1.01
897;POSSE_CARRO__COM_CARRO;FAIXA_RENDA__RENDA_ALTA + FAIXA_IDADE__IDADE_50_A_59 + SITUACAO_FAMILIAR__CASADO_OU_UNIAO_CIVIL + FAIXA_TAXA_REJEICAO__SEM_REJEICAO_PREVIA;1;4;5;0.010000;0.03;1.08;0;1
898;FAIXA_RENDA__RENDA_ALTA + FAIXA_IDADE__IDADE_50_A_59 + SITUACAO_FAMILIAR__CASADO_OU_UNIAO_CIVIL + FAIXA_TAXA_REJEICAO__SEM_REJEICAO_PREVIA;POSSE_CARRO__COM_CARRO;4;1;5;0.010000;0.37;1.08;0;1.04
899;FAIXA_RENDA__RENDA_BAIXA + POSSE_CARRO__SEM_CARRO + SITUACAO_FAMILIAR__CASADO_OU_UNIAO_CIVIL + FAIXA_CREDITOS_ATIVOS__UM_A_DOIS_CREDITOS_ATIVOS;FAIXA_IDADE__IDADE_21_A_29;4;1;5;0.010000;0.13;1.08;0;1.01
900;FAIXA_IDADE__IDADE_21_A_29;FAIXA_RENDA__RENDA_BAIXA + POSSE_CARRO__SEM_CARRO + SITUACAO_FAMILIAR__CASADO_OU_UNIAO_CIVIL + FAIXA_CREDITOS_ATIVOS__UM_A_DOIS_CREDITOS_ATIVOS;1;4;5;0.010000;0.08;1.08;0;1.01
901;FAIXA_RENDA__RENDA_BAIXA + FAIXA_IDADE__IDADE_60_OU_MAIS + POSSE_CARRO__SEM_CARRO;FAIXA_CREDITO__CREDITO_MEDIO + FAIXA_TAXA_REJEICAO__SEM_REJEICAO_PREVIA;3;2;5;0.010000;0.17;1.08;0;1.01
902;FAIXA_CREDITO__CREDITO_MEDIO + FAIXA_TAXA_REJEICAO__SEM_REJEICAO_PREVIA;FAIXA_RENDA__RENDA_BAIXA + FAIXA_IDADE__IDADE_60_OU_MAIS + POSSE_CARRO__SEM_CARRO;2;3;5;0.010000;0.06;1.08;0;1
903;FAIXA_IDADE__IDADE_60_OU_MAIS + POSSE_CARRO__SEM_CARRO + SITUACAO_FAMILIAR__SEPARADO_VIUVO_OU_NAO_INFORMADO + FAIXA_CREDITOS_ATIVOS__UM_A_DOIS_CREDITOS_ATIVOS;FAIXA_TAXA_REJEICAO__SEM_REJEICAO_PREVIA;4;1;5;0.010000;0.73;1.08;0;1.16
904;FAIXA_TAXA_REJEICAO__SEM_REJEICAO_PREVIA;FAIXA_IDADE__IDADE_60_OU_MAIS + POSSE_CARRO__SEM_CARRO + SITUACAO_FAMILIAR__SEPARADO_VIUVO_OU_NAO_INFORMADO + FAIXA_CREDITOS_ATIVOS__UM_A_DOIS_CREDITOS_ATIVOS;1;4;5;0.010000;0.01;1.08;0;1
905;FAIXA_CREDITO__CREDITO_MEDIO + FAIXA_CREDITOS_ATIVOS__TRES_OU_MAIS_CREDITOS_ATIVOS;FAIXA_IDADE__IDADE_50_A_59 + CATEGORIA_FILHOS__SEM_FILHOS + POSSE_CARRO__SEM_CARRO;2;3;5;0.010000;0.15;1.08;0;1.01
906;FAIXA_IDADE__IDADE_50_A_59 + CATEGORIA_FILHOS__SEM_FILHOS + POSSE_CARRO__SEM_CARRO;FAIXA_CREDITO__CREDITO_MEDIO + FAIXA_CREDITOS_ATIVOS__TRES_OU_MAIS_CREDITOS_ATIVOS;3;2;5;0.010000;0.07;1.08;0;1
907;FAIXA_IDADE__IDADE_40_A_49 + CATEGORIA_FILHOS__SEM_FILHOS + POSSE_CARRO__SEM_CARRO + FAIXA_TAXA_REJEICAO__SEM_REJEICAO_PREVIA;FAIXA_RENDA__RENDA_BAIXA + FAIXA_CREDITOS_ATIVOS__UM_A_DOIS_CREDITOS_ATIVOS;4;2;6;0.010000;0.15;1.08;0;1.01
908;FAIXA_RENDA__RENDA_BAIXA + FAIXA_CREDITOS_ATIVOS__UM_A_DOIS_CREDITOS_ATIVOS;FAIXA_IDADE__IDADE_40_A_49 + CATEGORIA_FILHOS__SEM_FILHOS + POSSE_CARRO__SEM_CARRO + FAIXA_TAXA_REJEICAO__SEM_REJEICAO_PREVIA;2;4;6;0.010000;0.07;1.08;0;1
909;FAIXA_CREDITO__CREDITO_BAIXO + POSSE_CARRO__COM_CARRO + SITUACAO_FAMILIAR__CASADO_OU_UNIAO_CIVIL;FAIXA_TAXA_REJEICAO__REJEICAO_PREVIA_ACIMA_25_PCT;3;1;4;0.010000;0.18;1.08;0;1.01
910;FAIXA_TAXA_REJEICAO__REJEICAO_PREVIA_ACIMA_25_PCT;FAIXA_CREDITO__CREDITO_BAIXO + POSSE_CARRO__COM_CARRO + SITUACAO_FAMILIAR__CASADO_OU_UNIAO_CIVIL;1;3;4;0.010000;0.06;1.08;0;1
911;FAIXA_CREDITO__CREDITO_BAIXO + FAIXA_RENDA__RENDA_BAIXA + FAIXA_IDADE__IDADE_40_A_49 + POSSE_CARRO__SEM_CARRO;SITUACAO_FAMILIAR__CASADO_OU_UNIAO_CIVIL + FAIXA_TAXA_REJEICAO__SEM_REJEICAO_PREVIA;4;2;6;0.010000;0.53;1.08;0;1.07
912;SITUACAO_FAMILIAR__CASADO_OU_UNIAO_CIVIL + FAIXA_TAXA_REJEICAO__SEM_REJEICAO_PREVIA;FAIXA_CREDITO__CREDITO_BAIXO + FAIXA_RENDA__RENDA_BAIXA + FAIXA_IDADE__IDADE_40_A_49 + POSSE_CARRO__SEM_CARRO;2;4;6;0.010000;0.02;1.08;0;1
913;FAIXA_RENDA__RENDA_BAIXA + SITUACAO_FAMILIAR__CASADO_OU_UNIAO_CIVIL + FAIXA_TAXA_REJEICAO__SEM_REJEICAO_PREVIA;FAIXA_CREDITO__CREDITO_ALTO + FAIXA_IDADE__IDADE_50_A_59 + CATEGORIA_FILHOS__SEM_FILHOS;3;3;6;0.010000;0.06;1.07;0;1
914;FAIXA_CREDITO__CREDITO_ALTO + FAIXA_IDADE__IDADE_50_A_59 + CATEGORIA_FILHOS__SEM_FILHOS;FAIXA_RENDA__RENDA_BAIXA + SITUACAO_FAMILIAR__CASADO_OU_UNIAO_CIVIL + FAIXA_TAXA_REJEICAO__SEM_REJEICAO_PREVIA;3;3;6;0.010000;0.18;1.07;0;1.01
915;FAIXA_CREDITO__CREDITO_MEDIO + FAIXA_RENDA__RENDA_MUITO_ALTA;FAIXA_IDADE__IDADE_30_A_39 + SITUACAO_FAMILIAR__CASADO_OU_UNIAO_CIVIL;2;2;4;0.010000;0.22;1.07;0;1.02
916;FAIXA_IDADE__IDADE_30_A_39 + SITUACAO_FAMILIAR__CASADO_OU_UNIAO_CIVIL;FAIXA_CREDITO__CREDITO_MEDIO + FAIXA_RENDA__RENDA_MUITO_ALTA;2;2;4;0.010000;0.05;1.07;0;1
917;FAIXA_RENDA__RENDA_BAIXA;FAIXA_CREDITO__CREDITO_ALTO + FAIXA_IDADE__IDADE_50_A_59 + CATEGORIA_FILHOS__SEM_FILHOS + SITUACAO_FAMILIAR__CASADO_OU_UNIAO_CIVIL + FAIXA_TAXA_REJEICAO__SEM_REJEICAO_PREVIA;1;5;6;0.010000;0.03;1.07;0;1
918;FAIXA_CREDITO__CREDITO_ALTO + FAIXA_IDADE__IDADE_50_A_59 + CATEGORIA_FILHOS__SEM_FILHOS + SITUACAO_FAMILIAR__CASADO_OU_UNIAO_CIVIL + FAIXA_TAXA_REJEICAO__SEM_REJEICAO_PREVIA;FAIXA_RENDA__RENDA_BAIXA;5;1;6;0.010000;0.35;1.07;0;1.03
919;FAIXA_CREDITO__CREDITO_BAIXO + FAIXA_RENDA__RENDA_BAIXA + FAIXA_IDADE__IDADE_21_A_29 + CATEGORIA_FILHOS__SEM_FILHOS;POSSE_CARRO__SEM_CARRO;4;1;5;0.010000;0.71;1.07;0;1.14
920;POSSE_CARRO__SEM_CARRO;FAIXA_CREDITO__CREDITO_BAIXO + FAIXA_RENDA__RENDA_BAIXA + FAIXA_IDADE__IDADE_21_A_29 + CATEGORIA_FILHOS__SEM_FILHOS;1;4;5;0.010000;0.02;1.07;0;1
921;POSSE_CARRO__SEM_CARRO;FAIXA_RENDA__RENDA_MEDIA + FAIXA_IDADE__IDADE_50_A_59 + FAIXA_CREDITOS_ATIVOS__UM_A_DOIS_CREDITOS_ATIVOS + FAIXA_TAXA_REJEICAO__SEM_REJEICAO_PREVIA;1;4;5;0.010000;0.02;1.07;0;1
922;FAIXA_RENDA__RENDA_MEDIA + FAIXA_IDADE__IDADE_50_A_59 + FAIXA_CREDITOS_ATIVOS__UM_A_DOIS_CREDITOS_ATIVOS + FAIXA_TAXA_REJEICAO__SEM_REJEICAO_PREVIA;POSSE_CARRO__SEM_CARRO;4;1;5;0.010000;0.71;1.07;0;1.14
923;POSSE_CARRO__SEM_CARRO;FAIXA_IDADE__IDADE_50_A_59 + CATEGORIA_FILHOS__SEM_FILHOS + FAIXA_CREDITOS_ATIVOS__TRES_OU_MAIS_CREDITOS_ATIVOS + FAIXA_TAXA_REJEICAO__REJEICAO_PREVIA_ACIMA_25_PCT;1;4;5;0.010000;0.02;1.07;0;1
924;FAIXA_IDADE__IDADE_50_A_59 + CATEGORIA_FILHOS__SEM_FILHOS + FAIXA_CREDITOS_ATIVOS__TRES_OU_MAIS_CREDITOS_ATIVOS + FAIXA_TAXA_REJEICAO__REJEICAO_PREVIA_ACIMA_25_PCT;POSSE_CARRO__SEM_CARRO;4;1;5;0.010000;0.71;1.07;0;1.14
925;FAIXA_IDADE__IDADE_50_A_59 + CATEGORIA_FILHOS__SEM_FILHOS + POSSE_CARRO__SEM_CARRO + FAIXA_CREDITOS_ATIVOS__UM_A_DOIS_CREDITOS_ATIVOS;FAIXA_CREDITO__CREDITO_MEDIO + FAIXA_TAXA_REJEICAO__SEM_REJEICAO_PREVIA;4;2;6;0.010000;0.17;1.07;0;1.01
926;FAIXA_CREDITO__CREDITO_MEDIO + FAIXA_TAXA_REJEICAO__SEM_REJEICAO_PREVIA;FAIXA_IDADE__IDADE_50_A_59 + CATEGORIA_FILHOS__SEM_FILHOS + POSSE_CARRO__SEM_CARRO + FAIXA_CREDITOS_ATIVOS__UM_A_DOIS_CREDITOS_ATIVOS;2;4;6;0.010000;0.06;1.07;0;1
927;FAIXA_IDADE__IDADE_21_A_29 + SITUACAO_FAMILIAR__CASADO_OU_UNIAO_CIVIL + FAIXA_CREDITOS_ATIVOS__UM_A_DOIS_CREDITOS_ATIVOS;FAIXA_RENDA__RENDA_BAIXA + POSSE_CARRO__SEM_CARRO;3;2;5;0.010000;0.27;1.07;0;1.02
928;FAIXA_RENDA__RENDA_BAIXA + POSSE_CARRO__SEM_CARRO;FAIXA_IDADE__IDADE_21_A_29 + SITUACAO_FAMILIAR__CASADO_OU_UNIAO_CIVIL + FAIXA_CREDITOS_ATIVOS__UM_A_DOIS_CREDITOS_ATIVOS;2;3;5;0.010000;0.04;1.07;0;1
929;FAIXA_RENDA__RENDA_BAIXA + FAIXA_IDADE__IDADE_60_OU_MAIS + POSSE_CARRO__SEM_CARRO + SITUACAO_FAMILIAR__CASADO_OU_UNIAO_CIVIL + FAIXA_CREDITOS_ATIVOS__UM_A_DOIS_CREDITOS_ATIVOS;FAIXA_TAXA_REJEICAO__SEM_REJEICAO_PREVIA;5;1;6;0.010000;0.72;1.07;0;1.14
930;FAIXA_TAXA_REJEICAO__SEM_REJEICAO_PREVIA;FAIXA_RENDA__RENDA_BAIXA + FAIXA_IDADE__IDADE_60_OU_MAIS + POSSE_CARRO__SEM_CARRO + SITUACAO_FAMILIAR__CASADO_OU_UNIAO_CIVIL + FAIXA_CREDITOS_ATIVOS__UM_A_DOIS_CREDITOS_ATIVOS;1;5;6;0.010000;0.01;1.07;0;1
931;FAIXA_RENDA__RENDA_BAIXA + SITUACAO_FAMILIAR__CASADO_OU_UNIAO_CIVIL;FAIXA_CREDITO__CREDITO_ALTO + FAIXA_IDADE__IDADE_50_A_59 + CATEGORIA_FILHOS__SEM_FILHOS + FAIXA_TAXA_REJEICAO__SEM_REJEICAO_PREVIA;2;4;6;0.010000;0.04;1.07;0;1
932;FAIXA_CREDITO__CREDITO_ALTO + FAIXA_IDADE__IDADE_50_A_59 + CATEGORIA_FILHOS__SEM_FILHOS + FAIXA_TAXA_REJEICAO__SEM_REJEICAO_PREVIA;FAIXA_RENDA__RENDA_BAIXA + SITUACAO_FAMILIAR__CASADO_OU_UNIAO_CIVIL;4;2;6;0.010000;0.25;1.07;0;1.02
933;FAIXA_IDADE__IDADE_50_A_59 + POSSE_CARRO__COM_CARRO + SITUACAO_FAMILIAR__CASADO_OU_UNIAO_CIVIL;FAIXA_RENDA__RENDA_ALTA + FAIXA_TAXA_REJEICAO__SEM_REJEICAO_PREVIA;3;2;5;0.010000;0.18;1.07;0;1.01
934;FAIXA_RENDA__RENDA_ALTA + FAIXA_TAXA_REJEICAO__SEM_REJEICAO_PREVIA;FAIXA_IDADE__IDADE_50_A_59 + POSSE_CARRO__COM_CARRO + SITUACAO_FAMILIAR__CASADO_OU_UNIAO_CIVIL;2;3;5;0.010000;0.06;1.07;0;1
935;SITUACAO_FAMILIAR__CASADO_OU_UNIAO_CIVIL;FAIXA_RENDA__RENDA_MUITO_ALTA + FAIXA_IDADE__IDADE_40_A_49 + CATEGORIA_FILHOS__SEM_FILHOS + FAIXA_CREDITOS_ATIVOS__UM_A_DOIS_CREDITOS_ATIVOS + FAIXA_TAXA_REJEICAO__SEM_REJEICAO_PREVIA;1;5;6;0.010000;0.01;1.07;0;1
936;FAIXA_RENDA__RENDA_MUITO_ALTA + FAIXA_IDADE__IDADE_40_A_49 + CATEGORIA_FILHOS__SEM_FILHOS + FAIXA_CREDITOS_ATIVOS__UM_A_DOIS_CREDITOS_ATIVOS + FAIXA_TAXA_REJEICAO__SEM_REJEICAO_PREVIA;SITUACAO_FAMILIAR__CASADO_OU_UNIAO_CIVIL;5;1;6;0.010000;0.78;1.07;0;1.19
937;FAIXA_RENDA__RENDA_BAIXA + FAIXA_IDADE__IDADE_30_A_39;SITUACAO_FAMILIAR__CASADO_OU_UNIAO_CIVIL + FAIXA_TAXA_REJEICAO__REJEICAO_PREVIA_ACIMA_25_PCT;2;2;4;0.010000;0.13;1.07;0;1.01
938;SITUACAO_FAMILIAR__CASADO_OU_UNIAO_CIVIL + FAIXA_TAXA_REJEICAO__REJEICAO_PREVIA_ACIMA_25_PCT;FAIXA_RENDA__RENDA_BAIXA + FAIXA_IDADE__IDADE_30_A_39;2;2;4;0.010000;0.08;1.07;0;1
939;FAIXA_CREDITO__CREDITO_MUITO_ALTO + FAIXA_IDADE__IDADE_30_A_39 + POSSE_CARRO__SEM_CARRO;FAIXA_CREDITOS_ATIVOS__TRES_OU_MAIS_CREDITOS_ATIVOS;3;1;4;0.010000;0.29;1.07;0;1.02
940;FAIXA_CREDITOS_ATIVOS__TRES_OU_MAIS_CREDITOS_ATIVOS;FAIXA_CREDITO__CREDITO_MUITO_ALTO + FAIXA_IDADE__IDADE_30_A_39 + POSSE_CARRO__SEM_CARRO;1;3;4;0.010000;0.04;1.07;0;1
941;FAIXA_CREDITO__CREDITO_BAIXO + FAIXA_RENDA__RENDA_BAIXA + CATEGORIA_FILHOS__SEM_FILHOS + POSSE_CARRO__SEM_CARRO;FAIXA_IDADE__IDADE_21_A_29;4;1;5;0.010000;0.13;1.07;0;1.01
942;FAIXA_IDADE__IDADE_21_A_29;FAIXA_CREDITO__CREDITO_BAIXO + FAIXA_RENDA__RENDA_BAIXA + CATEGORIA_FILHOS__SEM_FILHOS + POSSE_CARRO__SEM_CARRO;1;4;5;0.010000;0.08;1.07;0;1
943;FAIXA_CREDITO__CREDITO_BAIXO + FAIXA_RENDA__RENDA_BAIXA + SITUACAO_FAMILIAR__CASADO_OU_UNIAO_CIVIL;FAIXA_IDADE__IDADE_40_A_49 + POSSE_CARRO__SEM_CARRO + FAIXA_TAXA_REJEICAO__SEM_REJEICAO_PREVIA;3;3;6;0.010000;0.11;1.07;0;1.01
944;FAIXA_IDADE__IDADE_40_A_49 + POSSE_CARRO__SEM_CARRO + FAIXA_TAXA_REJEICAO__SEM_REJEICAO_PREVIA;FAIXA_CREDITO__CREDITO_BAIXO + FAIXA_RENDA__RENDA_BAIXA + SITUACAO_FAMILIAR__CASADO_OU_UNIAO_CIVIL;3;3;6;0.010000;0.1;1.07;0;1.01
945;FAIXA_IDADE__IDADE_40_A_49;FAIXA_CREDITO__CREDITO_ALTO + POSSE_CARRO__COM_CARRO + FAIXA_CREDITOS_ATIVOS__UM_A_DOIS_CREDITOS_ATIVOS;1;3;4;0.010000;0.04;1.07;0;1
946;FAIXA_CREDITO__CREDITO_ALTO + POSSE_CARRO__COM_CARRO + FAIXA_CREDITOS_ATIVOS__UM_A_DOIS_CREDITOS_ATIVOS;FAIXA_IDADE__IDADE_40_A_49;3;1;4;0.010000;0.27;1.07;0;1.02
947;FAIXA_RENDA__RENDA_ALTA + CATEGORIA_FILHOS__UM_FILHO;FAIXA_CREDITO__CREDITO_ALTO + FAIXA_TAXA_REJEICAO__SEM_REJEICAO_PREVIA;2;2;4;0.010000;0.18;1.07;0;1.01
948;FAIXA_CREDITO__CREDITO_ALTO + FAIXA_TAXA_REJEICAO__SEM_REJEICAO_PREVIA;FAIXA_RENDA__RENDA_ALTA + CATEGORIA_FILHOS__UM_FILHO;2;2;4;0.010000;0.06;1.07;0;1
949;FAIXA_RENDA__RENDA_MUITO_ALTA;FAIXA_IDADE__IDADE_30_A_39 + FAIXA_TAXA_REJEICAO__REJEICAO_PREVIA_ATE_25_PCT;1;2;3;0.010000;0.04;1.07;0;1
950;FAIXA_IDADE__IDADE_30_A_39 + FAIXA_TAXA_REJEICAO__REJEICAO_PREVIA_ATE_25_PCT;FAIXA_RENDA__RENDA_MUITO_ALTA;2;1;3;0.010000;0.26;1.07;0;1.02
951;FAIXA_TAXA_REJEICAO__SEM_REJEICAO_PREVIA;FAIXA_CREDITO__CREDITO_BAIXO + FAIXA_RENDA__RENDA_BAIXA + FAIXA_IDADE__IDADE_40_A_49 + POSSE_CARRO__SEM_CARRO + SITUACAO_FAMILIAR__CASADO_OU_UNIAO_CIVIL;1;5;6;0.010000;0.01;1.06;0;1
952;FAIXA_CREDITO__CREDITO_BAIXO + FAIXA_RENDA__RENDA_BAIXA + FAIXA_IDADE__IDADE_40_A_49 + POSSE_CARRO__SEM_CARRO + SITUACAO_FAMILIAR__CASADO_OU_UNIAO_CIVIL;FAIXA_TAXA_REJEICAO__SEM_REJEICAO_PREVIA;5;1;6;0.010000;0.72;1.06;0;1.12
953;POSSE_CARRO__SEM_CARRO + SITUACAO_FAMILIAR__CASADO_OU_UNIAO_CIVIL;FAIXA_RENDA__RENDA_BAIXA + FAIXA_IDADE__IDADE_60_OU_MAIS + CATEGORIA_FILHOS__SEM_FILHOS + FAIXA_CREDITOS_ATIVOS__UM_A_DOIS_CREDITOS_ATIVOS + FAIXA_TAXA_REJEICAO__SEM_REJEICAO_PREVIA;2;5;7;0.010000;0.02;1.06;0;1
954;FAIXA_RENDA__RENDA_BAIXA + FAIXA_IDADE__IDADE_60_OU_MAIS + CATEGORIA_FILHOS__SEM_FILHOS + FAIXA_CREDITOS_ATIVOS__UM_A_DOIS_CREDITOS_ATIVOS + FAIXA_TAXA_REJEICAO__SEM_REJEICAO_PREVIA;POSSE_CARRO__SEM_CARRO + SITUACAO_FAMILIAR__CASADO_OU_UNIAO_CIVIL;5;2;7;0.010000;0.48;1.06;0;1.04
955;FAIXA_IDADE__IDADE_30_A_39;FAIXA_RENDA__RENDA_BAIXA + SITUACAO_FAMILIAR__CASADO_OU_UNIAO_CIVIL + FAIXA_TAXA_REJEICAO__REJEICAO_PREVIA_ACIMA_25_PCT;1;3;4;0.010000;0.04;1.06;0;1
956;FAIXA_RENDA__RENDA_BAIXA + SITUACAO_FAMILIAR__CASADO_OU_UNIAO_CIVIL + FAIXA_TAXA_REJEICAO__REJEICAO_PREVIA_ACIMA_25_PCT;FAIXA_IDADE__IDADE_30_A_39;3;1;4;0.010000;0.28;1.06;0;1.02
957;FAIXA_IDADE__IDADE_50_A_59 + CATEGORIA_FILHOS__SEM_FILHOS;FAIXA_CREDITO__CREDITO_ALTO + FAIXA_RENDA__RENDA_ALTA + POSSE_CARRO__SEM_CARRO;2;3;5;0.010000;0.05;1.06;0;1
958;FAIXA_CREDITO__CREDITO_ALTO + FAIXA_RENDA__RENDA_ALTA + POSSE_CARRO__SEM_CARRO;FAIXA_IDADE__IDADE_50_A_59 + CATEGORIA_FILHOS__SEM_FILHOS;3;2;5;0.010000;0.21;1.06;0;1.01
959;FAIXA_RENDA__RENDA_MEDIA + POSSE_CARRO__SEM_CARRO;FAIXA_CREDITO__CREDITO_ALTO + SITUACAO_FAMILIAR__CASADO_OU_UNIAO_CIVIL + FAIXA_CREDITOS_ATIVOS__UM_A_DOIS_CREDITOS_ATIVOS;2;3;5;0.010000;0.08;1.06;0;1
960;FAIXA_CREDITO__CREDITO_ALTO + SITUACAO_FAMILIAR__CASADO_OU_UNIAO_CIVIL + FAIXA_CREDITOS_ATIVOS__UM_A_DOIS_CREDITOS_ATIVOS;FAIXA_RENDA__RENDA_MEDIA + POSSE_CARRO__SEM_CARRO;3;2;5;0.010000;0.13;1.06;0;1.01
961;FAIXA_CREDITO__CREDITO_ALTO + FAIXA_RENDA__RENDA_MEDIA + POSSE_CARRO__SEM_CARRO + SITUACAO_FAMILIAR__CASADO_OU_UNIAO_CIVIL;FAIXA_CREDITOS_ATIVOS__UM_A_DOIS_CREDITOS_ATIVOS;4;1;5;0.010000;0.46;1.06;0;1.04
962;FAIXA_CREDITOS_ATIVOS__UM_A_DOIS_CREDITOS_ATIVOS;FAIXA_CREDITO__CREDITO_ALTO + FAIXA_RENDA__RENDA_MEDIA + POSSE_CARRO__SEM_CARRO + SITUACAO_FAMILIAR__CASADO_OU_UNIAO_CIVIL;1;4;5;0.010000;0.02;1.06;0;1
963;FAIXA_RENDA__RENDA_BAIXA + FAIXA_IDADE__IDADE_40_A_49 + CATEGORIA_FILHOS__SEM_FILHOS + POSSE_CARRO__SEM_CARRO + FAIXA_CREDITOS_ATIVOS__UM_A_DOIS_CREDITOS_ATIVOS;FAIXA_TAXA_REJEICAO__SEM_REJEICAO_PREVIA;5;1;6;0.010000;0.71;1.05;0;1.1
964;FAIXA_TAXA_REJEICAO__SEM_REJEICAO_PREVIA;FAIXA_RENDA__RENDA_BAIXA + FAIXA_IDADE__IDADE_40_A_49 + CATEGORIA_FILHOS__SEM_FILHOS + POSSE_CARRO__SEM_CARRO + FAIXA_CREDITOS_ATIVOS__UM_A_DOIS_CREDITOS_ATIVOS;1;5;6;0.010000;0.01;1.05;0;1
965;FAIXA_RENDA__RENDA_MUITO_ALTA + POSSE_CARRO__SEM_CARRO;FAIXA_CREDITO__CREDITO_ALTO + FAIXA_CREDITOS_ATIVOS__UM_A_DOIS_CREDITOS_ATIVOS + FAIXA_TAXA_REJEICAO__SEM_REJEICAO_PREVIA;2;3;5;0.010000;0.08;1.05;0;1
966;FAIXA_CREDITO__CREDITO_ALTO + FAIXA_CREDITOS_ATIVOS__UM_A_DOIS_CREDITOS_ATIVOS + FAIXA_TAXA_REJEICAO__SEM_REJEICAO_PREVIA;FAIXA_RENDA__RENDA_MUITO_ALTA + POSSE_CARRO__SEM_CARRO;3;2;5;0.010000;0.13;1.05;0;1.01
967;FAIXA_CREDITO__CREDITO_ALTO + POSSE_CARRO__COM_CARRO;FAIXA_IDADE__IDADE_40_A_49 + FAIXA_CREDITOS_ATIVOS__UM_A_DOIS_CREDITOS_ATIVOS;2;2;4;0.010000;0.12;1.05;0;1.01
968;FAIXA_IDADE__IDADE_40_A_49 + FAIXA_CREDITOS_ATIVOS__UM_A_DOIS_CREDITOS_ATIVOS;FAIXA_CREDITO__CREDITO_ALTO + POSSE_CARRO__COM_CARRO;2;2;4;0.010000;0.09;1.05;0;1
969;FAIXA_CREDITO__CREDITO_ALTO + FAIXA_IDADE__IDADE_40_A_49;POSSE_CARRO__COM_CARRO + FAIXA_CREDITOS_ATIVOS__UM_A_DOIS_CREDITOS_ATIVOS;2;2;4;0.010000;0.16;1.05;0;1.01
970;POSSE_CARRO__COM_CARRO + FAIXA_CREDITOS_ATIVOS__UM_A_DOIS_CREDITOS_ATIVOS;FAIXA_CREDITO__CREDITO_ALTO + FAIXA_IDADE__IDADE_40_A_49;2;2;4;0.010000;0.07;1.05;0;1
971;FAIXA_CREDITOS_ATIVOS__UM_A_DOIS_CREDITOS_ATIVOS + FAIXA_TAXA_REJEICAO__SEM_REJEICAO_PREVIA;FAIXA_RENDA__RENDA_BAIXA + FAIXA_IDADE__IDADE_60_OU_MAIS + CATEGORIA_FILHOS__SEM_FILHOS + POSSE_CARRO__SEM_CARRO + SITUACAO_FAMILIAR__CASADO_OU_UNIAO_CIVIL;2;5;7;0.010000;0.03;1.05;0;1
972;FAIXA_RENDA__RENDA_BAIXA + FAIXA_IDADE__IDADE_60_OU_MAIS + CATEGORIA_FILHOS__SEM_FILHOS + POSSE_CARRO__SEM_CARRO + SITUACAO_FAMILIAR__CASADO_OU_UNIAO_CIVIL;FAIXA_CREDITOS_ATIVOS__UM_A_DOIS_CREDITOS_ATIVOS + FAIXA_TAXA_REJEICAO__SEM_REJEICAO_PREVIA;5;2;7;0.010000;0.32;1.05;0;1.02
973;FAIXA_RENDA__RENDA_BAIXA;FAIXA_IDADE__IDADE_40_A_49 + CATEGORIA_FILHOS__SEM_FILHOS + POSSE_CARRO__SEM_CARRO + FAIXA_CREDITOS_ATIVOS__UM_A_DOIS_CREDITOS_ATIVOS + FAIXA_TAXA_REJEICAO__SEM_REJEICAO_PREVIA;1;5;6;0.010000;0.03;1.05;0;1
974;FAIXA_IDADE__IDADE_40_A_49 + CATEGORIA_FILHOS__SEM_FILHOS + POSSE_CARRO__SEM_CARRO + FAIXA_CREDITOS_ATIVOS__UM_A_DOIS_CREDITOS_ATIVOS + FAIXA_TAXA_REJEICAO__SEM_REJEICAO_PREVIA;FAIXA_RENDA__RENDA_BAIXA;5;1;6;0.010000;0.34;1.05;0;1.02
975;FAIXA_CREDITO__CREDITO_MEDIO + FAIXA_RENDA__RENDA_ALTA;SITUACAO_FAMILIAR__SOLTEIRO;2;1;3;0.010000;0.16;1.05;0;1.01
976;SITUACAO_FAMILIAR__SOLTEIRO;FAIXA_CREDITO__CREDITO_MEDIO + FAIXA_RENDA__RENDA_ALTA;1;2;3;0.010000;0.07;1.05;0;1
977;FAIXA_CREDITO__CREDITO_MEDIO + FAIXA_RENDA__RENDA_BAIXA + FAIXA_IDADE__IDADE_60_OU_MAIS + POSSE_CARRO__SEM_CARRO;FAIXA_TAXA_REJEICAO__SEM_REJEICAO_PREVIA;4;1;5;0.010000;0.71;1.05;0;1.08
978;FAIXA_TAXA_REJEICAO__SEM_REJEICAO_PREVIA;FAIXA_CREDITO__CREDITO_MEDIO + FAIXA_RENDA__RENDA_BAIXA + FAIXA_IDADE__IDADE_60_OU_MAIS + POSSE_CARRO__SEM_CARRO;1;4;5;0.010000;0.01;1.05;0;1
979;POSSE_CARRO__SEM_CARRO + SITUACAO_FAMILIAR__CASADO_OU_UNIAO_CIVIL;FAIXA_RENDA__RENDA_BAIXA + FAIXA_IDADE__IDADE_60_OU_MAIS + FAIXA_CREDITOS_ATIVOS__UM_A_DOIS_CREDITOS_ATIVOS + FAIXA_TAXA_REJEICAO__SEM_REJEICAO_PREVIA;2;4;6;0.010000;0.02;1.05;0;1
980;FAIXA_RENDA__RENDA_BAIXA + FAIXA_IDADE__IDADE_60_OU_MAIS + FAIXA_CREDITOS_ATIVOS__UM_A_DOIS_CREDITOS_ATIVOS + FAIXA_TAXA_REJEICAO__SEM_REJEICAO_PREVIA;POSSE_CARRO__SEM_CARRO + SITUACAO_FAMILIAR__CASADO_OU_UNIAO_CIVIL;4;2;6;0.010000;0.47;1.05;0;1.03
981;FAIXA_CREDITOS_ATIVOS__UM_A_DOIS_CREDITOS_ATIVOS;FAIXA_CREDITO__CREDITO_BAIXO + FAIXA_RENDA__RENDA_BAIXA + FAIXA_IDADE__IDADE_50_A_59 + CATEGORIA_FILHOS__SEM_FILHOS;1;4;5;0.010000;0.02;1.05;0;1
982;FAIXA_CREDITO__CREDITO_BAIXO + FAIXA_RENDA__RENDA_BAIXA + FAIXA_IDADE__IDADE_50_A_59 + CATEGORIA_FILHOS__SEM_FILHOS;FAIXA_CREDITOS_ATIVOS__UM_A_DOIS_CREDITOS_ATIVOS;4;1;5;0.010000;0.45;1.05;0;1.03
983;FAIXA_CREDITO__CREDITO_MEDIO + FAIXA_IDADE__IDADE_50_A_59 + CATEGORIA_FILHOS__SEM_FILHOS;POSSE_CARRO__SEM_CARRO + FAIXA_CREDITOS_ATIVOS__UM_A_DOIS_CREDITOS_ATIVOS + FAIXA_TAXA_REJEICAO__SEM_REJEICAO_PREVIA;3;3;6;0.010000;0.21;1.04;0;1.01
984;POSSE_CARRO__SEM_CARRO + FAIXA_CREDITOS_ATIVOS__UM_A_DOIS_CREDITOS_ATIVOS + FAIXA_TAXA_REJEICAO__SEM_REJEICAO_PREVIA;FAIXA_CREDITO__CREDITO_MEDIO + FAIXA_IDADE__IDADE_50_A_59 + CATEGORIA_FILHOS__SEM_FILHOS;3;3;6;0.010000;0.05;1.04;0;1
985;FAIXA_IDADE__IDADE_21_A_29;FAIXA_RENDA__RENDA_BAIXA + POSSE_CARRO__SEM_CARRO + FAIXA_CREDITOS_ATIVOS__UM_A_DOIS_CREDITOS_ATIVOS + FAIXA_TAXA_REJEICAO__SEM_REJEICAO_PREVIA;1;4;5;0.010000;0.08;1.04;0;1
986;FAIXA_RENDA__RENDA_BAIXA + POSSE_CARRO__SEM_CARRO + FAIXA_CREDITOS_ATIVOS__UM_A_DOIS_CREDITOS_ATIVOS + FAIXA_TAXA_REJEICAO__SEM_REJEICAO_PREVIA;FAIXA_IDADE__IDADE_21_A_29;4;1;5;0.010000;0.13;1.04;0;1
987;FAIXA_RENDA__RENDA_MUITO_ALTA + FAIXA_IDADE__IDADE_40_A_49 + CATEGORIA_FILHOS__SEM_FILHOS;SITUACAO_FAMILIAR__CASADO_OU_UNIAO_CIVIL + FAIXA_CREDITOS_ATIVOS__UM_A_DOIS_CREDITOS_ATIVOS + FAIXA_TAXA_REJEICAO__SEM_REJEICAO_PREVIA;3;3;6;0.010000;0.23;1.04;0;1.01
988;SITUACAO_FAMILIAR__CASADO_OU_UNIAO_CIVIL + FAIXA_CREDITOS_ATIVOS__UM_A_DOIS_CREDITOS_ATIVOS + FAIXA_TAXA_REJEICAO__SEM_REJEICAO_PREVIA;FAIXA_RENDA__RENDA_MUITO_ALTA + FAIXA_IDADE__IDADE_40_A_49 + CATEGORIA_FILHOS__SEM_FILHOS;3;3;6;0.010000;0.05;1.04;0;1
989;FAIXA_IDADE__IDADE_40_A_49 + SITUACAO_FAMILIAR__CASADO_OU_UNIAO_CIVIL;FAIXA_RENDA__RENDA_MUITO_ALTA + CATEGORIA_FILHOS__SEM_FILHOS + FAIXA_CREDITOS_ATIVOS__UM_A_DOIS_CREDITOS_ATIVOS + FAIXA_TAXA_REJEICAO__SEM_REJEICAO_PREVIA;2;4;6;0.010000;0.05;1.04;0;1
990;FAIXA_RENDA__RENDA_MUITO_ALTA + CATEGORIA_FILHOS__SEM_FILHOS + FAIXA_CREDITOS_ATIVOS__UM_A_DOIS_CREDITOS_ATIVOS + FAIXA_TAXA_REJEICAO__SEM_REJEICAO_PREVIA;FAIXA_IDADE__IDADE_40_A_49 + SITUACAO_FAMILIAR__CASADO_OU_UNIAO_CIVIL;4;2;6;0.010000;0.21;1.04;0;1.01
991;FAIXA_RENDA__RENDA_BAIXA + FAIXA_IDADE__IDADE_60_OU_MAIS + POSSE_CARRO__SEM_CARRO + SITUACAO_FAMILIAR__CASADO_OU_UNIAO_CIVIL;FAIXA_CREDITOS_ATIVOS__UM_A_DOIS_CREDITOS_ATIVOS + FAIXA_TAXA_REJEICAO__SEM_REJEICAO_PREVIA;4;2;6;0.010000;0.31;1.04;0;1.01
992;FAIXA_CREDITOS_ATIVOS__UM_A_DOIS_CREDITOS_ATIVOS + FAIXA_TAXA_REJEICAO__SEM_REJEICAO_PREVIA;FAIXA_RENDA__RENDA_BAIXA + FAIXA_IDADE__IDADE_60_OU_MAIS + POSSE_CARRO__SEM_CARRO + SITUACAO_FAMILIAR__CASADO_OU_UNIAO_CIVIL;2;4;6;0.010000;0.03;1.04;0;1
993;SITUACAO_FAMILIAR__CASADO_OU_UNIAO_CIVIL + FAIXA_CREDITOS_ATIVOS__TRES_OU_MAIS_CREDITOS_ATIVOS;FAIXA_RENDA__RENDA_ALTA + FAIXA_IDADE__IDADE_30_A_39 + FAIXA_TAXA_REJEICAO__SEM_REJEICAO_PREVIA;2;3;5;0.010000;0.05;1.04;0;1
994;FAIXA_RENDA__RENDA_ALTA + FAIXA_IDADE__IDADE_30_A_39 + FAIXA_TAXA_REJEICAO__SEM_REJEICAO_PREVIA;SITUACAO_FAMILIAR__CASADO_OU_UNIAO_CIVIL + FAIXA_CREDITOS_ATIVOS__TRES_OU_MAIS_CREDITOS_ATIVOS;3;2;5;0.010000;0.21;1.04;0;1.01
995;POSSE_CARRO__SEM_CARRO + SITUACAO_FAMILIAR__CASADO_OU_UNIAO_CIVIL + FAIXA_CREDITOS_ATIVOS__UM_A_DOIS_CREDITOS_ATIVOS;FAIXA_RENDA__RENDA_BAIXA + FAIXA_IDADE__IDADE_60_OU_MAIS + CATEGORIA_FILHOS__SEM_FILHOS + FAIXA_TAXA_REJEICAO__SEM_REJEICAO_PREVIA;3;4;7;0.010000;0.05;1.04;0;1
996;FAIXA_RENDA__RENDA_BAIXA + FAIXA_IDADE__IDADE_60_OU_MAIS + CATEGORIA_FILHOS__SEM_FILHOS + FAIXA_TAXA_REJEICAO__SEM_REJEICAO_PREVIA;POSSE_CARRO__SEM_CARRO + SITUACAO_FAMILIAR__CASADO_OU_UNIAO_CIVIL + FAIXA_CREDITOS_ATIVOS__UM_A_DOIS_CREDITOS_ATIVOS;4;3;7;0.010000;0.2;1.04;0;1.01
997;FAIXA_IDADE__IDADE_30_A_39 + FAIXA_CREDITOS_ATIVOS__TRES_OU_MAIS_CREDITOS_ATIVOS;FAIXA_RENDA__RENDA_ALTA + SITUACAO_FAMILIAR__CASADO_OU_UNIAO_CIVIL + FAIXA_TAXA_REJEICAO__SEM_REJEICAO_PREVIA;2;3;5;0.010000;0.13;1.04;0;1
998;FAIXA_RENDA__RENDA_ALTA + SITUACAO_FAMILIAR__CASADO_OU_UNIAO_CIVIL + FAIXA_TAXA_REJEICAO__SEM_REJEICAO_PREVIA;FAIXA_IDADE__IDADE_30_A_39 + FAIXA_CREDITOS_ATIVOS__TRES_OU_MAIS_CREDITOS_ATIVOS;3;2;5;0.010000;0.08;1.04;0;1
999;SITUACAO_FAMILIAR__CASADO_OU_UNIAO_CIVIL;FAIXA_CREDITO__CREDITO_BAIXO + POSSE_CARRO__COM_CARRO + FAIXA_TAXA_REJEICAO__REJEICAO_PREVIA_ACIMA_25_PCT;1;3;4;0.010000;0.01;1.04;0;1
1000;FAIXA_CREDITO__CREDITO_BAIXO + POSSE_CARRO__COM_CARRO + FAIXA_TAXA_REJEICAO__REJEICAO_PREVIA_ACIMA_25_PCT;SITUACAO_FAMILIAR__CASADO_OU_UNIAO_CIVIL;3;1;4;0.010000;0.76;1.04;0;1.08
1001;POSSE_CARRO__COM_CARRO;FAIXA_IDADE__IDADE_21_A_29 + CATEGORIA_FILHOS__SEM_FILHOS + SITUACAO_FAMILIAR__SOLTEIRO + FAIXA_TAXA_REJEICAO__SEM_REJEICAO_PREVIA;1;4;5;0.010000;0.03;1.04;0;1
1002;FAIXA_IDADE__IDADE_21_A_29 + CATEGORIA_FILHOS__SEM_FILHOS + SITUACAO_FAMILIAR__SOLTEIRO + FAIXA_TAXA_REJEICAO__SEM_REJEICAO_PREVIA;POSSE_CARRO__COM_CARRO;4;1;5;0.010000;0.35;1.04;0;1.01
1003;FAIXA_IDADE__IDADE_21_A_29 + CATEGORIA_FILHOS__SEM_FILHOS;FAIXA_RENDA__RENDA_MEDIA + POSSE_CARRO__SEM_CARRO;2;2;4;0.010000;0.12;1.03;0;1
1004;FAIXA_RENDA__RENDA_MEDIA + POSSE_CARRO__SEM_CARRO;FAIXA_IDADE__IDADE_21_A_29 + CATEGORIA_FILHOS__SEM_FILHOS;2;2;4;0.010000;0.08;1.03;0;1
1005;FAIXA_TAXA_REJEICAO__SEM_REJEICAO_PREVIA;FAIXA_RENDA__RENDA_ALTA + FAIXA_IDADE__IDADE_50_A_59 + POSSE_CARRO__COM_CARRO + SITUACAO_FAMILIAR__CASADO_OU_UNIAO_CIVIL;1;4;5;0.010000;0.01;1.03;0;1
1006;FAIXA_RENDA__RENDA_ALTA + FAIXA_IDADE__IDADE_50_A_59 + POSSE_CARRO__COM_CARRO + SITUACAO_FAMILIAR__CASADO_OU_UNIAO_CIVIL;FAIXA_TAXA_REJEICAO__SEM_REJEICAO_PREVIA;4;1;5;0.010000;0.7;1.03;0;1.05
1007;POSSE_CARRO__SEM_CARRO + SITUACAO_FAMILIAR__CASADO_OU_UNIAO_CIVIL;FAIXA_CREDITO__CREDITO_ALTO + FAIXA_RENDA__RENDA_MEDIA + FAIXA_CREDITOS_ATIVOS__UM_A_DOIS_CREDITOS_ATIVOS;2;3;5;0.010000;0.02;1.03;0;1
1008;FAIXA_CREDITO__CREDITO_ALTO + FAIXA_RENDA__RENDA_MEDIA + FAIXA_CREDITOS_ATIVOS__UM_A_DOIS_CREDITOS_ATIVOS;POSSE_CARRO__SEM_CARRO + SITUACAO_FAMILIAR__CASADO_OU_UNIAO_CIVIL;3;2;5;0.010000;0.47;1.03;0;1.02
1009;FAIXA_CREDITOS_ATIVOS__UM_A_DOIS_CREDITOS_ATIVOS + FAIXA_TAXA_REJEICAO__SEM_REJEICAO_PREVIA;FAIXA_RENDA__RENDA_BAIXA + FAIXA_IDADE__IDADE_21_A_29 + POSSE_CARRO__SEM_CARRO;2;3;5;0.010000;0.03;1.03;0;1
1010;FAIXA_RENDA__RENDA_BAIXA + FAIXA_IDADE__IDADE_21_A_29 + POSSE_CARRO__SEM_CARRO;FAIXA_CREDITOS_ATIVOS__UM_A_DOIS_CREDITOS_ATIVOS + FAIXA_TAXA_REJEICAO__SEM_REJEICAO_PREVIA;3;2;5;0.010000;0.31;1.03;0;1.01
1011;POSSE_CARRO__SEM_CARRO + SITUACAO_FAMILIAR__CASADO_OU_UNIAO_CIVIL + FAIXA_CREDITOS_ATIVOS__UM_A_DOIS_CREDITOS_ATIVOS;FAIXA_RENDA__RENDA_BAIXA + FAIXA_IDADE__IDADE_60_OU_MAIS + FAIXA_TAXA_REJEICAO__SEM_REJEICAO_PREVIA;3;3;6;0.010000;0.05;1.03;0;1
1012;FAIXA_RENDA__RENDA_BAIXA + FAIXA_IDADE__IDADE_60_OU_MAIS + FAIXA_TAXA_REJEICAO__SEM_REJEICAO_PREVIA;POSSE_CARRO__SEM_CARRO + SITUACAO_FAMILIAR__CASADO_OU_UNIAO_CIVIL + FAIXA_CREDITOS_ATIVOS__UM_A_DOIS_CREDITOS_ATIVOS;3;3;6;0.010000;0.2;1.03;0;1.01
1013;FAIXA_CREDITO__CREDITO_ALTO + FAIXA_RENDA__RENDA_MEDIA + SITUACAO_FAMILIAR__CASADO_OU_UNIAO_CIVIL;POSSE_CARRO__SEM_CARRO + FAIXA_CREDITOS_ATIVOS__UM_A_DOIS_CREDITOS_ATIVOS;3;2;5;0.010000;0.29;1.03;0;1.01
1014;POSSE_CARRO__SEM_CARRO + FAIXA_CREDITOS_ATIVOS__UM_A_DOIS_CREDITOS_ATIVOS;FAIXA_CREDITO__CREDITO_ALTO + FAIXA_RENDA__RENDA_MEDIA + SITUACAO_FAMILIAR__CASADO_OU_UNIAO_CIVIL;2;3;5;0.010000;0.04;1.03;0;1
1015;FAIXA_RENDA__RENDA_MUITO_ALTA + FAIXA_IDADE__IDADE_40_A_49 + FAIXA_CREDITOS_ATIVOS__UM_A_DOIS_CREDITOS_ATIVOS + FAIXA_TAXA_REJEICAO__SEM_REJEICAO_PREVIA;CATEGORIA_FILHOS__SEM_FILHOS + SITUACAO_FAMILIAR__CASADO_OU_UNIAO_CIVIL;4;2;6;0.010000;0.49;1.03;0;1.02
1016;CATEGORIA_FILHOS__SEM_FILHOS + SITUACAO_FAMILIAR__CASADO_OU_UNIAO_CIVIL;FAIXA_RENDA__RENDA_MUITO_ALTA + FAIXA_IDADE__IDADE_40_A_49 + FAIXA_CREDITOS_ATIVOS__UM_A_DOIS_CREDITOS_ATIVOS + FAIXA_TAXA_REJEICAO__SEM_REJEICAO_PREVIA;2;4;6;0.010000;0.02;1.03;0;1
1017;POSSE_CARRO__COM_CARRO;FAIXA_CREDITO__CREDITO_BAIXO + SITUACAO_FAMILIAR__CASADO_OU_UNIAO_CIVIL + FAIXA_TAXA_REJEICAO__REJEICAO_PREVIA_ACIMA_25_PCT;1;3;4;0.010000;0.03;1.03;0;1
1018;FAIXA_CREDITO__CREDITO_BAIXO + SITUACAO_FAMILIAR__CASADO_OU_UNIAO_CIVIL + FAIXA_TAXA_REJEICAO__REJEICAO_PREVIA_ACIMA_25_PCT;POSSE_CARRO__COM_CARRO;3;1;4;0.010000;0.35;1.03;0;1.01
1019;FAIXA_CREDITO__CREDITO_ALTO + SITUACAO_FAMILIAR__CASADO_OU_UNIAO_CIVIL;FAIXA_RENDA__RENDA_MEDIA + POSSE_CARRO__SEM_CARRO + FAIXA_CREDITOS_ATIVOS__UM_A_DOIS_CREDITOS_ATIVOS;2;3;5;0.010000;0.05;1.03;0;1
1020;FAIXA_RENDA__RENDA_MEDIA + POSSE_CARRO__SEM_CARRO + FAIXA_CREDITOS_ATIVOS__UM_A_DOIS_CREDITOS_ATIVOS;FAIXA_CREDITO__CREDITO_ALTO + SITUACAO_FAMILIAR__CASADO_OU_UNIAO_CIVIL;3;2;5;0.010000;0.19;1.03;0;1
1021;FAIXA_CREDITO__CREDITO_MEDIO + FAIXA_RENDA__RENDA_MUITO_ALTA + FAIXA_IDADE__IDADE_30_A_39;SITUACAO_FAMILIAR__CASADO_OU_UNIAO_CIVIL;3;1;4;0.010000;0.75;1.02;0;1.03
1022;SITUACAO_FAMILIAR__CASADO_OU_UNIAO_CIVIL;FAIXA_CREDITO__CREDITO_MEDIO + FAIXA_RENDA__RENDA_MUITO_ALTA + FAIXA_IDADE__IDADE_30_A_39;1;3;4;0.010000;0.01;1.02;0;1
1023;SITUACAO_FAMILIAR__CASADO_OU_UNIAO_CIVIL;FAIXA_RENDA__RENDA_BAIXA + FAIXA_IDADE__IDADE_30_A_39 + FAIXA_TAXA_REJEICAO__REJEICAO_PREVIA_ACIMA_25_PCT;1;3;4;0.010000;0.01;1.02;0;1
1024;FAIXA_RENDA__RENDA_BAIXA + FAIXA_IDADE__IDADE_30_A_39 + FAIXA_TAXA_REJEICAO__REJEICAO_PREVIA_ACIMA_25_PCT;SITUACAO_FAMILIAR__CASADO_OU_UNIAO_CIVIL;3;1;4;0.010000;0.75;1.02;0;1.03
1025;SITUACAO_FAMILIAR__CASADO_OU_UNIAO_CIVIL;FAIXA_CREDITO__CREDITO_BAIXO + FAIXA_RENDA__RENDA_BAIXA + FAIXA_IDADE__IDADE_40_A_49 + POSSE_CARRO__SEM_CARRO + FAIXA_TAXA_REJEICAO__SEM_REJEICAO_PREVIA;1;5;6;0.010000;0.01;1.02;0;1
1026;FAIXA_CREDITO__CREDITO_BAIXO + FAIXA_RENDA__RENDA_BAIXA + FAIXA_IDADE__IDADE_40_A_49 + POSSE_CARRO__SEM_CARRO + FAIXA_TAXA_REJEICAO__SEM_REJEICAO_PREVIA;SITUACAO_FAMILIAR__CASADO_OU_UNIAO_CIVIL;5;1;6;0.010000;0.75;1.02;0;1.03
1027;FAIXA_IDADE__IDADE_30_A_39 + POSSE_CARRO__COM_CARRO + SITUACAO_FAMILIAR__CASADO_OU_UNIAO_CIVIL + FAIXA_TAXA_REJEICAO__SEM_REJEICAO_PREVIA;FAIXA_RENDA__RENDA_MEDIA;4;1;5;0.010000;0.18;1.02;0;1
1028;FAIXA_RENDA__RENDA_MEDIA;FAIXA_IDADE__IDADE_30_A_39 + POSSE_CARRO__COM_CARRO + SITUACAO_FAMILIAR__CASADO_OU_UNIAO_CIVIL + FAIXA_TAXA_REJEICAO__SEM_REJEICAO_PREVIA;1;4;5;0.010000;0.06;1.02;0;1
1029;FAIXA_IDADE__IDADE_21_A_29 + CATEGORIA_FILHOS__UM_FILHO;FAIXA_CREDITOS_ATIVOS__UM_A_DOIS_CREDITOS_ATIVOS + FAIXA_TAXA_REJEICAO__SEM_REJEICAO_PREVIA;2;2;4;0.010000;0.31;1.02;0;1
1030;FAIXA_CREDITOS_ATIVOS__UM_A_DOIS_CREDITOS_ATIVOS + FAIXA_TAXA_REJEICAO__SEM_REJEICAO_PREVIA;FAIXA_IDADE__IDADE_21_A_29 + CATEGORIA_FILHOS__UM_FILHO;2;2;4;0.010000;0.03;1.02;0;1
1031;FAIXA_IDADE__IDADE_40_A_49 + POSSE_CARRO__SEM_CARRO;FAIXA_CREDITO__CREDITO_BAIXO + FAIXA_RENDA__RENDA_BAIXA + SITUACAO_FAMILIAR__CASADO_OU_UNIAO_CIVIL + FAIXA_TAXA_REJEICAO__SEM_REJEICAO_PREVIA;2;4;6;0.010000;0.06;1.02;0;1
1032;FAIXA_CREDITO__CREDITO_BAIXO + FAIXA_RENDA__RENDA_BAIXA + SITUACAO_FAMILIAR__CASADO_OU_UNIAO_CIVIL + FAIXA_TAXA_REJEICAO__SEM_REJEICAO_PREVIA;FAIXA_IDADE__IDADE_40_A_49 + POSSE_CARRO__SEM_CARRO;4;2;6;0.010000;0.16;1.02;0;1
1033;FAIXA_RENDA__RENDA_MUITO_ALTA + CATEGORIA_FILHOS__SEM_FILHOS + FAIXA_CREDITOS_ATIVOS__UM_A_DOIS_CREDITOS_ATIVOS;FAIXA_IDADE__IDADE_40_A_49 + SITUACAO_FAMILIAR__CASADO_OU_UNIAO_CIVIL + FAIXA_TAXA_REJEICAO__SEM_REJEICAO_PREVIA;3;3;6;0.010000;0.14;1.02;0;1
1034;FAIXA_IDADE__IDADE_40_A_49 + SITUACAO_FAMILIAR__CASADO_OU_UNIAO_CIVIL + FAIXA_TAXA_REJEICAO__SEM_REJEICAO_PREVIA;FAIXA_RENDA__RENDA_MUITO_ALTA + CATEGORIA_FILHOS__SEM_FILHOS + FAIXA_CREDITOS_ATIVOS__UM_A_DOIS_CREDITOS_ATIVOS;3;3;6;0.010000;0.07;1.02;0;1
1035;CATEGORIA_FILHOS__UM_FILHO;FAIXA_CREDITO__CREDITO_ALTO + FAIXA_RENDA__RENDA_ALTA + FAIXA_TAXA_REJEICAO__SEM_REJEICAO_PREVIA;1;3;4;0.010000;0.05;1.02;0;1
1036;FAIXA_CREDITO__CREDITO_ALTO + FAIXA_RENDA__RENDA_ALTA + FAIXA_TAXA_REJEICAO__SEM_REJEICAO_PREVIA;CATEGORIA_FILHOS__UM_FILHO;3;1;4;0.010000;0.2;1.02;0;1
1037;FAIXA_CREDITO__CREDITO_MEDIO + POSSE_CARRO__SEM_CARRO;FAIXA_IDADE__IDADE_50_A_59 + CATEGORIA_FILHOS__SEM_FILHOS + FAIXA_CREDITOS_ATIVOS__TRES_OU_MAIS_CREDITOS_ATIVOS;2;3;5;0.010000;0.06;1.02;0;1
1038;FAIXA_IDADE__IDADE_50_A_59 + CATEGORIA_FILHOS__SEM_FILHOS + FAIXA_CREDITOS_ATIVOS__TRES_OU_MAIS_CREDITOS_ATIVOS;FAIXA_CREDITO__CREDITO_MEDIO + POSSE_CARRO__SEM_CARRO;3;2;5;0.010000;0.17;1.02;0;1
1039;FAIXA_CREDITO__CREDITO_BAIXO + SITUACAO_FAMILIAR__CASADO_OU_UNIAO_CIVIL;POSSE_CARRO__COM_CARRO + FAIXA_TAXA_REJEICAO__REJEICAO_PREVIA_ACIMA_25_PCT;2;2;4;0.010000;0.06;1.02;0;1
1040;POSSE_CARRO__COM_CARRO + FAIXA_TAXA_REJEICAO__REJEICAO_PREVIA_ACIMA_25_PCT;FAIXA_CREDITO__CREDITO_BAIXO + SITUACAO_FAMILIAR__CASADO_OU_UNIAO_CIVIL;2;2;4;0.010000;0.17;1.02;0;1
1041;FAIXA_CREDITOS_ATIVOS__UM_A_DOIS_CREDITOS_ATIVOS;FAIXA_RENDA__RENDA_BAIXA + FAIXA_IDADE__IDADE_21_A_29 + POSSE_CARRO__SEM_CARRO + FAIXA_TAXA_REJEICAO__SEM_REJEICAO_PREVIA;1;4;5;0.010000;0.02;1.01;0;1
1042;FAIXA_RENDA__RENDA_BAIXA + FAIXA_IDADE__IDADE_21_A_29 + POSSE_CARRO__SEM_CARRO + FAIXA_TAXA_REJEICAO__SEM_REJEICAO_PREVIA;FAIXA_CREDITOS_ATIVOS__UM_A_DOIS_CREDITOS_ATIVOS;4;1;5;0.010000;0.44;1.01;0;1
1043;FAIXA_CREDITO__CREDITO_MEDIO + FAIXA_IDADE__IDADE_50_A_59 + CATEGORIA_FILHOS__SEM_FILHOS + POSSE_CARRO__SEM_CARRO;FAIXA_CREDITOS_ATIVOS__TRES_OU_MAIS_CREDITOS_ATIVOS;4;1;5;0.010000;0.27;1.01;0;1
1044;FAIXA_RENDA__RENDA_ALTA + FAIXA_IDADE__IDADE_30_A_39 + SITUACAO_FAMILIAR__CASADO_OU_UNIAO_CIVIL + FAIXA_TAXA_REJEICAO__SEM_REJEICAO_PREVIA;FAIXA_CREDITOS_ATIVOS__TRES_OU_MAIS_CREDITOS_ATIVOS;4;1;5;0.010000;0.27;1.01;0;1
1045;FAIXA_CREDITOS_ATIVOS__TRES_OU_MAIS_CREDITOS_ATIVOS;FAIXA_CREDITO__CREDITO_MEDIO + FAIXA_IDADE__IDADE_50_A_59 + CATEGORIA_FILHOS__SEM_FILHOS + POSSE_CARRO__SEM_CARRO;1;4;5;0.010000;0.04;1.01;0;1
1046;FAIXA_CREDITOS_ATIVOS__TRES_OU_MAIS_CREDITOS_ATIVOS;FAIXA_RENDA__RENDA_ALTA + FAIXA_IDADE__IDADE_30_A_39 + SITUACAO_FAMILIAR__CASADO_OU_UNIAO_CIVIL + FAIXA_TAXA_REJEICAO__SEM_REJEICAO_PREVIA;1;4;5;0.010000;0.04;1.01;0;1
1047;FAIXA_CREDITO__CREDITO_ALTO + FAIXA_RENDA__RENDA_MEDIA + POSSE_CARRO__SEM_CARRO;SITUACAO_FAMILIAR__CASADO_OU_UNIAO_CIVIL + FAIXA_CREDITOS_ATIVOS__UM_A_DOIS_CREDITOS_ATIVOS;3;2;5;0.010000;0.32;1.01;0;1
1048;SITUACAO_FAMILIAR__CASADO_OU_UNIAO_CIVIL + FAIXA_CREDITOS_ATIVOS__UM_A_DOIS_CREDITOS_ATIVOS;FAIXA_CREDITO__CREDITO_ALTO + FAIXA_RENDA__RENDA_MEDIA + POSSE_CARRO__SEM_CARRO;2;3;5;0.010000;0.03;1.01;0;1
1049;FAIXA_CREDITO__CREDITO_MEDIO + FAIXA_IDADE__IDADE_50_A_59 + CATEGORIA_FILHOS__SEM_FILHOS + POSSE_CARRO__SEM_CARRO + FAIXA_CREDITOS_ATIVOS__UM_A_DOIS_CREDITOS_ATIVOS;FAIXA_TAXA_REJEICAO__SEM_REJEICAO_PREVIA;5;1;6;0.010000;0.68;1.01;0;1
1050;FAIXA_TAXA_REJEICAO__SEM_REJEICAO_PREVIA;FAIXA_CREDITO__CREDITO_MEDIO + FAIXA_IDADE__IDADE_50_A_59 + CATEGORIA_FILHOS__SEM_FILHOS + POSSE_CARRO__SEM_CARRO + FAIXA_CREDITOS_ATIVOS__UM_A_DOIS_CREDITOS_ATIVOS;1;5;6;0.010000;0.01;1.01;0;1
1051;FAIXA_RENDA__RENDA_ALTA;FAIXA_IDADE__IDADE_50_A_59 + POSSE_CARRO__COM_CARRO + SITUACAO_FAMILIAR__CASADO_OU_UNIAO_CIVIL + FAIXA_TAXA_REJEICAO__SEM_REJEICAO_PREVIA;1;4;5;0.010000;0.04;1.01;0;1
1052;FAIXA_IDADE__IDADE_50_A_59 + POSSE_CARRO__COM_CARRO + SITUACAO_FAMILIAR__CASADO_OU_UNIAO_CIVIL + FAIXA_TAXA_REJEICAO__SEM_REJEICAO_PREVIA;FAIXA_RENDA__RENDA_ALTA;4;1;5;0.010000;0.26;1.01;0;1
1053;FAIXA_RENDA__RENDA_MUITO_ALTA + FAIXA_IDADE__IDADE_40_A_49 + CATEGORIA_FILHOS__SEM_FILHOS + FAIXA_CREDITOS_ATIVOS__UM_A_DOIS_CREDITOS_ATIVOS;SITUACAO_FAMILIAR__CASADO_OU_UNIAO_CIVIL + FAIXA_TAXA_REJEICAO__SEM_REJEICAO_PREVIA;4;2;6;0.010000;0.5;1.01;0;1
1054;SITUACAO_FAMILIAR__CASADO_OU_UNIAO_CIVIL + FAIXA_TAXA_REJEICAO__SEM_REJEICAO_PREVIA;FAIXA_RENDA__RENDA_MUITO_ALTA + FAIXA_IDADE__IDADE_40_A_49 + CATEGORIA_FILHOS__SEM_FILHOS + FAIXA_CREDITOS_ATIVOS__UM_A_DOIS_CREDITOS_ATIVOS;2;4;6;0.010000;0.02;1.01;0;1
1055;FAIXA_CREDITO__CREDITO_MUITO_ALTO;POSSE_CARRO__SEM_CARRO + FAIXA_CREDITOS_ATIVOS__TRES_OU_MAIS_CREDITOS_ATIVOS + FAIXA_TAXA_REJEICAO__REJEICAO_PREVIA_ACIMA_25_PCT;1;3;4;0.010000;0.04;1.01;0;1
1056;POSSE_CARRO__SEM_CARRO + FAIXA_CREDITOS_ATIVOS__TRES_OU_MAIS_CREDITOS_ATIVOS + FAIXA_TAXA_REJEICAO__REJEICAO_PREVIA_ACIMA_25_PCT;FAIXA_CREDITO__CREDITO_MUITO_ALTO;3;1;4;0.010000;0.25;1.01;0;1
1057;SITUACAO_FAMILIAR__CASADO_OU_UNIAO_CIVIL;FAIXA_RENDA__RENDA_MUITO_ALTA + FAIXA_IDADE__IDADE_40_A_49 + FAIXA_TAXA_REJEICAO__REJEICAO_PREVIA_ATE_25_PCT;1;3;4;0.010000;0.01;1.01;0;1
1058;FAIXA_RENDA__RENDA_MUITO_ALTA + FAIXA_IDADE__IDADE_40_A_49 + FAIXA_TAXA_REJEICAO__REJEICAO_PREVIA_ATE_25_PCT;SITUACAO_FAMILIAR__CASADO_OU_UNIAO_CIVIL;3;1;4;0.010000;0.74;1.01;0;0.99
1059;FAIXA_CREDITO__CREDITO_MEDIO + POSSE_CARRO__SEM_CARRO;FAIXA_IDADE__IDADE_50_A_59 + CATEGORIA_FILHOS__SEM_FILHOS + FAIXA_CREDITOS_ATIVOS__UM_A_DOIS_CREDITOS_ATIVOS + FAIXA_TAXA_REJEICAO__SEM_REJEICAO_PREVIA;2;4;6;0.010000;0.06;1.01;0;1
1060;FAIXA_IDADE__IDADE_50_A_59 + CATEGORIA_FILHOS__SEM_FILHOS + FAIXA_CREDITOS_ATIVOS__UM_A_DOIS_CREDITOS_ATIVOS + FAIXA_TAXA_REJEICAO__SEM_REJEICAO_PREVIA;FAIXA_CREDITO__CREDITO_MEDIO + POSSE_CARRO__SEM_CARRO;4;2;6;0.010000;0.17;1.01;0;1
1061;FAIXA_TAXA_REJEICAO__SEM_REJEICAO_PREVIA;FAIXA_RENDA__RENDA_MEDIA + FAIXA_IDADE__IDADE_30_A_39 + POSSE_CARRO__COM_CARRO + SITUACAO_FAMILIAR__CASADO_OU_UNIAO_CIVIL;1;4;5;0.010000;0.01;1;0;1
1062;FAIXA_RENDA__RENDA_MEDIA + FAIXA_IDADE__IDADE_30_A_39 + POSSE_CARRO__COM_CARRO + SITUACAO_FAMILIAR__CASADO_OU_UNIAO_CIVIL;FAIXA_TAXA_REJEICAO__SEM_REJEICAO_PREVIA;4;1;5;0.010000;0.68;1;0;0.99
1063;FAIXA_RENDA__RENDA_BAIXA + FAIXA_IDADE__IDADE_40_A_49 + CATEGORIA_FILHOS__SEM_FILHOS + POSSE_CARRO__SEM_CARRO;FAIXA_CREDITOS_ATIVOS__UM_A_DOIS_CREDITOS_ATIVOS + FAIXA_TAXA_REJEICAO__SEM_REJEICAO_PREVIA;4;2;6;0.010000;0.3;1;0;1
1064;FAIXA_CREDITOS_ATIVOS__UM_A_DOIS_CREDITOS_ATIVOS + FAIXA_TAXA_REJEICAO__SEM_REJEICAO_PREVIA;FAIXA_RENDA__RENDA_BAIXA + FAIXA_IDADE__IDADE_40_A_49 + CATEGORIA_FILHOS__SEM_FILHOS + POSSE_CARRO__SEM_CARRO;2;4;6;0.010000;0.03;1;0;1
1065;FAIXA_IDADE__IDADE_40_A_49 + CATEGORIA_FILHOS__SEM_FILHOS + POSSE_CARRO__SEM_CARRO;FAIXA_RENDA__RENDA_BAIXA + FAIXA_CREDITOS_ATIVOS__UM_A_DOIS_CREDITOS_ATIVOS + FAIXA_TAXA_REJEICAO__SEM_REJEICAO_PREVIA;3;3;6;0.010000;0.1;1;0;1
1066;FAIXA_RENDA__RENDA_BAIXA + FAIXA_CREDITOS_ATIVOS__UM_A_DOIS_CREDITOS_ATIVOS + FAIXA_TAXA_REJEICAO__SEM_REJEICAO_PREVIA;FAIXA_IDADE__IDADE_40_A_49 + CATEGORIA_FILHOS__SEM_FILHOS + POSSE_CARRO__SEM_CARRO;3;3;6;0.010000;0.1;1;0;1
1067;FAIXA_RENDA__RENDA_ALTA + FAIXA_IDADE__IDADE_50_A_59 + FAIXA_TAXA_REJEICAO__SEM_REJEICAO_PREVIA;POSSE_CARRO__COM_CARRO + SITUACAO_FAMILIAR__CASADO_OU_UNIAO_CIVIL;3;2;5;0.010000;0.28;1;0;1
1068;POSSE_CARRO__COM_CARRO + SITUACAO_FAMILIAR__CASADO_OU_UNIAO_CIVIL;FAIXA_RENDA__RENDA_ALTA + FAIXA_IDADE__IDADE_50_A_59 + FAIXA_TAXA_REJEICAO__SEM_REJEICAO_PREVIA;2;3;5;0.010000;0.04;1;0;1
1069;POSSE_CARRO__COM_CARRO + SITUACAO_FAMILIAR__CASADO_OU_UNIAO_CIVIL + FAIXA_TAXA_REJEICAO__SEM_REJEICAO_PREVIA;FAIXA_RENDA__RENDA_ALTA + FAIXA_IDADE__IDADE_50_A_59;3;2;5;0.010000;0.05;1;0;1
1070;FAIXA_RENDA__RENDA_ALTA + FAIXA_IDADE__IDADE_50_A_59;POSSE_CARRO__COM_CARRO + SITUACAO_FAMILIAR__CASADO_OU_UNIAO_CIVIL + FAIXA_TAXA_REJEICAO__SEM_REJEICAO_PREVIA;2;3;5;0.010000;0.19;1;0;1
1071;FAIXA_CREDITOS_ATIVOS__UM_A_DOIS_CREDITOS_ATIVOS + FAIXA_TAXA_REJEICAO__SEM_REJEICAO_PREVIA;FAIXA_RENDA__RENDA_MUITO_ALTA + FAIXA_IDADE__IDADE_40_A_49 + CATEGORIA_FILHOS__SEM_FILHOS + SITUACAO_FAMILIAR__CASADO_OU_UNIAO_CIVIL;2;4;6;0.010000;0.03;1;0;1
1072;FAIXA_RENDA__RENDA_MUITO_ALTA + FAIXA_IDADE__IDADE_40_A_49 + CATEGORIA_FILHOS__SEM_FILHOS + SITUACAO_FAMILIAR__CASADO_OU_UNIAO_CIVIL;FAIXA_CREDITOS_ATIVOS__UM_A_DOIS_CREDITOS_ATIVOS + FAIXA_TAXA_REJEICAO__SEM_REJEICAO_PREVIA;4;2;6;0.010000;0.3;1;0;1
1073;FAIXA_RENDA__RENDA_MUITO_ALTA + FAIXA_IDADE__IDADE_40_A_49;CATEGORIA_FILHOS__SEM_FILHOS + SITUACAO_FAMILIAR__CASADO_OU_UNIAO_CIVIL + FAIXA_CREDITOS_ATIVOS__UM_A_DOIS_CREDITOS_ATIVOS + FAIXA_TAXA_REJEICAO__SEM_REJEICAO_PREVIA;2;4;6;0.010000;0.14;1;0;1
1074;CATEGORIA_FILHOS__SEM_FILHOS + SITUACAO_FAMILIAR__CASADO_OU_UNIAO_CIVIL + FAIXA_CREDITOS_ATIVOS__UM_A_DOIS_CREDITOS_ATIVOS + FAIXA_TAXA_REJEICAO__SEM_REJEICAO_PREVIA;FAIXA_RENDA__RENDA_MUITO_ALTA + FAIXA_IDADE__IDADE_40_A_49;4;2;6;0.010000;0.07;1;0;1
1075;FAIXA_IDADE__IDADE_40_A_49 + CATEGORIA_FILHOS__SEM_FILHOS + POSSE_CARRO__SEM_CARRO + FAIXA_CREDITOS_ATIVOS__UM_A_DOIS_CREDITOS_ATIVOS;FAIXA_RENDA__RENDA_BAIXA + FAIXA_TAXA_REJEICAO__SEM_REJEICAO_PREVIA;4;2;6;0.010000;0.23;1;-0;1
1076;FAIXA_RENDA__RENDA_BAIXA + FAIXA_TAXA_REJEICAO__SEM_REJEICAO_PREVIA;FAIXA_IDADE__IDADE_40_A_49 + CATEGORIA_FILHOS__SEM_FILHOS + POSSE_CARRO__SEM_CARRO + FAIXA_CREDITOS_ATIVOS__UM_A_DOIS_CREDITOS_ATIVOS;2;4;6;0.010000;0.04;1;-0;1
1077;FAIXA_RENDA__RENDA_MUITO_ALTA + CATEGORIA_FILHOS__SEM_FILHOS;FAIXA_IDADE__IDADE_40_A_49 + SITUACAO_FAMILIAR__CASADO_OU_UNIAO_CIVIL + FAIXA_CREDITOS_ATIVOS__UM_A_DOIS_CREDITOS_ATIVOS + FAIXA_TAXA_REJEICAO__SEM_REJEICAO_PREVIA;2;4;6;0.010000;0.06;1;-0;1
1078;FAIXA_IDADE__IDADE_40_A_49 + SITUACAO_FAMILIAR__CASADO_OU_UNIAO_CIVIL + FAIXA_CREDITOS_ATIVOS__UM_A_DOIS_CREDITOS_ATIVOS + FAIXA_TAXA_REJEICAO__SEM_REJEICAO_PREVIA;FAIXA_RENDA__RENDA_MUITO_ALTA + CATEGORIA_FILHOS__SEM_FILHOS;4;2;6;0.010000;0.17;1;-0;1
1079;FAIXA_RENDA__RENDA_MUITO_ALTA + FAIXA_IDADE__IDADE_40_A_49 + FAIXA_CREDITOS_ATIVOS__UM_A_DOIS_CREDITOS_ATIVOS;CATEGORIA_FILHOS__SEM_FILHOS + SITUACAO_FAMILIAR__CASADO_OU_UNIAO_CIVIL + FAIXA_TAXA_REJEICAO__SEM_REJEICAO_PREVIA;3;3;6;0.010000;0.32;1;-0;0.99
1080;CATEGORIA_FILHOS__SEM_FILHOS + SITUACAO_FAMILIAR__CASADO_OU_UNIAO_CIVIL + FAIXA_TAXA_REJEICAO__SEM_REJEICAO_PREVIA;FAIXA_RENDA__RENDA_MUITO_ALTA + FAIXA_IDADE__IDADE_40_A_49 + FAIXA_CREDITOS_ATIVOS__UM_A_DOIS_CREDITOS_ATIVOS;3;3;6;0.010000;0.03;1;-0;1
1081;FAIXA_TAXA_REJEICAO__SEM_REJEICAO_PREVIA;FAIXA_CREDITO__CREDITO_ALTO + FAIXA_RENDA__RENDA_ALTA + CATEGORIA_FILHOS__UM_FILHO;1;3;4;0.010000;0.01;1;-0;1
1082;FAIXA_TAXA_REJEICAO__SEM_REJEICAO_PREVIA;FAIXA_CREDITO__CREDITO_ALTO + FAIXA_RENDA__RENDA_MUITO_ALTA + POSSE_CARRO__SEM_CARRO + FAIXA_CREDITOS_ATIVOS__UM_A_DOIS_CREDITOS_ATIVOS;1;4;5;0.010000;0.01;1;-0;1
1083;FAIXA_CREDITO__CREDITO_ALTO + FAIXA_RENDA__RENDA_ALTA + CATEGORIA_FILHOS__UM_FILHO;FAIXA_TAXA_REJEICAO__SEM_REJEICAO_PREVIA;3;1;4;0.010000;0.68;1;-0;0.98
1084;FAIXA_CREDITO__CREDITO_ALTO + FAIXA_RENDA__RENDA_MUITO_ALTA + POSSE_CARRO__SEM_CARRO + FAIXA_CREDITOS_ATIVOS__UM_A_DOIS_CREDITOS_ATIVOS;FAIXA_TAXA_REJEICAO__SEM_REJEICAO_PREVIA;4;1;5;0.010000;0.68;1;-0;0.98
1085;CATEGORIA_FILHOS__SEM_FILHOS;FAIXA_RENDA__RENDA_MEDIA + FAIXA_IDADE__IDADE_21_A_29 + POSSE_CARRO__SEM_CARRO;1;3;4;0.010000;0.01;1;-0;1
1086;FAIXA_RENDA__RENDA_MEDIA + FAIXA_IDADE__IDADE_21_A_29 + POSSE_CARRO__SEM_CARRO;CATEGORIA_FILHOS__SEM_FILHOS;3;1;4;0.010000;0.69;1;-0;0.97
1087;FAIXA_RENDA__RENDA_BAIXA + POSSE_CARRO__SEM_CARRO + SITUACAO_FAMILIAR__CASADO_OU_UNIAO_CIVIL;FAIXA_IDADE__IDADE_21_A_29 + FAIXA_CREDITOS_ATIVOS__UM_A_DOIS_CREDITOS_ATIVOS;3;2;5;0.010000;0.06;1;-0;1
1088;FAIXA_IDADE__IDADE_21_A_29 + FAIXA_CREDITOS_ATIVOS__UM_A_DOIS_CREDITOS_ATIVOS;FAIXA_RENDA__RENDA_BAIXA + POSSE_CARRO__SEM_CARRO + SITUACAO_FAMILIAR__CASADO_OU_UNIAO_CIVIL;2;3;5;0.010000;0.17;1;-0;1
1089;FAIXA_CREDITOS_ATIVOS__UM_A_DOIS_CREDITOS_ATIVOS;FAIXA_RENDA__RENDA_BAIXA + FAIXA_IDADE__IDADE_60_OU_MAIS + CATEGORIA_FILHOS__SEM_FILHOS + POSSE_CARRO__SEM_CARRO + SITUACAO_FAMILIAR__CASADO_OU_UNIAO_CIVIL + FAIXA_TAXA_REJEICAO__SEM_REJEICAO_PREVIA;1;6;7;0.010000;0.02;1;-0;1
1090;FAIXA_RENDA__RENDA_BAIXA + FAIXA_IDADE__IDADE_60_OU_MAIS + CATEGORIA_FILHOS__SEM_FILHOS + POSSE_CARRO__SEM_CARRO + SITUACAO_FAMILIAR__CASADO_OU_UNIAO_CIVIL + FAIXA_TAXA_REJEICAO__SEM_REJEICAO_PREVIA;FAIXA_CREDITOS_ATIVOS__UM_A_DOIS_CREDITOS_ATIVOS;6;1;7;0.010000;0.43;1;-0;0.99
1091;FAIXA_RENDA__RENDA_ALTA + POSSE_CARRO__COM_CARRO + FAIXA_TAXA_REJEICAO__SEM_REJEICAO_PREVIA;FAIXA_IDADE__IDADE_50_A_59 + SITUACAO_FAMILIAR__CASADO_OU_UNIAO_CIVIL;3;2;5;0.010000;0.16;1;-0;1
1092;FAIXA_IDADE__IDADE_50_A_59 + SITUACAO_FAMILIAR__CASADO_OU_UNIAO_CIVIL;FAIXA_RENDA__RENDA_ALTA + POSSE_CARRO__COM_CARRO + FAIXA_TAXA_REJEICAO__SEM_REJEICAO_PREVIA;2;3;5;0.010000;0.06;1;-0;1
1093;CATEGORIA_FILHOS__UM_FILHO + FAIXA_TAXA_REJEICAO__SEM_REJEICAO_PREVIA;FAIXA_CREDITO__CREDITO_ALTO + FAIXA_RENDA__RENDA_ALTA;2;2;4;0.010000;0.07;0.99;-0;1
1094;FAIXA_CREDITO__CREDITO_ALTO + FAIXA_RENDA__RENDA_ALTA;CATEGORIA_FILHOS__UM_FILHO + FAIXA_TAXA_REJEICAO__SEM_REJEICAO_PREVIA;2;2;4;0.010000;0.14;0.99;-0;1
1095;FAIXA_RENDA__RENDA_MEDIA;POSSE_CARRO__COM_CARRO + FAIXA_CREDITOS_ATIVOS__TRES_OU_MAIS_CREDITOS_ATIVOS + FAIXA_TAXA_REJEICAO__SEM_REJEICAO_PREVIA;1;3;4;0.010000;0.06;0.99;-0;1
1096;POSSE_CARRO__COM_CARRO + FAIXA_CREDITOS_ATIVOS__TRES_OU_MAIS_CREDITOS_ATIVOS + FAIXA_TAXA_REJEICAO__SEM_REJEICAO_PREVIA;FAIXA_RENDA__RENDA_MEDIA;3;1;4;0.010000;0.17;0.99;-0;1
1097;FAIXA_CREDITOS_ATIVOS__UM_A_DOIS_CREDITOS_ATIVOS;FAIXA_RENDA__RENDA_BAIXA + FAIXA_IDADE__IDADE_60_OU_MAIS + POSSE_CARRO__SEM_CARRO + SITUACAO_FAMILIAR__CASADO_OU_UNIAO_CIVIL + FAIXA_TAXA_REJEICAO__SEM_REJEICAO_PREVIA;1;5;6;0.010000;0.02;0.99;-0;1
1098;FAIXA_RENDA__RENDA_BAIXA + FAIXA_IDADE__IDADE_60_OU_MAIS + POSSE_CARRO__SEM_CARRO + SITUACAO_FAMILIAR__CASADO_OU_UNIAO_CIVIL + FAIXA_TAXA_REJEICAO__SEM_REJEICAO_PREVIA;FAIXA_CREDITOS_ATIVOS__UM_A_DOIS_CREDITOS_ATIVOS;5;1;6;0.010000;0.43;0.99;-0;0.99
1099;FAIXA_CREDITO__CREDITO_MEDIO;POSSE_CARRO__COM_CARRO + SITUACAO_FAMILIAR__SOLTEIRO;1;2;3;0.010000;0.04;0.99;-0;1
1100;POSSE_CARRO__COM_CARRO + SITUACAO_FAMILIAR__SOLTEIRO;FAIXA_CREDITO__CREDITO_MEDIO;2;1;3;0.010000;0.24;0.99;-0;0.99
1101;CATEGORIA_FILHOS__DOIS_OU_MAIS_FILHOS + SITUACAO_FAMILIAR__CASADO_OU_UNIAO_CIVIL;FAIXA_CREDITO__CREDITO_MEDIO + FAIXA_CREDITOS_ATIVOS__UM_A_DOIS_CREDITOS_ATIVOS;2;2;4;0.010000;0.11;0.99;-0;1
1102;FAIXA_CREDITO__CREDITO_MEDIO + FAIXA_CREDITOS_ATIVOS__UM_A_DOIS_CREDITOS_ATIVOS;CATEGORIA_FILHOS__DOIS_OU_MAIS_FILHOS + SITUACAO_FAMILIAR__CASADO_OU_UNIAO_CIVIL;2;2;4;0.010000;0.09;0.99;-0;1
1103;FAIXA_RENDA__RENDA_BAIXA + POSSE_CARRO__SEM_CARRO;FAIXA_IDADE__IDADE_21_A_29 + FAIXA_CREDITOS_ATIVOS__UM_A_DOIS_CREDITOS_ATIVOS + FAIXA_TAXA_REJEICAO__SEM_REJEICAO_PREVIA;2;3;5;0.010000;0.04;0.99;-0;1
1104;FAIXA_IDADE__IDADE_21_A_29 + FAIXA_CREDITOS_ATIVOS__UM_A_DOIS_CREDITOS_ATIVOS + FAIXA_TAXA_REJEICAO__SEM_REJEICAO_PREVIA;FAIXA_RENDA__RENDA_BAIXA + POSSE_CARRO__SEM_CARRO;3;2;5;0.010000;0.25;0.99;-0;0.99
1105;FAIXA_RENDA__RENDA_BAIXA + FAIXA_IDADE__IDADE_40_A_49;CATEGORIA_FILHOS__SEM_FILHOS + POSSE_CARRO__SEM_CARRO + FAIXA_CREDITOS_ATIVOS__UM_A_DOIS_CREDITOS_ATIVOS + FAIXA_TAXA_REJEICAO__SEM_REJEICAO_PREVIA;2;4;6;0.010000;0.14;0.99;-0;1
1106;CATEGORIA_FILHOS__SEM_FILHOS + POSSE_CARRO__SEM_CARRO + FAIXA_CREDITOS_ATIVOS__UM_A_DOIS_CREDITOS_ATIVOS + FAIXA_TAXA_REJEICAO__SEM_REJEICAO_PREVIA;FAIXA_RENDA__RENDA_BAIXA + FAIXA_IDADE__IDADE_40_A_49;4;2;6;0.010000;0.07;0.99;-0;1
1107;FAIXA_RENDA__RENDA_BAIXA + POSSE_CARRO__COM_CARRO + SITUACAO_FAMILIAR__CASADO_OU_UNIAO_CIVIL;FAIXA_TAXA_REJEICAO__REJEICAO_PREVIA_ACIMA_25_PCT;3;1;4;0.010000;0.17;0.99;-0;1
1108;FAIXA_TAXA_REJEICAO__REJEICAO_PREVIA_ACIMA_25_PCT;FAIXA_RENDA__RENDA_BAIXA + POSSE_CARRO__COM_CARRO + SITUACAO_FAMILIAR__CASADO_OU_UNIAO_CIVIL;1;3;4;0.010000;0.06;0.99;-0;1
1109;FAIXA_TAXA_REJEICAO__SEM_REJEICAO_PREVIA;FAIXA_RENDA__RENDA_MUITO_ALTA + FAIXA_IDADE__IDADE_40_A_49 + CATEGORIA_FILHOS__SEM_FILHOS + SITUACAO_FAMILIAR__CASADO_OU_UNIAO_CIVIL + FAIXA_CREDITOS_ATIVOS__UM_A_DOIS_CREDITOS_ATIVOS;1;5;6;0.010000;0.01;0.98;-0;1
1110;FAIXA_RENDA__RENDA_MUITO_ALTA + FAIXA_IDADE__IDADE_40_A_49 + CATEGORIA_FILHOS__SEM_FILHOS + SITUACAO_FAMILIAR__CASADO_OU_UNIAO_CIVIL + FAIXA_CREDITOS_ATIVOS__UM_A_DOIS_CREDITOS_ATIVOS;FAIXA_TAXA_REJEICAO__SEM_REJEICAO_PREVIA;5;1;6;0.010000;0.67;0.98;-0;0.95
1111;FAIXA_CREDITO__CREDITO_MEDIO + POSSE_CARRO__SEM_CARRO + FAIXA_CREDITOS_ATIVOS__UM_A_DOIS_CREDITOS_ATIVOS;FAIXA_IDADE__IDADE_50_A_59 + CATEGORIA_FILHOS__SEM_FILHOS + FAIXA_TAXA_REJEICAO__SEM_REJEICAO_PREVIA;3;3;6;0.010000;0.14;0.98;-0;1
1112;FAIXA_IDADE__IDADE_50_A_59 + CATEGORIA_FILHOS__SEM_FILHOS + FAIXA_TAXA_REJEICAO__SEM_REJEICAO_PREVIA;FAIXA_CREDITO__CREDITO_MEDIO + POSSE_CARRO__SEM_CARRO + FAIXA_CREDITOS_ATIVOS__UM_A_DOIS_CREDITOS_ATIVOS;3;3;6;0.010000;0.07;0.98;-0;1
1113;FAIXA_CREDITO__CREDITO_ALTO + FAIXA_RENDA__RENDA_MUITO_ALTA + POSSE_CARRO__SEM_CARRO;FAIXA_CREDITOS_ATIVOS__UM_A_DOIS_CREDITOS_ATIVOS + FAIXA_TAXA_REJEICAO__SEM_REJEICAO_PREVIA;3;2;5;0.010000;0.3;0.98;-0;0.99
1114;FAIXA_CREDITOS_ATIVOS__UM_A_DOIS_CREDITOS_ATIVOS + FAIXA_TAXA_REJEICAO__SEM_REJEICAO_PREVIA;FAIXA_CREDITO__CREDITO_ALTO + FAIXA_RENDA__RENDA_MUITO_ALTA + POSSE_CARRO__SEM_CARRO;2;3;5;0.010000;0.03;0.98;-0;1
1115;FAIXA_RENDA__RENDA_MEDIA + FAIXA_IDADE__IDADE_21_A_29 + CATEGORIA_FILHOS__SEM_FILHOS;POSSE_CARRO__SEM_CARRO;3;1;4;0.010000;0.65;0.98;-0;0.95
1116;POSSE_CARRO__SEM_CARRO;FAIXA_RENDA__RENDA_MEDIA + FAIXA_IDADE__IDADE_21_A_29 + CATEGORIA_FILHOS__SEM_FILHOS;1;3;4;0.010000;0.02;0.98;-0;1
1117;FAIXA_IDADE__IDADE_50_A_59 + CATEGORIA_FILHOS__SEM_FILHOS;FAIXA_CREDITO__CREDITO_MEDIO + POSSE_CARRO__SEM_CARRO + FAIXA_CREDITOS_ATIVOS__UM_A_DOIS_CREDITOS_ATIVOS + FAIXA_TAXA_REJEICAO__SEM_REJEICAO_PREVIA;2;4;6;0.010000;0.05;0.98;-0;1
1118;FAIXA_CREDITO__CREDITO_MEDIO + POSSE_CARRO__SEM_CARRO + FAIXA_CREDITOS_ATIVOS__UM_A_DOIS_CREDITOS_ATIVOS + FAIXA_TAXA_REJEICAO__SEM_REJEICAO_PREVIA;FAIXA_IDADE__IDADE_50_A_59 + CATEGORIA_FILHOS__SEM_FILHOS;4;2;6;0.010000;0.2;0.98;-0;0.99
1119;FAIXA_RENDA__RENDA_BAIXA + FAIXA_CREDITOS_ATIVOS__TRES_OU_MAIS_CREDITOS_ATIVOS + FAIXA_TAXA_REJEICAO__SEM_REJEICAO_PREVIA;FAIXA_IDADE__IDADE_30_A_39;3;1;4;0.010000;0.26;0.98;-0;0.99
1120;FAIXA_IDADE__IDADE_30_A_39;FAIXA_RENDA__RENDA_BAIXA + FAIXA_CREDITOS_ATIVOS__TRES_OU_MAIS_CREDITOS_ATIVOS + FAIXA_TAXA_REJEICAO__SEM_REJEICAO_PREVIA;1;3;4;0.010000;0.04;0.98;-0;1
1121;FAIXA_CREDITOS_ATIVOS__UM_A_DOIS_CREDITOS_ATIVOS;FAIXA_RENDA__RENDA_BAIXA + FAIXA_IDADE__IDADE_40_A_49 + CATEGORIA_FILHOS__SEM_FILHOS + POSSE_CARRO__SEM_CARRO + FAIXA_TAXA_REJEICAO__SEM_REJEICAO_PREVIA;1;5;6;0.010000;0.02;0.98;-0;1
1122;FAIXA_RENDA__RENDA_BAIXA + FAIXA_IDADE__IDADE_40_A_49 + CATEGORIA_FILHOS__SEM_FILHOS + POSSE_CARRO__SEM_CARRO + FAIXA_TAXA_REJEICAO__SEM_REJEICAO_PREVIA;FAIXA_CREDITOS_ATIVOS__UM_A_DOIS_CREDITOS_ATIVOS;5;1;6;0.010000;0.43;0.98;-0;0.98
1123;FAIXA_RENDA__RENDA_BAIXA + CATEGORIA_FILHOS__UM_FILHO + POSSE_CARRO__COM_CARRO + SITUACAO_FAMILIAR__CASADO_OU_UNIAO_CIVIL;FAIXA_TAXA_REJEICAO__SEM_REJEICAO_PREVIA;4;1;5;0.010000;0.66;0.98;-0;0.94
1124;FAIXA_TAXA_REJEICAO__SEM_REJEICAO_PREVIA;FAIXA_RENDA__RENDA_BAIXA + CATEGORIA_FILHOS__UM_FILHO + POSSE_CARRO__COM_CARRO + SITUACAO_FAMILIAR__CASADO_OU_UNIAO_CIVIL;1;4;5;0.010000;0.01;0.98;-0;1
1125;SITUACAO_FAMILIAR__CASADO_OU_UNIAO_CIVIL;FAIXA_IDADE__IDADE_21_A_29 + FAIXA_TAXA_REJEICAO__REJEICAO_PREVIA_ATE_25_PCT;1;2;3;0.010000;0.01;0.98;-0;1
1126;FAIXA_IDADE__IDADE_21_A_29 + FAIXA_TAXA_REJEICAO__REJEICAO_PREVIA_ATE_25_PCT;SITUACAO_FAMILIAR__CASADO_OU_UNIAO_CIVIL;2;1;3;0.010000;0.71;0.98;-0;0.92
1127;SITUACAO_FAMILIAR__CASADO_OU_UNIAO_CIVIL + FAIXA_CREDITOS_ATIVOS__UM_A_DOIS_CREDITOS_ATIVOS;FAIXA_RENDA__RENDA_BAIXA + FAIXA_IDADE__IDADE_21_A_29 + POSSE_CARRO__SEM_CARRO;2;3;5;0.010000;0.03;0.97;-0;1
1128;FAIXA_RENDA__RENDA_BAIXA + FAIXA_IDADE__IDADE_21_A_29 + POSSE_CARRO__SEM_CARRO;SITUACAO_FAMILIAR__CASADO_OU_UNIAO_CIVIL + FAIXA_CREDITOS_ATIVOS__UM_A_DOIS_CREDITOS_ATIVOS;3;2;5;0.010000;0.31;0.97;-0;0.98
1129;FAIXA_CREDITO__CREDITO_MEDIO;FAIXA_IDADE__IDADE_50_A_59 + CATEGORIA_FILHOS__SEM_FILHOS + POSSE_CARRO__SEM_CARRO + FAIXA_CREDITOS_ATIVOS__UM_A_DOIS_CREDITOS_ATIVOS + FAIXA_TAXA_REJEICAO__SEM_REJEICAO_PREVIA;1;5;6;0.010000;0.04;0.97;-0;1
1130;FAIXA_IDADE__IDADE_50_A_59 + CATEGORIA_FILHOS__SEM_FILHOS + POSSE_CARRO__SEM_CARRO + FAIXA_CREDITOS_ATIVOS__UM_A_DOIS_CREDITOS_ATIVOS + FAIXA_TAXA_REJEICAO__SEM_REJEICAO_PREVIA;FAIXA_CREDITO__CREDITO_MEDIO;5;1;6;0.010000;0.24;0.97;-0;0.99
1131;SITUACAO_FAMILIAR__CASADO_OU_UNIAO_CIVIL;FAIXA_CREDITO__CREDITO_ALTO + FAIXA_RENDA__RENDA_BAIXA + FAIXA_IDADE__IDADE_50_A_59 + CATEGORIA_FILHOS__SEM_FILHOS + FAIXA_TAXA_REJEICAO__SEM_REJEICAO_PREVIA;1;5;6;0.010000;0.01;0.97;-0;1
1132;FAIXA_CREDITO__CREDITO_ALTO + FAIXA_RENDA__RENDA_BAIXA + FAIXA_IDADE__IDADE_50_A_59 + CATEGORIA_FILHOS__SEM_FILHOS + FAIXA_TAXA_REJEICAO__SEM_REJEICAO_PREVIA;SITUACAO_FAMILIAR__CASADO_OU_UNIAO_CIVIL;5;1;6;0.010000;0.71;0.97;-0;0.91
1133;FAIXA_CREDITO__CREDITO_MEDIO + SITUACAO_FAMILIAR__SOLTEIRO;FAIXA_RENDA__RENDA_ALTA;2;1;3;0.010000;0.25;0.97;-0;0.99
1134;FAIXA_RENDA__RENDA_ALTA;FAIXA_CREDITO__CREDITO_MEDIO + SITUACAO_FAMILIAR__SOLTEIRO;1;2;3;0.010000;0.04;0.97;-0;1
1135;FAIXA_IDADE__IDADE_30_A_39 + SITUACAO_FAMILIAR__CASADO_OU_UNIAO_CIVIL + FAIXA_CREDITOS_ATIVOS__TRES_OU_MAIS_CREDITOS_ATIVOS;FAIXA_RENDA__RENDA_ALTA + FAIXA_TAXA_REJEICAO__SEM_REJEICAO_PREVIA;3;2;5;0.010000;0.17;0.97;-0;0.99
1136;FAIXA_RENDA__RENDA_ALTA + FAIXA_TAXA_REJEICAO__SEM_REJEICAO_PREVIA;FAIXA_IDADE__IDADE_30_A_39 + SITUACAO_FAMILIAR__CASADO_OU_UNIAO_CIVIL + FAIXA_CREDITOS_ATIVOS__TRES_OU_MAIS_CREDITOS_ATIVOS;2;3;5;0.010000;0.06;0.97;-0;1
1137;FAIXA_CREDITO__CREDITO_MEDIO;FAIXA_IDADE__IDADE_50_A_59 + CATEGORIA_FILHOS__SEM_FILHOS + POSSE_CARRO__SEM_CARRO + FAIXA_CREDITOS_ATIVOS__TRES_OU_MAIS_CREDITOS_ATIVOS;1;4;5;0.010000;0.04;0.97;-0;1
1138;FAIXA_IDADE__IDADE_50_A_59 + CATEGORIA_FILHOS__SEM_FILHOS + POSSE_CARRO__SEM_CARRO + FAIXA_CREDITOS_ATIVOS__TRES_OU_MAIS_CREDITOS_ATIVOS;FAIXA_CREDITO__CREDITO_MEDIO;4;1;5;0.010000;0.24;0.97;-0;0.99
1139;FAIXA_IDADE__IDADE_21_A_29;FAIXA_RENDA__RENDA_MEDIA + CATEGORIA_FILHOS__SEM_FILHOS + POSSE_CARRO__SEM_CARRO;1;3;4;0.010000;0.08;0.97;-0;1
1140;FAIXA_RENDA__RENDA_MEDIA + CATEGORIA_FILHOS__SEM_FILHOS + POSSE_CARRO__SEM_CARRO;FAIXA_IDADE__IDADE_21_A_29;3;1;4;0.010000;0.12;0.97;-0;0.99
1141;FAIXA_RENDA__RENDA_BAIXA + CATEGORIA_FILHOS__SEM_FILHOS + FAIXA_CREDITOS_ATIVOS__UM_A_DOIS_CREDITOS_ATIVOS;FAIXA_IDADE__IDADE_40_A_49 + POSSE_CARRO__SEM_CARRO + FAIXA_TAXA_REJEICAO__SEM_REJEICAO_PREVIA;3;3;6;0.010000;0.1;0.97;-0;0.99
1142;FAIXA_IDADE__IDADE_40_A_49 + POSSE_CARRO__SEM_CARRO + FAIXA_TAXA_REJEICAO__SEM_REJEICAO_PREVIA;FAIXA_RENDA__RENDA_BAIXA + CATEGORIA_FILHOS__SEM_FILHOS + FAIXA_CREDITOS_ATIVOS__UM_A_DOIS_CREDITOS_ATIVOS;3;3;6;0.010000;0.1;0.97;-0;1
1143;FAIXA_TAXA_REJEICAO__SEM_REJEICAO_PREVIA;FAIXA_IDADE__IDADE_21_A_29 + CATEGORIA_FILHOS__UM_FILHO + FAIXA_CREDITOS_ATIVOS__UM_A_DOIS_CREDITOS_ATIVOS;1;3;4;0.010000;0.01;0.97;-0;1
1144;FAIXA_IDADE__IDADE_21_A_29 + CATEGORIA_FILHOS__UM_FILHO + FAIXA_CREDITOS_ATIVOS__UM_A_DOIS_CREDITOS_ATIVOS;FAIXA_TAXA_REJEICAO__SEM_REJEICAO_PREVIA;3;1;4;0.010000;0.65;0.97;-0;0.91
1145;FAIXA_RENDA__RENDA_BAIXA + FAIXA_IDADE__IDADE_40_A_49 + FAIXA_CREDITOS_ATIVOS__UM_A_DOIS_CREDITOS_ATIVOS;CATEGORIA_FILHOS__SEM_FILHOS + POSSE_CARRO__SEM_CARRO + FAIXA_TAXA_REJEICAO__SEM_REJEICAO_PREVIA;3;3;6;0.010000;0.31;0.96;-0;0.98
1146;CATEGORIA_FILHOS__SEM_FILHOS + POSSE_CARRO__SEM_CARRO + FAIXA_TAXA_REJEICAO__SEM_REJEICAO_PREVIA;FAIXA_RENDA__RENDA_BAIXA + FAIXA_IDADE__IDADE_40_A_49 + FAIXA_CREDITOS_ATIVOS__UM_A_DOIS_CREDITOS_ATIVOS;3;3;6;0.010000;0.03;0.96;-0;1
1147;FAIXA_IDADE__IDADE_30_A_39 + POSSE_CARRO__COM_CARRO + SITUACAO_FAMILIAR__CASADO_OU_UNIAO_CIVIL;FAIXA_RENDA__RENDA_MEDIA + FAIXA_TAXA_REJEICAO__SEM_REJEICAO_PREVIA;3;2;5;0.010000;0.12;0.96;-0;0.99
1148;FAIXA_RENDA__RENDA_MEDIA + FAIXA_TAXA_REJEICAO__SEM_REJEICAO_PREVIA;FAIXA_IDADE__IDADE_30_A_39 + POSSE_CARRO__COM_CARRO + SITUACAO_FAMILIAR__CASADO_OU_UNIAO_CIVIL;2;3;5;0.010000;0.08;0.96;-0;1
1149;FAIXA_CREDITO__CREDITO_ALTO + FAIXA_IDADE__IDADE_50_A_59 + CATEGORIA_FILHOS__SEM_FILHOS + POSSE_CARRO__SEM_CARRO;FAIXA_RENDA__RENDA_ALTA;4;1;5;0.010000;0.25;0.96;-0;0.98
1150;FAIXA_RENDA__RENDA_ALTA;FAIXA_CREDITO__CREDITO_ALTO + FAIXA_IDADE__IDADE_50_A_59 + CATEGORIA_FILHOS__SEM_FILHOS + POSSE_CARRO__SEM_CARRO;1;4;5;0.010000;0.04;0.96;-0;1
1151;FAIXA_RENDA__RENDA_BAIXA + FAIXA_IDADE__IDADE_30_A_39 + SITUACAO_FAMILIAR__CASADO_OU_UNIAO_CIVIL;FAIXA_TAXA_REJEICAO__REJEICAO_PREVIA_ACIMA_25_PCT;3;1;4;0.010000;0.16;0.96;-0;0.99
1152;FAIXA_TAXA_REJEICAO__REJEICAO_PREVIA_ACIMA_25_PCT;FAIXA_RENDA__RENDA_BAIXA + FAIXA_IDADE__IDADE_30_A_39 + SITUACAO_FAMILIAR__CASADO_OU_UNIAO_CIVIL;1;3;4;0.010000;0.06;0.96;-0;1
1153;FAIXA_CREDITOS_ATIVOS__TRES_OU_MAIS_CREDITOS_ATIVOS;FAIXA_RENDA__RENDA_MEDIA + POSSE_CARRO__COM_CARRO + FAIXA_TAXA_REJEICAO__SEM_REJEICAO_PREVIA;1;3;4;0.010000;0.04;0.96;-0;1
1154;FAIXA_RENDA__RENDA_MEDIA + POSSE_CARRO__COM_CARRO + FAIXA_TAXA_REJEICAO__SEM_REJEICAO_PREVIA;FAIXA_CREDITOS_ATIVOS__TRES_OU_MAIS_CREDITOS_ATIVOS;3;1;4;0.010000;0.26;0.96;-0;0.98
1155;FAIXA_IDADE__IDADE_50_A_59 + CATEGORIA_FILHOS__SEM_FILHOS;FAIXA_CREDITO__CREDITO_ALTO + SITUACAO_FAMILIAR__CASADO_OU_UNIAO_CIVIL + FAIXA_CREDITOS_ATIVOS__SEM_CREDITOS_ATIVOS;2;3;5;0.010000;0.05;0.96;-0;1
1156;FAIXA_CREDITO__CREDITO_ALTO + SITUACAO_FAMILIAR__CASADO_OU_UNIAO_CIVIL + FAIXA_CREDITOS_ATIVOS__SEM_CREDITOS_ATIVOS;FAIXA_IDADE__IDADE_50_A_59 + CATEGORIA_FILHOS__SEM_FILHOS;3;2;5;0.010000;0.19;0.96;-0;0.99
1157;SITUACAO_FAMILIAR__CASADO_OU_UNIAO_CIVIL;FAIXA_CREDITO__CREDITO_ALTO + FAIXA_RENDA__RENDA_MEDIA + POSSE_CARRO__SEM_CARRO + FAIXA_CREDITOS_ATIVOS__UM_A_DOIS_CREDITOS_ATIVOS;1;4;5;0.010000;0.01;0.96;-0;1
1158;SITUACAO_FAMILIAR__CASADO_OU_UNIAO_CIVIL;FAIXA_CREDITO__CREDITO_ALTO + FAIXA_IDADE__IDADE_50_A_59 + CATEGORIA_FILHOS__SEM_FILHOS + FAIXA_CREDITOS_ATIVOS__SEM_CREDITOS_ATIVOS;1;4;5;0.010000;0.01;0.96;-0;1
1159;FAIXA_CREDITO__CREDITO_ALTO + FAIXA_RENDA__RENDA_MEDIA + POSSE_CARRO__SEM_CARRO + FAIXA_CREDITOS_ATIVOS__UM_A_DOIS_CREDITOS_ATIVOS;SITUACAO_FAMILIAR__CASADO_OU_UNIAO_CIVIL;4;1;5;0.010000;0.7;0.96;-0;0.88
1160;FAIXA_CREDITO__CREDITO_ALTO + FAIXA_IDADE__IDADE_50_A_59 + CATEGORIA_FILHOS__SEM_FILHOS + FAIXA_CREDITOS_ATIVOS__SEM_CREDITOS_ATIVOS;SITUACAO_FAMILIAR__CASADO_OU_UNIAO_CIVIL;4;1;5;0.010000;0.7;0.96;-0;0.88
1161;FAIXA_CREDITO__CREDITO_MUITO_ALTO;FAIXA_IDADE__IDADE_30_A_39 + POSSE_CARRO__SEM_CARRO + FAIXA_CREDITOS_ATIVOS__TRES_OU_MAIS_CREDITOS_ATIVOS;1;3;4;0.010000;0.04;0.96;-0;1
1162;FAIXA_IDADE__IDADE_30_A_39 + POSSE_CARRO__SEM_CARRO + FAIXA_CREDITOS_ATIVOS__TRES_OU_MAIS_CREDITOS_ATIVOS;FAIXA_CREDITO__CREDITO_MUITO_ALTO;3;1;4;0.010000;0.24;0.96;-0;0.98
1163;FAIXA_CREDITO__CREDITO_ALTO + FAIXA_IDADE__IDADE_30_A_39 + POSSE_CARRO__SEM_CARRO;FAIXA_CREDITOS_ATIVOS__TRES_OU_MAIS_CREDITOS_ATIVOS;3;1;4;0.010000;0.26;0.96;-0;0.98
1164;FAIXA_CREDITOS_ATIVOS__TRES_OU_MAIS_CREDITOS_ATIVOS;FAIXA_CREDITO__CREDITO_ALTO + FAIXA_IDADE__IDADE_30_A_39 + POSSE_CARRO__SEM_CARRO;1;3;4;0.010000;0.04;0.96;-0;1
1165;FAIXA_IDADE__IDADE_40_A_49 + POSSE_CARRO__COM_CARRO;FAIXA_CREDITO__CREDITO_ALTO + FAIXA_CREDITOS_ATIVOS__UM_A_DOIS_CREDITOS_ATIVOS;2;2;4;0.010000;0.1;0.95;-0;0.99
1166;FAIXA_CREDITO__CREDITO_ALTO + FAIXA_CREDITOS_ATIVOS__UM_A_DOIS_CREDITOS_ATIVOS;FAIXA_IDADE__IDADE_40_A_49 + POSSE_CARRO__COM_CARRO;2;2;4;0.010000;0.09;0.95;-0;0.99
1167;FAIXA_CREDITO__CREDITO_ALTO + FAIXA_IDADE__IDADE_40_A_49 + POSSE_CARRO__COM_CARRO;FAIXA_CREDITOS_ATIVOS__UM_A_DOIS_CREDITOS_ATIVOS;3;1;4;0.010000;0.41;0.95;-0;0.96
1168;FAIXA_CREDITO__CREDITO_MEDIO + FAIXA_IDADE__IDADE_50_A_59 + CATEGORIA_FILHOS__SEM_FILHOS + POSSE_CARRO__SEM_CARRO + FAIXA_TAXA_REJEICAO__SEM_REJEICAO_PREVIA;FAIXA_CREDITOS_ATIVOS__UM_A_DOIS_CREDITOS_ATIVOS;5;1;6;0.010000;0.41;0.95;-0;0.96
1169;FAIXA_CREDITOS_ATIVOS__UM_A_DOIS_CREDITOS_ATIVOS;FAIXA_CREDITO__CREDITO_ALTO + FAIXA_IDADE__IDADE_40_A_49 + POSSE_CARRO__COM_CARRO;1;3;4;0.010000;0.02;0.95;-0;1
1170;FAIXA_CREDITOS_ATIVOS__UM_A_DOIS_CREDITOS_ATIVOS;FAIXA_CREDITO__CREDITO_MEDIO + FAIXA_IDADE__IDADE_50_A_59 + CATEGORIA_FILHOS__SEM_FILHOS + POSSE_CARRO__SEM_CARRO + FAIXA_TAXA_REJEICAO__SEM_REJEICAO_PREVIA;1;5;6;0.010000;0.02;0.95;-0;1
1171;FAIXA_CREDITO__CREDITO_MEDIO + FAIXA_CREDITOS_ATIVOS__UM_A_DOIS_CREDITOS_ATIVOS + FAIXA_TAXA_REJEICAO__SEM_REJEICAO_PREVIA;FAIXA_IDADE__IDADE_50_A_59 + CATEGORIA_FILHOS__SEM_FILHOS + POSSE_CARRO__SEM_CARRO;3;3;6;0.010000;0.14;0.95;-0;0.99
1172;FAIXA_IDADE__IDADE_50_A_59 + CATEGORIA_FILHOS__SEM_FILHOS + POSSE_CARRO__SEM_CARRO;FAIXA_CREDITO__CREDITO_MEDIO + FAIXA_CREDITOS_ATIVOS__UM_A_DOIS_CREDITOS_ATIVOS + FAIXA_TAXA_REJEICAO__SEM_REJEICAO_PREVIA;3;3;6;0.010000;0.07;0.95;-0;1
1173;FAIXA_RENDA__RENDA_MEDIA + FAIXA_CREDITOS_ATIVOS__TRES_OU_MAIS_CREDITOS_ATIVOS;POSSE_CARRO__COM_CARRO + FAIXA_TAXA_REJEICAO__SEM_REJEICAO_PREVIA;2;2;4;0.010000;0.22;0.95;-0;0.98
1174;POSSE_CARRO__COM_CARRO + FAIXA_TAXA_REJEICAO__SEM_REJEICAO_PREVIA;FAIXA_RENDA__RENDA_MEDIA + FAIXA_CREDITOS_ATIVOS__TRES_OU_MAIS_CREDITOS_ATIVOS;2;2;4;0.010000;0.04;0.95;-0;1
1175;FAIXA_CREDITO__CREDITO_ALTO + FAIXA_CREDITOS_ATIVOS__SEM_CREDITOS_ATIVOS;FAIXA_IDADE__IDADE_50_A_59 + CATEGORIA_FILHOS__SEM_FILHOS + SITUACAO_FAMILIAR__CASADO_OU_UNIAO_CIVIL;2;3;5;0.010000;0.14;0.95;-0;0.99
1176;FAIXA_IDADE__IDADE_50_A_59 + CATEGORIA_FILHOS__SEM_FILHOS + SITUACAO_FAMILIAR__CASADO_OU_UNIAO_CIVIL;FAIXA_CREDITO__CREDITO_ALTO + FAIXA_CREDITOS_ATIVOS__SEM_CREDITOS_ATIVOS;3;2;5;0.010000;0.07;0.95;-0;1
1177;FAIXA_CREDITO__CREDITO_MUITO_ALTO + FAIXA_CREDITOS_ATIVOS__TRES_OU_MAIS_CREDITOS_ATIVOS + FAIXA_TAXA_REJEICAO__REJEICAO_PREVIA_ACIMA_25_PCT;POSSE_CARRO__SEM_CARRO;3;1;4;0.010000;0.63;0.95;-0;0.9
1178;FAIXA_CREDITO__CREDITO_ALTO + FAIXA_RENDA__RENDA_MEDIA + SITUACAO_FAMILIAR__CASADO_OU_UNIAO_CIVIL + FAIXA_CREDITOS_ATIVOS__UM_A_DOIS_CREDITOS_ATIVOS;POSSE_CARRO__SEM_CARRO;4;1;5;0.010000;0.63;0.95;-0;0.9
1179;POSSE_CARRO__SEM_CARRO;FAIXA_CREDITO__CREDITO_MUITO_ALTO + FAIXA_CREDITOS_ATIVOS__TRES_OU_MAIS_CREDITOS_ATIVOS + FAIXA_TAXA_REJEICAO__REJEICAO_PREVIA_ACIMA_25_PCT;1;3;4;0.010000;0.02;0.95;-0;1
1180;POSSE_CARRO__SEM_CARRO;FAIXA_CREDITO__CREDITO_ALTO + FAIXA_RENDA__RENDA_MEDIA + SITUACAO_FAMILIAR__CASADO_OU_UNIAO_CIVIL + FAIXA_CREDITOS_ATIVOS__UM_A_DOIS_CREDITOS_ATIVOS;1;4;5;0.010000;0.02;0.95;-0;1
1181;FAIXA_CREDITO__CREDITO_MEDIO + FAIXA_CREDITOS_ATIVOS__UM_A_DOIS_CREDITOS_ATIVOS;FAIXA_IDADE__IDADE_50_A_59 + CATEGORIA_FILHOS__SEM_FILHOS + POSSE_CARRO__SEM_CARRO + FAIXA_TAXA_REJEICAO__SEM_REJEICAO_PREVIA;2;4;6;0.010000;0.09;0.95;-0;0.99
1182;FAIXA_IDADE__IDADE_50_A_59 + CATEGORIA_FILHOS__SEM_FILHOS + POSSE_CARRO__SEM_CARRO + FAIXA_TAXA_REJEICAO__SEM_REJEICAO_PREVIA;FAIXA_CREDITO__CREDITO_MEDIO + FAIXA_CREDITOS_ATIVOS__UM_A_DOIS_CREDITOS_ATIVOS;4;2;6;0.010000;0.1;0.95;-0;0.99
1183;FAIXA_RENDA__RENDA_BAIXA + POSSE_CARRO__SEM_CARRO + FAIXA_TAXA_REJEICAO__SEM_REJEICAO_PREVIA;FAIXA_IDADE__IDADE_21_A_29 + FAIXA_CREDITOS_ATIVOS__UM_A_DOIS_CREDITOS_ATIVOS;3;2;5;0.010000;0.05;0.95;-0;1
1184;FAIXA_IDADE__IDADE_21_A_29 + FAIXA_CREDITOS_ATIVOS__UM_A_DOIS_CREDITOS_ATIVOS;FAIXA_RENDA__RENDA_BAIXA + POSSE_CARRO__SEM_CARRO + FAIXA_TAXA_REJEICAO__SEM_REJEICAO_PREVIA;2;3;5;0.010000;0.17;0.95;-0;0.99
1185;FAIXA_TAXA_REJEICAO__REJEICAO_PREVIA_ATE_25_PCT;FAIXA_RENDA__RENDA_MUITO_ALTA + FAIXA_IDADE__IDADE_30_A_39;1;2;3;0.010000;0.07;0.95;-0;1
1186;FAIXA_RENDA__RENDA_MUITO_ALTA + FAIXA_IDADE__IDADE_30_A_39;FAIXA_TAXA_REJEICAO__REJEICAO_PREVIA_ATE_25_PCT;2;1;3;0.010000;0.15;0.95;-0;0.99
1187;CATEGORIA_FILHOS__SEM_FILHOS + POSSE_CARRO__SEM_CARRO + FAIXA_CREDITOS_ATIVOS__UM_A_DOIS_CREDITOS_ATIVOS;FAIXA_RENDA__RENDA_BAIXA + FAIXA_IDADE__IDADE_40_A_49 + FAIXA_TAXA_REJEICAO__SEM_REJEICAO_PREVIA;3;3;6;0.010000;0.05;0.95;-0;1
1188;FAIXA_RENDA__RENDA_BAIXA + FAIXA_IDADE__IDADE_40_A_49 + FAIXA_TAXA_REJEICAO__SEM_REJEICAO_PREVIA;CATEGORIA_FILHOS__SEM_FILHOS + POSSE_CARRO__SEM_CARRO + FAIXA_CREDITOS_ATIVOS__UM_A_DOIS_CREDITOS_ATIVOS;3;3;6;0.010000;0.19;0.95;-0;0.99
1189;FAIXA_RENDA__RENDA_ALTA + FAIXA_IDADE__IDADE_30_A_39 + FAIXA_CREDITOS_ATIVOS__TRES_OU_MAIS_CREDITOS_ATIVOS;SITUACAO_FAMILIAR__CASADO_OU_UNIAO_CIVIL + FAIXA_TAXA_REJEICAO__SEM_REJEICAO_PREVIA;3;2;5;0.010000;0.47;0.95;-0;0.94
1190;SITUACAO_FAMILIAR__CASADO_OU_UNIAO_CIVIL + FAIXA_TAXA_REJEICAO__SEM_REJEICAO_PREVIA;FAIXA_RENDA__RENDA_ALTA + FAIXA_IDADE__IDADE_30_A_39 + FAIXA_CREDITOS_ATIVOS__TRES_OU_MAIS_CREDITOS_ATIVOS;2;3;5;0.010000;0.02;0.95;-0;1
1191;FAIXA_IDADE__IDADE_30_A_39 + SITUACAO_FAMILIAR__CASADO_OU_UNIAO_CIVIL;FAIXA_RENDA__RENDA_BAIXA + FAIXA_TAXA_REJEICAO__REJEICAO_PREVIA_ACIMA_25_PCT;2;2;4;0.010000;0.05;0.95;-0;1
1192;FAIXA_RENDA__RENDA_BAIXA + FAIXA_TAXA_REJEICAO__REJEICAO_PREVIA_ACIMA_25_PCT;FAIXA_IDADE__IDADE_30_A_39 + SITUACAO_FAMILIAR__CASADO_OU_UNIAO_CIVIL;2;2;4;0.010000;0.2;0.95;-0;0.98
1193;CATEGORIA_FILHOS__SEM_FILHOS + FAIXA_CREDITOS_ATIVOS__UM_A_DOIS_CREDITOS_ATIVOS;FAIXA_RENDA__RENDA_MUITO_ALTA + FAIXA_IDADE__IDADE_40_A_49 + SITUACAO_FAMILIAR__CASADO_OU_UNIAO_CIVIL + FAIXA_TAXA_REJEICAO__SEM_REJEICAO_PREVIA;2;4;6;0.010000;0.03;0.95;-0;1
1194;FAIXA_RENDA__RENDA_MUITO_ALTA + FAIXA_IDADE__IDADE_40_A_49 + SITUACAO_FAMILIAR__CASADO_OU_UNIAO_CIVIL + FAIXA_TAXA_REJEICAO__SEM_REJEICAO_PREVIA;CATEGORIA_FILHOS__SEM_FILHOS + FAIXA_CREDITOS_ATIVOS__UM_A_DOIS_CREDITOS_ATIVOS;4;2;6;0.010000;0.28;0.95;-0;0.97
1195;FAIXA_CREDITOS_ATIVOS__UM_A_DOIS_CREDITOS_ATIVOS;FAIXA_IDADE__IDADE_60_OU_MAIS + POSSE_CARRO__SEM_CARRO + SITUACAO_FAMILIAR__SEPARADO_VIUVO_OU_NAO_INFORMADO + FAIXA_TAXA_REJEICAO__SEM_REJEICAO_PREVIA;1;4;5;0.010000;0.02;0.95;-0;1
1196;FAIXA_IDADE__IDADE_60_OU_MAIS + POSSE_CARRO__SEM_CARRO + SITUACAO_FAMILIAR__SEPARADO_VIUVO_OU_NAO_INFORMADO + FAIXA_TAXA_REJEICAO__SEM_REJEICAO_PREVIA;FAIXA_CREDITOS_ATIVOS__UM_A_DOIS_CREDITOS_ATIVOS;4;1;5;0.010000;0.41;0.95;-0;0.95
1197;FAIXA_CREDITOS_ATIVOS__UM_A_DOIS_CREDITOS_ATIVOS;FAIXA_IDADE__IDADE_60_OU_MAIS + CATEGORIA_FILHOS__SEM_FILHOS + POSSE_CARRO__SEM_CARRO + SITUACAO_FAMILIAR__SEPARADO_VIUVO_OU_NAO_INFORMADO + FAIXA_TAXA_REJEICAO__SEM_REJEICAO_PREVIA;1;5;6;0.010000;0.02;0.95;-0;1
1198;FAIXA_IDADE__IDADE_60_OU_MAIS + CATEGORIA_FILHOS__SEM_FILHOS + POSSE_CARRO__SEM_CARRO + SITUACAO_FAMILIAR__SEPARADO_VIUVO_OU_NAO_INFORMADO + FAIXA_TAXA_REJEICAO__SEM_REJEICAO_PREVIA;FAIXA_CREDITOS_ATIVOS__UM_A_DOIS_CREDITOS_ATIVOS;5;1;6;0.010000;0.41;0.95;-0;0.95
1199;FAIXA_CREDITO__CREDITO_MEDIO;CATEGORIA_FILHOS__DOIS_OU_MAIS_FILHOS + SITUACAO_FAMILIAR__CASADO_OU_UNIAO_CIVIL + FAIXA_CREDITOS_ATIVOS__UM_A_DOIS_CREDITOS_ATIVOS;1;3;4;0.010000;0.04;0.95;-0;1
1200;CATEGORIA_FILHOS__DOIS_OU_MAIS_FILHOS + SITUACAO_FAMILIAR__CASADO_OU_UNIAO_CIVIL + FAIXA_CREDITOS_ATIVOS__UM_A_DOIS_CREDITOS_ATIVOS;FAIXA_CREDITO__CREDITO_MEDIO;3;1;4;0.010000;0.23;0.95;-0;0.98
1201;FAIXA_CREDITO__CREDITO_MEDIO;FAIXA_RENDA__RENDA_BAIXA + FAIXA_IDADE__IDADE_60_OU_MAIS + POSSE_CARRO__SEM_CARRO + FAIXA_TAXA_REJEICAO__SEM_REJEICAO_PREVIA;1;4;5;0.010000;0.04;0.95;-0;1
1202;FAIXA_RENDA__RENDA_BAIXA + FAIXA_IDADE__IDADE_60_OU_MAIS + POSSE_CARRO__SEM_CARRO + FAIXA_TAXA_REJEICAO__SEM_REJEICAO_PREVIA;FAIXA_CREDITO__CREDITO_MEDIO;4;1;5;0.010000;0.23;0.95;-0;0.98
1203;FAIXA_IDADE__IDADE_50_A_59 + CATEGORIA_FILHOS__SEM_FILHOS + POSSE_CARRO__SEM_CARRO;FAIXA_CREDITO__CREDITO_ALTO + FAIXA_RENDA__RENDA_ALTA;3;2;5;0.010000;0.07;0.95;-0;0.99
1204;FAIXA_CREDITO__CREDITO_ALTO + FAIXA_RENDA__RENDA_ALTA;FAIXA_IDADE__IDADE_50_A_59 + CATEGORIA_FILHOS__SEM_FILHOS + POSSE_CARRO__SEM_CARRO;2;3;5;0.010000;0.14;0.95;-0;0.99
1205;FAIXA_RENDA__RENDA_ALTA + SITUACAO_FAMILIAR__CASADO_OU_UNIAO_CIVIL + FAIXA_CREDITOS_ATIVOS__TRES_OU_MAIS_CREDITOS_ATIVOS;FAIXA_IDADE__IDADE_30_A_39 + FAIXA_TAXA_REJEICAO__SEM_REJEICAO_PREVIA;3;2;5;0.010000;0.17;0.94;-0;0.99
1206;FAIXA_IDADE__IDADE_30_A_39 + FAIXA_TAXA_REJEICAO__SEM_REJEICAO_PREVIA;FAIXA_RENDA__RENDA_ALTA + SITUACAO_FAMILIAR__CASADO_OU_UNIAO_CIVIL + FAIXA_CREDITOS_ATIVOS__TRES_OU_MAIS_CREDITOS_ATIVOS;2;3;5;0.010000;0.06;0.94;-0;1
1207;FAIXA_CREDITO__CREDITO_MUITO_ALTO + FAIXA_IDADE__IDADE_30_A_39 + CATEGORIA_FILHOS__SEM_FILHOS + POSSE_CARRO__SEM_CARRO;SITUACAO_FAMILIAR__CASADO_OU_UNIAO_CIVIL;4;1;5;0.010000;0.69;0.94;-0;0.85
1208;SITUACAO_FAMILIAR__CASADO_OU_UNIAO_CIVIL;FAIXA_CREDITO__CREDITO_MUITO_ALTO + FAIXA_IDADE__IDADE_30_A_39 + CATEGORIA_FILHOS__SEM_FILHOS + POSSE_CARRO__SEM_CARRO;1;4;5;0.010000;0.01;0.94;-0;1
1209;FAIXA_CREDITO__CREDITO_ALTO;FAIXA_IDADE__IDADE_30_A_39 + POSSE_CARRO__SEM_CARRO + FAIXA_CREDITOS_ATIVOS__TRES_OU_MAIS_CREDITOS_ATIVOS;1;3;4;0.010000;0.04;0.94;-0;1
1210;FAIXA_IDADE__IDADE_30_A_39 + POSSE_CARRO__SEM_CARRO + FAIXA_CREDITOS_ATIVOS__TRES_OU_MAIS_CREDITOS_ATIVOS;FAIXA_CREDITO__CREDITO_ALTO;3;1;4;0.010000;0.24;0.94;-0;0.98
1211;FAIXA_IDADE__IDADE_50_A_59 + SITUACAO_FAMILIAR__CASADO_OU_UNIAO_CIVIL + FAIXA_TAXA_REJEICAO__SEM_REJEICAO_PREVIA;FAIXA_RENDA__RENDA_ALTA + POSSE_CARRO__COM_CARRO;3;2;5;0.010000;0.09;0.94;-0;0.99
1212;FAIXA_RENDA__RENDA_ALTA + POSSE_CARRO__COM_CARRO;FAIXA_IDADE__IDADE_50_A_59 + SITUACAO_FAMILIAR__CASADO_OU_UNIAO_CIVIL + FAIXA_TAXA_REJEICAO__SEM_REJEICAO_PREVIA;2;3;5;0.010000;0.1;0.94;-0;0.99
1213;CATEGORIA_FILHOS__SEM_FILHOS + FAIXA_TAXA_REJEICAO__SEM_REJEICAO_PREVIA;FAIXA_RENDA__RENDA_BAIXA + FAIXA_IDADE__IDADE_40_A_49 + POSSE_CARRO__SEM_CARRO + FAIXA_CREDITOS_ATIVOS__UM_A_DOIS_CREDITOS_ATIVOS;2;4;6;0.010000;0.02;0.94;-0;1
1214;FAIXA_RENDA__RENDA_BAIXA + FAIXA_IDADE__IDADE_40_A_49 + POSSE_CARRO__SEM_CARRO + FAIXA_CREDITOS_ATIVOS__UM_A_DOIS_CREDITOS_ATIVOS;CATEGORIA_FILHOS__SEM_FILHOS + FAIXA_TAXA_REJEICAO__SEM_REJEICAO_PREVIA;4;2;6;0.010000;0.44;0.94;-0;0.94
1215;FAIXA_CREDITO__CREDITO_MUITO_ALTO + FAIXA_IDADE__IDADE_30_A_39;POSSE_CARRO__SEM_CARRO + FAIXA_CREDITOS_ATIVOS__TRES_OU_MAIS_CREDITOS_ATIVOS;2;2;4;0.010000;0.16;0.94;-0;0.99
1216;POSSE_CARRO__SEM_CARRO + FAIXA_CREDITOS_ATIVOS__TRES_OU_MAIS_CREDITOS_ATIVOS;FAIXA_CREDITO__CREDITO_MUITO_ALTO + FAIXA_IDADE__IDADE_30_A_39;2;2;4;0.010000;0.06;0.94;-0;1
1217;FAIXA_RENDA__RENDA_MUITO_ALTA + FAIXA_TAXA_REJEICAO__SEM_REJEICAO_PREVIA;FAIXA_CREDITO__CREDITO_ALTO + POSSE_CARRO__SEM_CARRO + FAIXA_CREDITOS_ATIVOS__UM_A_DOIS_CREDITOS_ATIVOS;2;3;5;0.010000;0.07;0.94;-0;0.99
1218;FAIXA_CREDITO__CREDITO_ALTO + POSSE_CARRO__SEM_CARRO + FAIXA_CREDITOS_ATIVOS__UM_A_DOIS_CREDITOS_ATIVOS;FAIXA_RENDA__RENDA_MUITO_ALTA + FAIXA_TAXA_REJEICAO__SEM_REJEICAO_PREVIA;3;2;5;0.010000;0.14;0.94;-0;0.99
1219;FAIXA_CREDITO__CREDITO_ALTO;FAIXA_IDADE__IDADE_50_A_59 + CATEGORIA_FILHOS__SEM_FILHOS + SITUACAO_FAMILIAR__CASADO_OU_UNIAO_CIVIL + FAIXA_CREDITOS_ATIVOS__SEM_CREDITOS_ATIVOS;1;4;5;0.010000;0.04;0.93;-0;1
1220;FAIXA_IDADE__IDADE_50_A_59 + CATEGORIA_FILHOS__SEM_FILHOS + SITUACAO_FAMILIAR__CASADO_OU_UNIAO_CIVIL + FAIXA_CREDITOS_ATIVOS__SEM_CREDITOS_ATIVOS;FAIXA_CREDITO__CREDITO_ALTO;4;1;5;0.010000;0.23;0.93;-0;0.97
1221;FAIXA_RENDA__RENDA_BAIXA + FAIXA_IDADE__IDADE_21_A_29 + POSSE_CARRO__SEM_CARRO + FAIXA_CREDITOS_ATIVOS__UM_A_DOIS_CREDITOS_ATIVOS;FAIXA_TAXA_REJEICAO__SEM_REJEICAO_PREVIA;4;1;5;0.010000;0.63;0.93;-0;0.86
1222;FAIXA_TAXA_REJEICAO__SEM_REJEICAO_PREVIA;FAIXA_RENDA__RENDA_BAIXA + FAIXA_IDADE__IDADE_21_A_29 + POSSE_CARRO__SEM_CARRO + FAIXA_CREDITOS_ATIVOS__UM_A_DOIS_CREDITOS_ATIVOS;1;4;5;0.010000;0.01;0.93;-0;1
1223;FAIXA_CREDITOS_ATIVOS__UM_A_DOIS_CREDITOS_ATIVOS;FAIXA_IDADE__IDADE_60_OU_MAIS + FAIXA_TAXA_REJEICAO__REJEICAO_PREVIA_ATE_25_PCT;1;2;3;0.010000;0.02;0.93;-0;1
1224;FAIXA_IDADE__IDADE_60_OU_MAIS + FAIXA_TAXA_REJEICAO__REJEICAO_PREVIA_ATE_25_PCT;FAIXA_CREDITOS_ATIVOS__UM_A_DOIS_CREDITOS_ATIVOS;2;1;3;0.010000;0.4;0.93;-0;0.94
1225;FAIXA_RENDA__RENDA_MEDIA + FAIXA_IDADE__IDADE_21_A_29;CATEGORIA_FILHOS__SEM_FILHOS + POSSE_CARRO__SEM_CARRO;2;2;4;0.010000;0.45;0.93;-0;0.93
1226;CATEGORIA_FILHOS__SEM_FILHOS + POSSE_CARRO__SEM_CARRO;FAIXA_RENDA__RENDA_MEDIA + FAIXA_IDADE__IDADE_21_A_29;2;2;4;0.010000;0.02;0.93;-0;1
1227;FAIXA_CREDITO__CREDITO_BAIXO + FAIXA_RENDA__RENDA_BAIXA;FAIXA_IDADE__IDADE_40_A_49 + POSSE_CARRO__SEM_CARRO + SITUACAO_FAMILIAR__CASADO_OU_UNIAO_CIVIL + FAIXA_TAXA_REJEICAO__SEM_REJEICAO_PREVIA;2;4;6;0.010000;0.07;0.92;-0;0.99
1228;FAIXA_IDADE__IDADE_40_A_49 + POSSE_CARRO__SEM_CARRO + SITUACAO_FAMILIAR__CASADO_OU_UNIAO_CIVIL + FAIXA_TAXA_REJEICAO__SEM_REJEICAO_PREVIA;FAIXA_CREDITO__CREDITO_BAIXO + FAIXA_RENDA__RENDA_BAIXA;4;2;6;0.010000;0.13;0.92;-0;0.99
1229;FAIXA_RENDA__RENDA_BAIXA + CATEGORIA_FILHOS__SEM_FILHOS;FAIXA_IDADE__IDADE_40_A_49 + POSSE_CARRO__SEM_CARRO + FAIXA_CREDITOS_ATIVOS__UM_A_DOIS_CREDITOS_ATIVOS + FAIXA_TAXA_REJEICAO__SEM_REJEICAO_PREVIA;2;4;6;0.010000;0.04;0.92;-0;1
1230;FAIXA_IDADE__IDADE_40_A_49 + POSSE_CARRO__SEM_CARRO + FAIXA_CREDITOS_ATIVOS__UM_A_DOIS_CREDITOS_ATIVOS + FAIXA_TAXA_REJEICAO__SEM_REJEICAO_PREVIA;FAIXA_RENDA__RENDA_BAIXA + CATEGORIA_FILHOS__SEM_FILHOS;4;2;6;0.010000;0.22;0.92;-0;0.97
1231;CATEGORIA_FILHOS__SEM_FILHOS + POSSE_CARRO__SEM_CARRO;FAIXA_CREDITO__CREDITO_BAIXO + FAIXA_RENDA__RENDA_BAIXA + FAIXA_IDADE__IDADE_21_A_29;2;3;5;0.010000;0.02;0.92;-0;1
1232;FAIXA_CREDITO__CREDITO_BAIXO + FAIXA_RENDA__RENDA_BAIXA + FAIXA_IDADE__IDADE_21_A_29;CATEGORIA_FILHOS__SEM_FILHOS + POSSE_CARRO__SEM_CARRO;3;2;5;0.010000;0.44;0.92;-0;0.93
1233;FAIXA_IDADE__IDADE_30_A_39 + SITUACAO_FAMILIAR__CASADO_OU_UNIAO_CIVIL + FAIXA_TAXA_REJEICAO__SEM_REJEICAO_PREVIA;FAIXA_RENDA__RENDA_ALTA + FAIXA_CREDITOS_ATIVOS__TRES_OU_MAIS_CREDITOS_ATIVOS;3;2;5;0.010000;0.07;0.92;-0;0.99
1234;FAIXA_RENDA__RENDA_ALTA + FAIXA_CREDITOS_ATIVOS__TRES_OU_MAIS_CREDITOS_ATIVOS;FAIXA_IDADE__IDADE_30_A_39 + SITUACAO_FAMILIAR__CASADO_OU_UNIAO_CIVIL + FAIXA_TAXA_REJEICAO__SEM_REJEICAO_PREVIA;2;3;5;0.010000;0.13;0.92;-0;0.99
1235;FAIXA_RENDA__RENDA_BAIXA + FAIXA_CREDITOS_ATIVOS__TRES_OU_MAIS_CREDITOS_ATIVOS;FAIXA_IDADE__IDADE_30_A_39 + FAIXA_TAXA_REJEICAO__SEM_REJEICAO_PREVIA;2;2;4;0.010000;0.16;0.92;-0;0.98
1236;FAIXA_IDADE__IDADE_30_A_39 + FAIXA_TAXA_REJEICAO__SEM_REJEICAO_PREVIA;FAIXA_RENDA__RENDA_BAIXA + FAIXA_CREDITOS_ATIVOS__TRES_OU_MAIS_CREDITOS_ATIVOS;2;2;4;0.010000;0.06;0.92;-0;0.99
1237;FAIXA_IDADE__IDADE_60_OU_MAIS + CATEGORIA_FILHOS__SEM_FILHOS + POSSE_CARRO__SEM_CARRO + SITUACAO_FAMILIAR__SEPARADO_VIUVO_OU_NAO_INFORMADO;FAIXA_CREDITOS_ATIVOS__UM_A_DOIS_CREDITOS_ATIVOS + FAIXA_TAXA_REJEICAO__SEM_REJEICAO_PREVIA;4;2;6;0.010000;0.28;0.92;-0;0.96
1238;FAIXA_CREDITOS_ATIVOS__UM_A_DOIS_CREDITOS_ATIVOS + FAIXA_TAXA_REJEICAO__SEM_REJEICAO_PREVIA;FAIXA_IDADE__IDADE_60_OU_MAIS + CATEGORIA_FILHOS__SEM_FILHOS + POSSE_CARRO__SEM_CARRO + SITUACAO_FAMILIAR__SEPARADO_VIUVO_OU_NAO_INFORMADO;2;4;6;0.010000;0.03;0.92;-0;1
1239;FAIXA_IDADE__IDADE_30_A_39 + FAIXA_CREDITOS_ATIVOS__TRES_OU_MAIS_CREDITOS_ATIVOS;FAIXA_CREDITO__CREDITO_MUITO_ALTO + POSSE_CARRO__SEM_CARRO;2;2;4;0.010000;0.13;0.91;-0;0.98
1240;FAIXA_CREDITO__CREDITO_MUITO_ALTO + POSSE_CARRO__SEM_CARRO;FAIXA_IDADE__IDADE_30_A_39 + FAIXA_CREDITOS_ATIVOS__TRES_OU_MAIS_CREDITOS_ATIVOS;2;2;4;0.010000;0.07;0.91;-0;0.99
1241;FAIXA_CREDITO__CREDITO_ALTO + SITUACAO_FAMILIAR__CASADO_OU_UNIAO_CIVIL;FAIXA_IDADE__IDADE_50_A_59 + CATEGORIA_FILHOS__SEM_FILHOS + FAIXA_CREDITOS_ATIVOS__SEM_CREDITOS_ATIVOS;2;3;5;0.010000;0.05;0.91;-0;0.99
1242;FAIXA_IDADE__IDADE_50_A_59 + CATEGORIA_FILHOS__SEM_FILHOS + FAIXA_CREDITOS_ATIVOS__SEM_CREDITOS_ATIVOS;FAIXA_CREDITO__CREDITO_ALTO + SITUACAO_FAMILIAR__CASADO_OU_UNIAO_CIVIL;3;2;5;0.010000;0.17;0.91;-0;0.98
1243;POSSE_CARRO__COM_CARRO + SITUACAO_FAMILIAR__CASADO_OU_UNIAO_CIVIL + FAIXA_TAXA_REJEICAO__SEM_REJEICAO_PREVIA;FAIXA_RENDA__RENDA_BAIXA + CATEGORIA_FILHOS__UM_FILHO;3;2;5;0.010000;0.05;0.91;-0;0.99
1244;FAIXA_RENDA__RENDA_BAIXA + CATEGORIA_FILHOS__UM_FILHO;POSSE_CARRO__COM_CARRO + SITUACAO_FAMILIAR__CASADO_OU_UNIAO_CIVIL + FAIXA_TAXA_REJEICAO__SEM_REJEICAO_PREVIA;2;3;5;0.010000;0.17;0.91;-0;0.98
1245;FAIXA_IDADE__IDADE_60_OU_MAIS + POSSE_CARRO__SEM_CARRO + SITUACAO_FAMILIAR__SEPARADO_VIUVO_OU_NAO_INFORMADO;FAIXA_CREDITOS_ATIVOS__UM_A_DOIS_CREDITOS_ATIVOS + FAIXA_TAXA_REJEICAO__SEM_REJEICAO_PREVIA;3;2;5;0.010000;0.27;0.91;-0;0.96
1246;FAIXA_CREDITOS_ATIVOS__UM_A_DOIS_CREDITOS_ATIVOS + FAIXA_TAXA_REJEICAO__SEM_REJEICAO_PREVIA;FAIXA_IDADE__IDADE_60_OU_MAIS + POSSE_CARRO__SEM_CARRO + SITUACAO_FAMILIAR__SEPARADO_VIUVO_OU_NAO_INFORMADO;2;3;5;0.010000;0.03;0.91;-0;1
1247;CATEGORIA_FILHOS__SEM_FILHOS + POSSE_CARRO__SEM_CARRO;FAIXA_RENDA__RENDA_BAIXA + FAIXA_IDADE__IDADE_40_A_49 + FAIXA_CREDITOS_ATIVOS__UM_A_DOIS_CREDITOS_ATIVOS + FAIXA_TAXA_REJEICAO__SEM_REJEICAO_PREVIA;2;4;6;0.010000;0.02;0.91;-0;1
1248;FAIXA_RENDA__RENDA_BAIXA + FAIXA_IDADE__IDADE_40_A_49 + FAIXA_CREDITOS_ATIVOS__UM_A_DOIS_CREDITOS_ATIVOS + FAIXA_TAXA_REJEICAO__SEM_REJEICAO_PREVIA;CATEGORIA_FILHOS__SEM_FILHOS + POSSE_CARRO__SEM_CARRO;4;2;6;0.010000;0.44;0.91;-0;0.91
1249;POSSE_CARRO__COM_CARRO;FAIXA_CREDITO__CREDITO_BAIXO + FAIXA_CREDITOS_ATIVOS__TRES_OU_MAIS_CREDITOS_ATIVOS + FAIXA_TAXA_REJEICAO__SEM_REJEICAO_PREVIA;1;3;4;0.010000;0.03;0.91;-0;1
1250;FAIXA_CREDITO__CREDITO_BAIXO + FAIXA_CREDITOS_ATIVOS__TRES_OU_MAIS_CREDITOS_ATIVOS + FAIXA_TAXA_REJEICAO__SEM_REJEICAO_PREVIA;POSSE_CARRO__COM_CARRO;3;1;4;0.010000;0.31;0.91;-0;0.95
1251;FAIXA_CREDITO__CREDITO_MEDIO + FAIXA_IDADE__IDADE_50_A_59 + CATEGORIA_FILHOS__SEM_FILHOS + POSSE_CARRO__SEM_CARRO;FAIXA_CREDITOS_ATIVOS__UM_A_DOIS_CREDITOS_ATIVOS + FAIXA_TAXA_REJEICAO__SEM_REJEICAO_PREVIA;4;2;6;0.010000;0.27;0.91;-0;0.96
1252;FAIXA_CREDITOS_ATIVOS__UM_A_DOIS_CREDITOS_ATIVOS + FAIXA_TAXA_REJEICAO__SEM_REJEICAO_PREVIA;FAIXA_CREDITO__CREDITO_MEDIO + FAIXA_IDADE__IDADE_50_A_59 + CATEGORIA_FILHOS__SEM_FILHOS + POSSE_CARRO__SEM_CARRO;2;4;6;0.010000;0.03;0.91;-0;1
1253;POSSE_CARRO__SEM_CARRO + FAIXA_CREDITOS_ATIVOS__UM_A_DOIS_CREDITOS_ATIVOS;FAIXA_CREDITO__CREDITO_ALTO + FAIXA_RENDA__RENDA_MUITO_ALTA + FAIXA_TAXA_REJEICAO__SEM_REJEICAO_PREVIA;2;3;5;0.010000;0.04;0.9;-0;1
1254;FAIXA_CREDITO__CREDITO_ALTO + FAIXA_RENDA__RENDA_MUITO_ALTA + FAIXA_TAXA_REJEICAO__SEM_REJEICAO_PREVIA;POSSE_CARRO__SEM_CARRO + FAIXA_CREDITOS_ATIVOS__UM_A_DOIS_CREDITOS_ATIVOS;3;2;5;0.010000;0.26;0.9;-0;0.96
1255;FAIXA_RENDA__RENDA_BAIXA + FAIXA_IDADE__IDADE_40_A_49 + POSSE_CARRO__SEM_CARRO;CATEGORIA_FILHOS__SEM_FILHOS + FAIXA_CREDITOS_ATIVOS__UM_A_DOIS_CREDITOS_ATIVOS + FAIXA_TAXA_REJEICAO__SEM_REJEICAO_PREVIA;3;3;6;0.010000;0.19;0.9;-0;0.97
1256;CATEGORIA_FILHOS__SEM_FILHOS + FAIXA_CREDITOS_ATIVOS__UM_A_DOIS_CREDITOS_ATIVOS + FAIXA_TAXA_REJEICAO__SEM_REJEICAO_PREVIA;FAIXA_RENDA__RENDA_BAIXA + FAIXA_IDADE__IDADE_40_A_49 + POSSE_CARRO__SEM_CARRO;3;3;6;0.010000;0.05;0.9;-0;0.99
1257;FAIXA_IDADE__IDADE_40_A_49 + POSSE_CARRO__SEM_CARRO;FAIXA_RENDA__RENDA_BAIXA + CATEGORIA_FILHOS__SEM_FILHOS + FAIXA_CREDITOS_ATIVOS__UM_A_DOIS_CREDITOS_ATIVOS + FAIXA_TAXA_REJEICAO__SEM_REJEICAO_PREVIA;2;4;6;0.010000;0.06;0.9;-0;0.99
1258;FAIXA_RENDA__RENDA_BAIXA + CATEGORIA_FILHOS__SEM_FILHOS + FAIXA_CREDITOS_ATIVOS__UM_A_DOIS_CREDITOS_ATIVOS + FAIXA_TAXA_REJEICAO__SEM_REJEICAO_PREVIA;FAIXA_IDADE__IDADE_40_A_49 + POSSE_CARRO__SEM_CARRO;4;2;6;0.010000;0.14;0.9;-0;0.98
1259;FAIXA_CREDITO__CREDITO_BAIXO + POSSE_CARRO__COM_CARRO;FAIXA_CREDITOS_ATIVOS__TRES_OU_MAIS_CREDITOS_ATIVOS + FAIXA_TAXA_REJEICAO__SEM_REJEICAO_PREVIA;2;2;4;0.010000;0.14;0.9;-0;0.98
1260;FAIXA_CREDITOS_ATIVOS__TRES_OU_MAIS_CREDITOS_ATIVOS + FAIXA_TAXA_REJEICAO__SEM_REJEICAO_PREVIA;FAIXA_CREDITO__CREDITO_BAIXO + POSSE_CARRO__COM_CARRO;2;2;4;0.010000;0.06;0.9;-0;0.99
1261;FAIXA_CREDITO__CREDITO_ALTO;FAIXA_IDADE__IDADE_40_A_49 + POSSE_CARRO__COM_CARRO + FAIXA_CREDITOS_ATIVOS__UM_A_DOIS_CREDITOS_ATIVOS;1;3;4;0.010000;0.04;0.9;-0;1
1262;FAIXA_IDADE__IDADE_40_A_49 + POSSE_CARRO__COM_CARRO + FAIXA_CREDITOS_ATIVOS__UM_A_DOIS_CREDITOS_ATIVOS;FAIXA_CREDITO__CREDITO_ALTO;3;1;4;0.010000;0.23;0.9;-0;0.96
1263;FAIXA_IDADE__IDADE_30_A_39;FAIXA_RENDA__RENDA_MUITO_ALTA + FAIXA_TAXA_REJEICAO__REJEICAO_PREVIA_ATE_25_PCT;1;2;3;0.010000;0.04;0.9;-0;1
1264;FAIXA_RENDA__RENDA_MUITO_ALTA + FAIXA_TAXA_REJEICAO__REJEICAO_PREVIA_ATE_25_PCT;FAIXA_IDADE__IDADE_30_A_39;2;1;3;0.010000;0.24;0.9;-0;0.96
1265;FAIXA_RENDA__RENDA_ALTA + FAIXA_CREDITOS_ATIVOS__SEM_CREDITOS_ATIVOS;FAIXA_IDADE__IDADE_30_A_39 + POSSE_CARRO__SEM_CARRO;2;2;4;0.010000;0.14;0.9;-0;0.98
1266;FAIXA_IDADE__IDADE_30_A_39 + POSSE_CARRO__SEM_CARRO;FAIXA_RENDA__RENDA_ALTA + FAIXA_CREDITOS_ATIVOS__SEM_CREDITOS_ATIVOS;2;2;4;0.010000;0.06;0.9;-0;0.99
1267;FAIXA_RENDA__RENDA_MEDIA + POSSE_CARRO__COM_CARRO + FAIXA_CREDITOS_ATIVOS__TRES_OU_MAIS_CREDITOS_ATIVOS;FAIXA_TAXA_REJEICAO__SEM_REJEICAO_PREVIA;3;1;4;0.010000;0.61;0.9;-0;0.81
1268;FAIXA_TAXA_REJEICAO__SEM_REJEICAO_PREVIA;FAIXA_RENDA__RENDA_MEDIA + POSSE_CARRO__COM_CARRO + FAIXA_CREDITOS_ATIVOS__TRES_OU_MAIS_CREDITOS_ATIVOS;1;3;4;0.010000;0.01;0.9;-0;1
1269;FAIXA_RENDA__RENDA_BAIXA + CATEGORIA_FILHOS__UM_FILHO + SITUACAO_FAMILIAR__CASADO_OU_UNIAO_CIVIL;POSSE_CARRO__COM_CARRO + FAIXA_TAXA_REJEICAO__SEM_REJEICAO_PREVIA;3;2;5;0.010000;0.2;0.89;-0;0.97
1270;POSSE_CARRO__COM_CARRO + FAIXA_TAXA_REJEICAO__SEM_REJEICAO_PREVIA;FAIXA_RENDA__RENDA_BAIXA + CATEGORIA_FILHOS__UM_FILHO + SITUACAO_FAMILIAR__CASADO_OU_UNIAO_CIVIL;2;3;5;0.010000;0.04;0.89;-0;0.99
1271;FAIXA_IDADE__IDADE_40_A_49 + POSSE_CARRO__SEM_CARRO + SITUACAO_FAMILIAR__CASADO_OU_UNIAO_CIVIL;FAIXA_CREDITO__CREDITO_BAIXO + FAIXA_RENDA__RENDA_BAIXA + FAIXA_TAXA_REJEICAO__SEM_REJEICAO_PREVIA;3;3;6;0.010000;0.09;0.89;-0;0.99
1272;FAIXA_CREDITO__CREDITO_BAIXO + FAIXA_RENDA__RENDA_BAIXA + FAIXA_TAXA_REJEICAO__SEM_REJEICAO_PREVIA;FAIXA_IDADE__IDADE_40_A_49 + POSSE_CARRO__SEM_CARRO + SITUACAO_FAMILIAR__CASADO_OU_UNIAO_CIVIL;3;3;6;0.010000;0.1;0.89;-0;0.98
1273;FAIXA_RENDA__RENDA_BAIXA + POSSE_CARRO__SEM_CARRO + FAIXA_CREDITOS_ATIVOS__UM_A_DOIS_CREDITOS_ATIVOS;FAIXA_IDADE__IDADE_40_A_49 + CATEGORIA_FILHOS__SEM_FILHOS + FAIXA_TAXA_REJEICAO__SEM_REJEICAO_PREVIA;3;3;6;0.010000;0.09;0.89;-0;0.99
1274;FAIXA_IDADE__IDADE_40_A_49 + CATEGORIA_FILHOS__SEM_FILHOS + FAIXA_TAXA_REJEICAO__SEM_REJEICAO_PREVIA;FAIXA_RENDA__RENDA_BAIXA + POSSE_CARRO__SEM_CARRO + FAIXA_CREDITOS_ATIVOS__UM_A_DOIS_CREDITOS_ATIVOS;3;3;6;0.010000;0.1;0.89;-0;0.99
1275;FAIXA_IDADE__IDADE_30_A_39 + CATEGORIA_FILHOS__SEM_FILHOS + SITUACAO_FAMILIAR__CASADO_OU_UNIAO_CIVIL;FAIXA_CREDITO__CREDITO_MUITO_ALTO + POSSE_CARRO__SEM_CARRO;3;2;5;0.010000;0.13;0.89;-0;0.98
1276;FAIXA_CREDITO__CREDITO_MUITO_ALTO + POSSE_CARRO__SEM_CARRO;FAIXA_IDADE__IDADE_30_A_39 + CATEGORIA_FILHOS__SEM_FILHOS + SITUACAO_FAMILIAR__CASADO_OU_UNIAO_CIVIL;2;3;5;0.010000;0.07;0.89;-0;0.99
1277;FAIXA_RENDA__RENDA_BAIXA + FAIXA_IDADE__IDADE_30_A_39 + FAIXA_CREDITOS_ATIVOS__TRES_OU_MAIS_CREDITOS_ATIVOS;FAIXA_TAXA_REJEICAO__SEM_REJEICAO_PREVIA;3;1;4;0.010000;0.6;0.89;-0;0.8
1278;FAIXA_TAXA_REJEICAO__SEM_REJEICAO_PREVIA;FAIXA_RENDA__RENDA_BAIXA + FAIXA_IDADE__IDADE_30_A_39 + FAIXA_CREDITOS_ATIVOS__TRES_OU_MAIS_CREDITOS_ATIVOS;1;3;4;0.010000;0.01;0.89;-0;1
1279;FAIXA_IDADE__IDADE_40_A_49 + POSSE_CARRO__SEM_CARRO + FAIXA_CREDITOS_ATIVOS__UM_A_DOIS_CREDITOS_ATIVOS;FAIXA_RENDA__RENDA_BAIXA + CATEGORIA_FILHOS__SEM_FILHOS + FAIXA_TAXA_REJEICAO__SEM_REJEICAO_PREVIA;3;3;6;0.010000;0.15;0.89;-0;0.98
1280;FAIXA_RENDA__RENDA_BAIXA + CATEGORIA_FILHOS__SEM_FILHOS + FAIXA_TAXA_REJEICAO__SEM_REJEICAO_PREVIA;FAIXA_IDADE__IDADE_40_A_49 + POSSE_CARRO__SEM_CARRO + FAIXA_CREDITOS_ATIVOS__UM_A_DOIS_CREDITOS_ATIVOS;3;3;6;0.010000;0.06;0.89;-0;0.99
1281;FAIXA_CREDITO__CREDITO_ALTO + FAIXA_IDADE__IDADE_30_A_39;POSSE_CARRO__SEM_CARRO + FAIXA_CREDITOS_ATIVOS__TRES_OU_MAIS_CREDITOS_ATIVOS;2;2;4;0.010000;0.15;0.88;-0;0.98
1282;POSSE_CARRO__SEM_CARRO + FAIXA_CREDITOS_ATIVOS__TRES_OU_MAIS_CREDITOS_ATIVOS;FAIXA_CREDITO__CREDITO_ALTO + FAIXA_IDADE__IDADE_30_A_39;2;2;4;0.010000;0.06;0.88;-0;0.99
1283;SITUACAO_FAMILIAR__CASADO_OU_UNIAO_CIVIL;FAIXA_CREDITO__CREDITO_BAIXO + FAIXA_RENDA__RENDA_MUITO_ALTA + FAIXA_TAXA_REJEICAO__SEM_REJEICAO_PREVIA;1;3;4;0.010000;0.01;0.88;-0;1
1284;FAIXA_CREDITO__CREDITO_BAIXO + FAIXA_RENDA__RENDA_MUITO_ALTA + FAIXA_TAXA_REJEICAO__SEM_REJEICAO_PREVIA;SITUACAO_FAMILIAR__CASADO_OU_UNIAO_CIVIL;3;1;4;0.010000;0.65;0.88;-0;0.75
1285;FAIXA_IDADE__IDADE_30_A_39 + CATEGORIA_FILHOS__DOIS_OU_MAIS_FILHOS + POSSE_CARRO__SEM_CARRO;FAIXA_CREDITOS_ATIVOS__SEM_CREDITOS_ATIVOS;3;1;4;0.010000;0.26;0.88;-0;0.95
1286;FAIXA_CREDITOS_ATIVOS__SEM_CREDITOS_ATIVOS;FAIXA_IDADE__IDADE_30_A_39 + CATEGORIA_FILHOS__DOIS_OU_MAIS_FILHOS + POSSE_CARRO__SEM_CARRO;1;3;4;0.010000;0.03;0.88;-0;1
1287;CATEGORIA_FILHOS__SEM_FILHOS;FAIXA_CREDITO__CREDITO_BAIXO + FAIXA_RENDA__RENDA_BAIXA + FAIXA_IDADE__IDADE_21_A_29 + POSSE_CARRO__SEM_CARRO;1;4;5;0.010000;0.01;0.88;-0;1
1288;FAIXA_CREDITO__CREDITO_BAIXO + FAIXA_RENDA__RENDA_BAIXA + FAIXA_IDADE__IDADE_21_A_29 + POSSE_CARRO__SEM_CARRO;CATEGORIA_FILHOS__SEM_FILHOS;4;1;5;0.010000;0.61;0.88;-0;0.77
1289;POSSE_CARRO__COM_CARRO + SITUACAO_FAMILIAR__CASADO_OU_UNIAO_CIVIL;FAIXA_RENDA__RENDA_BAIXA + CATEGORIA_FILHOS__UM_FILHO + FAIXA_TAXA_REJEICAO__SEM_REJEICAO_PREVIA;2;3;5;0.010000;0.04;0.88;-0;0.99
1290;FAIXA_RENDA__RENDA_BAIXA + CATEGORIA_FILHOS__UM_FILHO + FAIXA_TAXA_REJEICAO__SEM_REJEICAO_PREVIA;POSSE_CARRO__COM_CARRO + SITUACAO_FAMILIAR__CASADO_OU_UNIAO_CIVIL;3;2;5;0.010000;0.24;0.88;-0;0.95
1291;FAIXA_CREDITO__CREDITO_BAIXO + FAIXA_RENDA__RENDA_BAIXA;FAIXA_IDADE__IDADE_50_A_59 + CATEGORIA_FILHOS__SEM_FILHOS + FAIXA_CREDITOS_ATIVOS__UM_A_DOIS_CREDITOS_ATIVOS;2;3;5;0.010000;0.07;0.88;-0;0.99
1292;FAIXA_IDADE__IDADE_50_A_59 + CATEGORIA_FILHOS__SEM_FILHOS + FAIXA_CREDITOS_ATIVOS__UM_A_DOIS_CREDITOS_ATIVOS;FAIXA_CREDITO__CREDITO_BAIXO + FAIXA_RENDA__RENDA_BAIXA;3;2;5;0.010000;0.12;0.88;-0;0.98
1293;FAIXA_IDADE__IDADE_30_A_39 + CATEGORIA_FILHOS__SEM_FILHOS + POSSE_CARRO__SEM_CARRO + SITUACAO_FAMILIAR__CASADO_OU_UNIAO_CIVIL;FAIXA_CREDITO__CREDITO_MUITO_ALTO;4;1;5;0.010000;0.22;0.88;-0;0.96
1294;FAIXA_CREDITO__CREDITO_MUITO_ALTO;FAIXA_IDADE__IDADE_30_A_39 + CATEGORIA_FILHOS__SEM_FILHOS + POSSE_CARRO__SEM_CARRO + SITUACAO_FAMILIAR__CASADO_OU_UNIAO_CIVIL;1;4;5;0.010000;0.04;0.88;-0;0.99
1295;FAIXA_IDADE__IDADE_30_A_39 + CATEGORIA_FILHOS__DOIS_OU_MAIS_FILHOS + FAIXA_CREDITOS_ATIVOS__SEM_CREDITOS_ATIVOS;POSSE_CARRO__SEM_CARRO;3;1;4;0.010000;0.58;0.88;-0;0.79
1296;POSSE_CARRO__SEM_CARRO;FAIXA_IDADE__IDADE_30_A_39 + CATEGORIA_FILHOS__DOIS_OU_MAIS_FILHOS + FAIXA_CREDITOS_ATIVOS__SEM_CREDITOS_ATIVOS;1;3;4;0.010000;0.02;0.88;-0;1
1297;FAIXA_RENDA__RENDA_BAIXA + SITUACAO_FAMILIAR__CASADO_OU_UNIAO_CIVIL;FAIXA_IDADE__IDADE_30_A_39 + FAIXA_TAXA_REJEICAO__REJEICAO_PREVIA_ACIMA_25_PCT;2;2;4;0.010000;0.04;0.87;-0;0.99
1298;FAIXA_IDADE__IDADE_30_A_39 + FAIXA_TAXA_REJEICAO__REJEICAO_PREVIA_ACIMA_25_PCT;FAIXA_RENDA__RENDA_BAIXA + SITUACAO_FAMILIAR__CASADO_OU_UNIAO_CIVIL;2;2;4;0.010000;0.2;0.87;-0;0.96
1299;FAIXA_RENDA__RENDA_ALTA + POSSE_CARRO__COM_CARRO + SITUACAO_FAMILIAR__CASADO_OU_UNIAO_CIVIL + FAIXA_TAXA_REJEICAO__SEM_REJEICAO_PREVIA;FAIXA_IDADE__IDADE_50_A_59;4;1;5;0.010000;0.19;0.87;-0;0.96
1300;FAIXA_IDADE__IDADE_50_A_59;FAIXA_RENDA__RENDA_ALTA + POSSE_CARRO__COM_CARRO + SITUACAO_FAMILIAR__CASADO_OU_UNIAO_CIVIL + FAIXA_TAXA_REJEICAO__SEM_REJEICAO_PREVIA;1;4;5;0.010000;0.05;0.87;-0;0.99
1301;CATEGORIA_FILHOS__SEM_FILHOS;FAIXA_RENDA__RENDA_MUITO_ALTA + FAIXA_IDADE__IDADE_40_A_49 + SITUACAO_FAMILIAR__CASADO_OU_UNIAO_CIVIL + FAIXA_CREDITOS_ATIVOS__UM_A_DOIS_CREDITOS_ATIVOS + FAIXA_TAXA_REJEICAO__SEM_REJEICAO_PREVIA;1;5;6;0.010000;0.01;0.87;-0;1
1302;FAIXA_RENDA__RENDA_MUITO_ALTA + FAIXA_IDADE__IDADE_40_A_49 + SITUACAO_FAMILIAR__CASADO_OU_UNIAO_CIVIL + FAIXA_CREDITOS_ATIVOS__UM_A_DOIS_CREDITOS_ATIVOS + FAIXA_TAXA_REJEICAO__SEM_REJEICAO_PREVIA;CATEGORIA_FILHOS__SEM_FILHOS;5;1;6;0.010000;0.6;0.87;-0;0.75
1303;FAIXA_CREDITO__CREDITO_ALTO + FAIXA_IDADE__IDADE_50_A_59 + CATEGORIA_FILHOS__SEM_FILHOS + SITUACAO_FAMILIAR__CASADO_OU_UNIAO_CIVIL;FAIXA_CREDITOS_ATIVOS__SEM_CREDITOS_ATIVOS;4;1;5;0.010000;0.26;0.87;-0;0.94
1304;FAIXA_CREDITOS_ATIVOS__SEM_CREDITOS_ATIVOS;FAIXA_CREDITO__CREDITO_ALTO + FAIXA_IDADE__IDADE_50_A_59 + CATEGORIA_FILHOS__SEM_FILHOS + SITUACAO_FAMILIAR__CASADO_OU_UNIAO_CIVIL;1;4;5;0.010000;0.03;0.87;-0;0.99
1305;FAIXA_CREDITO__CREDITO_ALTO + FAIXA_IDADE__IDADE_50_A_59 + CATEGORIA_FILHOS__SEM_FILHOS;SITUACAO_FAMILIAR__CASADO_OU_UNIAO_CIVIL + FAIXA_CREDITOS_ATIVOS__SEM_CREDITOS_ATIVOS;3;2;5;0.010000;0.18;0.86;-0;0.96
1306;SITUACAO_FAMILIAR__CASADO_OU_UNIAO_CIVIL + FAIXA_CREDITOS_ATIVOS__SEM_CREDITOS_ATIVOS;FAIXA_CREDITO__CREDITO_ALTO + FAIXA_IDADE__IDADE_50_A_59 + CATEGORIA_FILHOS__SEM_FILHOS;2;3;5;0.010000;0.05;0.86;-0;0.99
1307;FAIXA_CREDITO__CREDITO_BAIXO + FAIXA_RENDA__RENDA_BAIXA + POSSE_CARRO__SEM_CARRO + SITUACAO_FAMILIAR__CASADO_OU_UNIAO_CIVIL;FAIXA_IDADE__IDADE_40_A_49 + FAIXA_TAXA_REJEICAO__SEM_REJEICAO_PREVIA;4;2;6;0.010000;0.15;0.86;-0;0.97
1308;FAIXA_IDADE__IDADE_40_A_49 + FAIXA_TAXA_REJEICAO__SEM_REJEICAO_PREVIA;FAIXA_CREDITO__CREDITO_BAIXO + FAIXA_RENDA__RENDA_BAIXA + POSSE_CARRO__SEM_CARRO + SITUACAO_FAMILIAR__CASADO_OU_UNIAO_CIVIL;2;4;6;0.010000;0.06;0.86;-0;0.99
1309;SITUACAO_FAMILIAR__CASADO_OU_UNIAO_CIVIL;FAIXA_RENDA__RENDA_BAIXA + FAIXA_IDADE__IDADE_21_A_29 + POSSE_CARRO__SEM_CARRO + FAIXA_CREDITOS_ATIVOS__UM_A_DOIS_CREDITOS_ATIVOS;1;4;5;0.010000;0.01;0.86;-0;1
1310;FAIXA_RENDA__RENDA_BAIXA + FAIXA_IDADE__IDADE_21_A_29 + POSSE_CARRO__SEM_CARRO + FAIXA_CREDITOS_ATIVOS__UM_A_DOIS_CREDITOS_ATIVOS;SITUACAO_FAMILIAR__CASADO_OU_UNIAO_CIVIL;4;1;5;0.010000;0.63;0.86;-0;0.71
1311;CATEGORIA_FILHOS__SEM_FILHOS + FAIXA_TAXA_REJEICAO__SEM_REJEICAO_PREVIA;FAIXA_RENDA__RENDA_MUITO_ALTA + FAIXA_IDADE__IDADE_40_A_49 + SITUACAO_FAMILIAR__CASADO_OU_UNIAO_CIVIL + FAIXA_CREDITOS_ATIVOS__UM_A_DOIS_CREDITOS_ATIVOS;2;4;6;0.010000;0.02;0.86;-0;1
1312;FAIXA_RENDA__RENDA_MUITO_ALTA + FAIXA_IDADE__IDADE_40_A_49 + SITUACAO_FAMILIAR__CASADO_OU_UNIAO_CIVIL + FAIXA_CREDITOS_ATIVOS__UM_A_DOIS_CREDITOS_ATIVOS;CATEGORIA_FILHOS__SEM_FILHOS + FAIXA_TAXA_REJEICAO__SEM_REJEICAO_PREVIA;4;2;6;0.010000;0.4;0.86;-0;0.88
1313;FAIXA_RENDA__RENDA_MUITO_ALTA + FAIXA_IDADE__IDADE_40_A_49 + SITUACAO_FAMILIAR__CASADO_OU_UNIAO_CIVIL;CATEGORIA_FILHOS__SEM_FILHOS + FAIXA_CREDITOS_ATIVOS__UM_A_DOIS_CREDITOS_ATIVOS + FAIXA_TAXA_REJEICAO__SEM_REJEICAO_PREVIA;3;3;6;0.010000;0.18;0.86;-0;0.96
1314;CATEGORIA_FILHOS__SEM_FILHOS + FAIXA_CREDITOS_ATIVOS__UM_A_DOIS_CREDITOS_ATIVOS + FAIXA_TAXA_REJEICAO__SEM_REJEICAO_PREVIA;FAIXA_RENDA__RENDA_MUITO_ALTA + FAIXA_IDADE__IDADE_40_A_49 + SITUACAO_FAMILIAR__CASADO_OU_UNIAO_CIVIL;3;3;6;0.010000;0.05;0.86;-0;0.99
1315;FAIXA_RENDA__RENDA_ALTA + POSSE_CARRO__SEM_CARRO + FAIXA_CREDITOS_ATIVOS__SEM_CREDITOS_ATIVOS;FAIXA_IDADE__IDADE_30_A_39;3;1;4;0.010000;0.23;0.86;-0;0.95
1316;FAIXA_IDADE__IDADE_30_A_39;FAIXA_RENDA__RENDA_ALTA + POSSE_CARRO__SEM_CARRO + FAIXA_CREDITOS_ATIVOS__SEM_CREDITOS_ATIVOS;1;3;4;0.010000;0.04;0.86;-0;0.99
1317;CATEGORIA_FILHOS__SEM_FILHOS;FAIXA_RENDA__RENDA_BAIXA + FAIXA_IDADE__IDADE_40_A_49 + POSSE_CARRO__SEM_CARRO + FAIXA_CREDITOS_ATIVOS__UM_A_DOIS_CREDITOS_ATIVOS + FAIXA_TAXA_REJEICAO__SEM_REJEICAO_PREVIA;1;5;6;0.010000;0.01;0.86;-0;1
1318;FAIXA_RENDA__RENDA_BAIXA + FAIXA_IDADE__IDADE_40_A_49 + POSSE_CARRO__SEM_CARRO + FAIXA_CREDITOS_ATIVOS__UM_A_DOIS_CREDITOS_ATIVOS + FAIXA_TAXA_REJEICAO__SEM_REJEICAO_PREVIA;CATEGORIA_FILHOS__SEM_FILHOS;5;1;6;0.010000;0.6;0.86;-0;0.75
1319;POSSE_CARRO__COM_CARRO;FAIXA_RENDA__RENDA_BAIXA + CATEGORIA_FILHOS__UM_FILHO + SITUACAO_FAMILIAR__CASADO_OU_UNIAO_CIVIL + FAIXA_TAXA_REJEICAO__SEM_REJEICAO_PREVIA;1;4;5;0.010000;0.03;0.86;-0;0.99
1320;FAIXA_RENDA__RENDA_BAIXA + CATEGORIA_FILHOS__UM_FILHO + SITUACAO_FAMILIAR__CASADO_OU_UNIAO_CIVIL + FAIXA_TAXA_REJEICAO__SEM_REJEICAO_PREVIA;POSSE_CARRO__COM_CARRO;4;1;5;0.010000;0.29;0.86;-0;0.93
1321;FAIXA_IDADE__IDADE_30_A_39 + POSSE_CARRO__SEM_CARRO;FAIXA_CREDITO__CREDITO_ALTO + FAIXA_CREDITOS_ATIVOS__TRES_OU_MAIS_CREDITOS_ATIVOS;2;2;4;0.010000;0.06;0.86;-0;0.99
1322;FAIXA_CREDITO__CREDITO_ALTO + FAIXA_CREDITOS_ATIVOS__TRES_OU_MAIS_CREDITOS_ATIVOS;FAIXA_IDADE__IDADE_30_A_39 + POSSE_CARRO__SEM_CARRO;2;2;4;0.010000;0.14;0.86;-0;0.97
1323;CATEGORIA_FILHOS__SEM_FILHOS + FAIXA_CREDITOS_ATIVOS__UM_A_DOIS_CREDITOS_ATIVOS;FAIXA_RENDA__RENDA_BAIXA + FAIXA_IDADE__IDADE_40_A_49 + POSSE_CARRO__SEM_CARRO + FAIXA_TAXA_REJEICAO__SEM_REJEICAO_PREVIA;2;4;6;0.010000;0.03;0.86;-0;0.99
1324;FAIXA_RENDA__RENDA_BAIXA + FAIXA_IDADE__IDADE_40_A_49 + POSSE_CARRO__SEM_CARRO + FAIXA_TAXA_REJEICAO__SEM_REJEICAO_PREVIA;CATEGORIA_FILHOS__SEM_FILHOS + FAIXA_CREDITOS_ATIVOS__UM_A_DOIS_CREDITOS_ATIVOS;4;2;6;0.010000;0.26;0.86;-0;0.94
1325;FAIXA_RENDA__RENDA_BAIXA + POSSE_CARRO__SEM_CARRO;FAIXA_IDADE__IDADE_40_A_49 + CATEGORIA_FILHOS__SEM_FILHOS + FAIXA_CREDITOS_ATIVOS__UM_A_DOIS_CREDITOS_ATIVOS + FAIXA_TAXA_REJEICAO__SEM_REJEICAO_PREVIA;2;4;6;0.010000;0.04;0.85;-0;0.99
1326;FAIXA_IDADE__IDADE_40_A_49 + CATEGORIA_FILHOS__SEM_FILHOS + FAIXA_CREDITOS_ATIVOS__UM_A_DOIS_CREDITOS_ATIVOS + FAIXA_TAXA_REJEICAO__SEM_REJEICAO_PREVIA;FAIXA_RENDA__RENDA_BAIXA + POSSE_CARRO__SEM_CARRO;4;2;6;0.010000;0.22;0.85;-0;0.95
1327;FAIXA_IDADE__IDADE_30_A_39;FAIXA_CREDITO__CREDITO_MUITO_ALTO + POSSE_CARRO__SEM_CARRO + FAIXA_CREDITOS_ATIVOS__TRES_OU_MAIS_CREDITOS_ATIVOS;1;3;4;0.010000;0.04;0.85;-0;0.99
1328;FAIXA_CREDITO__CREDITO_MUITO_ALTO + POSSE_CARRO__SEM_CARRO + FAIXA_CREDITOS_ATIVOS__TRES_OU_MAIS_CREDITOS_ATIVOS;FAIXA_IDADE__IDADE_30_A_39;3;1;4;0.010000;0.23;0.85;-0;0.95
1329;FAIXA_CREDITO__CREDITO_MEDIO + POSSE_CARRO__COM_CARRO;SITUACAO_FAMILIAR__SOLTEIRO;2;1;3;0.010000;0.13;0.85;-0;0.97
1330;SITUACAO_FAMILIAR__SOLTEIRO;FAIXA_CREDITO__CREDITO_MEDIO + POSSE_CARRO__COM_CARRO;1;2;3;0.010000;0.07;0.85;-0;0.99
1331;FAIXA_RENDA__RENDA_MUITO_ALTA + FAIXA_CREDITOS_ATIVOS__UM_A_DOIS_CREDITOS_ATIVOS + FAIXA_TAXA_REJEICAO__SEM_REJEICAO_PREVIA;FAIXA_CREDITO__CREDITO_ALTO + POSSE_CARRO__SEM_CARRO;3;2;5;0.010000;0.14;0.85;-0;0.97
1332;FAIXA_CREDITO__CREDITO_ALTO + POSSE_CARRO__SEM_CARRO;FAIXA_RENDA__RENDA_MUITO_ALTA + FAIXA_CREDITOS_ATIVOS__UM_A_DOIS_CREDITOS_ATIVOS + FAIXA_TAXA_REJEICAO__SEM_REJEICAO_PREVIA;2;3;5;0.010000;0.06;0.85;-0;0.99
1333;FAIXA_RENDA__RENDA_MUITO_ALTA + SITUACAO_FAMILIAR__CASADO_OU_UNIAO_CIVIL;FAIXA_CREDITO__CREDITO_MEDIO + FAIXA_IDADE__IDADE_30_A_39;2;2;4;0.010000;0.06;0.85;-0;0.99
1334;FAIXA_CREDITO__CREDITO_MEDIO + FAIXA_IDADE__IDADE_30_A_39;FAIXA_RENDA__RENDA_MUITO_ALTA + SITUACAO_FAMILIAR__CASADO_OU_UNIAO_CIVIL;2;2;4;0.010000;0.15;0.85;-0;0.97
1335;FAIXA_RENDA__RENDA_BAIXA + FAIXA_IDADE__IDADE_60_OU_MAIS + CATEGORIA_FILHOS__SEM_FILHOS + POSSE_CARRO__SEM_CARRO + FAIXA_CREDITOS_ATIVOS__UM_A_DOIS_CREDITOS_ATIVOS;SITUACAO_FAMILIAR__CASADO_OU_UNIAO_CIVIL + FAIXA_TAXA_REJEICAO__SEM_REJEICAO_PREVIA;5;2;7;0.010000;0.42;0.85;-0;0.87
1336;SITUACAO_FAMILIAR__CASADO_OU_UNIAO_CIVIL + FAIXA_TAXA_REJEICAO__SEM_REJEICAO_PREVIA;FAIXA_RENDA__RENDA_BAIXA + FAIXA_IDADE__IDADE_60_OU_MAIS + CATEGORIA_FILHOS__SEM_FILHOS + POSSE_CARRO__SEM_CARRO + FAIXA_CREDITOS_ATIVOS__UM_A_DOIS_CREDITOS_ATIVOS;2;5;7;0.010000;0.02;0.85;-0;1
1337;FAIXA_TAXA_REJEICAO__SEM_REJEICAO_PREVIA;FAIXA_RENDA__RENDA_ALTA + FAIXA_IDADE__IDADE_30_A_39 + SITUACAO_FAMILIAR__CASADO_OU_UNIAO_CIVIL + FAIXA_CREDITOS_ATIVOS__TRES_OU_MAIS_CREDITOS_ATIVOS;1;4;5;0.010000;0.01;0.85;-0;1
1338;FAIXA_RENDA__RENDA_ALTA + FAIXA_IDADE__IDADE_30_A_39 + SITUACAO_FAMILIAR__CASADO_OU_UNIAO_CIVIL + FAIXA_CREDITOS_ATIVOS__TRES_OU_MAIS_CREDITOS_ATIVOS;FAIXA_TAXA_REJEICAO__SEM_REJEICAO_PREVIA;4;1;5;0.010000;0.57;0.85;-0;0.75
1339;FAIXA_TAXA_REJEICAO__REJEICAO_PREVIA_ATE_25_PCT;FAIXA_IDADE__IDADE_21_A_29 + SITUACAO_FAMILIAR__CASADO_OU_UNIAO_CIVIL;1;2;3;0.010000;0.07;0.85;-0;0.99
1340;FAIXA_IDADE__IDADE_21_A_29 + SITUACAO_FAMILIAR__CASADO_OU_UNIAO_CIVIL;FAIXA_TAXA_REJEICAO__REJEICAO_PREVIA_ATE_25_PCT;2;1;3;0.010000;0.13;0.85;-0;0.97
1341;FAIXA_RENDA__RENDA_ALTA;FAIXA_IDADE__IDADE_30_A_39 + POSSE_CARRO__SEM_CARRO + FAIXA_CREDITOS_ATIVOS__SEM_CREDITOS_ATIVOS;1;3;4;0.010000;0.04;0.85;-0;0.99
1342;FAIXA_IDADE__IDADE_30_A_39 + POSSE_CARRO__SEM_CARRO + FAIXA_CREDITOS_ATIVOS__SEM_CREDITOS_ATIVOS;FAIXA_RENDA__RENDA_ALTA;3;1;4;0.010000;0.22;0.85;-0;0.95
1343;FAIXA_RENDA__RENDA_ALTA + POSSE_CARRO__SEM_CARRO;FAIXA_IDADE__IDADE_30_A_39 + FAIXA_CREDITOS_ATIVOS__SEM_CREDITOS_ATIVOS;2;2;4;0.010000;0.06;0.85;-0;0.99
1344;FAIXA_IDADE__IDADE_30_A_39 + FAIXA_CREDITOS_ATIVOS__SEM_CREDITOS_ATIVOS;FAIXA_RENDA__RENDA_ALTA + POSSE_CARRO__SEM_CARRO;2;2;4;0.010000;0.14;0.85;-0;0.97
1345;FAIXA_CREDITOS_ATIVOS__TRES_OU_MAIS_CREDITOS_ATIVOS + FAIXA_TAXA_REJEICAO__SEM_REJEICAO_PREVIA;FAIXA_RENDA__RENDA_BAIXA + FAIXA_IDADE__IDADE_30_A_39;2;2;4;0.010000;0.06;0.84;-0;0.99
1346;FAIXA_RENDA__RENDA_BAIXA + FAIXA_IDADE__IDADE_30_A_39;FAIXA_CREDITOS_ATIVOS__TRES_OU_MAIS_CREDITOS_ATIVOS + FAIXA_TAXA_REJEICAO__SEM_REJEICAO_PREVIA;2;2;4;0.010000;0.13;0.84;-0;0.97
1347;FAIXA_RENDA__RENDA_BAIXA + FAIXA_IDADE__IDADE_60_OU_MAIS + POSSE_CARRO__SEM_CARRO + FAIXA_CREDITOS_ATIVOS__UM_A_DOIS_CREDITOS_ATIVOS;SITUACAO_FAMILIAR__CASADO_OU_UNIAO_CIVIL + FAIXA_TAXA_REJEICAO__SEM_REJEICAO_PREVIA;4;2;6;0.010000;0.41;0.84;-0;0.86
1348;SITUACAO_FAMILIAR__CASADO_OU_UNIAO_CIVIL + FAIXA_TAXA_REJEICAO__SEM_REJEICAO_PREVIA;FAIXA_RENDA__RENDA_BAIXA + FAIXA_IDADE__IDADE_60_OU_MAIS + POSSE_CARRO__SEM_CARRO + FAIXA_CREDITOS_ATIVOS__UM_A_DOIS_CREDITOS_ATIVOS;2;4;6;0.010000;0.02;0.84;-0;1
1349;FAIXA_CREDITO__CREDITO_BAIXO + POSSE_CARRO__COM_CARRO + FAIXA_CREDITOS_ATIVOS__TRES_OU_MAIS_CREDITOS_ATIVOS;FAIXA_TAXA_REJEICAO__SEM_REJEICAO_PREVIA;3;1;4;0.010000;0.57;0.84;-0;0.74
1350;FAIXA_TAXA_REJEICAO__SEM_REJEICAO_PREVIA;FAIXA_CREDITO__CREDITO_BAIXO + POSSE_CARRO__COM_CARRO + FAIXA_CREDITOS_ATIVOS__TRES_OU_MAIS_CREDITOS_ATIVOS;1;3;4;0.010000;0.01;0.84;-0;1
1351;POSSE_CARRO__COM_CARRO + FAIXA_CREDITOS_ATIVOS__TRES_OU_MAIS_CREDITOS_ATIVOS;FAIXA_RENDA__RENDA_MEDIA + FAIXA_TAXA_REJEICAO__SEM_REJEICAO_PREVIA;2;2;4;0.010000;0.1;0.83;-0;0.98
1352;FAIXA_RENDA__RENDA_MEDIA + FAIXA_TAXA_REJEICAO__SEM_REJEICAO_PREVIA;POSSE_CARRO__COM_CARRO + FAIXA_CREDITOS_ATIVOS__TRES_OU_MAIS_CREDITOS_ATIVOS;2;2;4;0.010000;0.08;0.83;-0;0.98
1353;FAIXA_RENDA__RENDA_MUITO_ALTA + FAIXA_IDADE__IDADE_30_A_39;FAIXA_CREDITO__CREDITO_MEDIO + SITUACAO_FAMILIAR__CASADO_OU_UNIAO_CIVIL;2;2;4;0.010000;0.15;0.83;-0;0.96
1354;FAIXA_CREDITO__CREDITO_MEDIO + SITUACAO_FAMILIAR__CASADO_OU_UNIAO_CIVIL;FAIXA_RENDA__RENDA_MUITO_ALTA + FAIXA_IDADE__IDADE_30_A_39;2;2;4;0.010000;0.06;0.83;-0;0.99
1355;FAIXA_RENDA__RENDA_ALTA + POSSE_CARRO__COM_CARRO + SITUACAO_FAMILIAR__CASADO_OU_UNIAO_CIVIL;FAIXA_IDADE__IDADE_50_A_59 + FAIXA_TAXA_REJEICAO__SEM_REJEICAO_PREVIA;3;2;5;0.010000;0.12;0.83;-0;0.97
1356;FAIXA_IDADE__IDADE_50_A_59 + FAIXA_TAXA_REJEICAO__SEM_REJEICAO_PREVIA;FAIXA_RENDA__RENDA_ALTA + POSSE_CARRO__COM_CARRO + SITUACAO_FAMILIAR__CASADO_OU_UNIAO_CIVIL;2;3;5;0.010000;0.07;0.83;-0;0.98
1357;POSSE_CARRO__COM_CARRO;FAIXA_RENDA__RENDA_BAIXA + SITUACAO_FAMILIAR__CASADO_OU_UNIAO_CIVIL + FAIXA_TAXA_REJEICAO__REJEICAO_PREVIA_ACIMA_25_PCT;1;3;4;0.010000;0.03;0.83;-0;0.99
1358;FAIXA_RENDA__RENDA_BAIXA + SITUACAO_FAMILIAR__CASADO_OU_UNIAO_CIVIL + FAIXA_TAXA_REJEICAO__REJEICAO_PREVIA_ACIMA_25_PCT;POSSE_CARRO__COM_CARRO;3;1;4;0.010000;0.28;0.83;-0;0.92
1359;FAIXA_IDADE__IDADE_30_A_39;FAIXA_CREDITO__CREDITO_ALTO + POSSE_CARRO__SEM_CARRO + FAIXA_CREDITOS_ATIVOS__TRES_OU_MAIS_CREDITOS_ATIVOS;1;3;4;0.010000;0.04;0.83;-0;0.99
1360;FAIXA_CREDITO__CREDITO_ALTO + POSSE_CARRO__SEM_CARRO + FAIXA_CREDITOS_ATIVOS__TRES_OU_MAIS_CREDITOS_ATIVOS;FAIXA_IDADE__IDADE_30_A_39;3;1;4;0.010000;0.22;0.83;-0;0.94
1361;FAIXA_TAXA_REJEICAO__SEM_REJEICAO_PREVIA;FAIXA_CREDITO__CREDITO_BAIXO + FAIXA_RENDA__RENDA_MUITO_ALTA + SITUACAO_FAMILIAR__CASADO_OU_UNIAO_CIVIL;1;3;4;0.010000;0.01;0.83;-0;1
1362;FAIXA_CREDITO__CREDITO_BAIXO + FAIXA_RENDA__RENDA_MUITO_ALTA + SITUACAO_FAMILIAR__CASADO_OU_UNIAO_CIVIL;FAIXA_TAXA_REJEICAO__SEM_REJEICAO_PREVIA;3;1;4;0.010000;0.56;0.83;-0;0.72
1363;FAIXA_CREDITO__CREDITO_MUITO_ALTO + FAIXA_CREDITOS_ATIVOS__TRES_OU_MAIS_CREDITOS_ATIVOS;FAIXA_IDADE__IDADE_30_A_39 + POSSE_CARRO__SEM_CARRO;2;2;4;0.010000;0.13;0.82;-0;0.97
1364;FAIXA_IDADE__IDADE_30_A_39 + POSSE_CARRO__SEM_CARRO;FAIXA_CREDITO__CREDITO_MUITO_ALTO + FAIXA_CREDITOS_ATIVOS__TRES_OU_MAIS_CREDITOS_ATIVOS;2;2;4;0.010000;0.06;0.82;-0;0.99
1365;FAIXA_CREDITO__CREDITO_MUITO_ALTO + FAIXA_IDADE__IDADE_30_A_39 + CATEGORIA_FILHOS__SEM_FILHOS;POSSE_CARRO__SEM_CARRO + SITUACAO_FAMILIAR__CASADO_OU_UNIAO_CIVIL;3;2;5;0.010000;0.37;0.82;-0;0.87
1366;POSSE_CARRO__SEM_CARRO + SITUACAO_FAMILIAR__CASADO_OU_UNIAO_CIVIL;FAIXA_CREDITO__CREDITO_MUITO_ALTO + FAIXA_IDADE__IDADE_30_A_39 + CATEGORIA_FILHOS__SEM_FILHOS;2;3;5;0.010000;0.02;0.82;-0;0.99
1367;POSSE_CARRO__SEM_CARRO;FAIXA_CREDITO__CREDITO_ALTO + FAIXA_RENDA__RENDA_MUITO_ALTA + FAIXA_CREDITOS_ATIVOS__UM_A_DOIS_CREDITOS_ATIVOS + FAIXA_TAXA_REJEICAO__SEM_REJEICAO_PREVIA;1;4;5;0.010000;0.02;0.82;-0;1
1368;FAIXA_CREDITO__CREDITO_ALTO + FAIXA_RENDA__RENDA_MUITO_ALTA + FAIXA_CREDITOS_ATIVOS__UM_A_DOIS_CREDITOS_ATIVOS + FAIXA_TAXA_REJEICAO__SEM_REJEICAO_PREVIA;POSSE_CARRO__SEM_CARRO;4;1;5;0.010000;0.54;0.82;-0;0.73
1369;FAIXA_IDADE__IDADE_50_A_59 + CATEGORIA_FILHOS__SEM_FILHOS;FAIXA_CREDITO__CREDITO_BAIXO + FAIXA_RENDA__RENDA_BAIXA + FAIXA_CREDITOS_ATIVOS__UM_A_DOIS_CREDITOS_ATIVOS;2;3;5;0.010000;0.05;0.82;-0;0.99
1370;FAIXA_CREDITO__CREDITO_BAIXO + FAIXA_RENDA__RENDA_BAIXA + FAIXA_CREDITOS_ATIVOS__UM_A_DOIS_CREDITOS_ATIVOS;FAIXA_IDADE__IDADE_50_A_59 + CATEGORIA_FILHOS__SEM_FILHOS;3;2;5;0.010000;0.17;0.82;-0;0.95
1371;FAIXA_RENDA__RENDA_MUITO_ALTA;FAIXA_CREDITO__CREDITO_MEDIO + FAIXA_IDADE__IDADE_30_A_39 + SITUACAO_FAMILIAR__CASADO_OU_UNIAO_CIVIL;1;3;4;0.010000;0.04;0.82;-0;0.99
1372;FAIXA_CREDITO__CREDITO_MEDIO + FAIXA_IDADE__IDADE_30_A_39 + SITUACAO_FAMILIAR__CASADO_OU_UNIAO_CIVIL;FAIXA_RENDA__RENDA_MUITO_ALTA;3;1;4;0.010000;0.2;0.82;-0;0.94
1373;FAIXA_RENDA__RENDA_MUITO_ALTA;FAIXA_CREDITO__CREDITO_ALTO + POSSE_CARRO__SEM_CARRO + FAIXA_CREDITOS_ATIVOS__UM_A_DOIS_CREDITOS_ATIVOS + FAIXA_TAXA_REJEICAO__SEM_REJEICAO_PREVIA;1;4;5;0.010000;0.04;0.82;-0;0.99
1374;FAIXA_CREDITO__CREDITO_ALTO + POSSE_CARRO__SEM_CARRO + FAIXA_CREDITOS_ATIVOS__UM_A_DOIS_CREDITOS_ATIVOS + FAIXA_TAXA_REJEICAO__SEM_REJEICAO_PREVIA;FAIXA_RENDA__RENDA_MUITO_ALTA;4;1;5;0.010000;0.2;0.82;-0;0.94
1375;FAIXA_CREDITO__CREDITO_BAIXO + FAIXA_RENDA__RENDA_BAIXA + POSSE_CARRO__SEM_CARRO + SITUACAO_FAMILIAR__CASADO_OU_UNIAO_CIVIL + FAIXA_TAXA_REJEICAO__SEM_REJEICAO_PREVIA;FAIXA_IDADE__IDADE_40_A_49;5;1;6;0.010000;0.21;0.82;-0;0.94
1376;FAIXA_IDADE__IDADE_40_A_49;FAIXA_CREDITO__CREDITO_BAIXO + FAIXA_RENDA__RENDA_BAIXA + POSSE_CARRO__SEM_CARRO + SITUACAO_FAMILIAR__CASADO_OU_UNIAO_CIVIL + FAIXA_TAXA_REJEICAO__SEM_REJEICAO_PREVIA;1;5;6;0.010000;0.04;0.82;-0;0.99
1377;FAIXA_IDADE__IDADE_40_A_49 + CATEGORIA_FILHOS__SEM_FILHOS;FAIXA_RENDA__RENDA_BAIXA + POSSE_CARRO__SEM_CARRO + FAIXA_CREDITOS_ATIVOS__UM_A_DOIS_CREDITOS_ATIVOS + FAIXA_TAXA_REJEICAO__SEM_REJEICAO_PREVIA;2;4;6;0.010000;0.06;0.82;-0;0.98
1378;FAIXA_RENDA__RENDA_BAIXA + POSSE_CARRO__SEM_CARRO + FAIXA_CREDITOS_ATIVOS__UM_A_DOIS_CREDITOS_ATIVOS + FAIXA_TAXA_REJEICAO__SEM_REJEICAO_PREVIA;FAIXA_IDADE__IDADE_40_A_49 + CATEGORIA_FILHOS__SEM_FILHOS;4;2;6;0.010000;0.13;0.82;-0;0.97
1379;FAIXA_RENDA__RENDA_MUITO_ALTA + FAIXA_CREDITOS_ATIVOS__UM_A_DOIS_CREDITOS_ATIVOS;FAIXA_CREDITO__CREDITO_ALTO + POSSE_CARRO__SEM_CARRO + FAIXA_TAXA_REJEICAO__SEM_REJEICAO_PREVIA;2;3;5;0.010000;0.1;0.81;-0;0.98
1380;FAIXA_CREDITO__CREDITO_ALTO + POSSE_CARRO__SEM_CARRO + FAIXA_TAXA_REJEICAO__SEM_REJEICAO_PREVIA;FAIXA_RENDA__RENDA_MUITO_ALTA + FAIXA_CREDITOS_ATIVOS__UM_A_DOIS_CREDITOS_ATIVOS;3;2;5;0.010000;0.09;0.81;-0;0.98
1381;FAIXA_CREDITO__CREDITO_MUITO_ALTO;SITUACAO_FAMILIAR__SEPARADO_VIUVO_OU_NAO_INFORMADO + FAIXA_CREDITOS_ATIVOS__UM_A_DOIS_CREDITOS_ATIVOS;1;2;3;0.010000;0.04;0.81;-0;0.99
1382;SITUACAO_FAMILIAR__SEPARADO_VIUVO_OU_NAO_INFORMADO + FAIXA_CREDITOS_ATIVOS__UM_A_DOIS_CREDITOS_ATIVOS;FAIXA_CREDITO__CREDITO_MUITO_ALTO;2;1;3;0.010000;0.2;0.81;-0;0.94
1383;FAIXA_CREDITO__CREDITO_BAIXO;POSSE_CARRO__COM_CARRO + SITUACAO_FAMILIAR__CASADO_OU_UNIAO_CIVIL + FAIXA_TAXA_REJEICAO__REJEICAO_PREVIA_ACIMA_25_PCT;1;3;4;0.010000;0.04;0.81;-0;0.99
1384;POSSE_CARRO__COM_CARRO + SITUACAO_FAMILIAR__CASADO_OU_UNIAO_CIVIL + FAIXA_TAXA_REJEICAO__REJEICAO_PREVIA_ACIMA_25_PCT;FAIXA_CREDITO__CREDITO_BAIXO;3;1;4;0.010000;0.21;0.81;-0;0.94
1385;FAIXA_RENDA__RENDA_ALTA + FAIXA_IDADE__IDADE_30_A_39 + POSSE_CARRO__SEM_CARRO;FAIXA_CREDITOS_ATIVOS__SEM_CREDITOS_ATIVOS;3;1;4;0.010000;0.24;0.81;-0;0.92
1386;FAIXA_CREDITOS_ATIVOS__SEM_CREDITOS_ATIVOS;FAIXA_RENDA__RENDA_ALTA + FAIXA_IDADE__IDADE_30_A_39 + POSSE_CARRO__SEM_CARRO;1;3;4;0.010000;0.03;0.81;-0;0.99
1387;FAIXA_RENDA__RENDA_ALTA + FAIXA_IDADE__IDADE_30_A_39 + FAIXA_CREDITOS_ATIVOS__SEM_CREDITOS_ATIVOS;POSSE_CARRO__SEM_CARRO;3;1;4;0.010000;0.53;0.81;-0;0.72
1388;POSSE_CARRO__SEM_CARRO;FAIXA_RENDA__RENDA_ALTA + FAIXA_IDADE__IDADE_30_A_39 + FAIXA_CREDITOS_ATIVOS__SEM_CREDITOS_ATIVOS;1;3;4;0.010000;0.02;0.81;-0;1
1389;FAIXA_RENDA__RENDA_BAIXA;FAIXA_IDADE__IDADE_30_A_39 + SITUACAO_FAMILIAR__CASADO_OU_UNIAO_CIVIL + FAIXA_TAXA_REJEICAO__REJEICAO_PREVIA_ACIMA_25_PCT;1;3;4;0.010000;0.03;0.81;-0;0.99
1390;FAIXA_IDADE__IDADE_30_A_39 + SITUACAO_FAMILIAR__CASADO_OU_UNIAO_CIVIL + FAIXA_TAXA_REJEICAO__REJEICAO_PREVIA_ACIMA_25_PCT;FAIXA_RENDA__RENDA_BAIXA;3;1;4;0.010000;0.27;0.81;-0;0.91
1391;FAIXA_CREDITO__CREDITO_MEDIO + FAIXA_CREDITOS_ATIVOS__UM_A_DOIS_CREDITOS_ATIVOS;FAIXA_RENDA__RENDA_MUITO_ALTA + POSSE_CARRO__COM_CARRO;2;2;4;0.010000;0.09;0.81;-0;0.97
1392;FAIXA_RENDA__RENDA_MUITO_ALTA + POSSE_CARRO__COM_CARRO;FAIXA_CREDITO__CREDITO_MEDIO + FAIXA_CREDITOS_ATIVOS__UM_A_DOIS_CREDITOS_ATIVOS;2;2;4;0.010000;0.09;0.81;-0;0.98
1393;POSSE_CARRO__SEM_CARRO;FAIXA_CREDITO__CREDITO_MUITO_ALTO + FAIXA_IDADE__IDADE_30_A_39 + FAIXA_CREDITOS_ATIVOS__TRES_OU_MAIS_CREDITOS_ATIVOS;1;3;4;0.010000;0.02;0.81;-0;1
1394;FAIXA_CREDITO__CREDITO_MUITO_ALTO + FAIXA_IDADE__IDADE_30_A_39 + FAIXA_CREDITOS_ATIVOS__TRES_OU_MAIS_CREDITOS_ATIVOS;POSSE_CARRO__SEM_CARRO;3;1;4;0.010000;0.53;0.81;-0;0.72
1395;FAIXA_CREDITO__CREDITO_BAIXO + FAIXA_TAXA_REJEICAO__REJEICAO_PREVIA_ACIMA_25_PCT;POSSE_CARRO__COM_CARRO + SITUACAO_FAMILIAR__CASADO_OU_UNIAO_CIVIL;2;2;4;0.010000;0.22;0.8;-0;0.93
1396;POSSE_CARRO__COM_CARRO + SITUACAO_FAMILIAR__CASADO_OU_UNIAO_CIVIL;FAIXA_CREDITO__CREDITO_BAIXO + FAIXA_TAXA_REJEICAO__REJEICAO_PREVIA_ACIMA_25_PCT;2;2;4;0.010000;0.04;0.8;-0;0.99
1397;FAIXA_IDADE__IDADE_30_A_39 + FAIXA_CREDITOS_ATIVOS__TRES_OU_MAIS_CREDITOS_ATIVOS;FAIXA_CREDITO__CREDITO_ALTO + POSSE_CARRO__SEM_CARRO;2;2;4;0.010000;0.13;0.8;-0;0.96
1398;FAIXA_CREDITO__CREDITO_ALTO + POSSE_CARRO__SEM_CARRO;FAIXA_IDADE__IDADE_30_A_39 + FAIXA_CREDITOS_ATIVOS__TRES_OU_MAIS_CREDITOS_ATIVOS;2;2;4;0.010000;0.06;0.8;-0;0.98
1399;FAIXA_CREDITO__CREDITO_ALTO + FAIXA_RENDA__RENDA_MUITO_ALTA + FAIXA_CREDITOS_ATIVOS__UM_A_DOIS_CREDITOS_ATIVOS;POSSE_CARRO__SEM_CARRO + FAIXA_TAXA_REJEICAO__SEM_REJEICAO_PREVIA;3;2;5;0.010000;0.36;0.8;-0;0.85
1400;POSSE_CARRO__SEM_CARRO + FAIXA_TAXA_REJEICAO__SEM_REJEICAO_PREVIA;FAIXA_CREDITO__CREDITO_ALTO + FAIXA_RENDA__RENDA_MUITO_ALTA + FAIXA_CREDITOS_ATIVOS__UM_A_DOIS_CREDITOS_ATIVOS;2;3;5;0.010000;0.02;0.8;-0;0.99
1401;FAIXA_RENDA__RENDA_BAIXA + POSSE_CARRO__SEM_CARRO + FAIXA_TAXA_REJEICAO__SEM_REJEICAO_PREVIA;FAIXA_IDADE__IDADE_40_A_49 + CATEGORIA_FILHOS__SEM_FILHOS + FAIXA_CREDITOS_ATIVOS__UM_A_DOIS_CREDITOS_ATIVOS;3;3;6;0.010000;0.05;0.79;-0;0.98
1402;FAIXA_IDADE__IDADE_40_A_49 + CATEGORIA_FILHOS__SEM_FILHOS + FAIXA_CREDITOS_ATIVOS__UM_A_DOIS_CREDITOS_ATIVOS;FAIXA_RENDA__RENDA_BAIXA + POSSE_CARRO__SEM_CARRO + FAIXA_TAXA_REJEICAO__SEM_REJEICAO_PREVIA;3;3;6;0.010000;0.14;0.79;-0;0.95
1403;SITUACAO_FAMILIAR__SEPARADO_VIUVO_OU_NAO_INFORMADO;FAIXA_CREDITO__CREDITO_MUITO_ALTO + FAIXA_CREDITOS_ATIVOS__UM_A_DOIS_CREDITOS_ATIVOS;1;2;3;0.010000;0.08;0.79;-0;0.97
1404;FAIXA_CREDITO__CREDITO_MUITO_ALTO + FAIXA_CREDITOS_ATIVOS__UM_A_DOIS_CREDITOS_ATIVOS;SITUACAO_FAMILIAR__SEPARADO_VIUVO_OU_NAO_INFORMADO;2;1;3;0.010000;0.09;0.79;-0;0.97
1405;FAIXA_CREDITO__CREDITO_ALTO + FAIXA_RENDA__RENDA_MUITO_ALTA;POSSE_CARRO__SEM_CARRO + FAIXA_CREDITOS_ATIVOS__UM_A_DOIS_CREDITOS_ATIVOS + FAIXA_TAXA_REJEICAO__SEM_REJEICAO_PREVIA;2;3;5;0.010000;0.16;0.78;-0;0.95
1406;POSSE_CARRO__SEM_CARRO + FAIXA_CREDITOS_ATIVOS__UM_A_DOIS_CREDITOS_ATIVOS + FAIXA_TAXA_REJEICAO__SEM_REJEICAO_PREVIA;FAIXA_CREDITO__CREDITO_ALTO + FAIXA_RENDA__RENDA_MUITO_ALTA;3;2;5;0.010000;0.05;0.78;-0;0.98
1407;FAIXA_CREDITO__CREDITO_MEDIO;FAIXA_RENDA__RENDA_MUITO_ALTA + FAIXA_IDADE__IDADE_30_A_39 + SITUACAO_FAMILIAR__CASADO_OU_UNIAO_CIVIL;1;3;4;0.010000;0.04;0.78;-0;0.99
1408;FAIXA_CREDITO__CREDITO_MEDIO;FAIXA_RENDA__RENDA_MUITO_ALTA + POSSE_CARRO__COM_CARRO + FAIXA_CREDITOS_ATIVOS__UM_A_DOIS_CREDITOS_ATIVOS;1;3;4;0.010000;0.04;0.78;-0;0.99
1409;FAIXA_RENDA__RENDA_MUITO_ALTA + FAIXA_IDADE__IDADE_30_A_39 + SITUACAO_FAMILIAR__CASADO_OU_UNIAO_CIVIL;FAIXA_CREDITO__CREDITO_MEDIO;3;1;4;0.010000;0.19;0.78;-0;0.93
1410;FAIXA_RENDA__RENDA_MUITO_ALTA + POSSE_CARRO__COM_CARRO + FAIXA_CREDITOS_ATIVOS__UM_A_DOIS_CREDITOS_ATIVOS;FAIXA_CREDITO__CREDITO_MEDIO;3;1;4;0.010000;0.19;0.78;-0;0.93
1411;FAIXA_CREDITOS_ATIVOS__TRES_OU_MAIS_CREDITOS_ATIVOS;FAIXA_CREDITO__CREDITO_BAIXO + POSSE_CARRO__COM_CARRO + FAIXA_TAXA_REJEICAO__SEM_REJEICAO_PREVIA;1;3;4;0.010000;0.04;0.78;-0;0.99
1412;FAIXA_CREDITO__CREDITO_BAIXO + POSSE_CARRO__COM_CARRO + FAIXA_TAXA_REJEICAO__SEM_REJEICAO_PREVIA;FAIXA_CREDITOS_ATIVOS__TRES_OU_MAIS_CREDITOS_ATIVOS;3;1;4;0.010000;0.21;0.78;-0;0.92
1413;FAIXA_RENDA__RENDA_BAIXA + FAIXA_IDADE__IDADE_60_OU_MAIS + CATEGORIA_FILHOS__SEM_FILHOS + POSSE_CARRO__SEM_CARRO;SITUACAO_FAMILIAR__CASADO_OU_UNIAO_CIVIL + FAIXA_CREDITOS_ATIVOS__UM_A_DOIS_CREDITOS_ATIVOS + FAIXA_TAXA_REJEICAO__SEM_REJEICAO_PREVIA;4;3;7;0.010000;0.17;0.78;-0;0.94
1414;SITUACAO_FAMILIAR__CASADO_OU_UNIAO_CIVIL + FAIXA_CREDITOS_ATIVOS__UM_A_DOIS_CREDITOS_ATIVOS + FAIXA_TAXA_REJEICAO__SEM_REJEICAO_PREVIA;FAIXA_RENDA__RENDA_BAIXA + FAIXA_IDADE__IDADE_60_OU_MAIS + CATEGORIA_FILHOS__SEM_FILHOS + POSSE_CARRO__SEM_CARRO;3;4;7;0.010000;0.05;0.78;-0;0.99
1415;FAIXA_CREDITO__CREDITO_ALTO + FAIXA_IDADE__IDADE_30_A_39 + FAIXA_CREDITOS_ATIVOS__TRES_OU_MAIS_CREDITOS_ATIVOS;POSSE_CARRO__SEM_CARRO;3;1;4;0.010000;0.51;0.77;-0;0.69
1416;POSSE_CARRO__SEM_CARRO;FAIXA_CREDITO__CREDITO_ALTO + FAIXA_IDADE__IDADE_30_A_39 + FAIXA_CREDITOS_ATIVOS__TRES_OU_MAIS_CREDITOS_ATIVOS;1;3;4;0.010000;0.02;0.77;-0;1
1417;FAIXA_RENDA__RENDA_BAIXA + FAIXA_IDADE__IDADE_60_OU_MAIS + POSSE_CARRO__SEM_CARRO;SITUACAO_FAMILIAR__CASADO_OU_UNIAO_CIVIL + FAIXA_CREDITOS_ATIVOS__UM_A_DOIS_CREDITOS_ATIVOS + FAIXA_TAXA_REJEICAO__SEM_REJEICAO_PREVIA;3;3;6;0.010000;0.17;0.77;-0;0.94
1418;SITUACAO_FAMILIAR__CASADO_OU_UNIAO_CIVIL + FAIXA_CREDITOS_ATIVOS__UM_A_DOIS_CREDITOS_ATIVOS + FAIXA_TAXA_REJEICAO__SEM_REJEICAO_PREVIA;FAIXA_RENDA__RENDA_BAIXA + FAIXA_IDADE__IDADE_60_OU_MAIS + POSSE_CARRO__SEM_CARRO;3;3;6;0.010000;0.05;0.77;-0;0.99
1419;FAIXA_CREDITO__CREDITO_BAIXO + FAIXA_CREDITOS_ATIVOS__TRES_OU_MAIS_CREDITOS_ATIVOS;POSSE_CARRO__COM_CARRO + FAIXA_TAXA_REJEICAO__SEM_REJEICAO_PREVIA;2;2;4;0.010000;0.18;0.77;-0;0.93
1420;POSSE_CARRO__COM_CARRO + FAIXA_TAXA_REJEICAO__SEM_REJEICAO_PREVIA;FAIXA_CREDITO__CREDITO_BAIXO + FAIXA_CREDITOS_ATIVOS__TRES_OU_MAIS_CREDITOS_ATIVOS;2;2;4;0.010000;0.04;0.77;-0;0.99
1421;CATEGORIA_FILHOS__UM_FILHO + POSSE_CARRO__COM_CARRO + FAIXA_TAXA_REJEICAO__SEM_REJEICAO_PREVIA;FAIXA_RENDA__RENDA_BAIXA + SITUACAO_FAMILIAR__CASADO_OU_UNIAO_CIVIL;3;2;5;0.010000;0.18;0.77;-0;0.93
1422;FAIXA_RENDA__RENDA_BAIXA + SITUACAO_FAMILIAR__CASADO_OU_UNIAO_CIVIL;CATEGORIA_FILHOS__UM_FILHO + POSSE_CARRO__COM_CARRO + FAIXA_TAXA_REJEICAO__SEM_REJEICAO_PREVIA;2;3;5;0.010000;0.04;0.77;-0;0.99
1423;FAIXA_CREDITO__CREDITO_MUITO_ALTO + FAIXA_IDADE__IDADE_30_A_39 + CATEGORIA_FILHOS__SEM_FILHOS + SITUACAO_FAMILIAR__CASADO_OU_UNIAO_CIVIL;POSSE_CARRO__SEM_CARRO;4;1;5;0.010000;0.51;0.76;-0;0.68
1424;POSSE_CARRO__SEM_CARRO;FAIXA_CREDITO__CREDITO_MUITO_ALTO + FAIXA_IDADE__IDADE_30_A_39 + CATEGORIA_FILHOS__SEM_FILHOS + SITUACAO_FAMILIAR__CASADO_OU_UNIAO_CIVIL;1;4;5;0.010000;0.02;0.76;-0;1
1425;FAIXA_RENDA__RENDA_BAIXA + FAIXA_IDADE__IDADE_60_OU_MAIS + CATEGORIA_FILHOS__SEM_FILHOS + POSSE_CARRO__SEM_CARRO + FAIXA_CREDITOS_ATIVOS__UM_A_DOIS_CREDITOS_ATIVOS + FAIXA_TAXA_REJEICAO__SEM_REJEICAO_PREVIA;SITUACAO_FAMILIAR__CASADO_OU_UNIAO_CIVIL;6;1;7;0.010000;0.55;0.76;-0;0.6
1426;SITUACAO_FAMILIAR__CASADO_OU_UNIAO_CIVIL;FAIXA_RENDA__RENDA_BAIXA + FAIXA_IDADE__IDADE_60_OU_MAIS + CATEGORIA_FILHOS__SEM_FILHOS + POSSE_CARRO__SEM_CARRO + FAIXA_CREDITOS_ATIVOS__UM_A_DOIS_CREDITOS_ATIVOS + FAIXA_TAXA_REJEICAO__SEM_REJEICAO_PREVIA;1;6;7;0.010000;0.01;0.76;-0;1
1427;FAIXA_IDADE__IDADE_30_A_39 + CATEGORIA_FILHOS__SEM_FILHOS;FAIXA_CREDITO__CREDITO_MUITO_ALTO + POSSE_CARRO__SEM_CARRO + SITUACAO_FAMILIAR__CASADO_OU_UNIAO_CIVIL;2;3;5;0.010000;0.09;0.76;-0;0.97
1428;FAIXA_CREDITO__CREDITO_MUITO_ALTO + POSSE_CARRO__SEM_CARRO + SITUACAO_FAMILIAR__CASADO_OU_UNIAO_CIVIL;FAIXA_IDADE__IDADE_30_A_39 + CATEGORIA_FILHOS__SEM_FILHOS;3;2;5;0.010000;0.09;0.76;-0;0.97
1429;SITUACAO_FAMILIAR__CASADO_OU_UNIAO_CIVIL;FAIXA_RENDA__RENDA_BAIXA + FAIXA_IDADE__IDADE_60_OU_MAIS + POSSE_CARRO__SEM_CARRO + FAIXA_CREDITOS_ATIVOS__UM_A_DOIS_CREDITOS_ATIVOS + FAIXA_TAXA_REJEICAO__SEM_REJEICAO_PREVIA;1;5;6;0.010000;0.01;0.75;-0;1
1430;FAIXA_RENDA__RENDA_BAIXA + FAIXA_IDADE__IDADE_60_OU_MAIS + POSSE_CARRO__SEM_CARRO + FAIXA_CREDITOS_ATIVOS__UM_A_DOIS_CREDITOS_ATIVOS + FAIXA_TAXA_REJEICAO__SEM_REJEICAO_PREVIA;SITUACAO_FAMILIAR__CASADO_OU_UNIAO_CIVIL;5;1;6;0.010000;0.55;0.75;-0;0.59
1431;FAIXA_RENDA__RENDA_BAIXA + CATEGORIA_FILHOS__SEM_FILHOS + POSSE_CARRO__SEM_CARRO + FAIXA_CREDITOS_ATIVOS__UM_A_DOIS_CREDITOS_ATIVOS;FAIXA_IDADE__IDADE_40_A_49 + FAIXA_TAXA_REJEICAO__SEM_REJEICAO_PREVIA;4;2;6;0.010000;0.13;0.75;-0;0.95
1432;FAIXA_IDADE__IDADE_40_A_49 + FAIXA_TAXA_REJEICAO__SEM_REJEICAO_PREVIA;FAIXA_RENDA__RENDA_BAIXA + CATEGORIA_FILHOS__SEM_FILHOS + POSSE_CARRO__SEM_CARRO + FAIXA_CREDITOS_ATIVOS__UM_A_DOIS_CREDITOS_ATIVOS;2;4;6;0.010000;0.06;0.75;-0;0.98
1433;FAIXA_CREDITO__CREDITO_BAIXO + FAIXA_RENDA__RENDA_MUITO_ALTA;SITUACAO_FAMILIAR__CASADO_OU_UNIAO_CIVIL + FAIXA_TAXA_REJEICAO__SEM_REJEICAO_PREVIA;2;2;4;0.010000;0.37;0.75;-0;0.8
1434;SITUACAO_FAMILIAR__CASADO_OU_UNIAO_CIVIL + FAIXA_TAXA_REJEICAO__SEM_REJEICAO_PREVIA;FAIXA_CREDITO__CREDITO_BAIXO + FAIXA_RENDA__RENDA_MUITO_ALTA;2;2;4;0.010000;0.02;0.75;-0;0.99
1435;FAIXA_IDADE__IDADE_30_A_39 + CATEGORIA_FILHOS__DOIS_OU_MAIS_FILHOS;POSSE_CARRO__SEM_CARRO + FAIXA_CREDITOS_ATIVOS__SEM_CREDITOS_ATIVOS;2;2;4;0.010000;0.15;0.74;-0;0.94
1436;POSSE_CARRO__SEM_CARRO + FAIXA_CREDITOS_ATIVOS__SEM_CREDITOS_ATIVOS;FAIXA_IDADE__IDADE_30_A_39 + CATEGORIA_FILHOS__DOIS_OU_MAIS_FILHOS;2;2;4;0.010000;0.05;0.74;-0;0.98
1437;POSSE_CARRO__COM_CARRO;FAIXA_CREDITO__CREDITO_MEDIO + SITUACAO_FAMILIAR__SOLTEIRO;1;2;3;0.010000;0.03;0.74;-0;0.99
1438;FAIXA_CREDITO__CREDITO_MEDIO + SITUACAO_FAMILIAR__SOLTEIRO;POSSE_CARRO__COM_CARRO;2;1;3;0.010000;0.25;0.74;-0;0.88
1439;CATEGORIA_FILHOS__UM_FILHO + POSSE_CARRO__COM_CARRO;FAIXA_RENDA__RENDA_BAIXA + SITUACAO_FAMILIAR__CASADO_OU_UNIAO_CIVIL + FAIXA_TAXA_REJEICAO__SEM_REJEICAO_PREVIA;2;3;5;0.010000;0.12;0.74;-0;0.95
1440;FAIXA_RENDA__RENDA_BAIXA + SITUACAO_FAMILIAR__CASADO_OU_UNIAO_CIVIL + FAIXA_TAXA_REJEICAO__SEM_REJEICAO_PREVIA;CATEGORIA_FILHOS__UM_FILHO + POSSE_CARRO__COM_CARRO;3;2;5;0.010000;0.06;0.74;-0;0.98
1441;FAIXA_RENDA__RENDA_BAIXA + SITUACAO_FAMILIAR__CASADO_OU_UNIAO_CIVIL;POSSE_CARRO__COM_CARRO + FAIXA_TAXA_REJEICAO__REJEICAO_PREVIA_ACIMA_25_PCT;2;2;4;0.010000;0.04;0.73;-0;0.98
1442;POSSE_CARRO__COM_CARRO + FAIXA_TAXA_REJEICAO__REJEICAO_PREVIA_ACIMA_25_PCT;FAIXA_RENDA__RENDA_BAIXA + SITUACAO_FAMILIAR__CASADO_OU_UNIAO_CIVIL;2;2;4;0.010000;0.17;0.73;-0;0.92
1443;SITUACAO_FAMILIAR__CASADO_OU_UNIAO_CIVIL + FAIXA_CREDITOS_ATIVOS__UM_A_DOIS_CREDITOS_ATIVOS;FAIXA_RENDA__RENDA_BAIXA + FAIXA_IDADE__IDADE_60_OU_MAIS + CATEGORIA_FILHOS__SEM_FILHOS + POSSE_CARRO__SEM_CARRO + FAIXA_TAXA_REJEICAO__SEM_REJEICAO_PREVIA;2;5;7;0.010000;0.03;0.73;-0;0.99
1444;FAIXA_RENDA__RENDA_BAIXA + FAIXA_IDADE__IDADE_60_OU_MAIS + CATEGORIA_FILHOS__SEM_FILHOS + POSSE_CARRO__SEM_CARRO + FAIXA_TAXA_REJEICAO__SEM_REJEICAO_PREVIA;SITUACAO_FAMILIAR__CASADO_OU_UNIAO_CIVIL + FAIXA_CREDITOS_ATIVOS__UM_A_DOIS_CREDITOS_ATIVOS;5;2;7;0.010000;0.23;0.73;-0;0.88
1445;SITUACAO_FAMILIAR__CASADO_OU_UNIAO_CIVIL + FAIXA_CREDITOS_ATIVOS__UM_A_DOIS_CREDITOS_ATIVOS;FAIXA_RENDA__RENDA_BAIXA + FAIXA_IDADE__IDADE_60_OU_MAIS + POSSE_CARRO__SEM_CARRO + FAIXA_TAXA_REJEICAO__SEM_REJEICAO_PREVIA;2;4;6;0.010000;0.03;0.72;-0;0.99
1446;FAIXA_RENDA__RENDA_BAIXA + FAIXA_IDADE__IDADE_60_OU_MAIS + POSSE_CARRO__SEM_CARRO + FAIXA_TAXA_REJEICAO__SEM_REJEICAO_PREVIA;SITUACAO_FAMILIAR__CASADO_OU_UNIAO_CIVIL + FAIXA_CREDITOS_ATIVOS__UM_A_DOIS_CREDITOS_ATIVOS;4;2;6;0.010000;0.23;0.72;-0;0.88
1447;SITUACAO_FAMILIAR__CASADO_OU_UNIAO_CIVIL + FAIXA_TAXA_REJEICAO__REJEICAO_PREVIA_ATE_25_PCT;FAIXA_IDADE__IDADE_21_A_29;2;1;3;0.010000;0.09;0.72;-0;0.96
1448;FAIXA_IDADE__IDADE_21_A_29;SITUACAO_FAMILIAR__CASADO_OU_UNIAO_CIVIL + FAIXA_TAXA_REJEICAO__REJEICAO_PREVIA_ATE_25_PCT;1;2;3;0.010000;0.08;0.72;-0;0.96
1449;FAIXA_RENDA__RENDA_BAIXA + CATEGORIA_FILHOS__SEM_FILHOS + POSSE_CARRO__SEM_CARRO;FAIXA_IDADE__IDADE_40_A_49 + FAIXA_CREDITOS_ATIVOS__UM_A_DOIS_CREDITOS_ATIVOS + FAIXA_TAXA_REJEICAO__SEM_REJEICAO_PREVIA;3;3;6;0.010000;0.05;0.71;-0;0.98
1450;FAIXA_IDADE__IDADE_40_A_49 + FAIXA_CREDITOS_ATIVOS__UM_A_DOIS_CREDITOS_ATIVOS + FAIXA_TAXA_REJEICAO__SEM_REJEICAO_PREVIA;FAIXA_RENDA__RENDA_BAIXA + CATEGORIA_FILHOS__SEM_FILHOS + POSSE_CARRO__SEM_CARRO;3;3;6;0.010000;0.13;0.71;-0;0.94
1451;FAIXA_RENDA__RENDA_BAIXA + FAIXA_IDADE__IDADE_30_A_39 + FAIXA_TAXA_REJEICAO__SEM_REJEICAO_PREVIA;FAIXA_CREDITOS_ATIVOS__TRES_OU_MAIS_CREDITOS_ATIVOS;3;1;4;0.010000;0.19;0.71;-0;0.9
1452;FAIXA_CREDITOS_ATIVOS__TRES_OU_MAIS_CREDITOS_ATIVOS;FAIXA_RENDA__RENDA_BAIXA + FAIXA_IDADE__IDADE_30_A_39 + FAIXA_TAXA_REJEICAO__SEM_REJEICAO_PREVIA;1;3;4;0.010000;0.04;0.71;-0;0.98
1453;POSSE_CARRO__COM_CARRO + SITUACAO_FAMILIAR__CASADO_OU_UNIAO_CIVIL;FAIXA_RENDA__RENDA_BAIXA + FAIXA_TAXA_REJEICAO__REJEICAO_PREVIA_ACIMA_25_PCT;2;2;4;0.010000;0.04;0.71;-0;0.98
1454;FAIXA_RENDA__RENDA_BAIXA + FAIXA_TAXA_REJEICAO__REJEICAO_PREVIA_ACIMA_25_PCT;POSSE_CARRO__COM_CARRO + SITUACAO_FAMILIAR__CASADO_OU_UNIAO_CIVIL;2;2;4;0.010000;0.2;0.71;-0;0.9
1455;FAIXA_CREDITO__CREDITO_BAIXO + FAIXA_RENDA__RENDA_BAIXA + POSSE_CARRO__SEM_CARRO;FAIXA_IDADE__IDADE_40_A_49 + SITUACAO_FAMILIAR__CASADO_OU_UNIAO_CIVIL + FAIXA_TAXA_REJEICAO__SEM_REJEICAO_PREVIA;3;3;6;0.010000;0.09;0.69;-0;0.95
1456;FAIXA_IDADE__IDADE_40_A_49 + SITUACAO_FAMILIAR__CASADO_OU_UNIAO_CIVIL + FAIXA_TAXA_REJEICAO__SEM_REJEICAO_PREVIA;FAIXA_CREDITO__CREDITO_BAIXO + FAIXA_RENDA__RENDA_BAIXA + POSSE_CARRO__SEM_CARRO;3;3;6;0.010000;0.07;0.69;-0;0.96
1457;FAIXA_IDADE__IDADE_40_A_49;FAIXA_RENDA__RENDA_BAIXA + CATEGORIA_FILHOS__SEM_FILHOS + POSSE_CARRO__SEM_CARRO + FAIXA_CREDITOS_ATIVOS__UM_A_DOIS_CREDITOS_ATIVOS + FAIXA_TAXA_REJEICAO__SEM_REJEICAO_PREVIA;1;5;6;0.010000;0.04;0.68;-0;0.98
1458;FAIXA_RENDA__RENDA_BAIXA + CATEGORIA_FILHOS__SEM_FILHOS + POSSE_CARRO__SEM_CARRO + FAIXA_CREDITOS_ATIVOS__UM_A_DOIS_CREDITOS_ATIVOS + FAIXA_TAXA_REJEICAO__SEM_REJEICAO_PREVIA;FAIXA_IDADE__IDADE_40_A_49;5;1;6;0.010000;0.17;0.68;-0;0.9
1459;FAIXA_IDADE__IDADE_30_A_39 + CATEGORIA_FILHOS__SEM_FILHOS + POSSE_CARRO__SEM_CARRO;FAIXA_CREDITO__CREDITO_MUITO_ALTO + SITUACAO_FAMILIAR__CASADO_OU_UNIAO_CIVIL;3;2;5;0.010000;0.14;0.68;-0;0.92
1460;FAIXA_CREDITO__CREDITO_MUITO_ALTO + SITUACAO_FAMILIAR__CASADO_OU_UNIAO_CIVIL;FAIXA_IDADE__IDADE_30_A_39 + CATEGORIA_FILHOS__SEM_FILHOS + POSSE_CARRO__SEM_CARRO;2;3;5;0.010000;0.05;0.68;-0;0.98
1461;FAIXA_RENDA__RENDA_BAIXA;FAIXA_IDADE__IDADE_30_A_39 + FAIXA_CREDITOS_ATIVOS__TRES_OU_MAIS_CREDITOS_ATIVOS + FAIXA_TAXA_REJEICAO__SEM_REJEICAO_PREVIA;1;3;4;0.010000;0.03;0.68;-0;0.99
1462;FAIXA_IDADE__IDADE_30_A_39 + FAIXA_CREDITOS_ATIVOS__TRES_OU_MAIS_CREDITOS_ATIVOS + FAIXA_TAXA_REJEICAO__SEM_REJEICAO_PREVIA;FAIXA_RENDA__RENDA_BAIXA;3;1;4;0.010000;0.22;0.68;-0;0.86
1463;POSSE_CARRO__SEM_CARRO + FAIXA_CREDITOS_ATIVOS__SEM_CREDITOS_ATIVOS;FAIXA_RENDA__RENDA_ALTA + FAIXA_IDADE__IDADE_30_A_39;2;2;4;0.010000;0.05;0.68;-0;0.98
1464;FAIXA_RENDA__RENDA_ALTA + FAIXA_IDADE__IDADE_30_A_39;POSSE_CARRO__SEM_CARRO + FAIXA_CREDITOS_ATIVOS__SEM_CREDITOS_ATIVOS;2;2;4;0.010000;0.14;0.68;-0;0.92
1465;FAIXA_CREDITO__CREDITO_BAIXO;POSSE_CARRO__COM_CARRO + FAIXA_CREDITOS_ATIVOS__TRES_OU_MAIS_CREDITOS_ATIVOS + FAIXA_TAXA_REJEICAO__SEM_REJEICAO_PREVIA;1;3;4;0.010000;0.04;0.68;-0;0.98
1466;POSSE_CARRO__COM_CARRO + FAIXA_CREDITOS_ATIVOS__TRES_OU_MAIS_CREDITOS_ATIVOS + FAIXA_TAXA_REJEICAO__SEM_REJEICAO_PREVIA;FAIXA_CREDITO__CREDITO_BAIXO;3;1;4;0.010000;0.17;0.68;-0;0.9
1467;FAIXA_IDADE__IDADE_40_A_49 + FAIXA_CREDITOS_ATIVOS__UM_A_DOIS_CREDITOS_ATIVOS;FAIXA_RENDA__RENDA_BAIXA + CATEGORIA_FILHOS__SEM_FILHOS + POSSE_CARRO__SEM_CARRO + FAIXA_TAXA_REJEICAO__SEM_REJEICAO_PREVIA;2;4;6;0.010000;0.09;0.66;-0.01;0.95
1468;FAIXA_RENDA__RENDA_BAIXA + CATEGORIA_FILHOS__SEM_FILHOS + POSSE_CARRO__SEM_CARRO + FAIXA_TAXA_REJEICAO__SEM_REJEICAO_PREVIA;FAIXA_IDADE__IDADE_40_A_49 + FAIXA_CREDITOS_ATIVOS__UM_A_DOIS_CREDITOS_ATIVOS;4;2;6;0.010000;0.07;0.66;-0.01;0.96
1469;FAIXA_IDADE__IDADE_40_A_49 + SITUACAO_FAMILIAR__CASADO_OU_UNIAO_CIVIL;FAIXA_CREDITO__CREDITO_BAIXO + FAIXA_RENDA__RENDA_BAIXA + POSSE_CARRO__SEM_CARRO + FAIXA_TAXA_REJEICAO__SEM_REJEICAO_PREVIA;2;4;6;0.010000;0.05;0.66;-0.01;0.97
1470;FAIXA_CREDITO__CREDITO_BAIXO + FAIXA_RENDA__RENDA_BAIXA + POSSE_CARRO__SEM_CARRO + FAIXA_TAXA_REJEICAO__SEM_REJEICAO_PREVIA;FAIXA_IDADE__IDADE_40_A_49 + SITUACAO_FAMILIAR__CASADO_OU_UNIAO_CIVIL;4;2;6;0.010000;0.13;0.66;-0.01;0.92
1471;FAIXA_RENDA__RENDA_BAIXA;POSSE_CARRO__COM_CARRO + SITUACAO_FAMILIAR__CASADO_OU_UNIAO_CIVIL + FAIXA_TAXA_REJEICAO__REJEICAO_PREVIA_ACIMA_25_PCT;1;3;4;0.010000;0.03;0.63;-0.01;0.98
1472;POSSE_CARRO__COM_CARRO + SITUACAO_FAMILIAR__CASADO_OU_UNIAO_CIVIL + FAIXA_TAXA_REJEICAO__REJEICAO_PREVIA_ACIMA_25_PCT;FAIXA_RENDA__RENDA_BAIXA;3;1;4;0.010000;0.21;0.63;-0.01;0.85
1473;FAIXA_RENDA__RENDA_BAIXA;CATEGORIA_FILHOS__UM_FILHO + POSSE_CARRO__COM_CARRO + SITUACAO_FAMILIAR__CASADO_OU_UNIAO_CIVIL + FAIXA_TAXA_REJEICAO__SEM_REJEICAO_PREVIA;1;4;5;0.010000;0.03;0.63;-0.01;0.98
1474;CATEGORIA_FILHOS__UM_FILHO + POSSE_CARRO__COM_CARRO + SITUACAO_FAMILIAR__CASADO_OU_UNIAO_CIVIL + FAIXA_TAXA_REJEICAO__SEM_REJEICAO_PREVIA;FAIXA_RENDA__RENDA_BAIXA;4;1;5;0.010000;0.21;0.63;-0.01;0.84
1475;FAIXA_CREDITO__CREDITO_MUITO_ALTO + FAIXA_IDADE__IDADE_30_A_39 + POSSE_CARRO__SEM_CARRO;CATEGORIA_FILHOS__SEM_FILHOS + SITUACAO_FAMILIAR__CASADO_OU_UNIAO_CIVIL;3;2;5;0.010000;0.29;0.61;-0.01;0.74
1476;CATEGORIA_FILHOS__SEM_FILHOS + SITUACAO_FAMILIAR__CASADO_OU_UNIAO_CIVIL;FAIXA_CREDITO__CREDITO_MUITO_ALTO + FAIXA_IDADE__IDADE_30_A_39 + POSSE_CARRO__SEM_CARRO;2;3;5;0.010000;0.02;0.61;-0.01;0.99
1477;CATEGORIA_FILHOS__UM_FILHO + POSSE_CARRO__COM_CARRO + SITUACAO_FAMILIAR__CASADO_OU_UNIAO_CIVIL;FAIXA_RENDA__RENDA_BAIXA + FAIXA_TAXA_REJEICAO__SEM_REJEICAO_PREVIA;3;2;5;0.010000;0.14;0.6;-0.01;0.89
1478;FAIXA_RENDA__RENDA_BAIXA + FAIXA_TAXA_REJEICAO__SEM_REJEICAO_PREVIA;CATEGORIA_FILHOS__UM_FILHO + POSSE_CARRO__COM_CARRO + SITUACAO_FAMILIAR__CASADO_OU_UNIAO_CIVIL;2;3;5;0.010000;0.04;0.6;-0.01;0.97
1479;POSSE_CARRO__COM_CARRO + FAIXA_CREDITOS_ATIVOS__TRES_OU_MAIS_CREDITOS_ATIVOS;FAIXA_CREDITO__CREDITO_BAIXO + FAIXA_TAXA_REJEICAO__SEM_REJEICAO_PREVIA;2;2;4;0.010000;0.1;0.58;-0.01;0.92
1480;FAIXA_CREDITO__CREDITO_BAIXO + FAIXA_TAXA_REJEICAO__SEM_REJEICAO_PREVIA;POSSE_CARRO__COM_CARRO + FAIXA_CREDITOS_ATIVOS__TRES_OU_MAIS_CREDITOS_ATIVOS;2;2;4;0.010000;0.06;0.58;-0.01;0.96
1481;FAIXA_IDADE__IDADE_30_A_39 + FAIXA_CREDITOS_ATIVOS__TRES_OU_MAIS_CREDITOS_ATIVOS;FAIXA_RENDA__RENDA_BAIXA + FAIXA_TAXA_REJEICAO__SEM_REJEICAO_PREVIA;2;2;4;0.010000;0.13;0.56;-0.01;0.88
1482;FAIXA_RENDA__RENDA_BAIXA + FAIXA_TAXA_REJEICAO__SEM_REJEICAO_PREVIA;FAIXA_IDADE__IDADE_30_A_39 + FAIXA_CREDITOS_ATIVOS__TRES_OU_MAIS_CREDITOS_ATIVOS;2;2;4;0.010000;0.04;0.56;-0.01;0.96
1483;FAIXA_CREDITO__CREDITO_MUITO_ALTO + FAIXA_IDADE__IDADE_30_A_39;CATEGORIA_FILHOS__SEM_FILHOS + POSSE_CARRO__SEM_CARRO + SITUACAO_FAMILIAR__CASADO_OU_UNIAO_CIVIL;2;3;5;0.010000;0.16;0.52;-0.01;0.82
1484;CATEGORIA_FILHOS__SEM_FILHOS + POSSE_CARRO__SEM_CARRO + SITUACAO_FAMILIAR__CASADO_OU_UNIAO_CIVIL;FAIXA_CREDITO__CREDITO_MUITO_ALTO + FAIXA_IDADE__IDADE_30_A_39;3;2;5;0.010000;0.03;0.52;-0.01;0.97
1485;CATEGORIA_FILHOS__SEM_FILHOS;FAIXA_CREDITO__CREDITO_MUITO_ALTO + FAIXA_IDADE__IDADE_30_A_39 + POSSE_CARRO__SEM_CARRO + SITUACAO_FAMILIAR__CASADO_OU_UNIAO_CIVIL;1;4;5;0.010000;0.01;0.51;-0.01;0.99
1486;FAIXA_CREDITO__CREDITO_MUITO_ALTO + FAIXA_IDADE__IDADE_30_A_39 + POSSE_CARRO__SEM_CARRO + SITUACAO_FAMILIAR__CASADO_OU_UNIAO_CIVIL;CATEGORIA_FILHOS__SEM_FILHOS;4;1;5;0.010000;0.35;0.51;-0.01;0.47
1487;FAIXA_CREDITO__CREDITO_MUITO_ALTO + CATEGORIA_FILHOS__SEM_FILHOS + POSSE_CARRO__SEM_CARRO + SITUACAO_FAMILIAR__CASADO_OU_UNIAO_CIVIL;FAIXA_IDADE__IDADE_30_A_39;4;1;5;0.010000;0.13;0.49;-0.01;0.84
1488;FAIXA_IDADE__IDADE_30_A_39;FAIXA_CREDITO__CREDITO_MUITO_ALTO + CATEGORIA_FILHOS__SEM_FILHOS + POSSE_CARRO__SEM_CARRO + SITUACAO_FAMILIAR__CASADO_OU_UNIAO_CIVIL;1;4;5;0.010000;0.04;0.49;-0.01;0.96
1489;FAIXA_CREDITO__CREDITO_MUITO_ALTO + CATEGORIA_FILHOS__SEM_FILHOS;FAIXA_IDADE__IDADE_30_A_39 + POSSE_CARRO__SEM_CARRO + SITUACAO_FAMILIAR__CASADO_OU_UNIAO_CIVIL;2;3;5;0.010000;0.06;0.48;-0.01;0.93
1490;FAIXA_IDADE__IDADE_30_A_39 + POSSE_CARRO__SEM_CARRO + SITUACAO_FAMILIAR__CASADO_OU_UNIAO_CIVIL;FAIXA_CREDITO__CREDITO_MUITO_ALTO + CATEGORIA_FILHOS__SEM_FILHOS;3;2;5;0.010000;0.08;0.48;-0.01;0.9
1491;FAIXA_IDADE__IDADE_30_A_39 + SITUACAO_FAMILIAR__CASADO_OU_UNIAO_CIVIL;FAIXA_CREDITO__CREDITO_MUITO_ALTO + CATEGORIA_FILHOS__SEM_FILHOS + POSSE_CARRO__SEM_CARRO;2;3;5;0.010000;0.05;0.47;-0.01;0.94
1492;FAIXA_CREDITO__CREDITO_MUITO_ALTO + CATEGORIA_FILHOS__SEM_FILHOS + POSSE_CARRO__SEM_CARRO;FAIXA_IDADE__IDADE_30_A_39 + SITUACAO_FAMILIAR__CASADO_OU_UNIAO_CIVIL;3;2;5;0.010000;0.1;0.47;-0.01;0.88
1493;FAIXA_CREDITO__CREDITO_MUITO_ALTO + CATEGORIA_FILHOS__SEM_FILHOS + SITUACAO_FAMILIAR__CASADO_OU_UNIAO_CIVIL;FAIXA_IDADE__IDADE_30_A_39 + POSSE_CARRO__SEM_CARRO;3;2;5;0.010000;0.07;0.46;-0.01;0.91
1494;FAIXA_IDADE__IDADE_30_A_39 + POSSE_CARRO__SEM_CARRO;FAIXA_CREDITO__CREDITO_MUITO_ALTO + CATEGORIA_FILHOS__SEM_FILHOS + SITUACAO_FAMILIAR__CASADO_OU_UNIAO_CIVIL;2;3;5;0.010000;0.06;0.46;-0.01;0.92
1495;CATEGORIA_FILHOS__SEM_FILHOS + POSSE_CARRO__SEM_CARRO;FAIXA_CREDITO__CREDITO_MUITO_ALTO + FAIXA_IDADE__IDADE_30_A_39 + SITUACAO_FAMILIAR__CASADO_OU_UNIAO_CIVIL;2;3;5;0.010000;0.02;0.4;-0.01;0.97
1496;FAIXA_CREDITO__CREDITO_MUITO_ALTO + FAIXA_IDADE__IDADE_30_A_39 + SITUACAO_FAMILIAR__CASADO_OU_UNIAO_CIVIL;CATEGORIA_FILHOS__SEM_FILHOS + POSSE_CARRO__SEM_CARRO;3;2;5;0.010000;0.19;0.4;-0.01;0.64
1497;FAIXA_RENDA__RENDA_MUITO_ALTA + FAIXA_TAXA_REJEICAO__SEM_REJEICAO_PREVIA;FAIXA_CREDITO__CREDITO_BAIXO + SITUACAO_FAMILIAR__CASADO_OU_UNIAO_CIVIL;2;2;4;0.010000;0.07;0.39;-0.02;0.89
1498;FAIXA_CREDITO__CREDITO_BAIXO + SITUACAO_FAMILIAR__CASADO_OU_UNIAO_CIVIL;FAIXA_RENDA__RENDA_MUITO_ALTA + FAIXA_TAXA_REJEICAO__SEM_REJEICAO_PREVIA;2;2;4;0.010000;0.06;0.39;-0.02;0.9
1499;FAIXA_CREDITO__CREDITO_BAIXO + SITUACAO_FAMILIAR__CASADO_OU_UNIAO_CIVIL + FAIXA_TAXA_REJEICAO__SEM_REJEICAO_PREVIA;FAIXA_RENDA__RENDA_MUITO_ALTA;3;1;4;0.010000;0.09;0.37;-0.02;0.83
1500;FAIXA_RENDA__RENDA_MUITO_ALTA;FAIXA_CREDITO__CREDITO_BAIXO + SITUACAO_FAMILIAR__CASADO_OU_UNIAO_CIVIL + FAIXA_TAXA_REJEICAO__SEM_REJEICAO_PREVIA;1;3;4;0.010000;0.04;0.37;-0.02;0.93
1501;FAIXA_CREDITO__CREDITO_BAIXO;FAIXA_RENDA__RENDA_MUITO_ALTA + SITUACAO_FAMILIAR__CASADO_OU_UNIAO_CIVIL + FAIXA_TAXA_REJEICAO__SEM_REJEICAO_PREVIA;1;3;4;0.010000;0.04;0.34;-0.02;0.92
1502;FAIXA_RENDA__RENDA_MUITO_ALTA + SITUACAO_FAMILIAR__CASADO_OU_UNIAO_CIVIL + FAIXA_TAXA_REJEICAO__SEM_REJEICAO_PREVIA;FAIXA_CREDITO__CREDITO_BAIXO;3;1;4;0.010000;0.09;0.34;-0.02;0.82
1503;FAIXA_RENDA__RENDA_MUITO_ALTA + SITUACAO_FAMILIAR__CASADO_OU_UNIAO_CIVIL;FAIXA_CREDITO__CREDITO_BAIXO + FAIXA_TAXA_REJEICAO__SEM_REJEICAO_PREVIA;2;2;4;0.010000;0.06;0.33;-0.02;0.88
1504;FAIXA_CREDITO__CREDITO_BAIXO + FAIXA_TAXA_REJEICAO__SEM_REJEICAO_PREVIA;FAIXA_RENDA__RENDA_MUITO_ALTA + SITUACAO_FAMILIAR__CASADO_OU_UNIAO_CIVIL;2;2;4;0.010000;0.06;0.33;-0.02;0.87
