id_regra;antecedente;consequente;itens_antecedente;itens_consequente;total_itens;suporte;confianca;lift;leverage;conviction;itemset_uniao;suporte_itemset_absoluto;suporte_itemset_relativo
1;FAIXA_IDADE__IDADE_21_A_29 + CATEGORIA_FILHOS__SEM_FILHOS;POSSE_CARRO__COM_CARRO + SITUACAO_FAMILIAR__SOLTEIRO + FAIXA_TAXA_REJEICAO__SEM_REJEICAO_PREVIA;2;3;5;0.010000;0.12;4.26;0.01;1.11;FAIXA_IDADE__IDADE_21_A_29 + CATEGORIA_FILHOS__SEM_FILHOS + POSSE_CARRO__COM_CARRO + SITUACAO_FAMILIAR__SOLTEIRO + FAIXA_TAXA_REJEICAO__SEM_REJEICAO_PREVIA;100;0.010000
2;POSSE_CARRO__COM_CARRO + SITUACAO_FAMILIAR__SOLTEIRO + FAIXA_TAXA_REJEICAO__SEM_REJEICAO_PREVIA;FAIXA_IDADE__IDADE_21_A_29 + CATEGORIA_FILHOS__SEM_FILHOS;3;2;5;0.010000;0.35;4.26;0.01;1.4;FAIXA_IDADE__IDADE_21_A_29 + CATEGORIA_FILHOS__SEM_FILHOS + POSSE_CARRO__COM_CARRO + SITUACAO_FAMILIAR__SOLTEIRO + FAIXA_TAXA_REJEICAO__SEM_REJEICAO_PREVIA;100;0.010000
3;POSSE_CARRO__COM_CARRO + SITUACAO_FAMILIAR__SOLTEIRO;FAIXA_IDADE__IDADE_21_A_29 + CATEGORIA_FILHOS__SEM_FILHOS + FAIXA_TAXA_REJEICAO__SEM_REJEICAO_PREVIA;2;3;5;0.010000;0.24;4.14;0.01;1.24;FAIXA_IDADE__IDADE_21_A_29 + CATEGORIA_FILHOS__SEM_FILHOS + POSSE_CARRO__COM_CARRO + SITUACAO_FAMILIAR__SOLTEIRO + FAIXA_TAXA_REJEICAO__SEM_REJEICAO_PREVIA;100;0.010000
4;FAIXA_IDADE__IDADE_21_A_29 + CATEGORIA_FILHOS__SEM_FILHOS + FAIXA_TAXA_REJEICAO__SEM_REJEICAO_PREVIA;POSSE_CARRO__COM_CARRO + SITUACAO_FAMILIAR__SOLTEIRO;3;2;5;0.010000;0.17;4.14;0.01;1.15;FAIXA_IDADE__IDADE_21_A_29 + CATEGORIA_FILHOS__SEM_FILHOS + POSSE_CARRO__COM_CARRO + SITUACAO_FAMILIAR__SOLTEIRO + FAIXA_TAXA_REJEICAO__SEM_REJEICAO_PREVIA;100;0.010000
5;FAIXA_IDADE__IDADE_21_A_29 + FAIXA_TAXA_REJEICAO__SEM_REJEICAO_PREVIA;CATEGORIA_FILHOS__SEM_FILHOS + POSSE_CARRO__COM_CARRO + SITUACAO_FAMILIAR__SOLTEIRO;2;3;5;0.010000;0.12;3.38;0.01;1.09;FAIXA_IDADE__IDADE_21_A_29 + CATEGORIA_FILHOS__SEM_FILHOS + POSSE_CARRO__COM_CARRO + SITUACAO_FAMILIAR__SOLTEIRO + FAIXA_TAXA_REJEICAO__SEM_REJEICAO_PREVIA;100;0.010000
6;CATEGORIA_FILHOS__SEM_FILHOS + POSSE_CARRO__COM_CARRO + SITUACAO_FAMILIAR__SOLTEIRO;FAIXA_IDADE__IDADE_21_A_29 + FAIXA_TAXA_REJEICAO__SEM_REJEICAO_PREVIA;3;2;5;0.010000;0.28;3.38;0.01;1.28;FAIXA_IDADE__IDADE_21_A_29 + CATEGORIA_FILHOS__SEM_FILHOS + POSSE_CARRO__COM_CARRO + SITUACAO_FAMILIAR__SOLTEIRO + FAIXA_TAXA_REJEICAO__SEM_REJEICAO_PREVIA;100;0.010000
7;FAIXA_IDADE__IDADE_60_OU_MAIS + POSSE_CARRO__SEM_CARRO + FAIXA_CREDITOS_ATIVOS__UM_A_DOIS_CREDITOS_ATIVOS;CATEGORIA_FILHOS__SEM_FILHOS + SITUACAO_FAMILIAR__SEPARADO_VIUVO_OU_NAO_INFORMADO + FAIXA_TAXA_REJEICAO__SEM_REJEICAO_PREVIA;3;3;6;0.010000;0.22;3.37;0.01;1.19;FAIXA_IDADE__IDADE_60_OU_MAIS + CATEGORIA_FILHOS__SEM_FILHOS + POSSE_CARRO__SEM_CARRO + SITUACAO_FAMILIAR__SEPARADO_VIUVO_OU_NAO_INFORMADO + FAIXA_CREDITOS_ATIVOS__UM_A_DOIS_CREDITOS_ATIVOS + FAIXA_TAXA_REJEICAO__SEM_REJEICAO_PREVIA;100;0.010000
8;CATEGORIA_FILHOS__SEM_FILHOS + SITUACAO_FAMILIAR__SEPARADO_VIUVO_OU_NAO_INFORMADO + FAIXA_TAXA_REJEICAO__SEM_REJEICAO_PREVIA;FAIXA_IDADE__IDADE_60_OU_MAIS + POSSE_CARRO__SEM_CARRO + FAIXA_CREDITOS_ATIVOS__UM_A_DOIS_CREDITOS_ATIVOS;3;3;6;0.010000;0.16;3.37;0.01;1.13;FAIXA_IDADE__IDADE_60_OU_MAIS + CATEGORIA_FILHOS__SEM_FILHOS + POSSE_CARRO__SEM_CARRO + SITUACAO_FAMILIAR__SEPARADO_VIUVO_OU_NAO_INFORMADO + FAIXA_CREDITOS_ATIVOS__UM_A_DOIS_CREDITOS_ATIVOS + FAIXA_TAXA_REJEICAO__SEM_REJEICAO_PREVIA;100;0.010000
9;FAIXA_IDADE__IDADE_21_A_29;CATEGORIA_FILHOS__SEM_FILHOS + POSSE_CARRO__COM_CARRO + SITUACAO_FAMILIAR__SOLTEIRO + FAIXA_TAXA_REJEICAO__SEM_REJEICAO_PREVIA;1;4;5;0.010000;0.08;3.3;0.01;1.06;FAIXA_IDADE__IDADE_21_A_29 + CATEGORIA_FILHOS__SEM_FILHOS + POSSE_CARRO__COM_CARRO + SITUACAO_FAMILIAR__SOLTEIRO + FAIXA_TAXA_REJEICAO__SEM_REJEICAO_PREVIA;100;0.010000
10;CATEGORIA_FILHOS__SEM_FILHOS + POSSE_CARRO__COM_CARRO + SITUACAO_FAMILIAR__SOLTEIRO + FAIXA_TAXA_REJEICAO__SEM_REJEICAO_PREVIA;FAIXA_IDADE__IDADE_21_A_29;4;1;5;0.010000;0.4;3.3;0.01;1.46;FAIXA_IDADE__IDADE_21_A_29 + CATEGORIA_FILHOS__SEM_FILHOS + POSSE_CARRO__COM_CARRO + SITUACAO_FAMILIAR__SOLTEIRO + FAIXA_TAXA_REJEICAO__SEM_REJEICAO_PREVIA;100;0.010000
11;FAIXA_IDADE__IDADE_21_A_29 + CATEGORIA_FILHOS__SEM_FILHOS + POSSE_CARRO__COM_CARRO + FAIXA_TAXA_REJEICAO__SEM_REJEICAO_PREVIA;SITUACAO_FAMILIAR__SOLTEIRO;4;1;5;0.010000;0.49;3.27;0.01;1.65;FAIXA_IDADE__IDADE_21_A_29 + CATEGORIA_FILHOS__SEM_FILHOS + POSSE_CARRO__COM_CARRO + SITUACAO_FAMILIAR__SOLTEIRO + FAIXA_TAXA_REJEICAO__SEM_REJEICAO_PREVIA;100;0.010000
12;SITUACAO_FAMILIAR__SOLTEIRO;FAIXA_IDADE__IDADE_21_A_29 + CATEGORIA_FILHOS__SEM_FILHOS + POSSE_CARRO__COM_CARRO + FAIXA_TAXA_REJEICAO__SEM_REJEICAO_PREVIA;1;4;5;0.010000;0.07;3.27;0.01;1.05;FAIXA_IDADE__IDADE_21_A_29 + CATEGORIA_FILHOS__SEM_FILHOS + POSSE_CARRO__COM_CARRO + SITUACAO_FAMILIAR__SOLTEIRO + FAIXA_TAXA_REJEICAO__SEM_REJEICAO_PREVIA;100;0.010000
13;SITUACAO_FAMILIAR__SOLTEIRO + FAIXA_TAXA_REJEICAO__SEM_REJEICAO_PREVIA;FAIXA_IDADE__IDADE_21_A_29 + CATEGORIA_FILHOS__SEM_FILHOS + POSSE_CARRO__COM_CARRO;2;3;5;0.010000;0.1;3.24;0.01;1.07;FAIXA_IDADE__IDADE_21_A_29 + CATEGORIA_FILHOS__SEM_FILHOS + POSSE_CARRO__COM_CARRO + SITUACAO_FAMILIAR__SOLTEIRO + FAIXA_TAXA_REJEICAO__SEM_REJEICAO_PREVIA;100;0.010000
14;FAIXA_IDADE__IDADE_21_A_29 + CATEGORIA_FILHOS__SEM_FILHOS + POSSE_CARRO__COM_CARRO;SITUACAO_FAMILIAR__SOLTEIRO + FAIXA_TAXA_REJEICAO__SEM_REJEICAO_PREVIA;3;2;5;0.010000;0.34;3.24;0.01;1.35;FAIXA_IDADE__IDADE_21_A_29 + CATEGORIA_FILHOS__SEM_FILHOS + POSSE_CARRO__COM_CARRO + SITUACAO_FAMILIAR__SOLTEIRO + FAIXA_TAXA_REJEICAO__SEM_REJEICAO_PREVIA;100;0.010000
15;FAIXA_IDADE__IDADE_60_OU_MAIS + POSSE_CARRO__SEM_CARRO + FAIXA_TAXA_REJEICAO__SEM_REJEICAO_PREVIA;CATEGORIA_FILHOS__SEM_FILHOS + SITUACAO_FAMILIAR__SEPARADO_VIUVO_OU_NAO_INFORMADO + FAIXA_CREDITOS_ATIVOS__UM_A_DOIS_CREDITOS_ATIVOS;3;3;6;0.010000;0.13;3.23;0.01;1.1;FAIXA_IDADE__IDADE_60_OU_MAIS + CATEGORIA_FILHOS__SEM_FILHOS + POSSE_CARRO__SEM_CARRO + SITUACAO_FAMILIAR__SEPARADO_VIUVO_OU_NAO_INFORMADO + FAIXA_CREDITOS_ATIVOS__UM_A_DOIS_CREDITOS_ATIVOS + FAIXA_TAXA_REJEICAO__SEM_REJEICAO_PREVIA;100;0.010000
16;CATEGORIA_FILHOS__SEM_FILHOS + SITUACAO_FAMILIAR__SEPARADO_VIUVO_OU_NAO_INFORMADO + FAIXA_CREDITOS_ATIVOS__UM_A_DOIS_CREDITOS_ATIVOS;FAIXA_IDADE__IDADE_60_OU_MAIS + POSSE_CARRO__SEM_CARRO + FAIXA_TAXA_REJEICAO__SEM_REJEICAO_PREVIA;3;3;6;0.010000;0.25;3.23;0.01;1.23;FAIXA_IDADE__IDADE_60_OU_MAIS + CATEGORIA_FILHOS__SEM_FILHOS + POSSE_CARRO__SEM_CARRO + SITUACAO_FAMILIAR__SEPARADO_VIUVO_OU_NAO_INFORMADO + FAIXA_CREDITOS_ATIVOS__UM_A_DOIS_CREDITOS_ATIVOS + FAIXA_TAXA_REJEICAO__SEM_REJEICAO_PREVIA;100;0.010000
17;FAIXA_IDADE__IDADE_60_OU_MAIS + FAIXA_CREDITOS_ATIVOS__UM_A_DOIS_CREDITOS_ATIVOS;CATEGORIA_FILHOS__SEM_FILHOS + POSSE_CARRO__SEM_CARRO + SITUACAO_FAMILIAR__SEPARADO_VIUVO_OU_NAO_INFORMADO + FAIXA_TAXA_REJEICAO__SEM_REJEICAO_PREVIA;2;4;6;0.010000;0.17;3.12;0.01;1.14;FAIXA_IDADE__IDADE_60_OU_MAIS + CATEGORIA_FILHOS__SEM_FILHOS + POSSE_CARRO__SEM_CARRO + SITUACAO_FAMILIAR__SEPARADO_VIUVO_OU_NAO_INFORMADO + FAIXA_CREDITOS_ATIVOS__UM_A_DOIS_CREDITOS_ATIVOS + FAIXA_TAXA_REJEICAO__SEM_REJEICAO_PREVIA;100;0.010000
18;CATEGORIA_FILHOS__SEM_FILHOS + POSSE_CARRO__SEM_CARRO + SITUACAO_FAMILIAR__SEPARADO_VIUVO_OU_NAO_INFORMADO + FAIXA_TAXA_REJEICAO__SEM_REJEICAO_PREVIA;FAIXA_IDADE__IDADE_60_OU_MAIS + FAIXA_CREDITOS_ATIVOS__UM_A_DOIS_CREDITOS_ATIVOS;4;2;6;0.010000;0.18;3.12;0.01;1.15;FAIXA_IDADE__IDADE_60_OU_MAIS + CATEGORIA_FILHOS__SEM_FILHOS + POSSE_CARRO__SEM_CARRO + SITUACAO_FAMILIAR__SEPARADO_VIUVO_OU_NAO_INFORMADO + FAIXA_CREDITOS_ATIVOS__UM_A_DOIS_CREDITOS_ATIVOS + FAIXA_TAXA_REJEICAO__SEM_REJEICAO_PREVIA;100;0.010000
19;CATEGORIA_FILHOS__SEM_FILHOS + SITUACAO_FAMILIAR__SEPARADO_VIUVO_OU_NAO_INFORMADO + FAIXA_CREDITOS_ATIVOS__UM_A_DOIS_CREDITOS_ATIVOS + FAIXA_TAXA_REJEICAO__SEM_REJEICAO_PREVIA;FAIXA_IDADE__IDADE_60_OU_MAIS + POSSE_CARRO__SEM_CARRO;4;2;6;0.010000;0.36;3.1;0.01;1.37;FAIXA_IDADE__IDADE_60_OU_MAIS + CATEGORIA_FILHOS__SEM_FILHOS + POSSE_CARRO__SEM_CARRO + SITUACAO_FAMILIAR__SEPARADO_VIUVO_OU_NAO_INFORMADO + FAIXA_CREDITOS_ATIVOS__UM_A_DOIS_CREDITOS_ATIVOS + FAIXA_TAXA_REJEICAO__SEM_REJEICAO_PREVIA;100;0.010000
20;FAIXA_IDADE__IDADE_60_OU_MAIS + POSSE_CARRO__SEM_CARRO;CATEGORIA_FILHOS__SEM_FILHOS + SITUACAO_FAMILIAR__SEPARADO_VIUVO_OU_NAO_INFORMADO + FAIXA_CREDITOS_ATIVOS__UM_A_DOIS_CREDITOS_ATIVOS + FAIXA_TAXA_REJEICAO__SEM_REJEICAO_PREVIA;2;4;6;0.010000;0.09;3.1;0.01;1.06;FAIXA_IDADE__IDADE_60_OU_MAIS + CATEGORIA_FILHOS__SEM_FILHOS + POSSE_CARRO__SEM_CARRO + SITUACAO_FAMILIAR__SEPARADO_VIUVO_OU_NAO_INFORMADO + FAIXA_CREDITOS_ATIVOS__UM_A_DOIS_CREDITOS_ATIVOS + FAIXA_TAXA_REJEICAO__SEM_REJEICAO_PREVIA;100;0.010000
21;FAIXA_IDADE__IDADE_60_OU_MAIS + FAIXA_TAXA_REJEICAO__SEM_REJEICAO_PREVIA;CATEGORIA_FILHOS__SEM_FILHOS + POSSE_CARRO__SEM_CARRO + SITUACAO_FAMILIAR__SEPARADO_VIUVO_OU_NAO_INFORMADO + FAIXA_CREDITOS_ATIVOS__UM_A_DOIS_CREDITOS_ATIVOS;2;4;6;0.010000;0.1;3.1;0.01;1.08;FAIXA_IDADE__IDADE_60_OU_MAIS + CATEGORIA_FILHOS__SEM_FILHOS + POSSE_CARRO__SEM_CARRO + SITUACAO_FAMILIAR__SEPARADO_VIUVO_OU_NAO_INFORMADO + FAIXA_CREDITOS_ATIVOS__UM_A_DOIS_CREDITOS_ATIVOS + FAIXA_TAXA_REJEICAO__SEM_REJEICAO_PREVIA;100;0.010000
22;CATEGORIA_FILHOS__SEM_FILHOS + POSSE_CARRO__SEM_CARRO + SITUACAO_FAMILIAR__SEPARADO_VIUVO_OU_NAO_INFORMADO + FAIXA_CREDITOS_ATIVOS__UM_A_DOIS_CREDITOS_ATIVOS;FAIXA_IDADE__IDADE_60_OU_MAIS + FAIXA_TAXA_REJEICAO__SEM_REJEICAO_PREVIA;4;2;6;0.010000;0.3;3.1;0.01;1.28;FAIXA_IDADE__IDADE_60_OU_MAIS + CATEGORIA_FILHOS__SEM_FILHOS + POSSE_CARRO__SEM_CARRO + SITUACAO_FAMILIAR__SEPARADO_VIUVO_OU_NAO_INFORMADO + FAIXA_CREDITOS_ATIVOS__UM_A_DOIS_CREDITOS_ATIVOS + FAIXA_TAXA_REJEICAO__SEM_REJEICAO_PREVIA;100;0.010000
23;FAIXA_IDADE__IDADE_60_OU_MAIS + POSSE_CARRO__SEM_CARRO + FAIXA_CREDITOS_ATIVOS__UM_A_DOIS_CREDITOS_ATIVOS + FAIXA_TAXA_REJEICAO__SEM_REJEICAO_PREVIA;CATEGORIA_FILHOS__SEM_FILHOS + SITUACAO_FAMILIAR__SEPARADO_VIUVO_OU_NAO_INFORMADO;4;2;6;0.010000;0.3;3.07;0.01;1.29;FAIXA_IDADE__IDADE_60_OU_MAIS + CATEGORIA_FILHOS__SEM_FILHOS + POSSE_CARRO__SEM_CARRO + SITUACAO_FAMILIAR__SEPARADO_VIUVO_OU_NAO_INFORMADO + FAIXA_CREDITOS_ATIVOS__UM_A_DOIS_CREDITOS_ATIVOS + FAIXA_TAXA_REJEICAO__SEM_REJEICAO_PREVIA;100;0.010000
24;CATEGORIA_FILHOS__SEM_FILHOS + SITUACAO_FAMILIAR__SEPARADO_VIUVO_OU_NAO_INFORMADO;FAIXA_IDADE__IDADE_60_OU_MAIS + POSSE_CARRO__SEM_CARRO + FAIXA_CREDITOS_ATIVOS__UM_A_DOIS_CREDITOS_ATIVOS + FAIXA_TAXA_REJEICAO__SEM_REJEICAO_PREVIA;2;4;6;0.010000;0.1;3.07;0.01;1.08;FAIXA_IDADE__IDADE_60_OU_MAIS + CATEGORIA_FILHOS__SEM_FILHOS + POSSE_CARRO__SEM_CARRO + SITUACAO_FAMILIAR__SEPARADO_VIUVO_OU_NAO_INFORMADO + FAIXA_CREDITOS_ATIVOS__UM_A_DOIS_CREDITOS_ATIVOS + FAIXA_TAXA_REJEICAO__SEM_REJEICAO_PREVIA;100;0.010000
25;FAIXA_IDADE__IDADE_60_OU_MAIS;CATEGORIA_FILHOS__SEM_FILHOS + POSSE_CARRO__SEM_CARRO + SITUACAO_FAMILIAR__SEPARADO_VIUVO_OU_NAO_INFORMADO + FAIXA_CREDITOS_ATIVOS__UM_A_DOIS_CREDITOS_ATIVOS + FAIXA_TAXA_REJEICAO__SEM_REJEICAO_PREVIA;1;5;6;0.010000;0.07;2.95;0.01;1.05;FAIXA_IDADE__IDADE_60_OU_MAIS + CATEGORIA_FILHOS__SEM_FILHOS + POSSE_CARRO__SEM_CARRO + SITUACAO_FAMILIAR__SEPARADO_VIUVO_OU_NAO_INFORMADO + FAIXA_CREDITOS_ATIVOS__UM_A_DOIS_CREDITOS_ATIVOS + FAIXA_TAXA_REJEICAO__SEM_REJEICAO_PREVIA;100;0.010000
26;CATEGORIA_FILHOS__SEM_FILHOS + POSSE_CARRO__SEM_CARRO + SITUACAO_FAMILIAR__SEPARADO_VIUVO_OU_NAO_INFORMADO + FAIXA_CREDITOS_ATIVOS__UM_A_DOIS_CREDITOS_ATIVOS + FAIXA_TAXA_REJEICAO__SEM_REJEICAO_PREVIA;FAIXA_IDADE__IDADE_60_OU_MAIS;5;1;6;0.010000;0.42;2.95;0.01;1.47;FAIXA_IDADE__IDADE_60_OU_MAIS + CATEGORIA_FILHOS__SEM_FILHOS + POSSE_CARRO__SEM_CARRO + SITUACAO_FAMILIAR__SEPARADO_VIUVO_OU_NAO_INFORMADO + FAIXA_CREDITOS_ATIVOS__UM_A_DOIS_CREDITOS_ATIVOS + FAIXA_TAXA_REJEICAO__SEM_REJEICAO_PREVIA;100;0.010000
27;CATEGORIA_FILHOS__SEM_FILHOS + POSSE_CARRO__SEM_CARRO + SITUACAO_FAMILIAR__SEPARADO_VIUVO_OU_NAO_INFORMADO;FAIXA_IDADE__IDADE_60_OU_MAIS + FAIXA_CREDITOS_ATIVOS__UM_A_DOIS_CREDITOS_ATIVOS + FAIXA_TAXA_REJEICAO__SEM_REJEICAO_PREVIA;3;3;6;0.010000;0.12;2.86;0.01;1.09;FAIXA_IDADE__IDADE_60_OU_MAIS + CATEGORIA_FILHOS__SEM_FILHOS + POSSE_CARRO__SEM_CARRO + SITUACAO_FAMILIAR__SEPARADO_VIUVO_OU_NAO_INFORMADO + FAIXA_CREDITOS_ATIVOS__UM_A_DOIS_CREDITOS_ATIVOS + FAIXA_TAXA_REJEICAO__SEM_REJEICAO_PREVIA;100;0.010000
28;FAIXA_IDADE__IDADE_60_OU_MAIS + FAIXA_CREDITOS_ATIVOS__UM_A_DOIS_CREDITOS_ATIVOS + FAIXA_TAXA_REJEICAO__SEM_REJEICAO_PREVIA;CATEGORIA_FILHOS__SEM_FILHOS + POSSE_CARRO__SEM_CARRO + SITUACAO_FAMILIAR__SEPARADO_VIUVO_OU_NAO_INFORMADO;3;3;6;0.010000;0.24;2.86;0.01;1.2;FAIXA_IDADE__IDADE_60_OU_MAIS + CATEGORIA_FILHOS__SEM_FILHOS + POSSE_CARRO__SEM_CARRO + SITUACAO_FAMILIAR__SEPARADO_VIUVO_OU_NAO_INFORMADO + FAIXA_CREDITOS_ATIVOS__UM_A_DOIS_CREDITOS_ATIVOS + FAIXA_TAXA_REJEICAO__SEM_REJEICAO_PREVIA;100;0.010000
29;SITUACAO_FAMILIAR__SEPARADO_VIUVO_OU_NAO_INFORMADO + FAIXA_TAXA_REJEICAO__SEM_REJEICAO_PREVIA;FAIXA_IDADE__IDADE_60_OU_MAIS + CATEGORIA_FILHOS__SEM_FILHOS + POSSE_CARRO__SEM_CARRO + FAIXA_CREDITOS_ATIVOS__UM_A_DOIS_CREDITOS_ATIVOS;2;4;6;0.010000;0.13;2.77;0.01;1.09;FAIXA_IDADE__IDADE_60_OU_MAIS + CATEGORIA_FILHOS__SEM_FILHOS + POSSE_CARRO__SEM_CARRO + SITUACAO_FAMILIAR__SEPARADO_VIUVO_OU_NAO_INFORMADO + FAIXA_CREDITOS_ATIVOS__UM_A_DOIS_CREDITOS_ATIVOS + FAIXA_TAXA_REJEICAO__SEM_REJEICAO_PREVIA;100;0.010000
30;FAIXA_IDADE__IDADE_60_OU_MAIS + CATEGORIA_FILHOS__SEM_FILHOS + POSSE_CARRO__SEM_CARRO + FAIXA_CREDITOS_ATIVOS__UM_A_DOIS_CREDITOS_ATIVOS;SITUACAO_FAMILIAR__SEPARADO_VIUVO_OU_NAO_INFORMADO + FAIXA_TAXA_REJEICAO__SEM_REJEICAO_PREVIA;4;2;6;0.010000;0.22;2.77;0.01;1.17;FAIXA_IDADE__IDADE_60_OU_MAIS + CATEGORIA_FILHOS__SEM_FILHOS + POSSE_CARRO__SEM_CARRO + SITUACAO_FAMILIAR__SEPARADO_VIUVO_OU_NAO_INFORMADO + FAIXA_CREDITOS_ATIVOS__UM_A_DOIS_CREDITOS_ATIVOS + FAIXA_TAXA_REJEICAO__SEM_REJEICAO_PREVIA;100;0.010000
33;FAIXA_IDADE__IDADE_60_OU_MAIS + CATEGORIA_FILHOS__SEM_FILHOS + FAIXA_CREDITOS_ATIVOS__UM_A_DOIS_CREDITOS_ATIVOS;POSSE_CARRO__SEM_CARRO + SITUACAO_FAMILIAR__SEPARADO_VIUVO_OU_NAO_INFORMADO + FAIXA_TAXA_REJEICAO__SEM_REJEICAO_PREVIA;3;3;6;0.010000;0.17;2.66;0.01;1.13;FAIXA_IDADE__IDADE_60_OU_MAIS + CATEGORIA_FILHOS__SEM_FILHOS + POSSE_CARRO__SEM_CARRO + SITUACAO_FAMILIAR__SEPARADO_VIUVO_OU_NAO_INFORMADO + FAIXA_CREDITOS_ATIVOS__UM_A_DOIS_CREDITOS_ATIVOS + FAIXA_TAXA_REJEICAO__SEM_REJEICAO_PREVIA;100;0.010000
34;POSSE_CARRO__SEM_CARRO + SITUACAO_FAMILIAR__SEPARADO_VIUVO_OU_NAO_INFORMADO + FAIXA_TAXA_REJEICAO__SEM_REJEICAO_PREVIA;FAIXA_IDADE__IDADE_60_OU_MAIS + CATEGORIA_FILHOS__SEM_FILHOS + FAIXA_CREDITOS_ATIVOS__UM_A_DOIS_CREDITOS_ATIVOS;3;3;6;0.010000;0.16;2.66;0.01;1.11;FAIXA_IDADE__IDADE_60_OU_MAIS + CATEGORIA_FILHOS__SEM_FILHOS + POSSE_CARRO__SEM_CARRO + SITUACAO_FAMILIAR__SEPARADO_VIUVO_OU_NAO_INFORMADO + FAIXA_CREDITOS_ATIVOS__UM_A_DOIS_CREDITOS_ATIVOS + FAIXA_TAXA_REJEICAO__SEM_REJEICAO_PREVIA;100;0.010000
37;SITUACAO_FAMILIAR__SEPARADO_VIUVO_OU_NAO_INFORMADO + FAIXA_CREDITOS_ATIVOS__UM_A_DOIS_CREDITOS_ATIVOS;FAIXA_IDADE__IDADE_60_OU_MAIS + CATEGORIA_FILHOS__SEM_FILHOS + POSSE_CARRO__SEM_CARRO + FAIXA_TAXA_REJEICAO__SEM_REJEICAO_PREVIA;2;4;6;0.010000;0.2;2.61;0.01;1.15;FAIXA_IDADE__IDADE_60_OU_MAIS + CATEGORIA_FILHOS__SEM_FILHOS + POSSE_CARRO__SEM_CARRO + SITUACAO_FAMILIAR__SEPARADO_VIUVO_OU_NAO_INFORMADO + FAIXA_CREDITOS_ATIVOS__UM_A_DOIS_CREDITOS_ATIVOS + FAIXA_TAXA_REJEICAO__SEM_REJEICAO_PREVIA;100;0.010000
38;FAIXA_IDADE__IDADE_60_OU_MAIS + CATEGORIA_FILHOS__SEM_FILHOS + POSSE_CARRO__SEM_CARRO + FAIXA_TAXA_REJEICAO__SEM_REJEICAO_PREVIA;SITUACAO_FAMILIAR__SEPARADO_VIUVO_OU_NAO_INFORMADO + FAIXA_CREDITOS_ATIVOS__UM_A_DOIS_CREDITOS_ATIVOS;4;2;6;0.010000;0.13;2.61;0.01;1.09;FAIXA_IDADE__IDADE_60_OU_MAIS + CATEGORIA_FILHOS__SEM_FILHOS + POSSE_CARRO__SEM_CARRO + SITUACAO_FAMILIAR__SEPARADO_VIUVO_OU_NAO_INFORMADO + FAIXA_CREDITOS_ATIVOS__UM_A_DOIS_CREDITOS_ATIVOS + FAIXA_TAXA_REJEICAO__SEM_REJEICAO_PREVIA;100;0.010000
41;FAIXA_IDADE__IDADE_60_OU_MAIS + CATEGORIA_FILHOS__SEM_FILHOS + FAIXA_TAXA_REJEICAO__SEM_REJEICAO_PREVIA;POSSE_CARRO__SEM_CARRO + SITUACAO_FAMILIAR__SEPARADO_VIUVO_OU_NAO_INFORMADO + FAIXA_CREDITOS_ATIVOS__UM_A_DOIS_CREDITOS_ATIVOS;3;3;6;0.010000;0.11;2.57;0.01;1.07;FAIXA_IDADE__IDADE_60_OU_MAIS + CATEGORIA_FILHOS__SEM_FILHOS + POSSE_CARRO__SEM_CARRO + SITUACAO_FAMILIAR__SEPARADO_VIUVO_OU_NAO_INFORMADO + FAIXA_CREDITOS_ATIVOS__UM_A_DOIS_CREDITOS_ATIVOS + FAIXA_TAXA_REJEICAO__SEM_REJEICAO_PREVIA;100;0.010000
42;POSSE_CARRO__SEM_CARRO + SITUACAO_FAMILIAR__SEPARADO_VIUVO_OU_NAO_INFORMADO + FAIXA_CREDITOS_ATIVOS__UM_A_DOIS_CREDITOS_ATIVOS;FAIXA_IDADE__IDADE_60_OU_MAIS + CATEGORIA_FILHOS__SEM_FILHOS + FAIXA_TAXA_REJEICAO__SEM_REJEICAO_PREVIA;3;3;6;0.010000;0.24;2.57;0.01;1.19;FAIXA_IDADE__IDADE_60_OU_MAIS + CATEGORIA_FILHOS__SEM_FILHOS + POSSE_CARRO__SEM_CARRO + SITUACAO_FAMILIAR__SEPARADO_VIUVO_OU_NAO_INFORMADO + FAIXA_CREDITOS_ATIVOS__UM_A_DOIS_CREDITOS_ATIVOS + FAIXA_TAXA_REJEICAO__SEM_REJEICAO_PREVIA;100;0.010000
45;FAIXA_IDADE__IDADE_60_OU_MAIS + CATEGORIA_FILHOS__SEM_FILHOS + POSSE_CARRO__SEM_CARRO;SITUACAO_FAMILIAR__SEPARADO_VIUVO_OU_NAO_INFORMADO + FAIXA_CREDITOS_ATIVOS__UM_A_DOIS_CREDITOS_ATIVOS + FAIXA_TAXA_REJEICAO__SEM_REJEICAO_PREVIA;3;3;6;0.010000;0.09;2.54;0.01;1.06;FAIXA_IDADE__IDADE_60_OU_MAIS + CATEGORIA_FILHOS__SEM_FILHOS + POSSE_CARRO__SEM_CARRO + SITUACAO_FAMILIAR__SEPARADO_VIUVO_OU_NAO_INFORMADO + FAIXA_CREDITOS_ATIVOS__UM_A_DOIS_CREDITOS_ATIVOS + FAIXA_TAXA_REJEICAO__SEM_REJEICAO_PREVIA;100;0.010000
46;SITUACAO_FAMILIAR__SEPARADO_VIUVO_OU_NAO_INFORMADO + FAIXA_CREDITOS_ATIVOS__UM_A_DOIS_CREDITOS_ATIVOS + FAIXA_TAXA_REJEICAO__SEM_REJEICAO_PREVIA;FAIXA_IDADE__IDADE_60_OU_MAIS + CATEGORIA_FILHOS__SEM_FILHOS + POSSE_CARRO__SEM_CARRO;3;3;6;0.010000;0.29;2.54;0.01;1.24;FAIXA_IDADE__IDADE_60_OU_MAIS + CATEGORIA_FILHOS__SEM_FILHOS + POSSE_CARRO__SEM_CARRO + SITUACAO_FAMILIAR__SEPARADO_VIUVO_OU_NAO_INFORMADO + FAIXA_CREDITOS_ATIVOS__UM_A_DOIS_CREDITOS_ATIVOS + FAIXA_TAXA_REJEICAO__SEM_REJEICAO_PREVIA;100;0.010000
47;FAIXA_RENDA__RENDA_MUITO_ALTA + FAIXA_IDADE__IDADE_50_A_59;FAIXA_CREDITO__CREDITO_MUITO_ALTO + FAIXA_CREDITOS_ATIVOS__TRES_OU_MAIS_CREDITOS_ATIVOS;2;2;4;0.010000;0.19;2.54;0.01;1.14;FAIXA_CREDITO__CREDITO_MUITO_ALTO + FAIXA_RENDA__RENDA_MUITO_ALTA + FAIXA_IDADE__IDADE_50_A_59 + FAIXA_CREDITOS_ATIVOS__TRES_OU_MAIS_CREDITOS_ATIVOS;100;0.010000
48;FAIXA_CREDITO__CREDITO_MUITO_ALTO + FAIXA_CREDITOS_ATIVOS__TRES_OU_MAIS_CREDITOS_ATIVOS;FAIXA_RENDA__RENDA_MUITO_ALTA + FAIXA_IDADE__IDADE_50_A_59;2;2;4;0.010000;0.13;2.54;0.01;1.09;FAIXA_CREDITO__CREDITO_MUITO_ALTO + FAIXA_RENDA__RENDA_MUITO_ALTA + FAIXA_IDADE__IDADE_50_A_59 + FAIXA_CREDITOS_ATIVOS__TRES_OU_MAIS_CREDITOS_ATIVOS;100;0.010000
49;FAIXA_IDADE__IDADE_60_OU_MAIS + CATEGORIA_FILHOS__SEM_FILHOS + POSSE_CARRO__SEM_CARRO + FAIXA_CREDITOS_ATIVOS__UM_A_DOIS_CREDITOS_ATIVOS + FAIXA_TAXA_REJEICAO__SEM_REJEICAO_PREVIA;SITUACAO_FAMILIAR__SEPARADO_VIUVO_OU_NAO_INFORMADO;5;1;6;0.010000;0.3;2.53;0.01;1.26;FAIXA_IDADE__IDADE_60_OU_MAIS + CATEGORIA_FILHOS__SEM_FILHOS + POSSE_CARRO__SEM_CARRO + SITUACAO_FAMILIAR__SEPARADO_VIUVO_OU_NAO_INFORMADO + FAIXA_CREDITOS_ATIVOS__UM_A_DOIS_CREDITOS_ATIVOS + FAIXA_TAXA_REJEICAO__SEM_REJEICAO_PREVIA;100;0.010000
50;SITUACAO_FAMILIAR__SEPARADO_VIUVO_OU_NAO_INFORMADO;FAIXA_IDADE__IDADE_60_OU_MAIS + CATEGORIA_FILHOS__SEM_FILHOS + POSSE_CARRO__SEM_CARRO + FAIXA_CREDITOS_ATIVOS__UM_A_DOIS_CREDITOS_ATIVOS + FAIXA_TAXA_REJEICAO__SEM_REJEICAO_PREVIA;1;5;6;0.010000;0.08;2.53;0.01;1.05;FAIXA_IDADE__IDADE_60_OU_MAIS + CATEGORIA_FILHOS__SEM_FILHOS + POSSE_CARRO__SEM_CARRO + SITUACAO_FAMILIAR__SEPARADO_VIUVO_OU_NAO_INFORMADO + FAIXA_CREDITOS_ATIVOS__UM_A_DOIS_CREDITOS_ATIVOS + FAIXA_TAXA_REJEICAO__SEM_REJEICAO_PREVIA;100;0.010000
53;CATEGORIA_FILHOS__SEM_FILHOS + SITUACAO_FAMILIAR__SOLTEIRO;FAIXA_IDADE__IDADE_21_A_29 + POSSE_CARRO__COM_CARRO + FAIXA_TAXA_REJEICAO__SEM_REJEICAO_PREVIA;2;3;5;0.010000;0.08;2.52;0.01;1.05;FAIXA_IDADE__IDADE_21_A_29 + CATEGORIA_FILHOS__SEM_FILHOS + POSSE_CARRO__COM_CARRO + SITUACAO_FAMILIAR__SOLTEIRO + FAIXA_TAXA_REJEICAO__SEM_REJEICAO_PREVIA;100;0.010000
54;FAIXA_IDADE__IDADE_21_A_29 + POSSE_CARRO__COM_CARRO + FAIXA_TAXA_REJEICAO__SEM_REJEICAO_PREVIA;CATEGORIA_FILHOS__SEM_FILHOS + SITUACAO_FAMILIAR__SOLTEIRO;3;2;5;0.010000;0.32;2.52;0.01;1.28;FAIXA_IDADE__IDADE_21_A_29 + CATEGORIA_FILHOS__SEM_FILHOS + POSSE_CARRO__COM_CARRO + SITUACAO_FAMILIAR__SOLTEIRO + FAIXA_TAXA_REJEICAO__SEM_REJEICAO_PREVIA;100;0.010000
55;FAIXA_IDADE__IDADE_21_A_29 + POSSE_CARRO__COM_CARRO;CATEGORIA_FILHOS__SEM_FILHOS + SITUACAO_FAMILIAR__SOLTEIRO + FAIXA_TAXA_REJEICAO__SEM_REJEICAO_PREVIA;2;3;5;0.010000;0.22;2.52;0.01;1.17;FAIXA_IDADE__IDADE_21_A_29 + CATEGORIA_FILHOS__SEM_FILHOS + POSSE_CARRO__COM_CARRO + SITUACAO_FAMILIAR__SOLTEIRO + FAIXA_TAXA_REJEICAO__SEM_REJEICAO_PREVIA;100;0.010000
56;CATEGORIA_FILHOS__SEM_FILHOS + SITUACAO_FAMILIAR__SOLTEIRO + FAIXA_TAXA_REJEICAO__SEM_REJEICAO_PREVIA;FAIXA_IDADE__IDADE_21_A_29 + POSSE_CARRO__COM_CARRO;3;2;5;0.010000;0.11;2.52;0.01;1.08;FAIXA_IDADE__IDADE_21_A_29 + CATEGORIA_FILHOS__SEM_FILHOS + POSSE_CARRO__COM_CARRO + SITUACAO_FAMILIAR__SOLTEIRO + FAIXA_TAXA_REJEICAO__SEM_REJEICAO_PREVIA;100;0.010000
59;POSSE_CARRO__SEM_CARRO + SITUACAO_FAMILIAR__SEPARADO_VIUVO_OU_NAO_INFORMADO + FAIXA_CREDITOS_ATIVOS__UM_A_DOIS_CREDITOS_ATIVOS + FAIXA_TAXA_REJEICAO__SEM_REJEICAO_PREVIA;FAIXA_IDADE__IDADE_60_OU_MAIS + CATEGORIA_FILHOS__SEM_FILHOS;4;2;6;0.010000;0.35;2.48;0.01;1.31;FAIXA_IDADE__IDADE_60_OU_MAIS + CATEGORIA_FILHOS__SEM_FILHOS + POSSE_CARRO__SEM_CARRO + SITUACAO_FAMILIAR__SEPARADO_VIUVO_OU_NAO_INFORMADO + FAIXA_CREDITOS_ATIVOS__UM_A_DOIS_CREDITOS_ATIVOS + FAIXA_TAXA_REJEICAO__SEM_REJEICAO_PREVIA;100;0.010000
60;FAIXA_IDADE__IDADE_60_OU_MAIS + CATEGORIA_FILHOS__SEM_FILHOS;POSSE_CARRO__SEM_CARRO + SITUACAO_FAMILIAR__SEPARADO_VIUVO_OU_NAO_INFORMADO + FAIXA_CREDITOS_ATIVOS__UM_A_DOIS_CREDITOS_ATIVOS + FAIXA_TAXA_REJEICAO__SEM_REJEICAO_PREVIA;2;4;6;0.010000;0.07;2.48;0.01;1.04;FAIXA_IDADE__IDADE_60_OU_MAIS + CATEGORIA_FILHOS__SEM_FILHOS + POSSE_CARRO__SEM_CARRO + SITUACAO_FAMILIAR__SEPARADO_VIUVO_OU_NAO_INFORMADO + FAIXA_CREDITOS_ATIVOS__UM_A_DOIS_CREDITOS_ATIVOS + FAIXA_TAXA_REJEICAO__SEM_REJEICAO_PREVIA;100;0.010000
63;POSSE_CARRO__SEM_CARRO + SITUACAO_FAMILIAR__SEPARADO_VIUVO_OU_NAO_INFORMADO;FAIXA_IDADE__IDADE_60_OU_MAIS + CATEGORIA_FILHOS__SEM_FILHOS + FAIXA_CREDITOS_ATIVOS__UM_A_DOIS_CREDITOS_ATIVOS + FAIXA_TAXA_REJEICAO__SEM_REJEICAO_PREVIA;2;4;6;0.010000;0.1;2.43;0.01;1.06;FAIXA_IDADE__IDADE_60_OU_MAIS + CATEGORIA_FILHOS__SEM_FILHOS + POSSE_CARRO__SEM_CARRO + SITUACAO_FAMILIAR__SEPARADO_VIUVO_OU_NAO_INFORMADO + FAIXA_CREDITOS_ATIVOS__UM_A_DOIS_CREDITOS_ATIVOS + FAIXA_TAXA_REJEICAO__SEM_REJEICAO_PREVIA;100;0.010000
64;FAIXA_IDADE__IDADE_60_OU_MAIS + CATEGORIA_FILHOS__SEM_FILHOS + FAIXA_CREDITOS_ATIVOS__UM_A_DOIS_CREDITOS_ATIVOS + FAIXA_TAXA_REJEICAO__SEM_REJEICAO_PREVIA;POSSE_CARRO__SEM_CARRO + SITUACAO_FAMILIAR__SEPARADO_VIUVO_OU_NAO_INFORMADO;4;2;6;0.010000;0.24;2.43;0.01;1.18;FAIXA_IDADE__IDADE_60_OU_MAIS + CATEGORIA_FILHOS__SEM_FILHOS + POSSE_CARRO__SEM_CARRO + SITUACAO_FAMILIAR__SEPARADO_VIUVO_OU_NAO_INFORMADO + FAIXA_CREDITOS_ATIVOS__UM_A_DOIS_CREDITOS_ATIVOS + FAIXA_TAXA_REJEICAO__SEM_REJEICAO_PREVIA;100;0.010000
67;FAIXA_CREDITO__CREDITO_BAIXO + FAIXA_IDADE__IDADE_50_A_59;FAIXA_RENDA__RENDA_BAIXA + CATEGORIA_FILHOS__SEM_FILHOS + FAIXA_CREDITOS_ATIVOS__UM_A_DOIS_CREDITOS_ATIVOS;2;3;5;0.010000;0.24;2.39;0.01;1.18;FAIXA_CREDITO__CREDITO_BAIXO + FAIXA_RENDA__RENDA_BAIXA + FAIXA_IDADE__IDADE_50_A_59 + CATEGORIA_FILHOS__SEM_FILHOS + FAIXA_CREDITOS_ATIVOS__UM_A_DOIS_CREDITOS_ATIVOS;100;0.010000
68;FAIXA_RENDA__RENDA_BAIXA + CATEGORIA_FILHOS__SEM_FILHOS + FAIXA_CREDITOS_ATIVOS__UM_A_DOIS_CREDITOS_ATIVOS;FAIXA_CREDITO__CREDITO_BAIXO + FAIXA_IDADE__IDADE_50_A_59;3;2;5;0.010000;0.1;2.39;0.01;1.06;FAIXA_CREDITO__CREDITO_BAIXO + FAIXA_RENDA__RENDA_BAIXA + FAIXA_IDADE__IDADE_50_A_59 + CATEGORIA_FILHOS__SEM_FILHOS + FAIXA_CREDITOS_ATIVOS__UM_A_DOIS_CREDITOS_ATIVOS;100;0.010000
69;FAIXA_IDADE__IDADE_30_A_39;CATEGORIA_FILHOS__DOIS_OU_MAIS_FILHOS + POSSE_CARRO__SEM_CARRO + FAIXA_CREDITOS_ATIVOS__SEM_CREDITOS_ATIVOS;1;3;4;0.010000;0.04;2.34;0.01;1.02;FAIXA_IDADE__IDADE_30_A_39 + CATEGORIA_FILHOS__DOIS_OU_MAIS_FILHOS + POSSE_CARRO__SEM_CARRO + FAIXA_CREDITOS_ATIVOS__SEM_CREDITOS_ATIVOS;100;0.010000
70;CATEGORIA_FILHOS__DOIS_OU_MAIS_FILHOS + POSSE_CARRO__SEM_CARRO + FAIXA_CREDITOS_ATIVOS__SEM_CREDITOS_ATIVOS;FAIXA_IDADE__IDADE_30_A_39;3;1;4;0.010000;0.62;2.34;0.01;1.91;FAIXA_IDADE__IDADE_30_A_39 + CATEGORIA_FILHOS__DOIS_OU_MAIS_FILHOS + POSSE_CARRO__SEM_CARRO + FAIXA_CREDITOS_ATIVOS__SEM_CREDITOS_ATIVOS;100;0.010000
71;CATEGORIA_FILHOS__DOIS_OU_MAIS_FILHOS + POSSE_CARRO__SEM_CARRO;FAIXA_IDADE__IDADE_30_A_39 + FAIXA_CREDITOS_ATIVOS__SEM_CREDITOS_ATIVOS;2;2;4;0.010000;0.17;2.32;0.01;1.11;FAIXA_IDADE__IDADE_30_A_39 + CATEGORIA_FILHOS__DOIS_OU_MAIS_FILHOS + POSSE_CARRO__SEM_CARRO + FAIXA_CREDITOS_ATIVOS__SEM_CREDITOS_ATIVOS;100;0.010000
72;FAIXA_IDADE__IDADE_30_A_39 + FAIXA_CREDITOS_ATIVOS__SEM_CREDITOS_ATIVOS;CATEGORIA_FILHOS__DOIS_OU_MAIS_FILHOS + POSSE_CARRO__SEM_CARRO;2;2;4;0.010000;0.14;2.32;0.01;1.09;FAIXA_IDADE__IDADE_30_A_39 + CATEGORIA_FILHOS__DOIS_OU_MAIS_FILHOS + POSSE_CARRO__SEM_CARRO + FAIXA_CREDITOS_ATIVOS__SEM_CREDITOS_ATIVOS;100;0.010000
73;FAIXA_RENDA__RENDA_BAIXA + CATEGORIA_FILHOS__SEM_FILHOS + FAIXA_CREDITOS_ATIVOS__UM_A_DOIS_CREDITOS_ATIVOS;FAIXA_IDADE__IDADE_60_OU_MAIS + POSSE_CARRO__SEM_CARRO + SITUACAO_FAMILIAR__CASADO_OU_UNIAO_CIVIL + FAIXA_TAXA_REJEICAO__SEM_REJEICAO_PREVIA;3;4;7;0.010000;0.1;2.3;0.01;1.06;FAIXA_RENDA__RENDA_BAIXA + FAIXA_IDADE__IDADE_60_OU_MAIS + CATEGORIA_FILHOS__SEM_FILHOS + POSSE_CARRO__SEM_CARRO + SITUACAO_FAMILIAR__CASADO_OU_UNIAO_CIVIL + FAIXA_CREDITOS_ATIVOS__UM_A_DOIS_CREDITOS_ATIVOS + FAIXA_TAXA_REJEICAO__SEM_REJEICAO_PREVIA;100;0.010000
74;FAIXA_IDADE__IDADE_60_OU_MAIS + POSSE_CARRO__SEM_CARRO + SITUACAO_FAMILIAR__CASADO_OU_UNIAO_CIVIL + FAIXA_TAXA_REJEICAO__SEM_REJEICAO_PREVIA;FAIXA_RENDA__RENDA_BAIXA + CATEGORIA_FILHOS__SEM_FILHOS + FAIXA_CREDITOS_ATIVOS__UM_A_DOIS_CREDITOS_ATIVOS;4;3;7;0.010000;0.23;2.3;0.01;1.16;FAIXA_RENDA__RENDA_BAIXA + FAIXA_IDADE__IDADE_60_OU_MAIS + CATEGORIA_FILHOS__SEM_FILHOS + POSSE_CARRO__SEM_CARRO + SITUACAO_FAMILIAR__CASADO_OU_UNIAO_CIVIL + FAIXA_CREDITOS_ATIVOS__UM_A_DOIS_CREDITOS_ATIVOS + FAIXA_TAXA_REJEICAO__SEM_REJEICAO_PREVIA;100;0.010000
75;FAIXA_RENDA__RENDA_BAIXA + CATEGORIA_FILHOS__SEM_FILHOS;FAIXA_IDADE__IDADE_60_OU_MAIS + POSSE_CARRO__SEM_CARRO + SITUACAO_FAMILIAR__CASADO_OU_UNIAO_CIVIL + FAIXA_CREDITOS_ATIVOS__UM_A_DOIS_CREDITOS_ATIVOS + FAIXA_TAXA_REJEICAO__SEM_REJEICAO_PREVIA;2;5;7;0.010000;0.04;2.29;0.01;1.02;FAIXA_RENDA__RENDA_BAIXA + FAIXA_IDADE__IDADE_60_OU_MAIS + CATEGORIA_FILHOS__SEM_FILHOS + POSSE_CARRO__SEM_CARRO + SITUACAO_FAMILIAR__CASADO_OU_UNIAO_CIVIL + FAIXA_CREDITOS_ATIVOS__UM_A_DOIS_CREDITOS_ATIVOS + FAIXA_TAXA_REJEICAO__SEM_REJEICAO_PREVIA;100;0.010000
76;FAIXA_IDADE__IDADE_60_OU_MAIS + POSSE_CARRO__SEM_CARRO + SITUACAO_FAMILIAR__CASADO_OU_UNIAO_CIVIL + FAIXA_CREDITOS_ATIVOS__UM_A_DOIS_CREDITOS_ATIVOS + FAIXA_TAXA_REJEICAO__SEM_REJEICAO_PREVIA;FAIXA_RENDA__RENDA_BAIXA + CATEGORIA_FILHOS__SEM_FILHOS;5;2;7;0.010000;0.54;2.29;0.01;1.64;FAIXA_RENDA__RENDA_BAIXA + FAIXA_IDADE__IDADE_60_OU_MAIS + CATEGORIA_FILHOS__SEM_FILHOS + POSSE_CARRO__SEM_CARRO + SITUACAO_FAMILIAR__CASADO_OU_UNIAO_CIVIL + FAIXA_CREDITOS_ATIVOS__UM_A_DOIS_CREDITOS_ATIVOS + FAIXA_TAXA_REJEICAO__SEM_REJEICAO_PREVIA;100;0.010000
77;FAIXA_IDADE__IDADE_50_A_59 + FAIXA_TAXA_REJEICAO__REJEICAO_PREVIA_ACIMA_25_PCT;CATEGORIA_FILHOS__SEM_FILHOS + POSSE_CARRO__SEM_CARRO + FAIXA_CREDITOS_ATIVOS__TRES_OU_MAIS_CREDITOS_ATIVOS;2;3;5;0.010000;0.28;2.27;0.01;1.21;FAIXA_IDADE__IDADE_50_A_59 + CATEGORIA_FILHOS__SEM_FILHOS + POSSE_CARRO__SEM_CARRO + FAIXA_CREDITOS_ATIVOS__TRES_OU_MAIS_CREDITOS_ATIVOS + FAIXA_TAXA_REJEICAO__REJEICAO_PREVIA_ACIMA_25_PCT;100;0.010000
78;CATEGORIA_FILHOS__SEM_FILHOS + POSSE_CARRO__SEM_CARRO + FAIXA_CREDITOS_ATIVOS__TRES_OU_MAIS_CREDITOS_ATIVOS;FAIXA_IDADE__IDADE_50_A_59 + FAIXA_TAXA_REJEICAO__REJEICAO_PREVIA_ACIMA_25_PCT;3;2;5;0.010000;0.08;2.27;0.01;1.05;FAIXA_IDADE__IDADE_50_A_59 + CATEGORIA_FILHOS__SEM_FILHOS + POSSE_CARRO__SEM_CARRO + FAIXA_CREDITOS_ATIVOS__TRES_OU_MAIS_CREDITOS_ATIVOS + FAIXA_TAXA_REJEICAO__REJEICAO_PREVIA_ACIMA_25_PCT;100;0.010000
79;FAIXA_IDADE__IDADE_30_A_39 + POSSE_CARRO__SEM_CARRO;CATEGORIA_FILHOS__DOIS_OU_MAIS_FILHOS + FAIXA_CREDITOS_ATIVOS__SEM_CREDITOS_ATIVOS;2;2;4;0.010000;0.06;2.23;0.01;1.04;FAIXA_IDADE__IDADE_30_A_39 + CATEGORIA_FILHOS__DOIS_OU_MAIS_FILHOS + POSSE_CARRO__SEM_CARRO + FAIXA_CREDITOS_ATIVOS__SEM_CREDITOS_ATIVOS;100;0.010000
80;CATEGORIA_FILHOS__DOIS_OU_MAIS_FILHOS + FAIXA_CREDITOS_ATIVOS__SEM_CREDITOS_ATIVOS;FAIXA_IDADE__IDADE_30_A_39 + POSSE_CARRO__SEM_CARRO;2;2;4;0.010000;0.36;2.23;0.01;1.3;FAIXA_IDADE__IDADE_30_A_39 + CATEGORIA_FILHOS__DOIS_OU_MAIS_FILHOS + POSSE_CARRO__SEM_CARRO + FAIXA_CREDITOS_ATIVOS__SEM_CREDITOS_ATIVOS;100;0.010000
81;FAIXA_IDADE__IDADE_60_OU_MAIS + POSSE_CARRO__SEM_CARRO + SITUACAO_FAMILIAR__CASADO_OU_UNIAO_CIVIL + FAIXA_CREDITOS_ATIVOS__UM_A_DOIS_CREDITOS_ATIVOS;FAIXA_RENDA__RENDA_BAIXA + CATEGORIA_FILHOS__SEM_FILHOS + FAIXA_TAXA_REJEICAO__SEM_REJEICAO_PREVIA;4;3;7;0.010000;0.37;2.19;0.01;1.32;FAIXA_RENDA__RENDA_BAIXA + FAIXA_IDADE__IDADE_60_OU_MAIS + CATEGORIA_FILHOS__SEM_FILHOS + POSSE_CARRO__SEM_CARRO + SITUACAO_FAMILIAR__CASADO_OU_UNIAO_CIVIL + FAIXA_CREDITOS_ATIVOS__UM_A_DOIS_CREDITOS_ATIVOS + FAIXA_TAXA_REJEICAO__SEM_REJEICAO_PREVIA;100;0.010000
82;FAIXA_RENDA__RENDA_BAIXA + CATEGORIA_FILHOS__SEM_FILHOS + FAIXA_TAXA_REJEICAO__SEM_REJEICAO_PREVIA;FAIXA_IDADE__IDADE_60_OU_MAIS + POSSE_CARRO__SEM_CARRO + SITUACAO_FAMILIAR__CASADO_OU_UNIAO_CIVIL + FAIXA_CREDITOS_ATIVOS__UM_A_DOIS_CREDITOS_ATIVOS;3;4;7;0.010000;0.06;2.19;0.01;1.03;FAIXA_RENDA__RENDA_BAIXA + FAIXA_IDADE__IDADE_60_OU_MAIS + CATEGORIA_FILHOS__SEM_FILHOS + POSSE_CARRO__SEM_CARRO + SITUACAO_FAMILIAR__CASADO_OU_UNIAO_CIVIL + FAIXA_CREDITOS_ATIVOS__UM_A_DOIS_CREDITOS_ATIVOS + FAIXA_TAXA_REJEICAO__SEM_REJEICAO_PREVIA;100;0.010000
83;FAIXA_RENDA__RENDA_BAIXA + CATEGORIA_FILHOS__SEM_FILHOS + POSSE_CARRO__SEM_CARRO + FAIXA_CREDITOS_ATIVOS__UM_A_DOIS_CREDITOS_ATIVOS;FAIXA_IDADE__IDADE_60_OU_MAIS + SITUACAO_FAMILIAR__CASADO_OU_UNIAO_CIVIL + FAIXA_TAXA_REJEICAO__SEM_REJEICAO_PREVIA;4;3;7;0.010000;0.13;2.18;0.01;1.08;FAIXA_RENDA__RENDA_BAIXA + FAIXA_IDADE__IDADE_60_OU_MAIS + CATEGORIA_FILHOS__SEM_FILHOS + POSSE_CARRO__SEM_CARRO + SITUACAO_FAMILIAR__CASADO_OU_UNIAO_CIVIL + FAIXA_CREDITOS_ATIVOS__UM_A_DOIS_CREDITOS_ATIVOS + FAIXA_TAXA_REJEICAO__SEM_REJEICAO_PREVIA;100;0.010000
84;FAIXA_IDADE__IDADE_60_OU_MAIS + SITUACAO_FAMILIAR__CASADO_OU_UNIAO_CIVIL + FAIXA_TAXA_REJEICAO__SEM_REJEICAO_PREVIA;FAIXA_RENDA__RENDA_BAIXA + CATEGORIA_FILHOS__SEM_FILHOS + POSSE_CARRO__SEM_CARRO + FAIXA_CREDITOS_ATIVOS__UM_A_DOIS_CREDITOS_ATIVOS;3;4;7;0.010000;0.17;2.18;0.01;1.11;FAIXA_RENDA__RENDA_BAIXA + FAIXA_IDADE__IDADE_60_OU_MAIS + CATEGORIA_FILHOS__SEM_FILHOS + POSSE_CARRO__SEM_CARRO + SITUACAO_FAMILIAR__CASADO_OU_UNIAO_CIVIL + FAIXA_CREDITOS_ATIVOS__UM_A_DOIS_CREDITOS_ATIVOS + FAIXA_TAXA_REJEICAO__SEM_REJEICAO_PREVIA;100;0.010000
85;FAIXA_IDADE__IDADE_60_OU_MAIS + POSSE_CARRO__SEM_CARRO + SITUACAO_FAMILIAR__CASADO_OU_UNIAO_CIVIL;FAIXA_RENDA__RENDA_BAIXA + CATEGORIA_FILHOS__SEM_FILHOS + FAIXA_CREDITOS_ATIVOS__UM_A_DOIS_CREDITOS_ATIVOS + FAIXA_TAXA_REJEICAO__SEM_REJEICAO_PREVIA;3;4;7;0.010000;0.16;2.17;0.01;1.1;FAIXA_RENDA__RENDA_BAIXA + FAIXA_IDADE__IDADE_60_OU_MAIS + CATEGORIA_FILHOS__SEM_FILHOS + POSSE_CARRO__SEM_CARRO + SITUACAO_FAMILIAR__CASADO_OU_UNIAO_CIVIL + FAIXA_CREDITOS_ATIVOS__UM_A_DOIS_CREDITOS_ATIVOS + FAIXA_TAXA_REJEICAO__SEM_REJEICAO_PREVIA;100;0.010000
86;FAIXA_RENDA__RENDA_BAIXA + CATEGORIA_FILHOS__SEM_FILHOS + FAIXA_CREDITOS_ATIVOS__UM_A_DOIS_CREDITOS_ATIVOS + FAIXA_TAXA_REJEICAO__SEM_REJEICAO_PREVIA;FAIXA_IDADE__IDADE_60_OU_MAIS + POSSE_CARRO__SEM_CARRO + SITUACAO_FAMILIAR__CASADO_OU_UNIAO_CIVIL;4;3;7;0.010000;0.14;2.17;0.01;1.09;FAIXA_RENDA__RENDA_BAIXA + FAIXA_IDADE__IDADE_60_OU_MAIS + CATEGORIA_FILHOS__SEM_FILHOS + POSSE_CARRO__SEM_CARRO + SITUACAO_FAMILIAR__CASADO_OU_UNIAO_CIVIL + FAIXA_CREDITOS_ATIVOS__UM_A_DOIS_CREDITOS_ATIVOS + FAIXA_TAXA_REJEICAO__SEM_REJEICAO_PREVIA;100;0.010000
87;FAIXA_RENDA__RENDA_BAIXA + CATEGORIA_FILHOS__SEM_FILHOS;FAIXA_CREDITO__CREDITO_BAIXO + FAIXA_IDADE__IDADE_50_A_59 + FAIXA_CREDITOS_ATIVOS__UM_A_DOIS_CREDITOS_ATIVOS;2;3;5;0.010000;0.04;2.13;0.01;1.02;FAIXA_CREDITO__CREDITO_BAIXO + FAIXA_RENDA__RENDA_BAIXA + FAIXA_IDADE__IDADE_50_A_59 + CATEGORIA_FILHOS__SEM_FILHOS + FAIXA_CREDITOS_ATIVOS__UM_A_DOIS_CREDITOS_ATIVOS;100;0.010000
88;FAIXA_CREDITO__CREDITO_BAIXO + FAIXA_IDADE__IDADE_50_A_59 + FAIXA_CREDITOS_ATIVOS__UM_A_DOIS_CREDITOS_ATIVOS;FAIXA_RENDA__RENDA_BAIXA + CATEGORIA_FILHOS__SEM_FILHOS;3;2;5;0.010000;0.5;2.13;0.01;1.52;FAIXA_CREDITO__CREDITO_BAIXO + FAIXA_RENDA__RENDA_BAIXA + FAIXA_IDADE__IDADE_50_A_59 + CATEGORIA_FILHOS__SEM_FILHOS + FAIXA_CREDITOS_ATIVOS__UM_A_DOIS_CREDITOS_ATIVOS;100;0.010000
89;CATEGORIA_FILHOS__SEM_FILHOS + FAIXA_CREDITOS_ATIVOS__TRES_OU_MAIS_CREDITOS_ATIVOS;FAIXA_IDADE__IDADE_50_A_59 + POSSE_CARRO__SEM_CARRO + FAIXA_TAXA_REJEICAO__REJEICAO_PREVIA_ACIMA_25_PCT;2;3;5;0.010000;0.05;2.12;0.01;1.03;FAIXA_IDADE__IDADE_50_A_59 + CATEGORIA_FILHOS__SEM_FILHOS + POSSE_CARRO__SEM_CARRO + FAIXA_CREDITOS_ATIVOS__TRES_OU_MAIS_CREDITOS_ATIVOS + FAIXA_TAXA_REJEICAO__REJEICAO_PREVIA_ACIMA_25_PCT;100;0.010000
90;FAIXA_IDADE__IDADE_50_A_59 + POSSE_CARRO__SEM_CARRO + FAIXA_TAXA_REJEICAO__REJEICAO_PREVIA_ACIMA_25_PCT;CATEGORIA_FILHOS__SEM_FILHOS + FAIXA_CREDITOS_ATIVOS__TRES_OU_MAIS_CREDITOS_ATIVOS;3;2;5;0.010000;0.39;2.12;0.01;1.33;FAIXA_IDADE__IDADE_50_A_59 + CATEGORIA_FILHOS__SEM_FILHOS + POSSE_CARRO__SEM_CARRO + FAIXA_CREDITOS_ATIVOS__TRES_OU_MAIS_CREDITOS_ATIVOS + FAIXA_TAXA_REJEICAO__REJEICAO_PREVIA_ACIMA_25_PCT;100;0.010000
91;CATEGORIA_FILHOS__DOIS_OU_MAIS_FILHOS;FAIXA_IDADE__IDADE_30_A_39 + POSSE_CARRO__SEM_CARRO + FAIXA_CREDITOS_ATIVOS__SEM_CREDITOS_ATIVOS;1;3;4;0.010000;0.1;2.12;0.01;1.06;FAIXA_IDADE__IDADE_30_A_39 + CATEGORIA_FILHOS__DOIS_OU_MAIS_FILHOS + POSSE_CARRO__SEM_CARRO + FAIXA_CREDITOS_ATIVOS__SEM_CREDITOS_ATIVOS;100;0.010000
92;FAIXA_IDADE__IDADE_30_A_39 + POSSE_CARRO__SEM_CARRO + FAIXA_CREDITOS_ATIVOS__SEM_CREDITOS_ATIVOS;CATEGORIA_FILHOS__DOIS_OU_MAIS_FILHOS;3;1;4;0.010000;0.22;2.12;0.01;1.14;FAIXA_IDADE__IDADE_30_A_39 + CATEGORIA_FILHOS__DOIS_OU_MAIS_FILHOS + POSSE_CARRO__SEM_CARRO + FAIXA_CREDITOS_ATIVOS__SEM_CREDITOS_ATIVOS;100;0.010000
93;FAIXA_RENDA__RENDA_BAIXA + CATEGORIA_FILHOS__SEM_FILHOS + POSSE_CARRO__SEM_CARRO;FAIXA_IDADE__IDADE_60_OU_MAIS + SITUACAO_FAMILIAR__CASADO_OU_UNIAO_CIVIL + FAIXA_CREDITOS_ATIVOS__UM_A_DOIS_CREDITOS_ATIVOS + FAIXA_TAXA_REJEICAO__SEM_REJEICAO_PREVIA;3;4;7;0.010000;0.05;2.11;0.01;1.03;FAIXA_RENDA__RENDA_BAIXA + FAIXA_IDADE__IDADE_60_OU_MAIS + CATEGORIA_FILHOS__SEM_FILHOS + POSSE_CARRO__SEM_CARRO + SITUACAO_FAMILIAR__CASADO_OU_UNIAO_CIVIL + FAIXA_CREDITOS_ATIVOS__UM_A_DOIS_CREDITOS_ATIVOS + FAIXA_TAXA_REJEICAO__SEM_REJEICAO_PREVIA;100;0.010000
94;FAIXA_IDADE__IDADE_60_OU_MAIS + SITUACAO_FAMILIAR__CASADO_OU_UNIAO_CIVIL + FAIXA_CREDITOS_ATIVOS__UM_A_DOIS_CREDITOS_ATIVOS + FAIXA_TAXA_REJEICAO__SEM_REJEICAO_PREVIA;FAIXA_RENDA__RENDA_BAIXA + CATEGORIA_FILHOS__SEM_FILHOS + POSSE_CARRO__SEM_CARRO;4;3;7;0.010000;0.39;2.11;0.01;1.33;FAIXA_RENDA__RENDA_BAIXA + FAIXA_IDADE__IDADE_60_OU_MAIS + CATEGORIA_FILHOS__SEM_FILHOS + POSSE_CARRO__SEM_CARRO + SITUACAO_FAMILIAR__CASADO_OU_UNIAO_CIVIL + FAIXA_CREDITOS_ATIVOS__UM_A_DOIS_CREDITOS_ATIVOS + FAIXA_TAXA_REJEICAO__SEM_REJEICAO_PREVIA;100;0.010000
95;FAIXA_RENDA__RENDA_BAIXA + FAIXA_IDADE__IDADE_21_A_29 + CATEGORIA_FILHOS__SEM_FILHOS;FAIXA_CREDITO__CREDITO_BAIXO + POSSE_CARRO__SEM_CARRO;3;2;5;0.010000;0.38;2.07;0.01;1.31;FAIXA_CREDITO__CREDITO_BAIXO + FAIXA_RENDA__RENDA_BAIXA + FAIXA_IDADE__IDADE_21_A_29 + CATEGORIA_FILHOS__SEM_FILHOS + POSSE_CARRO__SEM_CARRO;100;0.010000
96;FAIXA_CREDITO__CREDITO_BAIXO + POSSE_CARRO__SEM_CARRO;FAIXA_RENDA__RENDA_BAIXA + FAIXA_IDADE__IDADE_21_A_29 + CATEGORIA_FILHOS__SEM_FILHOS;2;3;5;0.010000;0.05;2.07;0.01;1.03;FAIXA_CREDITO__CREDITO_BAIXO + FAIXA_RENDA__RENDA_BAIXA + FAIXA_IDADE__IDADE_21_A_29 + CATEGORIA_FILHOS__SEM_FILHOS + POSSE_CARRO__SEM_CARRO;100;0.010000
97;FAIXA_RENDA__RENDA_BAIXA + CATEGORIA_FILHOS__SEM_FILHOS + POSSE_CARRO__SEM_CARRO + SITUACAO_FAMILIAR__CASADO_OU_UNIAO_CIVIL + FAIXA_CREDITOS_ATIVOS__UM_A_DOIS_CREDITOS_ATIVOS;FAIXA_IDADE__IDADE_60_OU_MAIS + FAIXA_TAXA_REJEICAO__SEM_REJEICAO_PREVIA;5;2;7;0.010000;0.2;2.07;0.01;1.13;FAIXA_RENDA__RENDA_BAIXA + FAIXA_IDADE__IDADE_60_OU_MAIS + CATEGORIA_FILHOS__SEM_FILHOS + POSSE_CARRO__SEM_CARRO + SITUACAO_FAMILIAR__CASADO_OU_UNIAO_CIVIL + FAIXA_CREDITOS_ATIVOS__UM_A_DOIS_CREDITOS_ATIVOS + FAIXA_TAXA_REJEICAO__SEM_REJEICAO_PREVIA;100;0.010000
98;FAIXA_IDADE__IDADE_60_OU_MAIS + FAIXA_TAXA_REJEICAO__SEM_REJEICAO_PREVIA;FAIXA_RENDA__RENDA_BAIXA + CATEGORIA_FILHOS__SEM_FILHOS + POSSE_CARRO__SEM_CARRO + SITUACAO_FAMILIAR__CASADO_OU_UNIAO_CIVIL + FAIXA_CREDITOS_ATIVOS__UM_A_DOIS_CREDITOS_ATIVOS;2;5;7;0.010000;0.1;2.07;0.01;1.06;FAIXA_RENDA__RENDA_BAIXA + FAIXA_IDADE__IDADE_60_OU_MAIS + CATEGORIA_FILHOS__SEM_FILHOS + POSSE_CARRO__SEM_CARRO + SITUACAO_FAMILIAR__CASADO_OU_UNIAO_CIVIL + FAIXA_CREDITOS_ATIVOS__UM_A_DOIS_CREDITOS_ATIVOS + FAIXA_TAXA_REJEICAO__SEM_REJEICAO_PREVIA;100;0.010000
99;FAIXA_IDADE__IDADE_60_OU_MAIS + SITUACAO_FAMILIAR__SEPARADO_VIUVO_OU_NAO_INFORMADO + FAIXA_CREDITOS_ATIVOS__UM_A_DOIS_CREDITOS_ATIVOS;CATEGORIA_FILHOS__SEM_FILHOS + POSSE_CARRO__SEM_CARRO + FAIXA_TAXA_REJEICAO__SEM_REJEICAO_PREVIA;3;3;6;0.010000;0.67;2.04;0.01;1.98;FAIXA_IDADE__IDADE_60_OU_MAIS + CATEGORIA_FILHOS__SEM_FILHOS + POSSE_CARRO__SEM_CARRO + SITUACAO_FAMILIAR__SEPARADO_VIUVO_OU_NAO_INFORMADO + FAIXA_CREDITOS_ATIVOS__UM_A_DOIS_CREDITOS_ATIVOS + FAIXA_TAXA_REJEICAO__SEM_REJEICAO_PREVIA;100;0.010000
100;CATEGORIA_FILHOS__SEM_FILHOS + POSSE_CARRO__SEM_CARRO + FAIXA_TAXA_REJEICAO__SEM_REJEICAO_PREVIA;FAIXA_IDADE__IDADE_60_OU_MAIS + SITUACAO_FAMILIAR__SEPARADO_VIUVO_OU_NAO_INFORMADO + FAIXA_CREDITOS_ATIVOS__UM_A_DOIS_CREDITOS_ATIVOS;3;3;6;0.010000;0.03;2.04;0.01;1.02;FAIXA_IDADE__IDADE_60_OU_MAIS + CATEGORIA_FILHOS__SEM_FILHOS + POSSE_CARRO__SEM_CARRO + SITUACAO_FAMILIAR__SEPARADO_VIUVO_OU_NAO_INFORMADO + FAIXA_CREDITOS_ATIVOS__UM_A_DOIS_CREDITOS_ATIVOS + FAIXA_TAXA_REJEICAO__SEM_REJEICAO_PREVIA;100;0.010000
101;FAIXA_CREDITO__CREDITO_MUITO_ALTO + FAIXA_IDADE__IDADE_50_A_59 + FAIXA_CREDITOS_ATIVOS__TRES_OU_MAIS_CREDITOS_ATIVOS;FAIXA_RENDA__RENDA_MUITO_ALTA;3;1;4;0.010000;0.49;2.04;0.01;1.47;FAIXA_CREDITO__CREDITO_MUITO_ALTO + FAIXA_RENDA__RENDA_MUITO_ALTA + FAIXA_IDADE__IDADE_50_A_59 + FAIXA_CREDITOS_ATIVOS__TRES_OU_MAIS_CREDITOS_ATIVOS;100;0.010000
102;FAIXA_RENDA__RENDA_MUITO_ALTA;FAIXA_CREDITO__CREDITO_MUITO_ALTO + FAIXA_IDADE__IDADE_50_A_59 + FAIXA_CREDITOS_ATIVOS__TRES_OU_MAIS_CREDITOS_ATIVOS;1;3;4;0.010000;0.04;2.04;0.01;1.02;FAIXA_CREDITO__CREDITO_MUITO_ALTO + FAIXA_RENDA__RENDA_MUITO_ALTA + FAIXA_IDADE__IDADE_50_A_59 + FAIXA_CREDITOS_ATIVOS__TRES_OU_MAIS_CREDITOS_ATIVOS;100;0.010000
103;FAIXA_IDADE__IDADE_60_OU_MAIS + SITUACAO_FAMILIAR__CASADO_OU_UNIAO_CIVIL;FAIXA_RENDA__RENDA_BAIXA + CATEGORIA_FILHOS__SEM_FILHOS + POSSE_CARRO__SEM_CARRO + FAIXA_CREDITOS_ATIVOS__UM_A_DOIS_CREDITOS_ATIVOS + FAIXA_TAXA_REJEICAO__SEM_REJEICAO_PREVIA;2;5;7;0.010000;0.12;2.02;0.01;1.07;FAIXA_RENDA__RENDA_BAIXA + FAIXA_IDADE__IDADE_60_OU_MAIS + CATEGORIA_FILHOS__SEM_FILHOS + POSSE_CARRO__SEM_CARRO + SITUACAO_FAMILIAR__CASADO_OU_UNIAO_CIVIL + FAIXA_CREDITOS_ATIVOS__UM_A_DOIS_CREDITOS_ATIVOS + FAIXA_TAXA_REJEICAO__SEM_REJEICAO_PREVIA;100;0.010000
104;FAIXA_RENDA__RENDA_BAIXA + CATEGORIA_FILHOS__SEM_FILHOS + POSSE_CARRO__SEM_CARRO + FAIXA_CREDITOS_ATIVOS__UM_A_DOIS_CREDITOS_ATIVOS + FAIXA_TAXA_REJEICAO__SEM_REJEICAO_PREVIA;FAIXA_IDADE__IDADE_60_OU_MAIS + SITUACAO_FAMILIAR__CASADO_OU_UNIAO_CIVIL;5;2;7;0.010000;0.17;2.02;0.01;1.1;FAIXA_RENDA__RENDA_BAIXA + FAIXA_IDADE__IDADE_60_OU_MAIS + CATEGORIA_FILHOS__SEM_FILHOS + POSSE_CARRO__SEM_CARRO + SITUACAO_FAMILIAR__CASADO_OU_UNIAO_CIVIL + FAIXA_CREDITOS_ATIVOS__UM_A_DOIS_CREDITOS_ATIVOS + FAIXA_TAXA_REJEICAO__SEM_REJEICAO_PREVIA;100;0.010000
105;FAIXA_CREDITO__CREDITO_MUITO_ALTO;FAIXA_RENDA__RENDA_MUITO_ALTA + FAIXA_IDADE__IDADE_50_A_59 + FAIXA_CREDITOS_ATIVOS__TRES_OU_MAIS_CREDITOS_ATIVOS;1;3;4;0.010000;0.04;2.01;0.01;1.02;FAIXA_CREDITO__CREDITO_MUITO_ALTO + FAIXA_RENDA__RENDA_MUITO_ALTA + FAIXA_IDADE__IDADE_50_A_59 + FAIXA_CREDITOS_ATIVOS__TRES_OU_MAIS_CREDITOS_ATIVOS;100;0.010000
106;FAIXA_RENDA__RENDA_MUITO_ALTA + FAIXA_IDADE__IDADE_50_A_59 + FAIXA_CREDITOS_ATIVOS__TRES_OU_MAIS_CREDITOS_ATIVOS;FAIXA_CREDITO__CREDITO_MUITO_ALTO;3;1;4;0.010000;0.5;2.01;0.01;1.49;FAIXA_CREDITO__CREDITO_MUITO_ALTO + FAIXA_RENDA__RENDA_MUITO_ALTA + FAIXA_IDADE__IDADE_50_A_59 + FAIXA_CREDITOS_ATIVOS__TRES_OU_MAIS_CREDITOS_ATIVOS;100;0.010000
107;FAIXA_RENDA__RENDA_BAIXA + CATEGORIA_FILHOS__SEM_FILHOS + POSSE_CARRO__SEM_CARRO + SITUACAO_FAMILIAR__CASADO_OU_UNIAO_CIVIL;FAIXA_IDADE__IDADE_60_OU_MAIS + FAIXA_CREDITOS_ATIVOS__UM_A_DOIS_CREDITOS_ATIVOS + FAIXA_TAXA_REJEICAO__SEM_REJEICAO_PREVIA;4;3;7;0.010000;0.08;2.01;0.01;1.05;FAIXA_RENDA__RENDA_BAIXA + FAIXA_IDADE__IDADE_60_OU_MAIS + CATEGORIA_FILHOS__SEM_FILHOS + POSSE_CARRO__SEM_CARRO + SITUACAO_FAMILIAR__CASADO_OU_UNIAO_CIVIL + FAIXA_CREDITOS_ATIVOS__UM_A_DOIS_CREDITOS_ATIVOS + FAIXA_TAXA_REJEICAO__SEM_REJEICAO_PREVIA;100;0.010000
108;FAIXA_IDADE__IDADE_60_OU_MAIS + FAIXA_CREDITOS_ATIVOS__UM_A_DOIS_CREDITOS_ATIVOS + FAIXA_TAXA_REJEICAO__SEM_REJEICAO_PREVIA;FAIXA_RENDA__RENDA_BAIXA + CATEGORIA_FILHOS__SEM_FILHOS + POSSE_CARRO__SEM_CARRO + SITUACAO_FAMILIAR__CASADO_OU_UNIAO_CIVIL;3;4;7;0.010000;0.24;2.01;0.01;1.15;FAIXA_RENDA__RENDA_BAIXA + FAIXA_IDADE__IDADE_60_OU_MAIS + CATEGORIA_FILHOS__SEM_FILHOS + POSSE_CARRO__SEM_CARRO + SITUACAO_FAMILIAR__CASADO_OU_UNIAO_CIVIL + FAIXA_CREDITOS_ATIVOS__UM_A_DOIS_CREDITOS_ATIVOS + FAIXA_TAXA_REJEICAO__SEM_REJEICAO_PREVIA;100;0.010000
109;FAIXA_IDADE__IDADE_60_OU_MAIS + SITUACAO_FAMILIAR__CASADO_OU_UNIAO_CIVIL + FAIXA_CREDITOS_ATIVOS__UM_A_DOIS_CREDITOS_ATIVOS;FAIXA_RENDA__RENDA_BAIXA + CATEGORIA_FILHOS__SEM_FILHOS + POSSE_CARRO__SEM_CARRO + FAIXA_TAXA_REJEICAO__SEM_REJEICAO_PREVIA;3;4;7;0.010000;0.27;2;0.01;1.18;FAIXA_RENDA__RENDA_BAIXA + FAIXA_IDADE__IDADE_60_OU_MAIS + CATEGORIA_FILHOS__SEM_FILHOS + POSSE_CARRO__SEM_CARRO + SITUACAO_FAMILIAR__CASADO_OU_UNIAO_CIVIL + FAIXA_CREDITOS_ATIVOS__UM_A_DOIS_CREDITOS_ATIVOS + FAIXA_TAXA_REJEICAO__SEM_REJEICAO_PREVIA;100;0.010000
110;FAIXA_RENDA__RENDA_BAIXA + CATEGORIA_FILHOS__SEM_FILHOS + POSSE_CARRO__SEM_CARRO + FAIXA_TAXA_REJEICAO__SEM_REJEICAO_PREVIA;FAIXA_IDADE__IDADE_60_OU_MAIS + SITUACAO_FAMILIAR__CASADO_OU_UNIAO_CIVIL + FAIXA_CREDITOS_ATIVOS__UM_A_DOIS_CREDITOS_ATIVOS;4;3;7;0.010000;0.07;2;0.01;1.04;FAIXA_RENDA__RENDA_BAIXA + FAIXA_IDADE__IDADE_60_OU_MAIS + CATEGORIA_FILHOS__SEM_FILHOS + POSSE_CARRO__SEM_CARRO + SITUACAO_FAMILIAR__CASADO_OU_UNIAO_CIVIL + FAIXA_CREDITOS_ATIVOS__UM_A_DOIS_CREDITOS_ATIVOS + FAIXA_TAXA_REJEICAO__SEM_REJEICAO_PREVIA;100;0.010000
111;FAIXA_CREDITO__CREDITO_BAIXO + CATEGORIA_FILHOS__SEM_FILHOS;FAIXA_RENDA__RENDA_BAIXA + FAIXA_IDADE__IDADE_50_A_59 + FAIXA_CREDITOS_ATIVOS__UM_A_DOIS_CREDITOS_ATIVOS;2;3;5;0.010000;0.06;1.98;0;1.03;FAIXA_CREDITO__CREDITO_BAIXO + FAIXA_RENDA__RENDA_BAIXA + FAIXA_IDADE__IDADE_50_A_59 + CATEGORIA_FILHOS__SEM_FILHOS + FAIXA_CREDITOS_ATIVOS__UM_A_DOIS_CREDITOS_ATIVOS;100;0.010000
112;FAIXA_RENDA__RENDA_BAIXA + FAIXA_IDADE__IDADE_50_A_59 + FAIXA_CREDITOS_ATIVOS__UM_A_DOIS_CREDITOS_ATIVOS;FAIXA_CREDITO__CREDITO_BAIXO + CATEGORIA_FILHOS__SEM_FILHOS;3;2;5;0.010000;0.35;1.98;0;1.26;FAIXA_CREDITO__CREDITO_BAIXO + FAIXA_RENDA__RENDA_BAIXA + FAIXA_IDADE__IDADE_50_A_59 + CATEGORIA_FILHOS__SEM_FILHOS + FAIXA_CREDITOS_ATIVOS__UM_A_DOIS_CREDITOS_ATIVOS;100;0.010000
113;FAIXA_IDADE__IDADE_60_OU_MAIS + POSSE_CARRO__SEM_CARRO + FAIXA_CREDITOS_ATIVOS__UM_A_DOIS_CREDITOS_ATIVOS + FAIXA_TAXA_REJEICAO__SEM_REJEICAO_PREVIA;FAIXA_RENDA__RENDA_BAIXA + CATEGORIA_FILHOS__SEM_FILHOS + SITUACAO_FAMILIAR__CASADO_OU_UNIAO_CIVIL;4;3;7;0.010000;0.3;1.96;0;1.21;FAIXA_RENDA__RENDA_BAIXA + FAIXA_IDADE__IDADE_60_OU_MAIS + CATEGORIA_FILHOS__SEM_FILHOS + POSSE_CARRO__SEM_CARRO + SITUACAO_FAMILIAR__CASADO_OU_UNIAO_CIVIL + FAIXA_CREDITOS_ATIVOS__UM_A_DOIS_CREDITOS_ATIVOS + FAIXA_TAXA_REJEICAO__SEM_REJEICAO_PREVIA;100;0.010000
114;FAIXA_RENDA__RENDA_BAIXA + CATEGORIA_FILHOS__SEM_FILHOS + SITUACAO_FAMILIAR__CASADO_OU_UNIAO_CIVIL;FAIXA_IDADE__IDADE_60_OU_MAIS + POSSE_CARRO__SEM_CARRO + FAIXA_CREDITOS_ATIVOS__UM_A_DOIS_CREDITOS_ATIVOS + FAIXA_TAXA_REJEICAO__SEM_REJEICAO_PREVIA;3;4;7;0.010000;0.06;1.96;0;1.03;FAIXA_RENDA__RENDA_BAIXA + FAIXA_IDADE__IDADE_60_OU_MAIS + CATEGORIA_FILHOS__SEM_FILHOS + POSSE_CARRO__SEM_CARRO + SITUACAO_FAMILIAR__CASADO_OU_UNIAO_CIVIL + FAIXA_CREDITOS_ATIVOS__UM_A_DOIS_CREDITOS_ATIVOS + FAIXA_TAXA_REJEICAO__SEM_REJEICAO_PREVIA;100;0.010000
115;FAIXA_IDADE__IDADE_60_OU_MAIS + POSSE_CARRO__SEM_CARRO + FAIXA_TAXA_REJEICAO__SEM_REJEICAO_PREVIA;FAIXA_RENDA__RENDA_BAIXA + CATEGORIA_FILHOS__SEM_FILHOS + SITUACAO_FAMILIAR__CASADO_OU_UNIAO_CIVIL + FAIXA_CREDITOS_ATIVOS__UM_A_DOIS_CREDITOS_ATIVOS;3;4;7;0.010000;0.13;1.95;0;1.07;FAIXA_RENDA__RENDA_BAIXA + FAIXA_IDADE__IDADE_60_OU_MAIS + CATEGORIA_FILHOS__SEM_FILHOS + POSSE_CARRO__SEM_CARRO + SITUACAO_FAMILIAR__CASADO_OU_UNIAO_CIVIL + FAIXA_CREDITOS_ATIVOS__UM_A_DOIS_CREDITOS_ATIVOS + FAIXA_TAXA_REJEICAO__SEM_REJEICAO_PREVIA;100;0.010000
116;FAIXA_RENDA__RENDA_BAIXA + CATEGORIA_FILHOS__SEM_FILHOS + SITUACAO_FAMILIAR__CASADO_OU_UNIAO_CIVIL + FAIXA_CREDITOS_ATIVOS__UM_A_DOIS_CREDITOS_ATIVOS;FAIXA_IDADE__IDADE_60_OU_MAIS + POSSE_CARRO__SEM_CARRO + FAIXA_TAXA_REJEICAO__SEM_REJEICAO_PREVIA;4;3;7;0.010000;0.15;1.95;0;1.09;FAIXA_RENDA__RENDA_BAIXA + FAIXA_IDADE__IDADE_60_OU_MAIS + CATEGORIA_FILHOS__SEM_FILHOS + POSSE_CARRO__SEM_CARRO + SITUACAO_FAMILIAR__CASADO_OU_UNIAO_CIVIL + FAIXA_CREDITOS_ATIVOS__UM_A_DOIS_CREDITOS_ATIVOS + FAIXA_TAXA_REJEICAO__SEM_REJEICAO_PREVIA;100;0.010000
117;CATEGORIA_FILHOS__SEM_FILHOS + POSSE_CARRO__SEM_CARRO + FAIXA_TAXA_REJEICAO__REJEICAO_PREVIA_ACIMA_25_PCT;FAIXA_IDADE__IDADE_50_A_59 + FAIXA_CREDITOS_ATIVOS__TRES_OU_MAIS_CREDITOS_ATIVOS;3;2;5;0.010000;0.12;1.94;0;1.07;FAIXA_IDADE__IDADE_50_A_59 + CATEGORIA_FILHOS__SEM_FILHOS + POSSE_CARRO__SEM_CARRO + FAIXA_CREDITOS_ATIVOS__TRES_OU_MAIS_CREDITOS_ATIVOS + FAIXA_TAXA_REJEICAO__REJEICAO_PREVIA_ACIMA_25_PCT;100;0.010000
118;FAIXA_IDADE__IDADE_50_A_59 + FAIXA_CREDITOS_ATIVOS__TRES_OU_MAIS_CREDITOS_ATIVOS;CATEGORIA_FILHOS__SEM_FILHOS + POSSE_CARRO__SEM_CARRO + FAIXA_TAXA_REJEICAO__REJEICAO_PREVIA_ACIMA_25_PCT;2;3;5;0.010000;0.16;1.94;0;1.09;FAIXA_IDADE__IDADE_50_A_59 + CATEGORIA_FILHOS__SEM_FILHOS + POSSE_CARRO__SEM_CARRO + FAIXA_CREDITOS_ATIVOS__TRES_OU_MAIS_CREDITOS_ATIVOS + FAIXA_TAXA_REJEICAO__REJEICAO_PREVIA_ACIMA_25_PCT;100;0.010000
119;FAIXA_IDADE__IDADE_60_OU_MAIS + FAIXA_CREDITOS_ATIVOS__UM_A_DOIS_CREDITOS_ATIVOS;FAIXA_RENDA__RENDA_BAIXA + CATEGORIA_FILHOS__SEM_FILHOS + POSSE_CARRO__SEM_CARRO + SITUACAO_FAMILIAR__CASADO_OU_UNIAO_CIVIL + FAIXA_TAXA_REJEICAO__SEM_REJEICAO_PREVIA;2;5;7;0.010000;0.17;1.94;0;1.1;FAIXA_RENDA__RENDA_BAIXA + FAIXA_IDADE__IDADE_60_OU_MAIS + CATEGORIA_FILHOS__SEM_FILHOS + POSSE_CARRO__SEM_CARRO + SITUACAO_FAMILIAR__CASADO_OU_UNIAO_CIVIL + FAIXA_CREDITOS_ATIVOS__UM_A_DOIS_CREDITOS_ATIVOS + FAIXA_TAXA_REJEICAO__SEM_REJEICAO_PREVIA;100;0.010000
120;FAIXA_RENDA__RENDA_BAIXA + CATEGORIA_FILHOS__SEM_FILHOS + POSSE_CARRO__SEM_CARRO + SITUACAO_FAMILIAR__CASADO_OU_UNIAO_CIVIL + FAIXA_TAXA_REJEICAO__SEM_REJEICAO_PREVIA;FAIXA_IDADE__IDADE_60_OU_MAIS + FAIXA_CREDITOS_ATIVOS__UM_A_DOIS_CREDITOS_ATIVOS;5;2;7;0.010000;0.11;1.94;0;1.06;FAIXA_RENDA__RENDA_BAIXA + FAIXA_IDADE__IDADE_60_OU_MAIS + CATEGORIA_FILHOS__SEM_FILHOS + POSSE_CARRO__SEM_CARRO + SITUACAO_FAMILIAR__CASADO_OU_UNIAO_CIVIL + FAIXA_CREDITOS_ATIVOS__UM_A_DOIS_CREDITOS_ATIVOS + FAIXA_TAXA_REJEICAO__SEM_REJEICAO_PREVIA;100;0.010000
121;FAIXA_CREDITO__CREDITO_BAIXO;FAIXA_RENDA__RENDA_BAIXA + FAIXA_IDADE__IDADE_21_A_29 + CATEGORIA_FILHOS__SEM_FILHOS + POSSE_CARRO__SEM_CARRO;1;4;5;0.010000;0.04;1.94;0;1.02;FAIXA_CREDITO__CREDITO_BAIXO + FAIXA_RENDA__RENDA_BAIXA + FAIXA_IDADE__IDADE_21_A_29 + CATEGORIA_FILHOS__SEM_FILHOS + POSSE_CARRO__SEM_CARRO;100;0.010000
122;FAIXA_RENDA__RENDA_BAIXA + FAIXA_IDADE__IDADE_21_A_29 + CATEGORIA_FILHOS__SEM_FILHOS + POSSE_CARRO__SEM_CARRO;FAIXA_CREDITO__CREDITO_BAIXO;4;1;5;0.010000;0.5;1.94;0;1.46;FAIXA_CREDITO__CREDITO_BAIXO + FAIXA_RENDA__RENDA_BAIXA + FAIXA_IDADE__IDADE_21_A_29 + CATEGORIA_FILHOS__SEM_FILHOS + POSSE_CARRO__SEM_CARRO;100;0.010000
123;FAIXA_RENDA__RENDA_BAIXA + CATEGORIA_FILHOS__SEM_FILHOS + POSSE_CARRO__SEM_CARRO + SITUACAO_FAMILIAR__CASADO_OU_UNIAO_CIVIL + FAIXA_CREDITOS_ATIVOS__UM_A_DOIS_CREDITOS_ATIVOS + FAIXA_TAXA_REJEICAO__SEM_REJEICAO_PREVIA;FAIXA_IDADE__IDADE_60_OU_MAIS;6;1;7;0.010000;0.27;1.92;0;1.18;FAIXA_RENDA__RENDA_BAIXA + FAIXA_IDADE__IDADE_60_OU_MAIS + CATEGORIA_FILHOS__SEM_FILHOS + POSSE_CARRO__SEM_CARRO + SITUACAO_FAMILIAR__CASADO_OU_UNIAO_CIVIL + FAIXA_CREDITOS_ATIVOS__UM_A_DOIS_CREDITOS_ATIVOS + FAIXA_TAXA_REJEICAO__SEM_REJEICAO_PREVIA;100;0.010000
124;FAIXA_IDADE__IDADE_60_OU_MAIS;FAIXA_RENDA__RENDA_BAIXA + CATEGORIA_FILHOS__SEM_FILHOS + POSSE_CARRO__SEM_CARRO + SITUACAO_FAMILIAR__CASADO_OU_UNIAO_CIVIL + FAIXA_CREDITOS_ATIVOS__UM_A_DOIS_CREDITOS_ATIVOS + FAIXA_TAXA_REJEICAO__SEM_REJEICAO_PREVIA;1;6;7;0.010000;0.07;1.92;0;1.04;FAIXA_RENDA__RENDA_BAIXA + FAIXA_IDADE__IDADE_60_OU_MAIS + CATEGORIA_FILHOS__SEM_FILHOS + POSSE_CARRO__SEM_CARRO + SITUACAO_FAMILIAR__CASADO_OU_UNIAO_CIVIL + FAIXA_CREDITOS_ATIVOS__UM_A_DOIS_CREDITOS_ATIVOS + FAIXA_TAXA_REJEICAO__SEM_REJEICAO_PREVIA;100;0.010000
125;FAIXA_IDADE__IDADE_60_OU_MAIS + POSSE_CARRO__SEM_CARRO + FAIXA_CREDITOS_ATIVOS__UM_A_DOIS_CREDITOS_ATIVOS;FAIXA_RENDA__RENDA_BAIXA + CATEGORIA_FILHOS__SEM_FILHOS + SITUACAO_FAMILIAR__CASADO_OU_UNIAO_CIVIL + FAIXA_TAXA_REJEICAO__SEM_REJEICAO_PREVIA;3;4;7;0.010000;0.22;1.92;0;1.13;FAIXA_RENDA__RENDA_BAIXA + FAIXA_IDADE__IDADE_60_OU_MAIS + CATEGORIA_FILHOS__SEM_FILHOS + POSSE_CARRO__SEM_CARRO + SITUACAO_FAMILIAR__CASADO_OU_UNIAO_CIVIL + FAIXA_CREDITOS_ATIVOS__UM_A_DOIS_CREDITOS_ATIVOS + FAIXA_TAXA_REJEICAO__SEM_REJEICAO_PREVIA;100;0.010000
126;FAIXA_RENDA__RENDA_BAIXA + CATEGORIA_FILHOS__SEM_FILHOS + SITUACAO_FAMILIAR__CASADO_OU_UNIAO_CIVIL + FAIXA_TAXA_REJEICAO__SEM_REJEICAO_PREVIA;FAIXA_IDADE__IDADE_60_OU_MAIS + POSSE_CARRO__SEM_CARRO + FAIXA_CREDITOS_ATIVOS__UM_A_DOIS_CREDITOS_ATIVOS;4;3;7;0.010000;0.09;1.92;0;1.05;FAIXA_RENDA__RENDA_BAIXA + FAIXA_IDADE__IDADE_60_OU_MAIS + CATEGORIA_FILHOS__SEM_FILHOS + POSSE_CARRO__SEM_CARRO + SITUACAO_FAMILIAR__CASADO_OU_UNIAO_CIVIL + FAIXA_CREDITOS_ATIVOS__UM_A_DOIS_CREDITOS_ATIVOS + FAIXA_TAXA_REJEICAO__SEM_REJEICAO_PREVIA;100;0.010000
127;FAIXA_CREDITO__CREDITO_ALTO + FAIXA_RENDA__RENDA_BAIXA + CATEGORIA_FILHOS__SEM_FILHOS + SITUACAO_FAMILIAR__CASADO_OU_UNIAO_CIVIL;FAIXA_IDADE__IDADE_50_A_59 + FAIXA_TAXA_REJEICAO__SEM_REJEICAO_PREVIA;4;2;6;0.010000;0.28;1.9;0;1.18;FAIXA_CREDITO__CREDITO_ALTO + FAIXA_RENDA__RENDA_BAIXA + FAIXA_IDADE__IDADE_50_A_59 + CATEGORIA_FILHOS__SEM_FILHOS + SITUACAO_FAMILIAR__CASADO_OU_UNIAO_CIVIL + FAIXA_TAXA_REJEICAO__SEM_REJEICAO_PREVIA;100;0.010000
128;FAIXA_IDADE__IDADE_50_A_59 + FAIXA_TAXA_REJEICAO__SEM_REJEICAO_PREVIA;FAIXA_CREDITO__CREDITO_ALTO + FAIXA_RENDA__RENDA_BAIXA + CATEGORIA_FILHOS__SEM_FILHOS + SITUACAO_FAMILIAR__CASADO_OU_UNIAO_CIVIL;2;4;6;0.010000;0.07;1.9;0;1.03;FAIXA_CREDITO__CREDITO_ALTO + FAIXA_RENDA__RENDA_BAIXA + FAIXA_IDADE__IDADE_50_A_59 + CATEGORIA_FILHOS__SEM_FILHOS + SITUACAO_FAMILIAR__CASADO_OU_UNIAO_CIVIL + FAIXA_TAXA_REJEICAO__SEM_REJEICAO_PREVIA;100;0.010000
129;CATEGORIA_FILHOS__SEM_FILHOS + POSSE_CARRO__SEM_CARRO;FAIXA_IDADE__IDADE_60_OU_MAIS + SITUACAO_FAMILIAR__SEPARADO_VIUVO_OU_NAO_INFORMADO + FAIXA_CREDITOS_ATIVOS__UM_A_DOIS_CREDITOS_ATIVOS + FAIXA_TAXA_REJEICAO__SEM_REJEICAO_PREVIA;2;4;6;0.010000;0.02;1.87;0;1.01;FAIXA_IDADE__IDADE_60_OU_MAIS + CATEGORIA_FILHOS__SEM_FILHOS + POSSE_CARRO__SEM_CARRO + SITUACAO_FAMILIAR__SEPARADO_VIUVO_OU_NAO_INFORMADO + FAIXA_CREDITOS_ATIVOS__UM_A_DOIS_CREDITOS_ATIVOS + FAIXA_TAXA_REJEICAO__SEM_REJEICAO_PREVIA;100;0.010000
130;FAIXA_IDADE__IDADE_60_OU_MAIS + SITUACAO_FAMILIAR__SEPARADO_VIUVO_OU_NAO_INFORMADO + FAIXA_CREDITOS_ATIVOS__UM_A_DOIS_CREDITOS_ATIVOS + FAIXA_TAXA_REJEICAO__SEM_REJEICAO_PREVIA;CATEGORIA_FILHOS__SEM_FILHOS + POSSE_CARRO__SEM_CARRO;4;2;6;0.010000;0.9;1.87;0;4.8;FAIXA_IDADE__IDADE_60_OU_MAIS + CATEGORIA_FILHOS__SEM_FILHOS + POSSE_CARRO__SEM_CARRO + SITUACAO_FAMILIAR__SEPARADO_VIUVO_OU_NAO_INFORMADO + FAIXA_CREDITOS_ATIVOS__UM_A_DOIS_CREDITOS_ATIVOS + FAIXA_TAXA_REJEICAO__SEM_REJEICAO_PREVIA;100;0.010000
131;CATEGORIA_FILHOS__SEM_FILHOS + POSSE_CARRO__SEM_CARRO + FAIXA_CREDITOS_ATIVOS__UM_A_DOIS_CREDITOS_ATIVOS;FAIXA_IDADE__IDADE_60_OU_MAIS + SITUACAO_FAMILIAR__SEPARADO_VIUVO_OU_NAO_INFORMADO + FAIXA_TAXA_REJEICAO__SEM_REJEICAO_PREVIA;3;3;6;0.010000;0.05;1.86;0;1.02;FAIXA_IDADE__IDADE_60_OU_MAIS + CATEGORIA_FILHOS__SEM_FILHOS + POSSE_CARRO__SEM_CARRO + SITUACAO_FAMILIAR__SEPARADO_VIUVO_OU_NAO_INFORMADO + FAIXA_CREDITOS_ATIVOS__UM_A_DOIS_CREDITOS_ATIVOS + FAIXA_TAXA_REJEICAO__SEM_REJEICAO_PREVIA;100;0.010000
132;FAIXA_IDADE__IDADE_60_OU_MAIS + SITUACAO_FAMILIAR__SEPARADO_VIUVO_OU_NAO_INFORMADO + FAIXA_TAXA_REJEICAO__SEM_REJEICAO_PREVIA;CATEGORIA_FILHOS__SEM_FILHOS + POSSE_CARRO__SEM_CARRO + FAIXA_CREDITOS_ATIVOS__UM_A_DOIS_CREDITOS_ATIVOS;3;3;6;0.010000;0.38;1.86;0;1.27;FAIXA_IDADE__IDADE_60_OU_MAIS + CATEGORIA_FILHOS__SEM_FILHOS + POSSE_CARRO__SEM_CARRO + SITUACAO_FAMILIAR__SEPARADO_VIUVO_OU_NAO_INFORMADO + FAIXA_CREDITOS_ATIVOS__UM_A_DOIS_CREDITOS_ATIVOS + FAIXA_TAXA_REJEICAO__SEM_REJEICAO_PREVIA;100;0.010000
133;FAIXA_IDADE__IDADE_50_A_59 + POSSE_CARRO__SEM_CARRO + FAIXA_CREDITOS_ATIVOS__TRES_OU_MAIS_CREDITOS_ATIVOS;CATEGORIA_FILHOS__SEM_FILHOS + FAIXA_TAXA_REJEICAO__REJEICAO_PREVIA_ACIMA_25_PCT;3;2;5;0.010000;0.22;1.86;0;1.13;FAIXA_IDADE__IDADE_50_A_59 + CATEGORIA_FILHOS__SEM_FILHOS + POSSE_CARRO__SEM_CARRO + FAIXA_CREDITOS_ATIVOS__TRES_OU_MAIS_CREDITOS_ATIVOS + FAIXA_TAXA_REJEICAO__REJEICAO_PREVIA_ACIMA_25_PCT;100;0.010000
134;CATEGORIA_FILHOS__SEM_FILHOS + FAIXA_TAXA_REJEICAO__REJEICAO_PREVIA_ACIMA_25_PCT;FAIXA_IDADE__IDADE_50_A_59 + POSSE_CARRO__SEM_CARRO + FAIXA_CREDITOS_ATIVOS__TRES_OU_MAIS_CREDITOS_ATIVOS;2;3;5;0.010000;0.08;1.86;0;1.04;FAIXA_IDADE__IDADE_50_A_59 + CATEGORIA_FILHOS__SEM_FILHOS + POSSE_CARRO__SEM_CARRO + FAIXA_CREDITOS_ATIVOS__TRES_OU_MAIS_CREDITOS_ATIVOS + FAIXA_TAXA_REJEICAO__REJEICAO_PREVIA_ACIMA_25_PCT;100;0.010000
135;FAIXA_RENDA__RENDA_BAIXA + POSSE_CARRO__SEM_CARRO;FAIXA_CREDITO__CREDITO_MEDIO + FAIXA_IDADE__IDADE_60_OU_MAIS + FAIXA_TAXA_REJEICAO__SEM_REJEICAO_PREVIA;2;3;5;0.010000;0.04;1.85;0;1.02;FAIXA_CREDITO__CREDITO_MEDIO + FAIXA_RENDA__RENDA_BAIXA + FAIXA_IDADE__IDADE_60_OU_MAIS + POSSE_CARRO__SEM_CARRO + FAIXA_TAXA_REJEICAO__SEM_REJEICAO_PREVIA;100;0.010000
136;FAIXA_CREDITO__CREDITO_MEDIO + FAIXA_IDADE__IDADE_60_OU_MAIS + FAIXA_TAXA_REJEICAO__SEM_REJEICAO_PREVIA;FAIXA_RENDA__RENDA_BAIXA + POSSE_CARRO__SEM_CARRO;3;2;5;0.010000;0.47;1.85;0;1.4;FAIXA_CREDITO__CREDITO_MEDIO + FAIXA_RENDA__RENDA_BAIXA + FAIXA_IDADE__IDADE_60_OU_MAIS + POSSE_CARRO__SEM_CARRO + FAIXA_TAXA_REJEICAO__SEM_REJEICAO_PREVIA;100;0.010000
137;FAIXA_RENDA__RENDA_BAIXA + FAIXA_IDADE__IDADE_40_A_49;FAIXA_CREDITO__CREDITO_BAIXO + POSSE_CARRO__SEM_CARRO + SITUACAO_FAMILIAR__CASADO_OU_UNIAO_CIVIL + FAIXA_TAXA_REJEICAO__SEM_REJEICAO_PREVIA;2;4;6;0.010000;0.14;1.84;0;1.07;FAIXA_CREDITO__CREDITO_BAIXO + FAIXA_RENDA__RENDA_BAIXA + FAIXA_IDADE__IDADE_40_A_49 + POSSE_CARRO__SEM_CARRO + SITUACAO_FAMILIAR__CASADO_OU_UNIAO_CIVIL + FAIXA_TAXA_REJEICAO__SEM_REJEICAO_PREVIA;100;0.010000
138;FAIXA_CREDITO__CREDITO_BAIXO + POSSE_CARRO__SEM_CARRO + SITUACAO_FAMILIAR__CASADO_OU_UNIAO_CIVIL + FAIXA_TAXA_REJEICAO__SEM_REJEICAO_PREVIA;FAIXA_RENDA__RENDA_BAIXA + FAIXA_IDADE__IDADE_40_A_49;4;2;6;0.010000;0.13;1.84;0;1.07;FAIXA_CREDITO__CREDITO_BAIXO + FAIXA_RENDA__RENDA_BAIXA + FAIXA_IDADE__IDADE_40_A_49 + POSSE_CARRO__SEM_CARRO + SITUACAO_FAMILIAR__CASADO_OU_UNIAO_CIVIL + FAIXA_TAXA_REJEICAO__SEM_REJEICAO_PREVIA;100;0.010000
139;FAIXA_RENDA__RENDA_BAIXA + SITUACAO_FAMILIAR__CASADO_OU_UNIAO_CIVIL;FAIXA_CREDITO__CREDITO_BAIXO + FAIXA_IDADE__IDADE_40_A_49 + POSSE_CARRO__SEM_CARRO + FAIXA_TAXA_REJEICAO__SEM_REJEICAO_PREVIA;2;4;6;0.010000;0.04;1.84;0;1.02;FAIXA_CREDITO__CREDITO_BAIXO + FAIXA_RENDA__RENDA_BAIXA + FAIXA_IDADE__IDADE_40_A_49 + POSSE_CARRO__SEM_CARRO + SITUACAO_FAMILIAR__CASADO_OU_UNIAO_CIVIL + FAIXA_TAXA_REJEICAO__SEM_REJEICAO_PREVIA;100;0.010000
140;FAIXA_CREDITO__CREDITO_BAIXO + FAIXA_IDADE__IDADE_40_A_49 + POSSE_CARRO__SEM_CARRO + FAIXA_TAXA_REJEICAO__SEM_REJEICAO_PREVIA;FAIXA_RENDA__RENDA_BAIXA + SITUACAO_FAMILIAR__CASADO_OU_UNIAO_CIVIL;4;2;6;0.010000;0.43;1.84;0;1.33;FAIXA_CREDITO__CREDITO_BAIXO + FAIXA_RENDA__RENDA_BAIXA + FAIXA_IDADE__IDADE_40_A_49 + POSSE_CARRO__SEM_CARRO + SITUACAO_FAMILIAR__CASADO_OU_UNIAO_CIVIL + FAIXA_TAXA_REJEICAO__SEM_REJEICAO_PREVIA;100;0.010000
141;FAIXA_IDADE__IDADE_60_OU_MAIS + POSSE_CARRO__SEM_CARRO;FAIXA_RENDA__RENDA_BAIXA + CATEGORIA_FILHOS__SEM_FILHOS + SITUACAO_FAMILIAR__CASADO_OU_UNIAO_CIVIL + FAIXA_CREDITOS_ATIVOS__UM_A_DOIS_CREDITOS_ATIVOS + FAIXA_TAXA_REJEICAO__SEM_REJEICAO_PREVIA;2;5;7;0.010000;0.09;1.84;0;1.04;FAIXA_RENDA__RENDA_BAIXA + FAIXA_IDADE__IDADE_60_OU_MAIS + CATEGORIA_FILHOS__SEM_FILHOS + POSSE_CARRO__SEM_CARRO + SITUACAO_FAMILIAR__CASADO_OU_UNIAO_CIVIL + FAIXA_CREDITOS_ATIVOS__UM_A_DOIS_CREDITOS_ATIVOS + FAIXA_TAXA_REJEICAO__SEM_REJEICAO_PREVIA;100;0.010000
142;FAIXA_RENDA__RENDA_BAIXA + CATEGORIA_FILHOS__SEM_FILHOS + SITUACAO_FAMILIAR__CASADO_OU_UNIAO_CIVIL + FAIXA_CREDITOS_ATIVOS__UM_A_DOIS_CREDITOS_ATIVOS + FAIXA_TAXA_REJEICAO__SEM_REJEICAO_PREVIA;FAIXA_IDADE__IDADE_60_OU_MAIS + POSSE_CARRO__SEM_CARRO;5;2;7;0.010000;0.21;1.84;0;1.12;FAIXA_RENDA__RENDA_BAIXA + FAIXA_IDADE__IDADE_60_OU_MAIS + CATEGORIA_FILHOS__SEM_FILHOS + POSSE_CARRO__SEM_CARRO + SITUACAO_FAMILIAR__CASADO_OU_UNIAO_CIVIL + FAIXA_CREDITOS_ATIVOS__UM_A_DOIS_CREDITOS_ATIVOS + FAIXA_TAXA_REJEICAO__SEM_REJEICAO_PREVIA;100;0.010000
143;FAIXA_CREDITO__CREDITO_MUITO_ALTO + FAIXA_IDADE__IDADE_50_A_59;FAIXA_RENDA__RENDA_MUITO_ALTA + FAIXA_CREDITOS_ATIVOS__TRES_OU_MAIS_CREDITOS_ATIVOS;2;2;4;0.010000;0.15;1.83;0;1.08;FAIXA_CREDITO__CREDITO_MUITO_ALTO + FAIXA_RENDA__RENDA_MUITO_ALTA + FAIXA_IDADE__IDADE_50_A_59 + FAIXA_CREDITOS_ATIVOS__TRES_OU_MAIS_CREDITOS_ATIVOS;100;0.010000
144;FAIXA_RENDA__RENDA_MUITO_ALTA + FAIXA_CREDITOS_ATIVOS__TRES_OU_MAIS_CREDITOS_ATIVOS;FAIXA_CREDITO__CREDITO_MUITO_ALTO + FAIXA_IDADE__IDADE_50_A_59;2;2;4;0.010000;0.12;1.83;0;1.06;FAIXA_CREDITO__CREDITO_MUITO_ALTO + FAIXA_RENDA__RENDA_MUITO_ALTA + FAIXA_IDADE__IDADE_50_A_59 + FAIXA_CREDITOS_ATIVOS__TRES_OU_MAIS_CREDITOS_ATIVOS;100;0.010000
145;CATEGORIA_FILHOS__SEM_FILHOS + FAIXA_CREDITOS_ATIVOS__SEM_CREDITOS_ATIVOS;FAIXA_CREDITO__CREDITO_MEDIO + SITUACAO_FAMILIAR__SOLTEIRO + FAIXA_TAXA_REJEICAO__SEM_REJEICAO_PREVIA;2;3;5;0.010000;0.05;1.82;0;1.02;FAIXA_CREDITO__CREDITO_MEDIO + CATEGORIA_FILHOS__SEM_FILHOS + SITUACAO_FAMILIAR__SOLTEIRO + FAIXA_CREDITOS_ATIVOS__SEM_CREDITOS_ATIVOS + FAIXA_TAXA_REJEICAO__SEM_REJEICAO_PREVIA;100;0.010000
146;FAIXA_CREDITO__CREDITO_MEDIO + SITUACAO_FAMILIAR__SOLTEIRO + FAIXA_TAXA_REJEICAO__SEM_REJEICAO_PREVIA;CATEGORIA_FILHOS__SEM_FILHOS + FAIXA_CREDITOS_ATIVOS__SEM_CREDITOS_ATIVOS;3;2;5;0.010000;0.38;1.82;0;1.27;FAIXA_CREDITO__CREDITO_MEDIO + CATEGORIA_FILHOS__SEM_FILHOS + SITUACAO_FAMILIAR__SOLTEIRO + FAIXA_CREDITOS_ATIVOS__SEM_CREDITOS_ATIVOS + FAIXA_TAXA_REJEICAO__SEM_REJEICAO_PREVIA;100;0.010000
147;FAIXA_RENDA__RENDA_BAIXA + FAIXA_IDADE__IDADE_60_OU_MAIS + SITUACAO_FAMILIAR__CASADO_OU_UNIAO_CIVIL;CATEGORIA_FILHOS__SEM_FILHOS + POSSE_CARRO__SEM_CARRO + FAIXA_CREDITOS_ATIVOS__UM_A_DOIS_CREDITOS_ATIVOS + FAIXA_TAXA_REJEICAO__SEM_REJEICAO_PREVIA;3;4;7;0.010000;0.26;1.82;0;1.15;FAIXA_RENDA__RENDA_BAIXA + FAIXA_IDADE__IDADE_60_OU_MAIS + CATEGORIA_FILHOS__SEM_FILHOS + POSSE_CARRO__SEM_CARRO + SITUACAO_FAMILIAR__CASADO_OU_UNIAO_CIVIL + FAIXA_CREDITOS_ATIVOS__UM_A_DOIS_CREDITOS_ATIVOS + FAIXA_TAXA_REJEICAO__SEM_REJEICAO_PREVIA;100;0.010000
148;CATEGORIA_FILHOS__SEM_FILHOS + POSSE_CARRO__SEM_CARRO + FAIXA_CREDITOS_ATIVOS__UM_A_DOIS_CREDITOS_ATIVOS + FAIXA_TAXA_REJEICAO__SEM_REJEICAO_PREVIA;FAIXA_RENDA__RENDA_BAIXA + FAIXA_IDADE__IDADE_60_OU_MAIS + SITUACAO_FAMILIAR__CASADO_OU_UNIAO_CIVIL;4;3;7;0.010000;0.07;1.82;0;1.03;FAIXA_RENDA__RENDA_BAIXA + FAIXA_IDADE__IDADE_60_OU_MAIS + CATEGORIA_FILHOS__SEM_FILHOS + POSSE_CARRO__SEM_CARRO + SITUACAO_FAMILIAR__CASADO_OU_UNIAO_CIVIL + FAIXA_CREDITOS_ATIVOS__UM_A_DOIS_CREDITOS_ATIVOS + FAIXA_TAXA_REJEICAO__SEM_REJEICAO_PREVIA;100;0.010000
149;FAIXA_RENDA__RENDA_BAIXA + FAIXA_IDADE__IDADE_50_A_59;FAIXA_CREDITO__CREDITO_BAIXO + CATEGORIA_FILHOS__SEM_FILHOS + FAIXA_CREDITOS_ATIVOS__UM_A_DOIS_CREDITOS_ATIVOS;2;3;5;0.010000;0.14;1.81;0;1.07;FAIXA_CREDITO__CREDITO_BAIXO + FAIXA_RENDA__RENDA_BAIXA + FAIXA_IDADE__IDADE_50_A_59 + CATEGORIA_FILHOS__SEM_FILHOS + FAIXA_CREDITOS_ATIVOS__UM_A_DOIS_CREDITOS_ATIVOS;100;0.010000
150;FAIXA_CREDITO__CREDITO_BAIXO + CATEGORIA_FILHOS__SEM_FILHOS + FAIXA_CREDITOS_ATIVOS__UM_A_DOIS_CREDITOS_ATIVOS;FAIXA_RENDA__RENDA_BAIXA + FAIXA_IDADE__IDADE_50_A_59;3;2;5;0.010000;0.13;1.81;0;1.07;FAIXA_CREDITO__CREDITO_BAIXO + FAIXA_RENDA__RENDA_BAIXA + FAIXA_IDADE__IDADE_50_A_59 + CATEGORIA_FILHOS__SEM_FILHOS + FAIXA_CREDITOS_ATIVOS__UM_A_DOIS_CREDITOS_ATIVOS;100;0.010000
151;FAIXA_CREDITO__CREDITO_MEDIO + CATEGORIA_FILHOS__SEM_FILHOS + FAIXA_CREDITOS_ATIVOS__SEM_CREDITOS_ATIVOS;SITUACAO_FAMILIAR__SOLTEIRO + FAIXA_TAXA_REJEICAO__SEM_REJEICAO_PREVIA;3;2;5;0.010000;0.19;1.81;0;1.1;FAIXA_CREDITO__CREDITO_MEDIO + CATEGORIA_FILHOS__SEM_FILHOS + SITUACAO_FAMILIAR__SOLTEIRO + FAIXA_CREDITOS_ATIVOS__SEM_CREDITOS_ATIVOS + FAIXA_TAXA_REJEICAO__SEM_REJEICAO_PREVIA;100;0.010000
152;SITUACAO_FAMILIAR__SOLTEIRO + FAIXA_TAXA_REJEICAO__SEM_REJEICAO_PREVIA;FAIXA_CREDITO__CREDITO_MEDIO + CATEGORIA_FILHOS__SEM_FILHOS + FAIXA_CREDITOS_ATIVOS__SEM_CREDITOS_ATIVOS;2;3;5;0.010000;0.1;1.81;0;1.05;FAIXA_CREDITO__CREDITO_MEDIO + CATEGORIA_FILHOS__SEM_FILHOS + SITUACAO_FAMILIAR__SOLTEIRO + FAIXA_CREDITOS_ATIVOS__SEM_CREDITOS_ATIVOS + FAIXA_TAXA_REJEICAO__SEM_REJEICAO_PREVIA;100;0.010000
153;CATEGORIA_FILHOS__SEM_FILHOS + POSSE_CARRO__SEM_CARRO + FAIXA_TAXA_REJEICAO__SEM_REJEICAO_PREVIA;FAIXA_RENDA__RENDA_BAIXA + FAIXA_IDADE__IDADE_60_OU_MAIS + SITUACAO_FAMILIAR__CASADO_OU_UNIAO_CIVIL + FAIXA_CREDITOS_ATIVOS__UM_A_DOIS_CREDITOS_ATIVOS;3;4;7;0.010000;0.03;1.81;0;1.01;FAIXA_RENDA__RENDA_BAIXA + FAIXA_IDADE__IDADE_60_OU_MAIS + CATEGORIA_FILHOS__SEM_FILHOS + POSSE_CARRO__SEM_CARRO + SITUACAO_FAMILIAR__CASADO_OU_UNIAO_CIVIL + FAIXA_CREDITOS_ATIVOS__UM_A_DOIS_CREDITOS_ATIVOS + FAIXA_TAXA_REJEICAO__SEM_REJEICAO_PREVIA;100;0.010000
154;FAIXA_RENDA__RENDA_BAIXA + FAIXA_IDADE__IDADE_60_OU_MAIS + SITUACAO_FAMILIAR__CASADO_OU_UNIAO_CIVIL + FAIXA_CREDITOS_ATIVOS__UM_A_DOIS_CREDITOS_ATIVOS;CATEGORIA_FILHOS__SEM_FILHOS + POSSE_CARRO__SEM_CARRO + FAIXA_TAXA_REJEICAO__SEM_REJEICAO_PREVIA;4;3;7;0.010000;0.59;1.81;0;1.63;FAIXA_RENDA__RENDA_BAIXA + FAIXA_IDADE__IDADE_60_OU_MAIS + CATEGORIA_FILHOS__SEM_FILHOS + POSSE_CARRO__SEM_CARRO + SITUACAO_FAMILIAR__CASADO_OU_UNIAO_CIVIL + FAIXA_CREDITOS_ATIVOS__UM_A_DOIS_CREDITOS_ATIVOS + FAIXA_TAXA_REJEICAO__SEM_REJEICAO_PREVIA;100;0.010000
155;FAIXA_RENDA__RENDA_BAIXA + FAIXA_CREDITOS_ATIVOS__UM_A_DOIS_CREDITOS_ATIVOS;FAIXA_CREDITO__CREDITO_BAIXO + FAIXA_IDADE__IDADE_50_A_59 + CATEGORIA_FILHOS__SEM_FILHOS;2;3;5;0.010000;0.07;1.81;0;1.03;FAIXA_CREDITO__CREDITO_BAIXO + FAIXA_RENDA__RENDA_BAIXA + FAIXA_IDADE__IDADE_50_A_59 + CATEGORIA_FILHOS__SEM_FILHOS + FAIXA_CREDITOS_ATIVOS__UM_A_DOIS_CREDITOS_ATIVOS;100;0.010000
156;FAIXA_CREDITO__CREDITO_BAIXO + FAIXA_IDADE__IDADE_50_A_59 + CATEGORIA_FILHOS__SEM_FILHOS;FAIXA_RENDA__RENDA_BAIXA + FAIXA_CREDITOS_ATIVOS__UM_A_DOIS_CREDITOS_ATIVOS;3;2;5;0.010000;0.26;1.81;0;1.15;FAIXA_CREDITO__CREDITO_BAIXO + FAIXA_RENDA__RENDA_BAIXA + FAIXA_IDADE__IDADE_50_A_59 + CATEGORIA_FILHOS__SEM_FILHOS + FAIXA_CREDITOS_ATIVOS__UM_A_DOIS_CREDITOS_ATIVOS;100;0.010000
157;FAIXA_RENDA__RENDA_BAIXA;FAIXA_CREDITO__CREDITO_BAIXO + FAIXA_IDADE__IDADE_40_A_49 + POSSE_CARRO__SEM_CARRO + SITUACAO_FAMILIAR__CASADO_OU_UNIAO_CIVIL + FAIXA_TAXA_REJEICAO__SEM_REJEICAO_PREVIA;1;5;6;0.010000;0.03;1.8;0;1.01;FAIXA_CREDITO__CREDITO_BAIXO + FAIXA_RENDA__RENDA_BAIXA + FAIXA_IDADE__IDADE_40_A_49 + POSSE_CARRO__SEM_CARRO + SITUACAO_FAMILIAR__CASADO_OU_UNIAO_CIVIL + FAIXA_TAXA_REJEICAO__SEM_REJEICAO_PREVIA;100;0.010000
158;FAIXA_CREDITO__CREDITO_BAIXO + FAIXA_IDADE__IDADE_40_A_49 + POSSE_CARRO__SEM_CARRO + SITUACAO_FAMILIAR__CASADO_OU_UNIAO_CIVIL + FAIXA_TAXA_REJEICAO__SEM_REJEICAO_PREVIA;FAIXA_RENDA__RENDA_BAIXA;5;1;6;0.010000;0.59;1.8;0;1.62;FAIXA_CREDITO__CREDITO_BAIXO + FAIXA_RENDA__RENDA_BAIXA + FAIXA_IDADE__IDADE_40_A_49 + POSSE_CARRO__SEM_CARRO + SITUACAO_FAMILIAR__CASADO_OU_UNIAO_CIVIL + FAIXA_TAXA_REJEICAO__SEM_REJEICAO_PREVIA;100;0.010000
159;FAIXA_RENDA__RENDA_BAIXA + FAIXA_IDADE__IDADE_21_A_29;FAIXA_CREDITO__CREDITO_BAIXO + CATEGORIA_FILHOS__SEM_FILHOS + POSSE_CARRO__SEM_CARRO;2;3;5;0.010000;0.24;1.8;0;1.14;FAIXA_CREDITO__CREDITO_BAIXO + FAIXA_RENDA__RENDA_BAIXA + FAIXA_IDADE__IDADE_21_A_29 + CATEGORIA_FILHOS__SEM_FILHOS + POSSE_CARRO__SEM_CARRO;100;0.010000
160;FAIXA_CREDITO__CREDITO_BAIXO + CATEGORIA_FILHOS__SEM_FILHOS + POSSE_CARRO__SEM_CARRO;FAIXA_RENDA__RENDA_BAIXA + FAIXA_IDADE__IDADE_21_A_29;3;2;5;0.010000;0.08;1.8;0;1.04;FAIXA_CREDITO__CREDITO_BAIXO + FAIXA_RENDA__RENDA_BAIXA + FAIXA_IDADE__IDADE_21_A_29 + CATEGORIA_FILHOS__SEM_FILHOS + POSSE_CARRO__SEM_CARRO;100;0.010000
161;FAIXA_IDADE__IDADE_50_A_59 + SITUACAO_FAMILIAR__CASADO_OU_UNIAO_CIVIL + FAIXA_TAXA_REJEICAO__SEM_REJEICAO_PREVIA;FAIXA_CREDITO__CREDITO_ALTO + FAIXA_RENDA__RENDA_BAIXA + CATEGORIA_FILHOS__SEM_FILHOS;3;3;6;0.010000;0.09;1.79;0;1.04;FAIXA_CREDITO__CREDITO_ALTO + FAIXA_RENDA__RENDA_BAIXA + FAIXA_IDADE__IDADE_50_A_59 + CATEGORIA_FILHOS__SEM_FILHOS + SITUACAO_FAMILIAR__CASADO_OU_UNIAO_CIVIL + FAIXA_TAXA_REJEICAO__SEM_REJEICAO_PREVIA;100;0.010000
162;FAIXA_CREDITO__CREDITO_ALTO + FAIXA_RENDA__RENDA_BAIXA + CATEGORIA_FILHOS__SEM_FILHOS;FAIXA_IDADE__IDADE_50_A_59 + SITUACAO_FAMILIAR__CASADO_OU_UNIAO_CIVIL + FAIXA_TAXA_REJEICAO__SEM_REJEICAO_PREVIA;3;3;6;0.010000;0.2;1.79;0;1.11;FAIXA_CREDITO__CREDITO_ALTO + FAIXA_RENDA__RENDA_BAIXA + FAIXA_IDADE__IDADE_50_A_59 + CATEGORIA_FILHOS__SEM_FILHOS + SITUACAO_FAMILIAR__CASADO_OU_UNIAO_CIVIL + FAIXA_TAXA_REJEICAO__SEM_REJEICAO_PREVIA;100;0.010000
163;SITUACAO_FAMILIAR__SOLTEIRO + FAIXA_CREDITOS_ATIVOS__SEM_CREDITOS_ATIVOS;FAIXA_CREDITO__CREDITO_MEDIO + CATEGORIA_FILHOS__SEM_FILHOS + FAIXA_TAXA_REJEICAO__SEM_REJEICAO_PREVIA;2;3;5;0.010000;0.2;1.78;0;1.11;FAIXA_CREDITO__CREDITO_MEDIO + CATEGORIA_FILHOS__SEM_FILHOS + SITUACAO_FAMILIAR__SOLTEIRO + FAIXA_CREDITOS_ATIVOS__SEM_CREDITOS_ATIVOS + FAIXA_TAXA_REJEICAO__SEM_REJEICAO_PREVIA;100;0.010000
164;FAIXA_CREDITO__CREDITO_MEDIO + CATEGORIA_FILHOS__SEM_FILHOS + FAIXA_TAXA_REJEICAO__SEM_REJEICAO_PREVIA;SITUACAO_FAMILIAR__SOLTEIRO + FAIXA_CREDITOS_ATIVOS__SEM_CREDITOS_ATIVOS;3;2;5;0.010000;0.09;1.78;0;1.04;FAIXA_CREDITO__CREDITO_MEDIO + CATEGORIA_FILHOS__SEM_FILHOS + SITUACAO_FAMILIAR__SOLTEIRO + FAIXA_CREDITOS_ATIVOS__SEM_CREDITOS_ATIVOS + FAIXA_TAXA_REJEICAO__SEM_REJEICAO_PREVIA;100;0.010000
165;FAIXA_IDADE__IDADE_60_OU_MAIS + SITUACAO_FAMILIAR__SEPARADO_VIUVO_OU_NAO_INFORMADO;CATEGORIA_FILHOS__SEM_FILHOS + POSSE_CARRO__SEM_CARRO + FAIXA_CREDITOS_ATIVOS__UM_A_DOIS_CREDITOS_ATIVOS + FAIXA_TAXA_REJEICAO__SEM_REJEICAO_PREVIA;2;4;6;0.010000;0.25;1.77;0;1.14;FAIXA_IDADE__IDADE_60_OU_MAIS + CATEGORIA_FILHOS__SEM_FILHOS + POSSE_CARRO__SEM_CARRO + SITUACAO_FAMILIAR__SEPARADO_VIUVO_OU_NAO_INFORMADO + FAIXA_CREDITOS_ATIVOS__UM_A_DOIS_CREDITOS_ATIVOS + FAIXA_TAXA_REJEICAO__SEM_REJEICAO_PREVIA;100;0.010000
166;CATEGORIA_FILHOS__SEM_FILHOS + POSSE_CARRO__SEM_CARRO + FAIXA_CREDITOS_ATIVOS__UM_A_DOIS_CREDITOS_ATIVOS + FAIXA_TAXA_REJEICAO__SEM_REJEICAO_PREVIA;FAIXA_IDADE__IDADE_60_OU_MAIS + SITUACAO_FAMILIAR__SEPARADO_VIUVO_OU_NAO_INFORMADO;4;2;6;0.010000;0.07;1.77;0;1.03;FAIXA_IDADE__IDADE_60_OU_MAIS + CATEGORIA_FILHOS__SEM_FILHOS + POSSE_CARRO__SEM_CARRO + SITUACAO_FAMILIAR__SEPARADO_VIUVO_OU_NAO_INFORMADO + FAIXA_CREDITOS_ATIVOS__UM_A_DOIS_CREDITOS_ATIVOS + FAIXA_TAXA_REJEICAO__SEM_REJEICAO_PREVIA;100;0.010000
167;FAIXA_CREDITO__CREDITO_BAIXO + CATEGORIA_FILHOS__SEM_FILHOS;FAIXA_RENDA__RENDA_BAIXA + FAIXA_IDADE__IDADE_21_A_29 + POSSE_CARRO__SEM_CARRO;2;3;5;0.010000;0.06;1.77;0;1.03;FAIXA_CREDITO__CREDITO_BAIXO + FAIXA_RENDA__RENDA_BAIXA + FAIXA_IDADE__IDADE_21_A_29 + CATEGORIA_FILHOS__SEM_FILHOS + POSSE_CARRO__SEM_CARRO;100;0.010000
168;FAIXA_RENDA__RENDA_BAIXA + FAIXA_IDADE__IDADE_21_A_29 + POSSE_CARRO__SEM_CARRO;FAIXA_CREDITO__CREDITO_BAIXO + CATEGORIA_FILHOS__SEM_FILHOS;3;2;5;0.010000;0.31;1.77;0;1.19;FAIXA_CREDITO__CREDITO_BAIXO + FAIXA_RENDA__RENDA_BAIXA + FAIXA_IDADE__IDADE_21_A_29 + CATEGORIA_FILHOS__SEM_FILHOS + POSSE_CARRO__SEM_CARRO;100;0.010000
169;FAIXA_RENDA__RENDA_BAIXA;FAIXA_CREDITO__CREDITO_MEDIO + FAIXA_IDADE__IDADE_60_OU_MAIS + POSSE_CARRO__SEM_CARRO + FAIXA_TAXA_REJEICAO__SEM_REJEICAO_PREVIA;1;4;5;0.010000;0.03;1.76;0;1.01;FAIXA_CREDITO__CREDITO_MEDIO + FAIXA_RENDA__RENDA_BAIXA + FAIXA_IDADE__IDADE_60_OU_MAIS + POSSE_CARRO__SEM_CARRO + FAIXA_TAXA_REJEICAO__SEM_REJEICAO_PREVIA;100;0.010000
170;FAIXA_CREDITO__CREDITO_MEDIO + FAIXA_IDADE__IDADE_60_OU_MAIS + POSSE_CARRO__SEM_CARRO + FAIXA_TAXA_REJEICAO__SEM_REJEICAO_PREVIA;FAIXA_RENDA__RENDA_BAIXA;4;1;5;0.010000;0.58;1.76;0;1.57;FAIXA_CREDITO__CREDITO_MEDIO + FAIXA_RENDA__RENDA_BAIXA + FAIXA_IDADE__IDADE_60_OU_MAIS + POSSE_CARRO__SEM_CARRO + FAIXA_TAXA_REJEICAO__SEM_REJEICAO_PREVIA;100;0.010000
171;FAIXA_IDADE__IDADE_50_A_59 + CATEGORIA_FILHOS__SEM_FILHOS + FAIXA_TAXA_REJEICAO__REJEICAO_PREVIA_ACIMA_25_PCT;POSSE_CARRO__SEM_CARRO + FAIXA_CREDITOS_ATIVOS__TRES_OU_MAIS_CREDITOS_ATIVOS;3;2;5;0.010000;0.3;1.76;0;1.18;FAIXA_IDADE__IDADE_50_A_59 + CATEGORIA_FILHOS__SEM_FILHOS + POSSE_CARRO__SEM_CARRO + FAIXA_CREDITOS_ATIVOS__TRES_OU_MAIS_CREDITOS_ATIVOS + FAIXA_TAXA_REJEICAO__REJEICAO_PREVIA_ACIMA_25_PCT;100;0.010000
172;POSSE_CARRO__SEM_CARRO + FAIXA_CREDITOS_ATIVOS__TRES_OU_MAIS_CREDITOS_ATIVOS;FAIXA_IDADE__IDADE_50_A_59 + CATEGORIA_FILHOS__SEM_FILHOS + FAIXA_TAXA_REJEICAO__REJEICAO_PREVIA_ACIMA_25_PCT;2;3;5;0.010000;0.06;1.76;0;1.03;FAIXA_IDADE__IDADE_50_A_59 + CATEGORIA_FILHOS__SEM_FILHOS + POSSE_CARRO__SEM_CARRO + FAIXA_CREDITOS_ATIVOS__TRES_OU_MAIS_CREDITOS_ATIVOS + FAIXA_TAXA_REJEICAO__REJEICAO_PREVIA_ACIMA_25_PCT;100;0.010000
173;FAIXA_CREDITO__CREDITO_ALTO + FAIXA_RENDA__RENDA_BAIXA + CATEGORIA_FILHOS__SEM_FILHOS + SITUACAO_FAMILIAR__CASADO_OU_UNIAO_CIVIL + FAIXA_TAXA_REJEICAO__SEM_REJEICAO_PREVIA;FAIXA_IDADE__IDADE_50_A_59;5;1;6;0.010000;0.38;1.75;0;1.26;FAIXA_CREDITO__CREDITO_ALTO + FAIXA_RENDA__RENDA_BAIXA + FAIXA_IDADE__IDADE_50_A_59 + CATEGORIA_FILHOS__SEM_FILHOS + SITUACAO_FAMILIAR__CASADO_OU_UNIAO_CIVIL + FAIXA_TAXA_REJEICAO__SEM_REJEICAO_PREVIA;100;0.010000
174;FAIXA_IDADE__IDADE_50_A_59;FAIXA_CREDITO__CREDITO_ALTO + FAIXA_RENDA__RENDA_BAIXA + CATEGORIA_FILHOS__SEM_FILHOS + SITUACAO_FAMILIAR__CASADO_OU_UNIAO_CIVIL + FAIXA_TAXA_REJEICAO__SEM_REJEICAO_PREVIA;1;5;6;0.010000;0.05;1.75;0;1.02;FAIXA_CREDITO__CREDITO_ALTO + FAIXA_RENDA__RENDA_BAIXA + FAIXA_IDADE__IDADE_50_A_59 + CATEGORIA_FILHOS__SEM_FILHOS + SITUACAO_FAMILIAR__CASADO_OU_UNIAO_CIVIL + FAIXA_TAXA_REJEICAO__SEM_REJEICAO_PREVIA;100;0.010000
175;CATEGORIA_FILHOS__SEM_FILHOS + POSSE_CARRO__SEM_CARRO + FAIXA_CREDITOS_ATIVOS__UM_A_DOIS_CREDITOS_ATIVOS;FAIXA_RENDA__RENDA_BAIXA + FAIXA_IDADE__IDADE_60_OU_MAIS + SITUACAO_FAMILIAR__CASADO_OU_UNIAO_CIVIL + FAIXA_TAXA_REJEICAO__SEM_REJEICAO_PREVIA;3;4;7;0.010000;0.05;1.73;0;1.02;FAIXA_RENDA__RENDA_BAIXA + FAIXA_IDADE__IDADE_60_OU_MAIS + CATEGORIA_FILHOS__SEM_FILHOS + POSSE_CARRO__SEM_CARRO + SITUACAO_FAMILIAR__CASADO_OU_UNIAO_CIVIL + FAIXA_CREDITOS_ATIVOS__UM_A_DOIS_CREDITOS_ATIVOS + FAIXA_TAXA_REJEICAO__SEM_REJEICAO_PREVIA;100;0.010000
176;FAIXA_RENDA__RENDA_BAIXA + FAIXA_IDADE__IDADE_60_OU_MAIS + SITUACAO_FAMILIAR__CASADO_OU_UNIAO_CIVIL + FAIXA_TAXA_REJEICAO__SEM_REJEICAO_PREVIA;CATEGORIA_FILHOS__SEM_FILHOS + POSSE_CARRO__SEM_CARRO + FAIXA_CREDITOS_ATIVOS__UM_A_DOIS_CREDITOS_ATIVOS;4;3;7;0.010000;0.35;1.73;0;1.22;FAIXA_RENDA__RENDA_BAIXA + FAIXA_IDADE__IDADE_60_OU_MAIS + CATEGORIA_FILHOS__SEM_FILHOS + POSSE_CARRO__SEM_CARRO + SITUACAO_FAMILIAR__CASADO_OU_UNIAO_CIVIL + FAIXA_CREDITOS_ATIVOS__UM_A_DOIS_CREDITOS_ATIVOS + FAIXA_TAXA_REJEICAO__SEM_REJEICAO_PREVIA;100;0.010000
177;SITUACAO_FAMILIAR__SOLTEIRO;FAIXA_CREDITO__CREDITO_MEDIO + CATEGORIA_FILHOS__SEM_FILHOS + FAIXA_CREDITOS_ATIVOS__SEM_CREDITOS_ATIVOS + FAIXA_TAXA_REJEICAO__SEM_REJEICAO_PREVIA;1;4;5;0.010000;0.07;1.72;0;1.03;FAIXA_CREDITO__CREDITO_MEDIO + CATEGORIA_FILHOS__SEM_FILHOS + SITUACAO_FAMILIAR__SOLTEIRO + FAIXA_CREDITOS_ATIVOS__SEM_CREDITOS_ATIVOS + FAIXA_TAXA_REJEICAO__SEM_REJEICAO_PREVIA;100;0.010000
178;FAIXA_CREDITO__CREDITO_MEDIO + CATEGORIA_FILHOS__SEM_FILHOS + FAIXA_CREDITOS_ATIVOS__SEM_CREDITOS_ATIVOS + FAIXA_TAXA_REJEICAO__SEM_REJEICAO_PREVIA;SITUACAO_FAMILIAR__SOLTEIRO;4;1;5;0.010000;0.26;1.72;0;1.14;FAIXA_CREDITO__CREDITO_MEDIO + CATEGORIA_FILHOS__SEM_FILHOS + SITUACAO_FAMILIAR__SOLTEIRO + FAIXA_CREDITOS_ATIVOS__SEM_CREDITOS_ATIVOS + FAIXA_TAXA_REJEICAO__SEM_REJEICAO_PREVIA;100;0.010000
179;FAIXA_IDADE__IDADE_21_A_29 + SITUACAO_FAMILIAR__SOLTEIRO;CATEGORIA_FILHOS__SEM_FILHOS + POSSE_CARRO__COM_CARRO + FAIXA_TAXA_REJEICAO__SEM_REJEICAO_PREVIA;2;3;5;0.010000;0.25;1.72;0;1.13;FAIXA_IDADE__IDADE_21_A_29 + CATEGORIA_FILHOS__SEM_FILHOS + POSSE_CARRO__COM_CARRO + SITUACAO_FAMILIAR__SOLTEIRO + FAIXA_TAXA_REJEICAO__SEM_REJEICAO_PREVIA;100;0.010000
180;CATEGORIA_FILHOS__SEM_FILHOS + POSSE_CARRO__COM_CARRO + FAIXA_TAXA_REJEICAO__SEM_REJEICAO_PREVIA;FAIXA_IDADE__IDADE_21_A_29 + SITUACAO_FAMILIAR__SOLTEIRO;3;2;5;0.010000;0.07;1.72;0;1.03;FAIXA_IDADE__IDADE_21_A_29 + CATEGORIA_FILHOS__SEM_FILHOS + POSSE_CARRO__COM_CARRO + SITUACAO_FAMILIAR__SOLTEIRO + FAIXA_TAXA_REJEICAO__SEM_REJEICAO_PREVIA;100;0.010000
181;FAIXA_CREDITOS_ATIVOS__TRES_OU_MAIS_CREDITOS_ATIVOS;FAIXA_CREDITO__CREDITO_MUITO_ALTO + POSSE_CARRO__SEM_CARRO + FAIXA_TAXA_REJEICAO__REJEICAO_PREVIA_ACIMA_25_PCT;1;3;4;0.010000;0.04;1.71;0;1.02;FAIXA_CREDITO__CREDITO_MUITO_ALTO + POSSE_CARRO__SEM_CARRO + FAIXA_CREDITOS_ATIVOS__TRES_OU_MAIS_CREDITOS_ATIVOS + FAIXA_TAXA_REJEICAO__REJEICAO_PREVIA_ACIMA_25_PCT;100;0.010000
182;FAIXA_CREDITO__CREDITO_MUITO_ALTO + POSSE_CARRO__SEM_CARRO + FAIXA_TAXA_REJEICAO__REJEICAO_PREVIA_ACIMA_25_PCT;FAIXA_CREDITOS_ATIVOS__TRES_OU_MAIS_CREDITOS_ATIVOS;3;1;4;0.010000;0.46;1.71;0;1.34;FAIXA_CREDITO__CREDITO_MUITO_ALTO + POSSE_CARRO__SEM_CARRO + FAIXA_CREDITOS_ATIVOS__TRES_OU_MAIS_CREDITOS_ATIVOS + FAIXA_TAXA_REJEICAO__REJEICAO_PREVIA_ACIMA_25_PCT;100;0.010000
183;FAIXA_CREDITO__CREDITO_BAIXO + POSSE_CARRO__SEM_CARRO + SITUACAO_FAMILIAR__CASADO_OU_UNIAO_CIVIL;FAIXA_RENDA__RENDA_BAIXA + FAIXA_IDADE__IDADE_40_A_49 + FAIXA_TAXA_REJEICAO__SEM_REJEICAO_PREVIA;3;3;6;0.010000;0.09;1.7;0;1.04;FAIXA_CREDITO__CREDITO_BAIXO + FAIXA_RENDA__RENDA_BAIXA + FAIXA_IDADE__IDADE_40_A_49 + POSSE_CARRO__SEM_CARRO + SITUACAO_FAMILIAR__CASADO_OU_UNIAO_CIVIL + FAIXA_TAXA_REJEICAO__SEM_REJEICAO_PREVIA;100;0.010000
184;FAIXA_RENDA__RENDA_BAIXA + FAIXA_IDADE__IDADE_40_A_49 + FAIXA_TAXA_REJEICAO__SEM_REJEICAO_PREVIA;FAIXA_CREDITO__CREDITO_BAIXO + POSSE_CARRO__SEM_CARRO + SITUACAO_FAMILIAR__CASADO_OU_UNIAO_CIVIL;3;3;6;0.010000;0.19;1.7;0;1.1;FAIXA_CREDITO__CREDITO_BAIXO + FAIXA_RENDA__RENDA_BAIXA + FAIXA_IDADE__IDADE_40_A_49 + POSSE_CARRO__SEM_CARRO + SITUACAO_FAMILIAR__CASADO_OU_UNIAO_CIVIL + FAIXA_TAXA_REJEICAO__SEM_REJEICAO_PREVIA;100;0.010000
185;FAIXA_RENDA__RENDA_BAIXA + FAIXA_IDADE__IDADE_60_OU_MAIS + FAIXA_CREDITOS_ATIVOS__UM_A_DOIS_CREDITOS_ATIVOS;CATEGORIA_FILHOS__SEM_FILHOS + POSSE_CARRO__SEM_CARRO + SITUACAO_FAMILIAR__CASADO_OU_UNIAO_CIVIL + FAIXA_TAXA_REJEICAO__SEM_REJEICAO_PREVIA;3;4;7;0.010000;0.35;1.69;0;1.21;FAIXA_RENDA__RENDA_BAIXA + FAIXA_IDADE__IDADE_60_OU_MAIS + CATEGORIA_FILHOS__SEM_FILHOS + POSSE_CARRO__SEM_CARRO + SITUACAO_FAMILIAR__CASADO_OU_UNIAO_CIVIL + FAIXA_CREDITOS_ATIVOS__UM_A_DOIS_CREDITOS_ATIVOS + FAIXA_TAXA_REJEICAO__SEM_REJEICAO_PREVIA;100;0.010000
186;CATEGORIA_FILHOS__SEM_FILHOS + POSSE_CARRO__SEM_CARRO + SITUACAO_FAMILIAR__CASADO_OU_UNIAO_CIVIL + FAIXA_TAXA_REJEICAO__SEM_REJEICAO_PREVIA;FAIXA_RENDA__RENDA_BAIXA + FAIXA_IDADE__IDADE_60_OU_MAIS + FAIXA_CREDITOS_ATIVOS__UM_A_DOIS_CREDITOS_ATIVOS;4;3;7;0.010000;0.05;1.69;0;1.02;FAIXA_RENDA__RENDA_BAIXA + FAIXA_IDADE__IDADE_60_OU_MAIS + CATEGORIA_FILHOS__SEM_FILHOS + POSSE_CARRO__SEM_CARRO + SITUACAO_FAMILIAR__CASADO_OU_UNIAO_CIVIL + FAIXA_CREDITOS_ATIVOS__UM_A_DOIS_CREDITOS_ATIVOS + FAIXA_TAXA_REJEICAO__SEM_REJEICAO_PREVIA;100;0.010000
187;FAIXA_CREDITO__CREDITO_BAIXO + FAIXA_IDADE__IDADE_50_A_59 + CATEGORIA_FILHOS__SEM_FILHOS + FAIXA_CREDITOS_ATIVOS__UM_A_DOIS_CREDITOS_ATIVOS;FAIXA_RENDA__RENDA_BAIXA;4;1;5;0.010000;0.55;1.68;0;1.48;FAIXA_CREDITO__CREDITO_BAIXO + FAIXA_RENDA__RENDA_BAIXA + FAIXA_IDADE__IDADE_50_A_59 + CATEGORIA_FILHOS__SEM_FILHOS + FAIXA_CREDITOS_ATIVOS__UM_A_DOIS_CREDITOS_ATIVOS;100;0.010000
188;FAIXA_RENDA__RENDA_BAIXA;FAIXA_CREDITO__CREDITO_BAIXO + FAIXA_IDADE__IDADE_50_A_59 + CATEGORIA_FILHOS__SEM_FILHOS + FAIXA_CREDITOS_ATIVOS__UM_A_DOIS_CREDITOS_ATIVOS;1;4;5;0.010000;0.03;1.68;0;1.01;FAIXA_CREDITO__CREDITO_BAIXO + FAIXA_RENDA__RENDA_BAIXA + FAIXA_IDADE__IDADE_50_A_59 + CATEGORIA_FILHOS__SEM_FILHOS + FAIXA_CREDITOS_ATIVOS__UM_A_DOIS_CREDITOS_ATIVOS;100;0.010000
189;CATEGORIA_FILHOS__SEM_FILHOS + POSSE_CARRO__SEM_CARRO;FAIXA_RENDA__RENDA_BAIXA + FAIXA_IDADE__IDADE_60_OU_MAIS + SITUACAO_FAMILIAR__CASADO_OU_UNIAO_CIVIL + FAIXA_CREDITOS_ATIVOS__UM_A_DOIS_CREDITOS_ATIVOS + FAIXA_TAXA_REJEICAO__SEM_REJEICAO_PREVIA;2;5;7;0.010000;0.02;1.68;0;1.01;FAIXA_RENDA__RENDA_BAIXA + FAIXA_IDADE__IDADE_60_OU_MAIS + CATEGORIA_FILHOS__SEM_FILHOS + POSSE_CARRO__SEM_CARRO + SITUACAO_FAMILIAR__CASADO_OU_UNIAO_CIVIL + FAIXA_CREDITOS_ATIVOS__UM_A_DOIS_CREDITOS_ATIVOS + FAIXA_TAXA_REJEICAO__SEM_REJEICAO_PREVIA;100;0.010000
190;FAIXA_RENDA__RENDA_BAIXA + FAIXA_IDADE__IDADE_60_OU_MAIS + SITUACAO_FAMILIAR__CASADO_OU_UNIAO_CIVIL + FAIXA_CREDITOS_ATIVOS__UM_A_DOIS_CREDITOS_ATIVOS + FAIXA_TAXA_REJEICAO__SEM_REJEICAO_PREVIA;CATEGORIA_FILHOS__SEM_FILHOS + POSSE_CARRO__SEM_CARRO;5;2;7;0.010000;0.81;1.68;0;2.57;FAIXA_RENDA__RENDA_BAIXA + FAIXA_IDADE__IDADE_60_OU_MAIS + CATEGORIA_FILHOS__SEM_FILHOS + POSSE_CARRO__SEM_CARRO + SITUACAO_FAMILIAR__CASADO_OU_UNIAO_CIVIL + FAIXA_CREDITOS_ATIVOS__UM_A_DOIS_CREDITOS_ATIVOS + FAIXA_TAXA_REJEICAO__SEM_REJEICAO_PREVIA;100;0.010000
191;FAIXA_CREDITO__CREDITO_MEDIO + FAIXA_IDADE__IDADE_60_OU_MAIS;FAIXA_RENDA__RENDA_BAIXA + POSSE_CARRO__SEM_CARRO + FAIXA_TAXA_REJEICAO__SEM_REJEICAO_PREVIA;2;3;5;0.010000;0.31;1.68;0;1.17;FAIXA_CREDITO__CREDITO_MEDIO + FAIXA_RENDA__RENDA_BAIXA + FAIXA_IDADE__IDADE_60_OU_MAIS + POSSE_CARRO__SEM_CARRO + FAIXA_TAXA_REJEICAO__SEM_REJEICAO_PREVIA;100;0.010000
192;FAIXA_RENDA__RENDA_BAIXA + POSSE_CARRO__SEM_CARRO + FAIXA_TAXA_REJEICAO__SEM_REJEICAO_PREVIA;FAIXA_CREDITO__CREDITO_MEDIO + FAIXA_IDADE__IDADE_60_OU_MAIS;3;2;5;0.010000;0.05;1.68;0;1.02;FAIXA_CREDITO__CREDITO_MEDIO + FAIXA_RENDA__RENDA_BAIXA + FAIXA_IDADE__IDADE_60_OU_MAIS + POSSE_CARRO__SEM_CARRO + FAIXA_TAXA_REJEICAO__SEM_REJEICAO_PREVIA;100;0.010000
193;FAIXA_CREDITO__CREDITO_BAIXO + FAIXA_IDADE__IDADE_40_A_49 + POSSE_CARRO__SEM_CARRO;FAIXA_RENDA__RENDA_BAIXA + SITUACAO_FAMILIAR__CASADO_OU_UNIAO_CIVIL + FAIXA_TAXA_REJEICAO__SEM_REJEICAO_PREVIA;3;3;6;0.010000;0.28;1.68;0;1.15;FAIXA_CREDITO__CREDITO_BAIXO + FAIXA_RENDA__RENDA_BAIXA + FAIXA_IDADE__IDADE_40_A_49 + POSSE_CARRO__SEM_CARRO + SITUACAO_FAMILIAR__CASADO_OU_UNIAO_CIVIL + FAIXA_TAXA_REJEICAO__SEM_REJEICAO_PREVIA;100;0.010000
194;FAIXA_RENDA__RENDA_BAIXA + SITUACAO_FAMILIAR__CASADO_OU_UNIAO_CIVIL + FAIXA_TAXA_REJEICAO__SEM_REJEICAO_PREVIA;FAIXA_CREDITO__CREDITO_BAIXO + FAIXA_IDADE__IDADE_40_A_49 + POSSE_CARRO__SEM_CARRO;3;3;6;0.010000;0.06;1.68;0;1.02;FAIXA_CREDITO__CREDITO_BAIXO + FAIXA_RENDA__RENDA_BAIXA + FAIXA_IDADE__IDADE_40_A_49 + POSSE_CARRO__SEM_CARRO + SITUACAO_FAMILIAR__CASADO_OU_UNIAO_CIVIL + FAIXA_TAXA_REJEICAO__SEM_REJEICAO_PREVIA;100;0.010000
195;FAIXA_CREDITO__CREDITO_BAIXO + FAIXA_IDADE__IDADE_40_A_49 + FAIXA_TAXA_REJEICAO__SEM_REJEICAO_PREVIA;FAIXA_RENDA__RENDA_BAIXA + POSSE_CARRO__SEM_CARRO + SITUACAO_FAMILIAR__CASADO_OU_UNIAO_CIVIL;3;3;6;0.010000;0.29;1.67;0;1.16;FAIXA_CREDITO__CREDITO_BAIXO + FAIXA_RENDA__RENDA_BAIXA + FAIXA_IDADE__IDADE_40_A_49 + POSSE_CARRO__SEM_CARRO + SITUACAO_FAMILIAR__CASADO_OU_UNIAO_CIVIL + FAIXA_TAXA_REJEICAO__SEM_REJEICAO_PREVIA;100;0.010000
196;FAIXA_RENDA__RENDA_BAIXA + POSSE_CARRO__SEM_CARRO + SITUACAO_FAMILIAR__CASADO_OU_UNIAO_CIVIL;FAIXA_CREDITO__CREDITO_BAIXO + FAIXA_IDADE__IDADE_40_A_49 + FAIXA_TAXA_REJEICAO__SEM_REJEICAO_PREVIA;3;3;6;0.010000;0.06;1.67;0;1.02;FAIXA_CREDITO__CREDITO_BAIXO + FAIXA_RENDA__RENDA_BAIXA + FAIXA_IDADE__IDADE_40_A_49 + POSSE_CARRO__SEM_CARRO + SITUACAO_FAMILIAR__CASADO_OU_UNIAO_CIVIL + FAIXA_TAXA_REJEICAO__SEM_REJEICAO_PREVIA;100;0.010000
197;FAIXA_CREDITO__CREDITO_ALTO + FAIXA_RENDA__RENDA_BAIXA + FAIXA_IDADE__IDADE_50_A_59;CATEGORIA_FILHOS__SEM_FILHOS + SITUACAO_FAMILIAR__CASADO_OU_UNIAO_CIVIL + FAIXA_TAXA_REJEICAO__SEM_REJEICAO_PREVIA;3;3;6;0.010000;0.53;1.67;0;1.44;FAIXA_CREDITO__CREDITO_ALTO + FAIXA_RENDA__RENDA_BAIXA + FAIXA_IDADE__IDADE_50_A_59 + CATEGORIA_FILHOS__SEM_FILHOS + SITUACAO_FAMILIAR__CASADO_OU_UNIAO_CIVIL + FAIXA_TAXA_REJEICAO__SEM_REJEICAO_PREVIA;100;0.010000
198;CATEGORIA_FILHOS__SEM_FILHOS + SITUACAO_FAMILIAR__CASADO_OU_UNIAO_CIVIL + FAIXA_TAXA_REJEICAO__SEM_REJEICAO_PREVIA;FAIXA_CREDITO__CREDITO_ALTO + FAIXA_RENDA__RENDA_BAIXA + FAIXA_IDADE__IDADE_50_A_59;3;3;6;0.010000;0.03;1.67;0;1.01;FAIXA_CREDITO__CREDITO_ALTO + FAIXA_RENDA__RENDA_BAIXA + FAIXA_IDADE__IDADE_50_A_59 + CATEGORIA_FILHOS__SEM_FILHOS + SITUACAO_FAMILIAR__CASADO_OU_UNIAO_CIVIL + FAIXA_TAXA_REJEICAO__SEM_REJEICAO_PREVIA;100;0.010000
199;FAIXA_CREDITO__CREDITO_ALTO + CATEGORIA_FILHOS__SEM_FILHOS + SITUACAO_FAMILIAR__CASADO_OU_UNIAO_CIVIL + FAIXA_TAXA_REJEICAO__SEM_REJEICAO_PREVIA;FAIXA_RENDA__RENDA_BAIXA + FAIXA_IDADE__IDADE_50_A_59;4;2;6;0.010000;0.12;1.67;0;1.05;FAIXA_CREDITO__CREDITO_ALTO + FAIXA_RENDA__RENDA_BAIXA + FAIXA_IDADE__IDADE_50_A_59 + CATEGORIA_FILHOS__SEM_FILHOS + SITUACAO_FAMILIAR__CASADO_OU_UNIAO_CIVIL + FAIXA_TAXA_REJEICAO__SEM_REJEICAO_PREVIA;100;0.010000
200;FAIXA_RENDA__RENDA_BAIXA + FAIXA_IDADE__IDADE_50_A_59;FAIXA_CREDITO__CREDITO_ALTO + CATEGORIA_FILHOS__SEM_FILHOS + SITUACAO_FAMILIAR__CASADO_OU_UNIAO_CIVIL + FAIXA_TAXA_REJEICAO__SEM_REJEICAO_PREVIA;2;4;6;0.010000;0.14;1.67;0;1.06;FAIXA_CREDITO__CREDITO_ALTO + FAIXA_RENDA__RENDA_BAIXA + FAIXA_IDADE__IDADE_50_A_59 + CATEGORIA_FILHOS__SEM_FILHOS + SITUACAO_FAMILIAR__CASADO_OU_UNIAO_CIVIL + FAIXA_TAXA_REJEICAO__SEM_REJEICAO_PREVIA;100;0.010000
201;FAIXA_RENDA__RENDA_BAIXA + FAIXA_IDADE__IDADE_40_A_49 + POSSE_CARRO__SEM_CARRO;FAIXA_CREDITO__CREDITO_BAIXO + SITUACAO_FAMILIAR__CASADO_OU_UNIAO_CIVIL + FAIXA_TAXA_REJEICAO__SEM_REJEICAO_PREVIA;3;3;6;0.010000;0.19;1.66;0;1.09;FAIXA_CREDITO__CREDITO_BAIXO + FAIXA_RENDA__RENDA_BAIXA + FAIXA_IDADE__IDADE_40_A_49 + POSSE_CARRO__SEM_CARRO + SITUACAO_FAMILIAR__CASADO_OU_UNIAO_CIVIL + FAIXA_TAXA_REJEICAO__SEM_REJEICAO_PREVIA;100;0.010000
202;FAIXA_CREDITO__CREDITO_BAIXO + SITUACAO_FAMILIAR__CASADO_OU_UNIAO_CIVIL + FAIXA_TAXA_REJEICAO__SEM_REJEICAO_PREVIA;FAIXA_RENDA__RENDA_BAIXA + FAIXA_IDADE__IDADE_40_A_49 + POSSE_CARRO__SEM_CARRO;3;3;6;0.010000;0.09;1.66;0;1.04;FAIXA_CREDITO__CREDITO_BAIXO + FAIXA_RENDA__RENDA_BAIXA + FAIXA_IDADE__IDADE_40_A_49 + POSSE_CARRO__SEM_CARRO + SITUACAO_FAMILIAR__CASADO_OU_UNIAO_CIVIL + FAIXA_TAXA_REJEICAO__SEM_REJEICAO_PREVIA;100;0.010000
203;FAIXA_CREDITO__CREDITO_BAIXO + FAIXA_IDADE__IDADE_40_A_49 + POSSE_CARRO__SEM_CARRO + SITUACAO_FAMILIAR__CASADO_OU_UNIAO_CIVIL;FAIXA_RENDA__RENDA_BAIXA + FAIXA_TAXA_REJEICAO__SEM_REJEICAO_PREVIA;4;2;6;0.010000;0.39;1.66;0;1.24;FAIXA_CREDITO__CREDITO_BAIXO + FAIXA_RENDA__RENDA_BAIXA + FAIXA_IDADE__IDADE_40_A_49 + POSSE_CARRO__SEM_CARRO + SITUACAO_FAMILIAR__CASADO_OU_UNIAO_CIVIL + FAIXA_TAXA_REJEICAO__SEM_REJEICAO_PREVIA;100;0.010000
204;FAIXA_RENDA__RENDA_BAIXA + FAIXA_TAXA_REJEICAO__SEM_REJEICAO_PREVIA;FAIXA_CREDITO__CREDITO_BAIXO + FAIXA_IDADE__IDADE_40_A_49 + POSSE_CARRO__SEM_CARRO + SITUACAO_FAMILIAR__CASADO_OU_UNIAO_CIVIL;2;4;6;0.010000;0.04;1.66;0;1.02;FAIXA_CREDITO__CREDITO_BAIXO + FAIXA_RENDA__RENDA_BAIXA + FAIXA_IDADE__IDADE_40_A_49 + POSSE_CARRO__SEM_CARRO + SITUACAO_FAMILIAR__CASADO_OU_UNIAO_CIVIL + FAIXA_TAXA_REJEICAO__SEM_REJEICAO_PREVIA;100;0.010000
205;FAIXA_RENDA__RENDA_BAIXA;FAIXA_IDADE__IDADE_60_OU_MAIS + CATEGORIA_FILHOS__SEM_FILHOS + POSSE_CARRO__SEM_CARRO + SITUACAO_FAMILIAR__CASADO_OU_UNIAO_CIVIL + FAIXA_CREDITOS_ATIVOS__UM_A_DOIS_CREDITOS_ATIVOS + FAIXA_TAXA_REJEICAO__SEM_REJEICAO_PREVIA;1;6;7;0.010000;0.03;1.65;0;1.01;FAIXA_RENDA__RENDA_BAIXA + FAIXA_IDADE__IDADE_60_OU_MAIS + CATEGORIA_FILHOS__SEM_FILHOS + POSSE_CARRO__SEM_CARRO + SITUACAO_FAMILIAR__CASADO_OU_UNIAO_CIVIL + FAIXA_CREDITOS_ATIVOS__UM_A_DOIS_CREDITOS_ATIVOS + FAIXA_TAXA_REJEICAO__SEM_REJEICAO_PREVIA;100;0.010000
206;FAIXA_IDADE__IDADE_60_OU_MAIS + CATEGORIA_FILHOS__SEM_FILHOS + POSSE_CARRO__SEM_CARRO + SITUACAO_FAMILIAR__CASADO_OU_UNIAO_CIVIL + FAIXA_CREDITOS_ATIVOS__UM_A_DOIS_CREDITOS_ATIVOS + FAIXA_TAXA_REJEICAO__SEM_REJEICAO_PREVIA;FAIXA_RENDA__RENDA_BAIXA;6;1;7;0.010000;0.54;1.65;0;1.45;FAIXA_RENDA__RENDA_BAIXA + FAIXA_IDADE__IDADE_60_OU_MAIS + CATEGORIA_FILHOS__SEM_FILHOS + POSSE_CARRO__SEM_CARRO + SITUACAO_FAMILIAR__CASADO_OU_UNIAO_CIVIL + FAIXA_CREDITOS_ATIVOS__UM_A_DOIS_CREDITOS_ATIVOS + FAIXA_TAXA_REJEICAO__SEM_REJEICAO_PREVIA;100;0.010000
207;FAIXA_IDADE__IDADE_50_A_59 + SITUACAO_FAMILIAR__CASADO_OU_UNIAO_CIVIL;FAIXA_CREDITO__CREDITO_ALTO + FAIXA_RENDA__RENDA_BAIXA + CATEGORIA_FILHOS__SEM_FILHOS + FAIXA_TAXA_REJEICAO__SEM_REJEICAO_PREVIA;2;4;6;0.010000;0.06;1.64;0;1.03;FAIXA_CREDITO__CREDITO_ALTO + FAIXA_RENDA__RENDA_BAIXA + FAIXA_IDADE__IDADE_50_A_59 + CATEGORIA_FILHOS__SEM_FILHOS + SITUACAO_FAMILIAR__CASADO_OU_UNIAO_CIVIL + FAIXA_TAXA_REJEICAO__SEM_REJEICAO_PREVIA;100;0.010000
208;FAIXA_CREDITO__CREDITO_ALTO + FAIXA_RENDA__RENDA_BAIXA + CATEGORIA_FILHOS__SEM_FILHOS + FAIXA_TAXA_REJEICAO__SEM_REJEICAO_PREVIA;FAIXA_IDADE__IDADE_50_A_59 + SITUACAO_FAMILIAR__CASADO_OU_UNIAO_CIVIL;4;2;6;0.010000;0.26;1.64;0;1.13;FAIXA_CREDITO__CREDITO_ALTO + FAIXA_RENDA__RENDA_BAIXA + FAIXA_IDADE__IDADE_50_A_59 + CATEGORIA_FILHOS__SEM_FILHOS + SITUACAO_FAMILIAR__CASADO_OU_UNIAO_CIVIL + FAIXA_TAXA_REJEICAO__SEM_REJEICAO_PREVIA;100;0.010000
211;FAIXA_CREDITO__CREDITO_MUITO_ALTO + FAIXA_TAXA_REJEICAO__REJEICAO_PREVIA_ACIMA_25_PCT;POSSE_CARRO__SEM_CARRO + FAIXA_CREDITOS_ATIVOS__TRES_OU_MAIS_CREDITOS_ATIVOS;2;2;4;0.010000;0.28;1.62;0;1.14;FAIXA_CREDITO__CREDITO_MUITO_ALTO + POSSE_CARRO__SEM_CARRO + FAIXA_CREDITOS_ATIVOS__TRES_OU_MAIS_CREDITOS_ATIVOS + FAIXA_TAXA_REJEICAO__REJEICAO_PREVIA_ACIMA_25_PCT;100;0.010000
212;POSSE_CARRO__SEM_CARRO + FAIXA_CREDITOS_ATIVOS__TRES_OU_MAIS_CREDITOS_ATIVOS;FAIXA_CREDITO__CREDITO_MUITO_ALTO + FAIXA_TAXA_REJEICAO__REJEICAO_PREVIA_ACIMA_25_PCT;2;2;4;0.010000;0.06;1.62;0;1.02;FAIXA_CREDITO__CREDITO_MUITO_ALTO + POSSE_CARRO__SEM_CARRO + FAIXA_CREDITOS_ATIVOS__TRES_OU_MAIS_CREDITOS_ATIVOS + FAIXA_TAXA_REJEICAO__REJEICAO_PREVIA_ACIMA_25_PCT;100;0.010000
213;FAIXA_RENDA__RENDA_BAIXA + FAIXA_IDADE__IDADE_60_OU_MAIS;CATEGORIA_FILHOS__SEM_FILHOS + POSSE_CARRO__SEM_CARRO + SITUACAO_FAMILIAR__CASADO_OU_UNIAO_CIVIL + FAIXA_CREDITOS_ATIVOS__UM_A_DOIS_CREDITOS_ATIVOS + FAIXA_TAXA_REJEICAO__SEM_REJEICAO_PREVIA;2;5;7;0.010000;0.15;1.62;0;1.06;FAIXA_RENDA__RENDA_BAIXA + FAIXA_IDADE__IDADE_60_OU_MAIS + CATEGORIA_FILHOS__SEM_FILHOS + POSSE_CARRO__SEM_CARRO + SITUACAO_FAMILIAR__CASADO_OU_UNIAO_CIVIL + FAIXA_CREDITOS_ATIVOS__UM_A_DOIS_CREDITOS_ATIVOS + FAIXA_TAXA_REJEICAO__SEM_REJEICAO_PREVIA;100;0.010000
214;CATEGORIA_FILHOS__SEM_FILHOS + POSSE_CARRO__SEM_CARRO + SITUACAO_FAMILIAR__CASADO_OU_UNIAO_CIVIL + FAIXA_CREDITOS_ATIVOS__UM_A_DOIS_CREDITOS_ATIVOS + FAIXA_TAXA_REJEICAO__SEM_REJEICAO_PREVIA;FAIXA_RENDA__RENDA_BAIXA + FAIXA_IDADE__IDADE_60_OU_MAIS;5;2;7;0.010000;0.11;1.62;0;1.05;FAIXA_RENDA__RENDA_BAIXA + FAIXA_IDADE__IDADE_60_OU_MAIS + CATEGORIA_FILHOS__SEM_FILHOS + POSSE_CARRO__SEM_CARRO + SITUACAO_FAMILIAR__CASADO_OU_UNIAO_CIVIL + FAIXA_CREDITOS_ATIVOS__UM_A_DOIS_CREDITOS_ATIVOS + FAIXA_TAXA_REJEICAO__SEM_REJEICAO_PREVIA;100;0.010000
215;FAIXA_RENDA__RENDA_BAIXA + FAIXA_CREDITOS_ATIVOS__UM_A_DOIS_CREDITOS_ATIVOS;FAIXA_IDADE__IDADE_60_OU_MAIS + CATEGORIA_FILHOS__SEM_FILHOS + POSSE_CARRO__SEM_CARRO + SITUACAO_FAMILIAR__CASADO_OU_UNIAO_CIVIL + FAIXA_TAXA_REJEICAO__SEM_REJEICAO_PREVIA;2;5;7;0.010000;0.07;1.62;0;1.03;FAIXA_RENDA__RENDA_BAIXA + FAIXA_IDADE__IDADE_60_OU_MAIS + CATEGORIA_FILHOS__SEM_FILHOS + POSSE_CARRO__SEM_CARRO + SITUACAO_FAMILIAR__CASADO_OU_UNIAO_CIVIL + FAIXA_CREDITOS_ATIVOS__UM_A_DOIS_CREDITOS_ATIVOS + FAIXA_TAXA_REJEICAO__SEM_REJEICAO_PREVIA;100;0.010000
216;FAIXA_IDADE__IDADE_60_OU_MAIS + CATEGORIA_FILHOS__SEM_FILHOS + POSSE_CARRO__SEM_CARRO + SITUACAO_FAMILIAR__CASADO_OU_UNIAO_CIVIL + FAIXA_TAXA_REJEICAO__SEM_REJEICAO_PREVIA;FAIXA_RENDA__RENDA_BAIXA + FAIXA_CREDITOS_ATIVOS__UM_A_DOIS_CREDITOS_ATIVOS;5;2;7;0.010000;0.23;1.62;0;1.11;FAIXA_RENDA__RENDA_BAIXA + FAIXA_IDADE__IDADE_60_OU_MAIS + CATEGORIA_FILHOS__SEM_FILHOS + POSSE_CARRO__SEM_CARRO + SITUACAO_FAMILIAR__CASADO_OU_UNIAO_CIVIL + FAIXA_CREDITOS_ATIVOS__UM_A_DOIS_CREDITOS_ATIVOS + FAIXA_TAXA_REJEICAO__SEM_REJEICAO_PREVIA;100;0.010000
217;FAIXA_IDADE__IDADE_60_OU_MAIS + CATEGORIA_FILHOS__SEM_FILHOS + POSSE_CARRO__SEM_CARRO + SITUACAO_FAMILIAR__CASADO_OU_UNIAO_CIVIL + FAIXA_CREDITOS_ATIVOS__UM_A_DOIS_CREDITOS_ATIVOS;FAIXA_RENDA__RENDA_BAIXA + FAIXA_TAXA_REJEICAO__SEM_REJEICAO_PREVIA;5;2;7;0.010000;0.38;1.61;0;1.22;FAIXA_RENDA__RENDA_BAIXA + FAIXA_IDADE__IDADE_60_OU_MAIS + CATEGORIA_FILHOS__SEM_FILHOS + POSSE_CARRO__SEM_CARRO + SITUACAO_FAMILIAR__CASADO_OU_UNIAO_CIVIL + FAIXA_CREDITOS_ATIVOS__UM_A_DOIS_CREDITOS_ATIVOS + FAIXA_TAXA_REJEICAO__SEM_REJEICAO_PREVIA;100;0.010000
218;FAIXA_RENDA__RENDA_BAIXA + FAIXA_TAXA_REJEICAO__SEM_REJEICAO_PREVIA;FAIXA_IDADE__IDADE_60_OU_MAIS + CATEGORIA_FILHOS__SEM_FILHOS + POSSE_CARRO__SEM_CARRO + SITUACAO_FAMILIAR__CASADO_OU_UNIAO_CIVIL + FAIXA_CREDITOS_ATIVOS__UM_A_DOIS_CREDITOS_ATIVOS;2;5;7;0.010000;0.04;1.61;0;1.02;FAIXA_RENDA__RENDA_BAIXA + FAIXA_IDADE__IDADE_60_OU_MAIS + CATEGORIA_FILHOS__SEM_FILHOS + POSSE_CARRO__SEM_CARRO + SITUACAO_FAMILIAR__CASADO_OU_UNIAO_CIVIL + FAIXA_CREDITOS_ATIVOS__UM_A_DOIS_CREDITOS_ATIVOS + FAIXA_TAXA_REJEICAO__SEM_REJEICAO_PREVIA;100;0.010000
219;FAIXA_CREDITO__CREDITO_MEDIO + FAIXA_IDADE__IDADE_50_A_59;CATEGORIA_FILHOS__SEM_FILHOS + POSSE_CARRO__SEM_CARRO + FAIXA_CREDITOS_ATIVOS__TRES_OU_MAIS_CREDITOS_ATIVOS;2;3;5;0.010000;0.2;1.61;0;1.09;FAIXA_CREDITO__CREDITO_MEDIO + FAIXA_IDADE__IDADE_50_A_59 + CATEGORIA_FILHOS__SEM_FILHOS + POSSE_CARRO__SEM_CARRO + FAIXA_CREDITOS_ATIVOS__TRES_OU_MAIS_CREDITOS_ATIVOS;100;0.010000
220;CATEGORIA_FILHOS__SEM_FILHOS + POSSE_CARRO__SEM_CARRO + FAIXA_CREDITOS_ATIVOS__TRES_OU_MAIS_CREDITOS_ATIVOS;FAIXA_CREDITO__CREDITO_MEDIO + FAIXA_IDADE__IDADE_50_A_59;3;2;5;0.010000;0.08;1.61;0;1.03;FAIXA_CREDITO__CREDITO_MEDIO + FAIXA_IDADE__IDADE_50_A_59 + CATEGORIA_FILHOS__SEM_FILHOS + POSSE_CARRO__SEM_CARRO + FAIXA_CREDITOS_ATIVOS__TRES_OU_MAIS_CREDITOS_ATIVOS;100;0.010000
223;FAIXA_RENDA__RENDA_BAIXA + FAIXA_TAXA_REJEICAO__SEM_REJEICAO_PREVIA;FAIXA_CREDITO__CREDITO_MEDIO + FAIXA_IDADE__IDADE_60_OU_MAIS + POSSE_CARRO__SEM_CARRO;2;3;5;0.010000;0.04;1.6;0;1.02;FAIXA_CREDITO__CREDITO_MEDIO + FAIXA_RENDA__RENDA_BAIXA + FAIXA_IDADE__IDADE_60_OU_MAIS + POSSE_CARRO__SEM_CARRO + FAIXA_TAXA_REJEICAO__SEM_REJEICAO_PREVIA;100;0.010000
224;FAIXA_CREDITO__CREDITO_MEDIO + FAIXA_IDADE__IDADE_60_OU_MAIS + POSSE_CARRO__SEM_CARRO;FAIXA_RENDA__RENDA_BAIXA + FAIXA_TAXA_REJEICAO__SEM_REJEICAO_PREVIA;3;2;5;0.010000;0.38;1.6;0;1.22;FAIXA_CREDITO__CREDITO_MEDIO + FAIXA_RENDA__RENDA_BAIXA + FAIXA_IDADE__IDADE_60_OU_MAIS + POSSE_CARRO__SEM_CARRO + FAIXA_TAXA_REJEICAO__SEM_REJEICAO_PREVIA;100;0.010000
227;FAIXA_CREDITO__CREDITO_MEDIO + SITUACAO_FAMILIAR__SOLTEIRO;CATEGORIA_FILHOS__SEM_FILHOS + FAIXA_CREDITOS_ATIVOS__SEM_CREDITOS_ATIVOS + FAIXA_TAXA_REJEICAO__SEM_REJEICAO_PREVIA;2;3;5;0.010000;0.25;1.59;0;1.12;FAIXA_CREDITO__CREDITO_MEDIO + CATEGORIA_FILHOS__SEM_FILHOS + SITUACAO_FAMILIAR__SOLTEIRO + FAIXA_CREDITOS_ATIVOS__SEM_CREDITOS_ATIVOS + FAIXA_TAXA_REJEICAO__SEM_REJEICAO_PREVIA;100;0.010000
228;CATEGORIA_FILHOS__SEM_FILHOS + FAIXA_CREDITOS_ATIVOS__SEM_CREDITOS_ATIVOS + FAIXA_TAXA_REJEICAO__SEM_REJEICAO_PREVIA;FAIXA_CREDITO__CREDITO_MEDIO + SITUACAO_FAMILIAR__SOLTEIRO;3;2;5;0.010000;0.06;1.59;0;1.02;FAIXA_CREDITO__CREDITO_MEDIO + CATEGORIA_FILHOS__SEM_FILHOS + SITUACAO_FAMILIAR__SOLTEIRO + FAIXA_CREDITOS_ATIVOS__SEM_CREDITOS_ATIVOS + FAIXA_TAXA_REJEICAO__SEM_REJEICAO_PREVIA;100;0.010000
229;FAIXA_IDADE__IDADE_21_A_29 + POSSE_CARRO__COM_CARRO + SITUACAO_FAMILIAR__SOLTEIRO;CATEGORIA_FILHOS__SEM_FILHOS + FAIXA_TAXA_REJEICAO__SEM_REJEICAO_PREVIA;3;2;5;0.010000;0.75;1.59;0;2.03;FAIXA_IDADE__IDADE_21_A_29 + CATEGORIA_FILHOS__SEM_FILHOS + POSSE_CARRO__COM_CARRO + SITUACAO_FAMILIAR__SOLTEIRO + FAIXA_TAXA_REJEICAO__SEM_REJEICAO_PREVIA;100;0.010000
230;CATEGORIA_FILHOS__SEM_FILHOS + FAIXA_TAXA_REJEICAO__SEM_REJEICAO_PREVIA;FAIXA_IDADE__IDADE_21_A_29 + POSSE_CARRO__COM_CARRO + SITUACAO_FAMILIAR__SOLTEIRO;2;3;5;0.010000;0.02;1.59;0;1.01;FAIXA_IDADE__IDADE_21_A_29 + CATEGORIA_FILHOS__SEM_FILHOS + POSSE_CARRO__COM_CARRO + SITUACAO_FAMILIAR__SOLTEIRO + FAIXA_TAXA_REJEICAO__SEM_REJEICAO_PREVIA;100;0.010000
231;FAIXA_RENDA__RENDA_BAIXA + FAIXA_IDADE__IDADE_50_A_59 + SITUACAO_FAMILIAR__CASADO_OU_UNIAO_CIVIL;FAIXA_CREDITO__CREDITO_ALTO + CATEGORIA_FILHOS__SEM_FILHOS + FAIXA_TAXA_REJEICAO__SEM_REJEICAO_PREVIA;3;3;6;0.010000;0.19;1.59;0;1.08;FAIXA_CREDITO__CREDITO_ALTO + FAIXA_RENDA__RENDA_BAIXA + FAIXA_IDADE__IDADE_50_A_59 + CATEGORIA_FILHOS__SEM_FILHOS + SITUACAO_FAMILIAR__CASADO_OU_UNIAO_CIVIL + FAIXA_TAXA_REJEICAO__SEM_REJEICAO_PREVIA;100;0.010000
232;FAIXA_CREDITO__CREDITO_ALTO + CATEGORIA_FILHOS__SEM_FILHOS + FAIXA_TAXA_REJEICAO__SEM_REJEICAO_PREVIA;FAIXA_RENDA__RENDA_BAIXA + FAIXA_IDADE__IDADE_50_A_59 + SITUACAO_FAMILIAR__CASADO_OU_UNIAO_CIVIL;3;3;6;0.010000;0.08;1.59;0;1.03;FAIXA_CREDITO__CREDITO_ALTO + FAIXA_RENDA__RENDA_BAIXA + FAIXA_IDADE__IDADE_50_A_59 + CATEGORIA_FILHOS__SEM_FILHOS + SITUACAO_FAMILIAR__CASADO_OU_UNIAO_CIVIL + FAIXA_TAXA_REJEICAO__SEM_REJEICAO_PREVIA;100;0.010000
233;FAIXA_RENDA__RENDA_BAIXA + POSSE_CARRO__SEM_CARRO + FAIXA_CREDITOS_ATIVOS__UM_A_DOIS_CREDITOS_ATIVOS;FAIXA_IDADE__IDADE_60_OU_MAIS + CATEGORIA_FILHOS__SEM_FILHOS + SITUACAO_FAMILIAR__CASADO_OU_UNIAO_CIVIL + FAIXA_TAXA_REJEICAO__SEM_REJEICAO_PREVIA;3;4;7;0.010000;0.09;1.58;0;1.04;FAIXA_RENDA__RENDA_BAIXA + FAIXA_IDADE__IDADE_60_OU_MAIS + CATEGORIA_FILHOS__SEM_FILHOS + POSSE_CARRO__SEM_CARRO + SITUACAO_FAMILIAR__CASADO_OU_UNIAO_CIVIL + FAIXA_CREDITOS_ATIVOS__UM_A_DOIS_CREDITOS_ATIVOS + FAIXA_TAXA_REJEICAO__SEM_REJEICAO_PREVIA;100;0.010000
234;FAIXA_IDADE__IDADE_60_OU_MAIS + CATEGORIA_FILHOS__SEM_FILHOS + SITUACAO_FAMILIAR__CASADO_OU_UNIAO_CIVIL + FAIXA_TAXA_REJEICAO__SEM_REJEICAO_PREVIA;FAIXA_RENDA__RENDA_BAIXA + POSSE_CARRO__SEM_CARRO + FAIXA_CREDITOS_ATIVOS__UM_A_DOIS_CREDITOS_ATIVOS;4;3;7;0.010000;0.17;1.58;0;1.08;FAIXA_RENDA__RENDA_BAIXA + FAIXA_IDADE__IDADE_60_OU_MAIS + CATEGORIA_FILHOS__SEM_FILHOS + POSSE_CARRO__SEM_CARRO + SITUACAO_FAMILIAR__CASADO_OU_UNIAO_CIVIL + FAIXA_CREDITOS_ATIVOS__UM_A_DOIS_CREDITOS_ATIVOS + FAIXA_TAXA_REJEICAO__SEM_REJEICAO_PREVIA;100;0.010000
235;FAIXA_IDADE__IDADE_60_OU_MAIS + CATEGORIA_FILHOS__SEM_FILHOS + SITUACAO_FAMILIAR__CASADO_OU_UNIAO_CIVIL + FAIXA_CREDITOS_ATIVOS__UM_A_DOIS_CREDITOS_ATIVOS + FAIXA_TAXA_REJEICAO__SEM_REJEICAO_PREVIA;FAIXA_RENDA__RENDA_BAIXA + POSSE_CARRO__SEM_CARRO;5;2;7;0.010000;0.4;1.57;0;1.23;FAIXA_RENDA__RENDA_BAIXA + FAIXA_IDADE__IDADE_60_OU_MAIS + CATEGORIA_FILHOS__SEM_FILHOS + POSSE_CARRO__SEM_CARRO + SITUACAO_FAMILIAR__CASADO_OU_UNIAO_CIVIL + FAIXA_CREDITOS_ATIVOS__UM_A_DOIS_CREDITOS_ATIVOS + FAIXA_TAXA_REJEICAO__SEM_REJEICAO_PREVIA;100;0.010000
236;FAIXA_RENDA__RENDA_BAIXA + POSSE_CARRO__SEM_CARRO;FAIXA_IDADE__IDADE_60_OU_MAIS + CATEGORIA_FILHOS__SEM_FILHOS + SITUACAO_FAMILIAR__CASADO_OU_UNIAO_CIVIL + FAIXA_CREDITOS_ATIVOS__UM_A_DOIS_CREDITOS_ATIVOS + FAIXA_TAXA_REJEICAO__SEM_REJEICAO_PREVIA;2;5;7;0.010000;0.04;1.57;0;1.01;FAIXA_RENDA__RENDA_BAIXA + FAIXA_IDADE__IDADE_60_OU_MAIS + CATEGORIA_FILHOS__SEM_FILHOS + POSSE_CARRO__SEM_CARRO + SITUACAO_FAMILIAR__CASADO_OU_UNIAO_CIVIL + FAIXA_CREDITOS_ATIVOS__UM_A_DOIS_CREDITOS_ATIVOS + FAIXA_TAXA_REJEICAO__SEM_REJEICAO_PREVIA;100;0.010000
237;FAIXA_CREDITO__CREDITO_MEDIO + FAIXA_CREDITOS_ATIVOS__SEM_CREDITOS_ATIVOS;CATEGORIA_FILHOS__SEM_FILHOS + SITUACAO_FAMILIAR__SOLTEIRO + FAIXA_TAXA_REJEICAO__SEM_REJEICAO_PREVIA;2;3;5;0.010000;0.14;1.57;0;1.06;FAIXA_CREDITO__CREDITO_MEDIO + CATEGORIA_FILHOS__SEM_FILHOS + SITUACAO_FAMILIAR__SOLTEIRO + FAIXA_CREDITOS_ATIVOS__SEM_CREDITOS_ATIVOS + FAIXA_TAXA_REJEICAO__SEM_REJEICAO_PREVIA;100;0.010000
238;CATEGORIA_FILHOS__SEM_FILHOS + SITUACAO_FAMILIAR__SOLTEIRO + FAIXA_TAXA_REJEICAO__SEM_REJEICAO_PREVIA;FAIXA_CREDITO__CREDITO_MEDIO + FAIXA_CREDITOS_ATIVOS__SEM_CREDITOS_ATIVOS;3;2;5;0.010000;0.11;1.57;0;1.04;FAIXA_CREDITO__CREDITO_MEDIO + CATEGORIA_FILHOS__SEM_FILHOS + SITUACAO_FAMILIAR__SOLTEIRO + FAIXA_CREDITOS_ATIVOS__SEM_CREDITOS_ATIVOS + FAIXA_TAXA_REJEICAO__SEM_REJEICAO_PREVIA;100;0.010000
239;FAIXA_CREDITO__CREDITO_MEDIO + CATEGORIA_FILHOS__SEM_FILHOS + POSSE_CARRO__SEM_CARRO + FAIXA_CREDITOS_ATIVOS__TRES_OU_MAIS_CREDITOS_ATIVOS;FAIXA_IDADE__IDADE_50_A_59;4;1;5;0.010000;0.34;1.57;0;1.18;FAIXA_CREDITO__CREDITO_MEDIO + FAIXA_IDADE__IDADE_50_A_59 + CATEGORIA_FILHOS__SEM_FILHOS + POSSE_CARRO__SEM_CARRO + FAIXA_CREDITOS_ATIVOS__TRES_OU_MAIS_CREDITOS_ATIVOS;100;0.010000
240;FAIXA_IDADE__IDADE_50_A_59;FAIXA_CREDITO__CREDITO_MEDIO + CATEGORIA_FILHOS__SEM_FILHOS + POSSE_CARRO__SEM_CARRO + FAIXA_CREDITOS_ATIVOS__TRES_OU_MAIS_CREDITOS_ATIVOS;1;4;5;0.010000;0.05;1.57;0;1.02;FAIXA_CREDITO__CREDITO_MEDIO + FAIXA_IDADE__IDADE_50_A_59 + CATEGORIA_FILHOS__SEM_FILHOS + POSSE_CARRO__SEM_CARRO + FAIXA_CREDITOS_ATIVOS__TRES_OU_MAIS_CREDITOS_ATIVOS;100;0.010000
241;FAIXA_IDADE__IDADE_60_OU_MAIS + CATEGORIA_FILHOS__SEM_FILHOS + POSSE_CARRO__SEM_CARRO + SITUACAO_FAMILIAR__CASADO_OU_UNIAO_CIVIL;FAIXA_RENDA__RENDA_BAIXA + FAIXA_CREDITOS_ATIVOS__UM_A_DOIS_CREDITOS_ATIVOS + FAIXA_TAXA_REJEICAO__SEM_REJEICAO_PREVIA;4;3;7;0.010000;0.16;1.57;0;1.07;FAIXA_RENDA__RENDA_BAIXA + FAIXA_IDADE__IDADE_60_OU_MAIS + CATEGORIA_FILHOS__SEM_FILHOS + POSSE_CARRO__SEM_CARRO + SITUACAO_FAMILIAR__CASADO_OU_UNIAO_CIVIL + FAIXA_CREDITOS_ATIVOS__UM_A_DOIS_CREDITOS_ATIVOS + FAIXA_TAXA_REJEICAO__SEM_REJEICAO_PREVIA;100;0.010000
242;FAIXA_RENDA__RENDA_BAIXA + FAIXA_CREDITOS_ATIVOS__UM_A_DOIS_CREDITOS_ATIVOS + FAIXA_TAXA_REJEICAO__SEM_REJEICAO_PREVIA;FAIXA_IDADE__IDADE_60_OU_MAIS + CATEGORIA_FILHOS__SEM_FILHOS + POSSE_CARRO__SEM_CARRO + SITUACAO_FAMILIAR__CASADO_OU_UNIAO_CIVIL;3;4;7;0.010000;0.1;1.57;0;1.04;FAIXA_RENDA__RENDA_BAIXA + FAIXA_IDADE__IDADE_60_OU_MAIS + CATEGORIA_FILHOS__SEM_FILHOS + POSSE_CARRO__SEM_CARRO + SITUACAO_FAMILIAR__CASADO_OU_UNIAO_CIVIL + FAIXA_CREDITOS_ATIVOS__UM_A_DOIS_CREDITOS_ATIVOS + FAIXA_TAXA_REJEICAO__SEM_REJEICAO_PREVIA;100;0.010000
243;FAIXA_CREDITO__CREDITO_ALTO + FAIXA_RENDA__RENDA_BAIXA + FAIXA_IDADE__IDADE_50_A_59 + SITUACAO_FAMILIAR__CASADO_OU_UNIAO_CIVIL;CATEGORIA_FILHOS__SEM_FILHOS + FAIXA_TAXA_REJEICAO__SEM_REJEICAO_PREVIA;4;2;6;0.010000;0.74;1.56;0;1.95;FAIXA_CREDITO__CREDITO_ALTO + FAIXA_RENDA__RENDA_BAIXA + FAIXA_IDADE__IDADE_50_A_59 + CATEGORIA_FILHOS__SEM_FILHOS + SITUACAO_FAMILIAR__CASADO_OU_UNIAO_CIVIL + FAIXA_TAXA_REJEICAO__SEM_REJEICAO_PREVIA;100;0.010000
244;CATEGORIA_FILHOS__SEM_FILHOS + FAIXA_TAXA_REJEICAO__SEM_REJEICAO_PREVIA;FAIXA_CREDITO__CREDITO_ALTO + FAIXA_RENDA__RENDA_BAIXA + FAIXA_IDADE__IDADE_50_A_59 + SITUACAO_FAMILIAR__CASADO_OU_UNIAO_CIVIL;2;4;6;0.010000;0.02;1.56;0;1.01;FAIXA_CREDITO__CREDITO_ALTO + FAIXA_RENDA__RENDA_BAIXA + FAIXA_IDADE__IDADE_50_A_59 + CATEGORIA_FILHOS__SEM_FILHOS + SITUACAO_FAMILIAR__CASADO_OU_UNIAO_CIVIL + FAIXA_TAXA_REJEICAO__SEM_REJEICAO_PREVIA;100;0.010000
247;FAIXA_CREDITO__CREDITO_ALTO + CATEGORIA_FILHOS__SEM_FILHOS + SITUACAO_FAMILIAR__CASADO_OU_UNIAO_CIVIL;FAIXA_RENDA__RENDA_BAIXA + FAIXA_IDADE__IDADE_50_A_59 + FAIXA_TAXA_REJEICAO__SEM_REJEICAO_PREVIA;3;3;6;0.010000;0.08;1.56;0;1.03;FAIXA_CREDITO__CREDITO_ALTO + FAIXA_RENDA__RENDA_BAIXA + FAIXA_IDADE__IDADE_50_A_59 + CATEGORIA_FILHOS__SEM_FILHOS + SITUACAO_FAMILIAR__CASADO_OU_UNIAO_CIVIL + FAIXA_TAXA_REJEICAO__SEM_REJEICAO_PREVIA;100;0.010000
248;FAIXA_RENDA__RENDA_BAIXA + FAIXA_IDADE__IDADE_50_A_59 + FAIXA_TAXA_REJEICAO__SEM_REJEICAO_PREVIA;FAIXA_CREDITO__CREDITO_ALTO + CATEGORIA_FILHOS__SEM_FILHOS + SITUACAO_FAMILIAR__CASADO_OU_UNIAO_CIVIL;3;3;6;0.010000;0.19;1.56;0;1.08;FAIXA_CREDITO__CREDITO_ALTO + FAIXA_RENDA__RENDA_BAIXA + FAIXA_IDADE__IDADE_50_A_59 + CATEGORIA_FILHOS__SEM_FILHOS + SITUACAO_FAMILIAR__CASADO_OU_UNIAO_CIVIL + FAIXA_TAXA_REJEICAO__SEM_REJEICAO_PREVIA;100;0.010000
249;FAIXA_IDADE__IDADE_50_A_59;CATEGORIA_FILHOS__SEM_FILHOS + POSSE_CARRO__SEM_CARRO + FAIXA_CREDITOS_ATIVOS__TRES_OU_MAIS_CREDITOS_ATIVOS + FAIXA_TAXA_REJEICAO__REJEICAO_PREVIA_ACIMA_25_PCT;1;4;5;0.010000;0.05;1.56;0;1.02;FAIXA_IDADE__IDADE_50_A_59 + CATEGORIA_FILHOS__SEM_FILHOS + POSSE_CARRO__SEM_CARRO + FAIXA_CREDITOS_ATIVOS__TRES_OU_MAIS_CREDITOS_ATIVOS + FAIXA_TAXA_REJEICAO__REJEICAO_PREVIA_ACIMA_25_PCT;100;0.010000
250;CATEGORIA_FILHOS__SEM_FILHOS + POSSE_CARRO__SEM_CARRO + FAIXA_CREDITOS_ATIVOS__TRES_OU_MAIS_CREDITOS_ATIVOS + FAIXA_TAXA_REJEICAO__REJEICAO_PREVIA_ACIMA_25_PCT;FAIXA_IDADE__IDADE_50_A_59;4;1;5;0.010000;0.34;1.56;0;1.18;FAIXA_IDADE__IDADE_50_A_59 + CATEGORIA_FILHOS__SEM_FILHOS + POSSE_CARRO__SEM_CARRO + FAIXA_CREDITOS_ATIVOS__TRES_OU_MAIS_CREDITOS_ATIVOS + FAIXA_TAXA_REJEICAO__REJEICAO_PREVIA_ACIMA_25_PCT;100;0.010000
251;FAIXA_IDADE__IDADE_60_OU_MAIS + POSSE_CARRO__SEM_CARRO + SITUACAO_FAMILIAR__SEPARADO_VIUVO_OU_NAO_INFORMADO + FAIXA_CREDITOS_ATIVOS__UM_A_DOIS_CREDITOS_ATIVOS;CATEGORIA_FILHOS__SEM_FILHOS + FAIXA_TAXA_REJEICAO__SEM_REJEICAO_PREVIA;4;2;6;0.010000;0.73;1.55;0;1.91;FAIXA_IDADE__IDADE_60_OU_MAIS + CATEGORIA_FILHOS__SEM_FILHOS + POSSE_CARRO__SEM_CARRO + SITUACAO_FAMILIAR__SEPARADO_VIUVO_OU_NAO_INFORMADO + FAIXA_CREDITOS_ATIVOS__UM_A_DOIS_CREDITOS_ATIVOS + FAIXA_TAXA_REJEICAO__SEM_REJEICAO_PREVIA;100;0.010000
252;CATEGORIA_FILHOS__SEM_FILHOS + FAIXA_TAXA_REJEICAO__SEM_REJEICAO_PREVIA;FAIXA_IDADE__IDADE_60_OU_MAIS + POSSE_CARRO__SEM_CARRO + SITUACAO_FAMILIAR__SEPARADO_VIUVO_OU_NAO_INFORMADO + FAIXA_CREDITOS_ATIVOS__UM_A_DOIS_CREDITOS_ATIVOS;2;4;6;0.010000;0.02;1.55;0;1.01;FAIXA_IDADE__IDADE_60_OU_MAIS + CATEGORIA_FILHOS__SEM_FILHOS + POSSE_CARRO__SEM_CARRO + SITUACAO_FAMILIAR__SEPARADO_VIUVO_OU_NAO_INFORMADO + FAIXA_CREDITOS_ATIVOS__UM_A_DOIS_CREDITOS_ATIVOS + FAIXA_TAXA_REJEICAO__SEM_REJEICAO_PREVIA;100;0.010000
255;FAIXA_IDADE__IDADE_50_A_59 + CATEGORIA_FILHOS__SEM_FILHOS + POSSE_CARRO__SEM_CARRO + FAIXA_TAXA_REJEICAO__REJEICAO_PREVIA_ACIMA_25_PCT;FAIXA_CREDITOS_ATIVOS__TRES_OU_MAIS_CREDITOS_ATIVOS;4;1;5;0.010000;0.42;1.55;0;1.25;FAIXA_IDADE__IDADE_50_A_59 + CATEGORIA_FILHOS__SEM_FILHOS + POSSE_CARRO__SEM_CARRO + FAIXA_CREDITOS_ATIVOS__TRES_OU_MAIS_CREDITOS_ATIVOS + FAIXA_TAXA_REJEICAO__REJEICAO_PREVIA_ACIMA_25_PCT;100;0.010000
256;FAIXA_CREDITOS_ATIVOS__TRES_OU_MAIS_CREDITOS_ATIVOS;FAIXA_IDADE__IDADE_50_A_59 + CATEGORIA_FILHOS__SEM_FILHOS + POSSE_CARRO__SEM_CARRO + FAIXA_TAXA_REJEICAO__REJEICAO_PREVIA_ACIMA_25_PCT;1;4;5;0.010000;0.04;1.55;0;1.01;FAIXA_IDADE__IDADE_50_A_59 + CATEGORIA_FILHOS__SEM_FILHOS + POSSE_CARRO__SEM_CARRO + FAIXA_CREDITOS_ATIVOS__TRES_OU_MAIS_CREDITOS_ATIVOS + FAIXA_TAXA_REJEICAO__REJEICAO_PREVIA_ACIMA_25_PCT;100;0.010000
257;CATEGORIA_FILHOS__SEM_FILHOS + POSSE_CARRO__SEM_CARRO + SITUACAO_FAMILIAR__CASADO_OU_UNIAO_CIVIL;FAIXA_RENDA__RENDA_BAIXA + FAIXA_IDADE__IDADE_60_OU_MAIS + FAIXA_CREDITOS_ATIVOS__UM_A_DOIS_CREDITOS_ATIVOS + FAIXA_TAXA_REJEICAO__SEM_REJEICAO_PREVIA;3;4;7;0.010000;0.03;1.55;0;1.01;FAIXA_RENDA__RENDA_BAIXA + FAIXA_IDADE__IDADE_60_OU_MAIS + CATEGORIA_FILHOS__SEM_FILHOS + POSSE_CARRO__SEM_CARRO + SITUACAO_FAMILIAR__CASADO_OU_UNIAO_CIVIL + FAIXA_CREDITOS_ATIVOS__UM_A_DOIS_CREDITOS_ATIVOS + FAIXA_TAXA_REJEICAO__SEM_REJEICAO_PREVIA;100;0.010000
258;FAIXA_RENDA__RENDA_BAIXA + FAIXA_IDADE__IDADE_60_OU_MAIS + FAIXA_CREDITOS_ATIVOS__UM_A_DOIS_CREDITOS_ATIVOS + FAIXA_TAXA_REJEICAO__SEM_REJEICAO_PREVIA;CATEGORIA_FILHOS__SEM_FILHOS + POSSE_CARRO__SEM_CARRO + SITUACAO_FAMILIAR__CASADO_OU_UNIAO_CIVIL;4;3;7;0.010000;0.47;1.55;0;1.31;FAIXA_RENDA__RENDA_BAIXA + FAIXA_IDADE__IDADE_60_OU_MAIS + CATEGORIA_FILHOS__SEM_FILHOS + POSSE_CARRO__SEM_CARRO + SITUACAO_FAMILIAR__CASADO_OU_UNIAO_CIVIL + FAIXA_CREDITOS_ATIVOS__UM_A_DOIS_CREDITOS_ATIVOS + FAIXA_TAXA_REJEICAO__SEM_REJEICAO_PREVIA;100;0.010000
261;FAIXA_RENDA__RENDA_BAIXA + FAIXA_IDADE__IDADE_60_OU_MAIS + FAIXA_TAXA_REJEICAO__SEM_REJEICAO_PREVIA;CATEGORIA_FILHOS__SEM_FILHOS + POSSE_CARRO__SEM_CARRO + SITUACAO_FAMILIAR__CASADO_OU_UNIAO_CIVIL + FAIXA_CREDITOS_ATIVOS__UM_A_DOIS_CREDITOS_ATIVOS;3;4;7;0.010000;0.2;1.54;0;1.09;FAIXA_RENDA__RENDA_BAIXA + FAIXA_IDADE__IDADE_60_OU_MAIS + CATEGORIA_FILHOS__SEM_FILHOS + POSSE_CARRO__SEM_CARRO + SITUACAO_FAMILIAR__CASADO_OU_UNIAO_CIVIL + FAIXA_CREDITOS_ATIVOS__UM_A_DOIS_CREDITOS_ATIVOS + FAIXA_TAXA_REJEICAO__SEM_REJEICAO_PREVIA;100;0.010000
262;CATEGORIA_FILHOS__SEM_FILHOS + POSSE_CARRO__SEM_CARRO + SITUACAO_FAMILIAR__CASADO_OU_UNIAO_CIVIL + FAIXA_CREDITOS_ATIVOS__UM_A_DOIS_CREDITOS_ATIVOS;FAIXA_RENDA__RENDA_BAIXA + FAIXA_IDADE__IDADE_60_OU_MAIS + FAIXA_TAXA_REJEICAO__SEM_REJEICAO_PREVIA;4;3;7;0.010000;0.08;1.54;0;1.03;FAIXA_RENDA__RENDA_BAIXA + FAIXA_IDADE__IDADE_60_OU_MAIS + CATEGORIA_FILHOS__SEM_FILHOS + POSSE_CARRO__SEM_CARRO + SITUACAO_FAMILIAR__CASADO_OU_UNIAO_CIVIL + FAIXA_CREDITOS_ATIVOS__UM_A_DOIS_CREDITOS_ATIVOS + FAIXA_TAXA_REJEICAO__SEM_REJEICAO_PREVIA;100;0.010000
263;CATEGORIA_FILHOS__SEM_FILHOS + FAIXA_TAXA_REJEICAO__SEM_REJEICAO_PREVIA;FAIXA_RENDA__RENDA_BAIXA + FAIXA_IDADE__IDADE_60_OU_MAIS + POSSE_CARRO__SEM_CARRO + SITUACAO_FAMILIAR__CASADO_OU_UNIAO_CIVIL + FAIXA_CREDITOS_ATIVOS__UM_A_DOIS_CREDITOS_ATIVOS;2;5;7;0.010000;0.02;1.54;0;1.01;FAIXA_RENDA__RENDA_BAIXA + FAIXA_IDADE__IDADE_60_OU_MAIS + CATEGORIA_FILHOS__SEM_FILHOS + POSSE_CARRO__SEM_CARRO + SITUACAO_FAMILIAR__CASADO_OU_UNIAO_CIVIL + FAIXA_CREDITOS_ATIVOS__UM_A_DOIS_CREDITOS_ATIVOS + FAIXA_TAXA_REJEICAO__SEM_REJEICAO_PREVIA;100;0.010000
264;FAIXA_RENDA__RENDA_BAIXA + FAIXA_IDADE__IDADE_60_OU_MAIS + POSSE_CARRO__SEM_CARRO + SITUACAO_FAMILIAR__CASADO_OU_UNIAO_CIVIL + FAIXA_CREDITOS_ATIVOS__UM_A_DOIS_CREDITOS_ATIVOS;CATEGORIA_FILHOS__SEM_FILHOS + FAIXA_TAXA_REJEICAO__SEM_REJEICAO_PREVIA;5;2;7;0.010000;0.72;1.54;0;1.87;FAIXA_RENDA__RENDA_BAIXA + FAIXA_IDADE__IDADE_60_OU_MAIS + CATEGORIA_FILHOS__SEM_FILHOS + POSSE_CARRO__SEM_CARRO + SITUACAO_FAMILIAR__CASADO_OU_UNIAO_CIVIL + FAIXA_CREDITOS_ATIVOS__UM_A_DOIS_CREDITOS_ATIVOS + FAIXA_TAXA_REJEICAO__SEM_REJEICAO_PREVIA;100;0.010000
265;CATEGORIA_FILHOS__SEM_FILHOS + POSSE_CARRO__COM_CARRO;FAIXA_IDADE__IDADE_21_A_29 + SITUACAO_FAMILIAR__SOLTEIRO + FAIXA_TAXA_REJEICAO__SEM_REJEICAO_PREVIA;2;3;5;0.010000;0.05;1.53;0;1.02;FAIXA_IDADE__IDADE_21_A_29 + CATEGORIA_FILHOS__SEM_FILHOS + POSSE_CARRO__COM_CARRO + SITUACAO_FAMILIAR__SOLTEIRO + FAIXA_TAXA_REJEICAO__SEM_REJEICAO_PREVIA;100;0.010000
266;FAIXA_IDADE__IDADE_21_A_29 + SITUACAO_FAMILIAR__SOLTEIRO + FAIXA_TAXA_REJEICAO__SEM_REJEICAO_PREVIA;CATEGORIA_FILHOS__SEM_FILHOS + POSSE_CARRO__COM_CARRO;3;2;5;0.010000;0.33;1.53;0;1.16;FAIXA_IDADE__IDADE_21_A_29 + CATEGORIA_FILHOS__SEM_FILHOS + POSSE_CARRO__COM_CARRO + SITUACAO_FAMILIAR__SOLTEIRO + FAIXA_TAXA_REJEICAO__SEM_REJEICAO_PREVIA;100;0.010000
267;FAIXA_CREDITO__CREDITO_MUITO_ALTO + FAIXA_RENDA__RENDA_MUITO_ALTA;FAIXA_IDADE__IDADE_50_A_59 + FAIXA_CREDITOS_ATIVOS__TRES_OU_MAIS_CREDITOS_ATIVOS;2;2;4;0.010000;0.1;1.53;0;1.04;FAIXA_CREDITO__CREDITO_MUITO_ALTO + FAIXA_RENDA__RENDA_MUITO_ALTA + FAIXA_IDADE__IDADE_50_A_59 + FAIXA_CREDITOS_ATIVOS__TRES_OU_MAIS_CREDITOS_ATIVOS;100;0.010000
268;FAIXA_IDADE__IDADE_50_A_59 + FAIXA_CREDITOS_ATIVOS__TRES_OU_MAIS_CREDITOS_ATIVOS;FAIXA_CREDITO__CREDITO_MUITO_ALTO + FAIXA_RENDA__RENDA_MUITO_ALTA;2;2;4;0.010000;0.16;1.53;0;1.06;FAIXA_CREDITO__CREDITO_MUITO_ALTO + FAIXA_RENDA__RENDA_MUITO_ALTA + FAIXA_IDADE__IDADE_50_A_59 + FAIXA_CREDITOS_ATIVOS__TRES_OU_MAIS_CREDITOS_ATIVOS;100;0.010000
269;FAIXA_IDADE__IDADE_60_OU_MAIS + FAIXA_TAXA_REJEICAO__SEM_REJEICAO_PREVIA;FAIXA_CREDITO__CREDITO_MEDIO + FAIXA_RENDA__RENDA_BAIXA + POSSE_CARRO__SEM_CARRO;2;3;5;0.010000;0.1;1.52;0;1.04;FAIXA_CREDITO__CREDITO_MEDIO + FAIXA_RENDA__RENDA_BAIXA + FAIXA_IDADE__IDADE_60_OU_MAIS + POSSE_CARRO__SEM_CARRO + FAIXA_TAXA_REJEICAO__SEM_REJEICAO_PREVIA;100;0.010000
270;FAIXA_CREDITO__CREDITO_MEDIO + FAIXA_RENDA__RENDA_BAIXA + POSSE_CARRO__SEM_CARRO;FAIXA_IDADE__IDADE_60_OU_MAIS + FAIXA_TAXA_REJEICAO__SEM_REJEICAO_PREVIA;3;2;5;0.010000;0.15;1.52;0;1.06;FAIXA_CREDITO__CREDITO_MEDIO + FAIXA_RENDA__RENDA_BAIXA + FAIXA_IDADE__IDADE_60_OU_MAIS + POSSE_CARRO__SEM_CARRO + FAIXA_TAXA_REJEICAO__SEM_REJEICAO_PREVIA;100;0.010000
271;FAIXA_CREDITO__CREDITO_BAIXO + SITUACAO_FAMILIAR__CASADO_OU_UNIAO_CIVIL;FAIXA_RENDA__RENDA_BAIXA + FAIXA_IDADE__IDADE_40_A_49 + POSSE_CARRO__SEM_CARRO + FAIXA_TAXA_REJEICAO__SEM_REJEICAO_PREVIA;2;4;6;0.010000;0.06;1.52;0;1.02;FAIXA_CREDITO__CREDITO_BAIXO + FAIXA_RENDA__RENDA_BAIXA + FAIXA_IDADE__IDADE_40_A_49 + POSSE_CARRO__SEM_CARRO + SITUACAO_FAMILIAR__CASADO_OU_UNIAO_CIVIL + FAIXA_TAXA_REJEICAO__SEM_REJEICAO_PREVIA;100;0.010000
272;FAIXA_RENDA__RENDA_BAIXA + FAIXA_IDADE__IDADE_40_A_49 + POSSE_CARRO__SEM_CARRO + FAIXA_TAXA_REJEICAO__SEM_REJEICAO_PREVIA;FAIXA_CREDITO__CREDITO_BAIXO + SITUACAO_FAMILIAR__CASADO_OU_UNIAO_CIVIL;4;2;6;0.010000;0.26;1.52;0;1.12;FAIXA_CREDITO__CREDITO_BAIXO + FAIXA_RENDA__RENDA_BAIXA + FAIXA_IDADE__IDADE_40_A_49 + POSSE_CARRO__SEM_CARRO + SITUACAO_FAMILIAR__CASADO_OU_UNIAO_CIVIL + FAIXA_TAXA_REJEICAO__SEM_REJEICAO_PREVIA;100;0.010000
273;FAIXA_CREDITO__CREDITO_ALTO + CATEGORIA_FILHOS__SEM_FILHOS;FAIXA_RENDA__RENDA_ALTA + FAIXA_IDADE__IDADE_50_A_59 + POSSE_CARRO__SEM_CARRO;2;3;5;0.010000;0.06;1.52;0;1.02;FAIXA_CREDITO__CREDITO_ALTO + FAIXA_RENDA__RENDA_ALTA + FAIXA_IDADE__IDADE_50_A_59 + CATEGORIA_FILHOS__SEM_FILHOS + POSSE_CARRO__SEM_CARRO;100;0.010000
274;FAIXA_RENDA__RENDA_ALTA + FAIXA_IDADE__IDADE_50_A_59 + POSSE_CARRO__SEM_CARRO;FAIXA_CREDITO__CREDITO_ALTO + CATEGORIA_FILHOS__SEM_FILHOS;3;2;5;0.010000;0.27;1.52;0;1.12;FAIXA_CREDITO__CREDITO_ALTO + FAIXA_RENDA__RENDA_ALTA + FAIXA_IDADE__IDADE_50_A_59 + CATEGORIA_FILHOS__SEM_FILHOS + POSSE_CARRO__SEM_CARRO;100;0.010000
275;FAIXA_CREDITO__CREDITO_BAIXO + FAIXA_IDADE__IDADE_40_A_49 + SITUACAO_FAMILIAR__CASADO_OU_UNIAO_CIVIL + FAIXA_TAXA_REJEICAO__SEM_REJEICAO_PREVIA;FAIXA_RENDA__RENDA_BAIXA + POSSE_CARRO__SEM_CARRO;4;2;6;0.010000;0.39;1.52;0;1.21;FAIXA_CREDITO__CREDITO_BAIXO + FAIXA_RENDA__RENDA_BAIXA + FAIXA_IDADE__IDADE_40_A_49 + POSSE_CARRO__SEM_CARRO + SITUACAO_FAMILIAR__CASADO_OU_UNIAO_CIVIL + FAIXA_TAXA_REJEICAO__SEM_REJEICAO_PREVIA;100;0.010000
276;FAIXA_RENDA__RENDA_BAIXA + POSSE_CARRO__SEM_CARRO;FAIXA_CREDITO__CREDITO_BAIXO + FAIXA_IDADE__IDADE_40_A_49 + SITUACAO_FAMILIAR__CASADO_OU_UNIAO_CIVIL + FAIXA_TAXA_REJEICAO__SEM_REJEICAO_PREVIA;2;4;6;0.010000;0.04;1.52;0;1.01;FAIXA_CREDITO__CREDITO_BAIXO + FAIXA_RENDA__RENDA_BAIXA + FAIXA_IDADE__IDADE_40_A_49 + POSSE_CARRO__SEM_CARRO + SITUACAO_FAMILIAR__CASADO_OU_UNIAO_CIVIL + FAIXA_TAXA_REJEICAO__SEM_REJEICAO_PREVIA;100;0.010000
277;CATEGORIA_FILHOS__SEM_FILHOS + SITUACAO_FAMILIAR__SOLTEIRO;FAIXA_CREDITO__CREDITO_MEDIO + FAIXA_CREDITOS_ATIVOS__SEM_CREDITOS_ATIVOS + FAIXA_TAXA_REJEICAO__SEM_REJEICAO_PREVIA;2;3;5;0.010000;0.08;1.52;0;1.03;FAIXA_CREDITO__CREDITO_MEDIO + CATEGORIA_FILHOS__SEM_FILHOS + SITUACAO_FAMILIAR__SOLTEIRO + FAIXA_CREDITOS_ATIVOS__SEM_CREDITOS_ATIVOS + FAIXA_TAXA_REJEICAO__SEM_REJEICAO_PREVIA;100;0.010000
278;FAIXA_CREDITO__CREDITO_MEDIO + FAIXA_CREDITOS_ATIVOS__SEM_CREDITOS_ATIVOS + FAIXA_TAXA_REJEICAO__SEM_REJEICAO_PREVIA;CATEGORIA_FILHOS__SEM_FILHOS + SITUACAO_FAMILIAR__SOLTEIRO;3;2;5;0.010000;0.19;1.52;0;1.08;FAIXA_CREDITO__CREDITO_MEDIO + CATEGORIA_FILHOS__SEM_FILHOS + SITUACAO_FAMILIAR__SOLTEIRO + FAIXA_CREDITOS_ATIVOS__SEM_CREDITOS_ATIVOS + FAIXA_TAXA_REJEICAO__SEM_REJEICAO_PREVIA;100;0.010000
279;FAIXA_CREDITO__CREDITO_MEDIO + CATEGORIA_FILHOS__SEM_FILHOS;SITUACAO_FAMILIAR__SOLTEIRO + FAIXA_CREDITOS_ATIVOS__SEM_CREDITOS_ATIVOS + FAIXA_TAXA_REJEICAO__SEM_REJEICAO_PREVIA;2;3;5;0.010000;0.06;1.52;0;1.02;FAIXA_CREDITO__CREDITO_MEDIO + CATEGORIA_FILHOS__SEM_FILHOS + SITUACAO_FAMILIAR__SOLTEIRO + FAIXA_CREDITOS_ATIVOS__SEM_CREDITOS_ATIVOS + FAIXA_TAXA_REJEICAO__SEM_REJEICAO_PREVIA;100;0.010000
280;SITUACAO_FAMILIAR__SOLTEIRO + FAIXA_CREDITOS_ATIVOS__SEM_CREDITOS_ATIVOS + FAIXA_TAXA_REJEICAO__SEM_REJEICAO_PREVIA;FAIXA_CREDITO__CREDITO_MEDIO + CATEGORIA_FILHOS__SEM_FILHOS;3;2;5;0.010000;0.26;1.52;0;1.12;FAIXA_CREDITO__CREDITO_MEDIO + CATEGORIA_FILHOS__SEM_FILHOS + SITUACAO_FAMILIAR__SOLTEIRO + FAIXA_CREDITOS_ATIVOS__SEM_CREDITOS_ATIVOS + FAIXA_TAXA_REJEICAO__SEM_REJEICAO_PREVIA;100;0.010000
281;FAIXA_CREDITO__CREDITO_BAIXO + FAIXA_IDADE__IDADE_40_A_49;FAIXA_RENDA__RENDA_BAIXA + POSSE_CARRO__SEM_CARRO + SITUACAO_FAMILIAR__CASADO_OU_UNIAO_CIVIL + FAIXA_TAXA_REJEICAO__SEM_REJEICAO_PREVIA;2;4;6;0.010000;0.19;1.52;0;1.08;FAIXA_CREDITO__CREDITO_BAIXO + FAIXA_RENDA__RENDA_BAIXA + FAIXA_IDADE__IDADE_40_A_49 + POSSE_CARRO__SEM_CARRO + SITUACAO_FAMILIAR__CASADO_OU_UNIAO_CIVIL + FAIXA_TAXA_REJEICAO__SEM_REJEICAO_PREVIA;100;0.010000
282;FAIXA_RENDA__RENDA_BAIXA + POSSE_CARRO__SEM_CARRO + SITUACAO_FAMILIAR__CASADO_OU_UNIAO_CIVIL + FAIXA_TAXA_REJEICAO__SEM_REJEICAO_PREVIA;FAIXA_CREDITO__CREDITO_BAIXO + FAIXA_IDADE__IDADE_40_A_49;4;2;6;0.010000;0.08;1.52;0;1.03;FAIXA_CREDITO__CREDITO_BAIXO + FAIXA_RENDA__RENDA_BAIXA + FAIXA_IDADE__IDADE_40_A_49 + POSSE_CARRO__SEM_CARRO + SITUACAO_FAMILIAR__CASADO_OU_UNIAO_CIVIL + FAIXA_TAXA_REJEICAO__SEM_REJEICAO_PREVIA;100;0.010000
283;FAIXA_IDADE__IDADE_21_A_29 + POSSE_CARRO__SEM_CARRO + SITUACAO_FAMILIAR__CASADO_OU_UNIAO_CIVIL;FAIXA_RENDA__RENDA_BAIXA + FAIXA_CREDITOS_ATIVOS__UM_A_DOIS_CREDITOS_ATIVOS;3;2;5;0.010000;0.21;1.52;0;1.09;FAIXA_RENDA__RENDA_BAIXA + FAIXA_IDADE__IDADE_21_A_29 + POSSE_CARRO__SEM_CARRO + SITUACAO_FAMILIAR__CASADO_OU_UNIAO_CIVIL + FAIXA_CREDITOS_ATIVOS__UM_A_DOIS_CREDITOS_ATIVOS;100;0.010000
284;FAIXA_RENDA__RENDA_BAIXA + FAIXA_CREDITOS_ATIVOS__UM_A_DOIS_CREDITOS_ATIVOS;FAIXA_IDADE__IDADE_21_A_29 + POSSE_CARRO__SEM_CARRO + SITUACAO_FAMILIAR__CASADO_OU_UNIAO_CIVIL;2;3;5;0.010000;0.07;1.52;0;1.03;FAIXA_RENDA__RENDA_BAIXA + FAIXA_IDADE__IDADE_21_A_29 + POSSE_CARRO__SEM_CARRO + SITUACAO_FAMILIAR__CASADO_OU_UNIAO_CIVIL + FAIXA_CREDITOS_ATIVOS__UM_A_DOIS_CREDITOS_ATIVOS;100;0.010000
285;FAIXA_RENDA__RENDA_BAIXA + FAIXA_IDADE__IDADE_60_OU_MAIS + POSSE_CARRO__SEM_CARRO + SITUACAO_FAMILIAR__CASADO_OU_UNIAO_CIVIL;CATEGORIA_FILHOS__SEM_FILHOS + FAIXA_CREDITOS_ATIVOS__UM_A_DOIS_CREDITOS_ATIVOS + FAIXA_TAXA_REJEICAO__SEM_REJEICAO_PREVIA;4;3;7;0.010000;0.31;1.51;0;1.15;FAIXA_RENDA__RENDA_BAIXA + FAIXA_IDADE__IDADE_60_OU_MAIS + CATEGORIA_FILHOS__SEM_FILHOS + POSSE_CARRO__SEM_CARRO + SITUACAO_FAMILIAR__CASADO_OU_UNIAO_CIVIL + FAIXA_CREDITOS_ATIVOS__UM_A_DOIS_CREDITOS_ATIVOS + FAIXA_TAXA_REJEICAO__SEM_REJEICAO_PREVIA;100;0.010000
286;CATEGORIA_FILHOS__SEM_FILHOS + FAIXA_CREDITOS_ATIVOS__UM_A_DOIS_CREDITOS_ATIVOS + FAIXA_TAXA_REJEICAO__SEM_REJEICAO_PREVIA;FAIXA_RENDA__RENDA_BAIXA + FAIXA_IDADE__IDADE_60_OU_MAIS + POSSE_CARRO__SEM_CARRO + SITUACAO_FAMILIAR__CASADO_OU_UNIAO_CIVIL;3;4;7;0.010000;0.05;1.51;0;1.02;FAIXA_RENDA__RENDA_BAIXA + FAIXA_IDADE__IDADE_60_OU_MAIS + CATEGORIA_FILHOS__SEM_FILHOS + POSSE_CARRO__SEM_CARRO + SITUACAO_FAMILIAR__CASADO_OU_UNIAO_CIVIL + FAIXA_CREDITOS_ATIVOS__UM_A_DOIS_CREDITOS_ATIVOS + FAIXA_TAXA_REJEICAO__SEM_REJEICAO_PREVIA;100;0.010000
287;FAIXA_RENDA__RENDA_BAIXA + POSSE_CARRO__SEM_CARRO + FAIXA_TAXA_REJEICAO__SEM_REJEICAO_PREVIA;FAIXA_IDADE__IDADE_60_OU_MAIS + CATEGORIA_FILHOS__SEM_FILHOS + SITUACAO_FAMILIAR__CASADO_OU_UNIAO_CIVIL + FAIXA_CREDITOS_ATIVOS__UM_A_DOIS_CREDITOS_ATIVOS;3;4;7;0.010000;0.05;1.51;0;1.02;FAIXA_RENDA__RENDA_BAIXA + FAIXA_IDADE__IDADE_60_OU_MAIS + CATEGORIA_FILHOS__SEM_FILHOS + POSSE_CARRO__SEM_CARRO + SITUACAO_FAMILIAR__CASADO_OU_UNIAO_CIVIL + FAIXA_CREDITOS_ATIVOS__UM_A_DOIS_CREDITOS_ATIVOS + FAIXA_TAXA_REJEICAO__SEM_REJEICAO_PREVIA;100;0.010000
288;FAIXA_IDADE__IDADE_60_OU_MAIS + CATEGORIA_FILHOS__SEM_FILHOS + SITUACAO_FAMILIAR__CASADO_OU_UNIAO_CIVIL + FAIXA_CREDITOS_ATIVOS__UM_A_DOIS_CREDITOS_ATIVOS;FAIXA_RENDA__RENDA_BAIXA + POSSE_CARRO__SEM_CARRO + FAIXA_TAXA_REJEICAO__SEM_REJEICAO_PREVIA;4;3;7;0.010000;0.28;1.51;0;1.13;FAIXA_RENDA__RENDA_BAIXA + FAIXA_IDADE__IDADE_60_OU_MAIS + CATEGORIA_FILHOS__SEM_FILHOS + POSSE_CARRO__SEM_CARRO + SITUACAO_FAMILIAR__CASADO_OU_UNIAO_CIVIL + FAIXA_CREDITOS_ATIVOS__UM_A_DOIS_CREDITOS_ATIVOS + FAIXA_TAXA_REJEICAO__SEM_REJEICAO_PREVIA;100;0.010000
289;FAIXA_IDADE__IDADE_50_A_59 + CATEGORIA_FILHOS__SEM_FILHOS + FAIXA_CREDITOS_ATIVOS__TRES_OU_MAIS_CREDITOS_ATIVOS;POSSE_CARRO__SEM_CARRO + FAIXA_TAXA_REJEICAO__REJEICAO_PREVIA_ACIMA_25_PCT;3;2;5;0.010000;0.17;1.51;0;1.07;FAIXA_IDADE__IDADE_50_A_59 + CATEGORIA_FILHOS__SEM_FILHOS + POSSE_CARRO__SEM_CARRO + FAIXA_CREDITOS_ATIVOS__TRES_OU_MAIS_CREDITOS_ATIVOS + FAIXA_TAXA_REJEICAO__REJEICAO_PREVIA_ACIMA_25_PCT;100;0.010000
290;POSSE_CARRO__SEM_CARRO + FAIXA_TAXA_REJEICAO__REJEICAO_PREVIA_ACIMA_25_PCT;FAIXA_IDADE__IDADE_50_A_59 + CATEGORIA_FILHOS__SEM_FILHOS + FAIXA_CREDITOS_ATIVOS__TRES_OU_MAIS_CREDITOS_ATIVOS;2;3;5;0.010000;0.09;1.51;0;1.03;FAIXA_IDADE__IDADE_50_A_59 + CATEGORIA_FILHOS__SEM_FILHOS + POSSE_CARRO__SEM_CARRO + FAIXA_CREDITOS_ATIVOS__TRES_OU_MAIS_CREDITOS_ATIVOS + FAIXA_TAXA_REJEICAO__REJEICAO_PREVIA_ACIMA_25_PCT;100;0.010000
291;FAIXA_RENDA__RENDA_BAIXA + POSSE_CARRO__SEM_CARRO + FAIXA_CREDITOS_ATIVOS__UM_A_DOIS_CREDITOS_ATIVOS + FAIXA_TAXA_REJEICAO__SEM_REJEICAO_PREVIA;FAIXA_IDADE__IDADE_60_OU_MAIS + CATEGORIA_FILHOS__SEM_FILHOS + SITUACAO_FAMILIAR__CASADO_OU_UNIAO_CIVIL;4;3;7;0.010000;0.13;1.5;0;1.05;FAIXA_RENDA__RENDA_BAIXA + FAIXA_IDADE__IDADE_60_OU_MAIS + CATEGORIA_FILHOS__SEM_FILHOS + POSSE_CARRO__SEM_CARRO + SITUACAO_FAMILIAR__CASADO_OU_UNIAO_CIVIL + FAIXA_CREDITOS_ATIVOS__UM_A_DOIS_CREDITOS_ATIVOS + FAIXA_TAXA_REJEICAO__SEM_REJEICAO_PREVIA;100;0.010000
292;FAIXA_IDADE__IDADE_60_OU_MAIS + CATEGORIA_FILHOS__SEM_FILHOS + SITUACAO_FAMILIAR__CASADO_OU_UNIAO_CIVIL;FAIXA_RENDA__RENDA_BAIXA + POSSE_CARRO__SEM_CARRO + FAIXA_CREDITOS_ATIVOS__UM_A_DOIS_CREDITOS_ATIVOS + FAIXA_TAXA_REJEICAO__SEM_REJEICAO_PREVIA;3;4;7;0.010000;0.12;1.5;0;1.04;FAIXA_RENDA__RENDA_BAIXA + FAIXA_IDADE__IDADE_60_OU_MAIS + CATEGORIA_FILHOS__SEM_FILHOS + POSSE_CARRO__SEM_CARRO + SITUACAO_FAMILIAR__CASADO_OU_UNIAO_CIVIL + FAIXA_CREDITOS_ATIVOS__UM_A_DOIS_CREDITOS_ATIVOS + FAIXA_TAXA_REJEICAO__SEM_REJEICAO_PREVIA;100;0.010000
293;FAIXA_CREDITO__CREDITO_ALTO + CATEGORIA_FILHOS__SEM_FILHOS + POSSE_CARRO__SEM_CARRO;FAIXA_RENDA__RENDA_ALTA + FAIXA_IDADE__IDADE_50_A_59;3;2;5;0.010000;0.08;1.5;0;1.03;FAIXA_CREDITO__CREDITO_ALTO + FAIXA_RENDA__RENDA_ALTA + FAIXA_IDADE__IDADE_50_A_59 + CATEGORIA_FILHOS__SEM_FILHOS + POSSE_CARRO__SEM_CARRO;100;0.010000
294;FAIXA_RENDA__RENDA_ALTA + FAIXA_IDADE__IDADE_50_A_59;FAIXA_CREDITO__CREDITO_ALTO + CATEGORIA_FILHOS__SEM_FILHOS + POSSE_CARRO__SEM_CARRO;2;3;5;0.010000;0.19;1.5;0;1.07;FAIXA_CREDITO__CREDITO_ALTO + FAIXA_RENDA__RENDA_ALTA + FAIXA_IDADE__IDADE_50_A_59 + CATEGORIA_FILHOS__SEM_FILHOS + POSSE_CARRO__SEM_CARRO;100;0.010000
295;FAIXA_RENDA__RENDA_BAIXA + CATEGORIA_FILHOS__SEM_FILHOS + SITUACAO_FAMILIAR__CASADO_OU_UNIAO_CIVIL;FAIXA_CREDITO__CREDITO_ALTO + FAIXA_IDADE__IDADE_50_A_59 + FAIXA_TAXA_REJEICAO__SEM_REJEICAO_PREVIA;3;3;6;0.010000;0.06;1.5;0;1.02;FAIXA_CREDITO__CREDITO_ALTO + FAIXA_RENDA__RENDA_BAIXA + FAIXA_IDADE__IDADE_50_A_59 + CATEGORIA_FILHOS__SEM_FILHOS + SITUACAO_FAMILIAR__CASADO_OU_UNIAO_CIVIL + FAIXA_TAXA_REJEICAO__SEM_REJEICAO_PREVIA;100;0.010000
296;FAIXA_CREDITO__CREDITO_ALTO + FAIXA_IDADE__IDADE_50_A_59 + FAIXA_TAXA_REJEICAO__SEM_REJEICAO_PREVIA;FAIXA_RENDA__RENDA_BAIXA + CATEGORIA_FILHOS__SEM_FILHOS + SITUACAO_FAMILIAR__CASADO_OU_UNIAO_CIVIL;3;3;6;0.010000;0.23;1.5;0;1.1;FAIXA_CREDITO__CREDITO_ALTO + FAIXA_RENDA__RENDA_BAIXA + FAIXA_IDADE__IDADE_50_A_59 + CATEGORIA_FILHOS__SEM_FILHOS + SITUACAO_FAMILIAR__CASADO_OU_UNIAO_CIVIL + FAIXA_TAXA_REJEICAO__SEM_REJEICAO_PREVIA;100;0.010000
297;FAIXA_CREDITO__CREDITO_MEDIO + FAIXA_IDADE__IDADE_50_A_59 + FAIXA_CREDITOS_ATIVOS__UM_A_DOIS_CREDITOS_ATIVOS;CATEGORIA_FILHOS__SEM_FILHOS + POSSE_CARRO__SEM_CARRO + FAIXA_TAXA_REJEICAO__SEM_REJEICAO_PREVIA;3;3;6;0.010000;0.49;1.5;0;1.31;FAIXA_CREDITO__CREDITO_MEDIO + FAIXA_IDADE__IDADE_50_A_59 + CATEGORIA_FILHOS__SEM_FILHOS + POSSE_CARRO__SEM_CARRO + FAIXA_CREDITOS_ATIVOS__UM_A_DOIS_CREDITOS_ATIVOS + FAIXA_TAXA_REJEICAO__SEM_REJEICAO_PREVIA;100;0.010000
298;CATEGORIA_FILHOS__SEM_FILHOS + POSSE_CARRO__SEM_CARRO + FAIXA_TAXA_REJEICAO__SEM_REJEICAO_PREVIA;FAIXA_CREDITO__CREDITO_MEDIO + FAIXA_IDADE__IDADE_50_A_59 + FAIXA_CREDITOS_ATIVOS__UM_A_DOIS_CREDITOS_ATIVOS;3;3;6;0.010000;0.03;1.5;0;1.01;FAIXA_CREDITO__CREDITO_MEDIO + FAIXA_IDADE__IDADE_50_A_59 + CATEGORIA_FILHOS__SEM_FILHOS + POSSE_CARRO__SEM_CARRO + FAIXA_CREDITOS_ATIVOS__UM_A_DOIS_CREDITOS_ATIVOS + FAIXA_TAXA_REJEICAO__SEM_REJEICAO_PREVIA;100;0.010000
299;FAIXA_IDADE__IDADE_60_OU_MAIS + CATEGORIA_FILHOS__SEM_FILHOS + SITUACAO_FAMILIAR__SEPARADO_VIUVO_OU_NAO_INFORMADO + FAIXA_CREDITOS_ATIVOS__UM_A_DOIS_CREDITOS_ATIVOS;POSSE_CARRO__SEM_CARRO + FAIXA_TAXA_REJEICAO__SEM_REJEICAO_PREVIA;4;2;6;0.010000;0.67;1.49;0;1.64;FAIXA_IDADE__IDADE_60_OU_MAIS + CATEGORIA_FILHOS__SEM_FILHOS + POSSE_CARRO__SEM_CARRO + SITUACAO_FAMILIAR__SEPARADO_VIUVO_OU_NAO_INFORMADO + FAIXA_CREDITOS_ATIVOS__UM_A_DOIS_CREDITOS_ATIVOS + FAIXA_TAXA_REJEICAO__SEM_REJEICAO_PREVIA;100;0.010000
300;POSSE_CARRO__SEM_CARRO + FAIXA_TAXA_REJEICAO__SEM_REJEICAO_PREVIA;FAIXA_IDADE__IDADE_60_OU_MAIS + CATEGORIA_FILHOS__SEM_FILHOS + SITUACAO_FAMILIAR__SEPARADO_VIUVO_OU_NAO_INFORMADO + FAIXA_CREDITOS_ATIVOS__UM_A_DOIS_CREDITOS_ATIVOS;2;4;6;0.010000;0.02;1.49;0;1.01;FAIXA_IDADE__IDADE_60_OU_MAIS + CATEGORIA_FILHOS__SEM_FILHOS + POSSE_CARRO__SEM_CARRO + SITUACAO_FAMILIAR__SEPARADO_VIUVO_OU_NAO_INFORMADO + FAIXA_CREDITOS_ATIVOS__UM_A_DOIS_CREDITOS_ATIVOS + FAIXA_TAXA_REJEICAO__SEM_REJEICAO_PREVIA;100;0.010000
301;FAIXA_CREDITO__CREDITO_ALTO + FAIXA_IDADE__IDADE_50_A_59;FAIXA_RENDA__RENDA_BAIXA + CATEGORIA_FILHOS__SEM_FILHOS + SITUACAO_FAMILIAR__CASADO_OU_UNIAO_CIVIL + FAIXA_TAXA_REJEICAO__SEM_REJEICAO_PREVIA;2;4;6;0.010000;0.17;1.49;0;1.06;FAIXA_CREDITO__CREDITO_ALTO + FAIXA_RENDA__RENDA_BAIXA + FAIXA_IDADE__IDADE_50_A_59 + CATEGORIA_FILHOS__SEM_FILHOS + SITUACAO_FAMILIAR__CASADO_OU_UNIAO_CIVIL + FAIXA_TAXA_REJEICAO__SEM_REJEICAO_PREVIA;100;0.010000
302;FAIXA_RENDA__RENDA_BAIXA + CATEGORIA_FILHOS__SEM_FILHOS + SITUACAO_FAMILIAR__CASADO_OU_UNIAO_CIVIL + FAIXA_TAXA_REJEICAO__SEM_REJEICAO_PREVIA;FAIXA_CREDITO__CREDITO_ALTO + FAIXA_IDADE__IDADE_50_A_59;4;2;6;0.010000;0.09;1.49;0;1.03;FAIXA_CREDITO__CREDITO_ALTO + FAIXA_RENDA__RENDA_BAIXA + FAIXA_IDADE__IDADE_50_A_59 + CATEGORIA_FILHOS__SEM_FILHOS + SITUACAO_FAMILIAR__CASADO_OU_UNIAO_CIVIL + FAIXA_TAXA_REJEICAO__SEM_REJEICAO_PREVIA;100;0.010000
303;FAIXA_CREDITO__CREDITO_MEDIO + CATEGORIA_FILHOS__SEM_FILHOS + FAIXA_CREDITOS_ATIVOS__TRES_OU_MAIS_CREDITOS_ATIVOS;FAIXA_IDADE__IDADE_50_A_59 + POSSE_CARRO__SEM_CARRO;3;2;5;0.010000;0.23;1.49;0;1.09;FAIXA_CREDITO__CREDITO_MEDIO + FAIXA_IDADE__IDADE_50_A_59 + CATEGORIA_FILHOS__SEM_FILHOS + POSSE_CARRO__SEM_CARRO + FAIXA_CREDITOS_ATIVOS__TRES_OU_MAIS_CREDITOS_ATIVOS;100;0.010000
304;FAIXA_IDADE__IDADE_50_A_59 + POSSE_CARRO__SEM_CARRO;FAIXA_CREDITO__CREDITO_MEDIO + CATEGORIA_FILHOS__SEM_FILHOS + FAIXA_CREDITOS_ATIVOS__TRES_OU_MAIS_CREDITOS_ATIVOS;2;3;5;0.010000;0.07;1.49;0;1.02;FAIXA_CREDITO__CREDITO_MEDIO + FAIXA_IDADE__IDADE_50_A_59 + CATEGORIA_FILHOS__SEM_FILHOS + POSSE_CARRO__SEM_CARRO + FAIXA_CREDITOS_ATIVOS__TRES_OU_MAIS_CREDITOS_ATIVOS;100;0.010000
309;FAIXA_IDADE__IDADE_60_OU_MAIS;FAIXA_CREDITO__CREDITO_MEDIO + FAIXA_RENDA__RENDA_BAIXA + POSSE_CARRO__SEM_CARRO + FAIXA_TAXA_REJEICAO__SEM_REJEICAO_PREVIA;1;4;5;0.010000;0.07;1.48;0;1.02;FAIXA_CREDITO__CREDITO_MEDIO + FAIXA_RENDA__RENDA_BAIXA + FAIXA_IDADE__IDADE_60_OU_MAIS + POSSE_CARRO__SEM_CARRO + FAIXA_TAXA_REJEICAO__SEM_REJEICAO_PREVIA;100;0.010000
310;FAIXA_CREDITO__CREDITO_MEDIO + FAIXA_RENDA__RENDA_BAIXA + POSSE_CARRO__SEM_CARRO + FAIXA_TAXA_REJEICAO__SEM_REJEICAO_PREVIA;FAIXA_IDADE__IDADE_60_OU_MAIS;4;1;5;0.010000;0.21;1.48;0;1.08;FAIXA_CREDITO__CREDITO_MEDIO + FAIXA_RENDA__RENDA_BAIXA + FAIXA_IDADE__IDADE_60_OU_MAIS + POSSE_CARRO__SEM_CARRO + FAIXA_TAXA_REJEICAO__SEM_REJEICAO_PREVIA;100;0.010000
313;CATEGORIA_FILHOS__SEM_FILHOS + POSSE_CARRO__SEM_CARRO;FAIXA_CREDITO__CREDITO_MEDIO + FAIXA_IDADE__IDADE_50_A_59 + FAIXA_CREDITOS_ATIVOS__UM_A_DOIS_CREDITOS_ATIVOS + FAIXA_TAXA_REJEICAO__SEM_REJEICAO_PREVIA;2;4;6;0.010000;0.02;1.48;0;1.01;FAIXA_CREDITO__CREDITO_MEDIO + FAIXA_IDADE__IDADE_50_A_59 + CATEGORIA_FILHOS__SEM_FILHOS + POSSE_CARRO__SEM_CARRO + FAIXA_CREDITOS_ATIVOS__UM_A_DOIS_CREDITOS_ATIVOS + FAIXA_TAXA_REJEICAO__SEM_REJEICAO_PREVIA;100;0.010000
314;FAIXA_CREDITO__CREDITO_MEDIO + FAIXA_IDADE__IDADE_50_A_59 + FAIXA_CREDITOS_ATIVOS__UM_A_DOIS_CREDITOS_ATIVOS + FAIXA_TAXA_REJEICAO__SEM_REJEICAO_PREVIA;CATEGORIA_FILHOS__SEM_FILHOS + POSSE_CARRO__SEM_CARRO;4;2;6;0.010000;0.71;1.48;0;1.77;FAIXA_CREDITO__CREDITO_MEDIO + FAIXA_IDADE__IDADE_50_A_59 + CATEGORIA_FILHOS__SEM_FILHOS + POSSE_CARRO__SEM_CARRO + FAIXA_CREDITOS_ATIVOS__UM_A_DOIS_CREDITOS_ATIVOS + FAIXA_TAXA_REJEICAO__SEM_REJEICAO_PREVIA;100;0.010000
315;FAIXA_CREDITO__CREDITO_MEDIO + FAIXA_RENDA__RENDA_MUITO_ALTA;POSSE_CARRO__COM_CARRO + FAIXA_CREDITOS_ATIVOS__UM_A_DOIS_CREDITOS_ATIVOS;2;2;4;0.010000;0.22;1.48;0;1.09;FAIXA_CREDITO__CREDITO_MEDIO + FAIXA_RENDA__RENDA_MUITO_ALTA + POSSE_CARRO__COM_CARRO + FAIXA_CREDITOS_ATIVOS__UM_A_DOIS_CREDITOS_ATIVOS;100;0.010000
316;POSSE_CARRO__COM_CARRO + FAIXA_CREDITOS_ATIVOS__UM_A_DOIS_CREDITOS_ATIVOS;FAIXA_CREDITO__CREDITO_MEDIO + FAIXA_RENDA__RENDA_MUITO_ALTA;2;2;4;0.010000;0.07;1.48;0;1.02;FAIXA_CREDITO__CREDITO_MEDIO + FAIXA_RENDA__RENDA_MUITO_ALTA + POSSE_CARRO__COM_CARRO + FAIXA_CREDITOS_ATIVOS__UM_A_DOIS_CREDITOS_ATIVOS;100;0.010000
317;FAIXA_RENDA__RENDA_BAIXA;FAIXA_CREDITO__CREDITO_BAIXO + FAIXA_IDADE__IDADE_21_A_29 + CATEGORIA_FILHOS__SEM_FILHOS + POSSE_CARRO__SEM_CARRO;1;4;5;0.010000;0.03;1.48;0;1.01;FAIXA_CREDITO__CREDITO_BAIXO + FAIXA_RENDA__RENDA_BAIXA + FAIXA_IDADE__IDADE_21_A_29 + CATEGORIA_FILHOS__SEM_FILHOS + POSSE_CARRO__SEM_CARRO;100;0.010000
318;FAIXA_CREDITO__CREDITO_BAIXO + FAIXA_IDADE__IDADE_21_A_29 + CATEGORIA_FILHOS__SEM_FILHOS + POSSE_CARRO__SEM_CARRO;FAIXA_RENDA__RENDA_BAIXA;4;1;5;0.010000;0.49;1.48;0;1.29;FAIXA_CREDITO__CREDITO_BAIXO + FAIXA_RENDA__RENDA_BAIXA + FAIXA_IDADE__IDADE_21_A_29 + CATEGORIA_FILHOS__SEM_FILHOS + POSSE_CARRO__SEM_CARRO;100;0.010000
319;FAIXA_CREDITO__CREDITO_MEDIO + FAIXA_IDADE__IDADE_50_A_59 + FAIXA_TAXA_REJEICAO__SEM_REJEICAO_PREVIA;CATEGORIA_FILHOS__SEM_FILHOS + POSSE_CARRO__SEM_CARRO + FAIXA_CREDITOS_ATIVOS__UM_A_DOIS_CREDITOS_ATIVOS;3;3;6;0.010000;0.3;1.48;0;1.13;FAIXA_CREDITO__CREDITO_MEDIO + FAIXA_IDADE__IDADE_50_A_59 + CATEGORIA_FILHOS__SEM_FILHOS + POSSE_CARRO__SEM_CARRO + FAIXA_CREDITOS_ATIVOS__UM_A_DOIS_CREDITOS_ATIVOS + FAIXA_TAXA_REJEICAO__SEM_REJEICAO_PREVIA;100;0.010000
320;CATEGORIA_FILHOS__SEM_FILHOS + POSSE_CARRO__SEM_CARRO + FAIXA_CREDITOS_ATIVOS__UM_A_DOIS_CREDITOS_ATIVOS;FAIXA_CREDITO__CREDITO_MEDIO + FAIXA_IDADE__IDADE_50_A_59 + FAIXA_TAXA_REJEICAO__SEM_REJEICAO_PREVIA;3;3;6;0.010000;0.05;1.48;0;1.02;FAIXA_CREDITO__CREDITO_MEDIO + FAIXA_IDADE__IDADE_50_A_59 + CATEGORIA_FILHOS__SEM_FILHOS + POSSE_CARRO__SEM_CARRO + FAIXA_CREDITOS_ATIVOS__UM_A_DOIS_CREDITOS_ATIVOS + FAIXA_TAXA_REJEICAO__SEM_REJEICAO_PREVIA;100;0.010000
321;FAIXA_CREDITO__CREDITO_ALTO + CATEGORIA_FILHOS__SEM_FILHOS;FAIXA_RENDA__RENDA_BAIXA + FAIXA_IDADE__IDADE_50_A_59 + SITUACAO_FAMILIAR__CASADO_OU_UNIAO_CIVIL + FAIXA_TAXA_REJEICAO__SEM_REJEICAO_PREVIA;2;4;6;0.010000;0.06;1.46;0;1.02;FAIXA_CREDITO__CREDITO_ALTO + FAIXA_RENDA__RENDA_BAIXA + FAIXA_IDADE__IDADE_50_A_59 + CATEGORIA_FILHOS__SEM_FILHOS + SITUACAO_FAMILIAR__CASADO_OU_UNIAO_CIVIL + FAIXA_TAXA_REJEICAO__SEM_REJEICAO_PREVIA;100;0.010000
322;FAIXA_RENDA__RENDA_BAIXA + FAIXA_IDADE__IDADE_50_A_59 + SITUACAO_FAMILIAR__CASADO_OU_UNIAO_CIVIL + FAIXA_TAXA_REJEICAO__SEM_REJEICAO_PREVIA;FAIXA_CREDITO__CREDITO_ALTO + CATEGORIA_FILHOS__SEM_FILHOS;4;2;6;0.010000;0.26;1.46;0;1.11;FAIXA_CREDITO__CREDITO_ALTO + FAIXA_RENDA__RENDA_BAIXA + FAIXA_IDADE__IDADE_50_A_59 + CATEGORIA_FILHOS__SEM_FILHOS + SITUACAO_FAMILIAR__CASADO_OU_UNIAO_CIVIL + FAIXA_TAXA_REJEICAO__SEM_REJEICAO_PREVIA;100;0.010000
323;FAIXA_CREDITO__CREDITO_MEDIO + FAIXA_RENDA__RENDA_BAIXA;FAIXA_IDADE__IDADE_21_A_29 + POSSE_CARRO__SEM_CARRO;2;2;4;0.010000;0.11;1.46;0;1.04;FAIXA_CREDITO__CREDITO_MEDIO + FAIXA_RENDA__RENDA_BAIXA + FAIXA_IDADE__IDADE_21_A_29 + POSSE_CARRO__SEM_CARRO;100;0.010000
324;FAIXA_IDADE__IDADE_21_A_29 + POSSE_CARRO__SEM_CARRO;FAIXA_CREDITO__CREDITO_MEDIO + FAIXA_RENDA__RENDA_BAIXA;2;2;4;0.010000;0.13;1.46;0;1.05;FAIXA_CREDITO__CREDITO_MEDIO + FAIXA_RENDA__RENDA_BAIXA + FAIXA_IDADE__IDADE_21_A_29 + POSSE_CARRO__SEM_CARRO;100;0.010000
325;FAIXA_CREDITO__CREDITO_BAIXO;FAIXA_RENDA__RENDA_BAIXA + FAIXA_IDADE__IDADE_50_A_59 + CATEGORIA_FILHOS__SEM_FILHOS + FAIXA_CREDITOS_ATIVOS__UM_A_DOIS_CREDITOS_ATIVOS;1;4;5;0.010000;0.04;1.45;0;1.01;FAIXA_CREDITO__CREDITO_BAIXO + FAIXA_RENDA__RENDA_BAIXA + FAIXA_IDADE__IDADE_50_A_59 + CATEGORIA_FILHOS__SEM_FILHOS + FAIXA_CREDITOS_ATIVOS__UM_A_DOIS_CREDITOS_ATIVOS;100;0.010000
326;FAIXA_RENDA__RENDA_BAIXA + FAIXA_IDADE__IDADE_50_A_59 + CATEGORIA_FILHOS__SEM_FILHOS + FAIXA_CREDITOS_ATIVOS__UM_A_DOIS_CREDITOS_ATIVOS;FAIXA_CREDITO__CREDITO_BAIXO;4;1;5;0.010000;0.37;1.45;0;1.18;FAIXA_CREDITO__CREDITO_BAIXO + FAIXA_RENDA__RENDA_BAIXA + FAIXA_IDADE__IDADE_50_A_59 + CATEGORIA_FILHOS__SEM_FILHOS + FAIXA_CREDITOS_ATIVOS__UM_A_DOIS_CREDITOS_ATIVOS;100;0.010000
327;CATEGORIA_FILHOS__SEM_FILHOS + POSSE_CARRO__SEM_CARRO;FAIXA_CREDITO__CREDITO_MEDIO + FAIXA_IDADE__IDADE_50_A_59 + FAIXA_CREDITOS_ATIVOS__TRES_OU_MAIS_CREDITOS_ATIVOS;2;3;5;0.010000;0.02;1.45;0;1.01;FAIXA_CREDITO__CREDITO_MEDIO + FAIXA_IDADE__IDADE_50_A_59 + CATEGORIA_FILHOS__SEM_FILHOS + POSSE_CARRO__SEM_CARRO + FAIXA_CREDITOS_ATIVOS__TRES_OU_MAIS_CREDITOS_ATIVOS;100;0.010000
328;FAIXA_CREDITO__CREDITO_MEDIO + FAIXA_IDADE__IDADE_50_A_59 + FAIXA_CREDITOS_ATIVOS__TRES_OU_MAIS_CREDITOS_ATIVOS;CATEGORIA_FILHOS__SEM_FILHOS + POSSE_CARRO__SEM_CARRO;3;2;5;0.010000;0.7;1.45;0;1.69;FAIXA_CREDITO__CREDITO_MEDIO + FAIXA_IDADE__IDADE_50_A_59 + CATEGORIA_FILHOS__SEM_FILHOS + POSSE_CARRO__SEM_CARRO + FAIXA_CREDITOS_ATIVOS__TRES_OU_MAIS_CREDITOS_ATIVOS;100;0.010000
329;CATEGORIA_FILHOS__SEM_FILHOS + FAIXA_CREDITOS_ATIVOS__TRES_OU_MAIS_CREDITOS_ATIVOS + FAIXA_TAXA_REJEICAO__REJEICAO_PREVIA_ACIMA_25_PCT;FAIXA_IDADE__IDADE_50_A_59 + POSSE_CARRO__SEM_CARRO;3;2;5;0.010000;0.22;1.45;0;1.09;FAIXA_IDADE__IDADE_50_A_59 + CATEGORIA_FILHOS__SEM_FILHOS + POSSE_CARRO__SEM_CARRO + FAIXA_CREDITOS_ATIVOS__TRES_OU_MAIS_CREDITOS_ATIVOS + FAIXA_TAXA_REJEICAO__REJEICAO_PREVIA_ACIMA_25_PCT;100;0.010000
330;FAIXA_IDADE__IDADE_50_A_59 + POSSE_CARRO__SEM_CARRO;CATEGORIA_FILHOS__SEM_FILHOS + FAIXA_CREDITOS_ATIVOS__TRES_OU_MAIS_CREDITOS_ATIVOS + FAIXA_TAXA_REJEICAO__REJEICAO_PREVIA_ACIMA_25_PCT;2;3;5;0.010000;0.07;1.45;0;1.02;FAIXA_IDADE__IDADE_50_A_59 + CATEGORIA_FILHOS__SEM_FILHOS + POSSE_CARRO__SEM_CARRO + FAIXA_CREDITOS_ATIVOS__TRES_OU_MAIS_CREDITOS_ATIVOS + FAIXA_TAXA_REJEICAO__REJEICAO_PREVIA_ACIMA_25_PCT;100;0.010000
331;CATEGORIA_FILHOS__SEM_FILHOS + FAIXA_TAXA_REJEICAO__SEM_REJEICAO_PREVIA;FAIXA_CREDITO__CREDITO_MEDIO + SITUACAO_FAMILIAR__SOLTEIRO + FAIXA_CREDITOS_ATIVOS__SEM_CREDITOS_ATIVOS;2;3;5;0.010000;0.02;1.45;0;1.01;FAIXA_CREDITO__CREDITO_MEDIO + CATEGORIA_FILHOS__SEM_FILHOS + SITUACAO_FAMILIAR__SOLTEIRO + FAIXA_CREDITOS_ATIVOS__SEM_CREDITOS_ATIVOS + FAIXA_TAXA_REJEICAO__SEM_REJEICAO_PREVIA;100;0.010000
332;FAIXA_CREDITO__CREDITO_MEDIO + SITUACAO_FAMILIAR__SOLTEIRO + FAIXA_CREDITOS_ATIVOS__SEM_CREDITOS_ATIVOS;CATEGORIA_FILHOS__SEM_FILHOS + FAIXA_TAXA_REJEICAO__SEM_REJEICAO_PREVIA;3;2;5;0.010000;0.68;1.45;0;1.62;FAIXA_CREDITO__CREDITO_MEDIO + CATEGORIA_FILHOS__SEM_FILHOS + SITUACAO_FAMILIAR__SOLTEIRO + FAIXA_CREDITOS_ATIVOS__SEM_CREDITOS_ATIVOS + FAIXA_TAXA_REJEICAO__SEM_REJEICAO_PREVIA;100;0.010000
333;FAIXA_CREDITO__CREDITO_MEDIO + CATEGORIA_FILHOS__SEM_FILHOS + SITUACAO_FAMILIAR__SOLTEIRO + FAIXA_TAXA_REJEICAO__SEM_REJEICAO_PREVIA;FAIXA_CREDITOS_ATIVOS__SEM_CREDITOS_ATIVOS;4;1;5;0.010000;0.43;1.45;0;1.22;FAIXA_CREDITO__CREDITO_MEDIO + CATEGORIA_FILHOS__SEM_FILHOS + SITUACAO_FAMILIAR__SOLTEIRO + FAIXA_CREDITOS_ATIVOS__SEM_CREDITOS_ATIVOS + FAIXA_TAXA_REJEICAO__SEM_REJEICAO_PREVIA;100;0.010000
334;FAIXA_CREDITOS_ATIVOS__SEM_CREDITOS_ATIVOS;FAIXA_CREDITO__CREDITO_MEDIO + CATEGORIA_FILHOS__SEM_FILHOS + SITUACAO_FAMILIAR__SOLTEIRO + FAIXA_TAXA_REJEICAO__SEM_REJEICAO_PREVIA;1;4;5;0.010000;0.03;1.45;0;1.01;FAIXA_CREDITO__CREDITO_MEDIO + CATEGORIA_FILHOS__SEM_FILHOS + SITUACAO_FAMILIAR__SOLTEIRO + FAIXA_CREDITOS_ATIVOS__SEM_CREDITOS_ATIVOS + FAIXA_TAXA_REJEICAO__SEM_REJEICAO_PREVIA;100;0.010000
335;FAIXA_CREDITO__CREDITO_MEDIO + FAIXA_RENDA__RENDA_BAIXA;FAIXA_IDADE__IDADE_60_OU_MAIS + POSSE_CARRO__SEM_CARRO + FAIXA_TAXA_REJEICAO__SEM_REJEICAO_PREVIA;2;3;5;0.010000;0.11;1.44;0;1.04;FAIXA_CREDITO__CREDITO_MEDIO + FAIXA_RENDA__RENDA_BAIXA + FAIXA_IDADE__IDADE_60_OU_MAIS + POSSE_CARRO__SEM_CARRO + FAIXA_TAXA_REJEICAO__SEM_REJEICAO_PREVIA;100;0.010000
336;FAIXA_IDADE__IDADE_60_OU_MAIS + POSSE_CARRO__SEM_CARRO + FAIXA_TAXA_REJEICAO__SEM_REJEICAO_PREVIA;FAIXA_CREDITO__CREDITO_MEDIO + FAIXA_RENDA__RENDA_BAIXA;3;2;5;0.010000;0.13;1.44;0;1.04;FAIXA_CREDITO__CREDITO_MEDIO + FAIXA_RENDA__RENDA_BAIXA + FAIXA_IDADE__IDADE_60_OU_MAIS + POSSE_CARRO__SEM_CARRO + FAIXA_TAXA_REJEICAO__SEM_REJEICAO_PREVIA;100;0.010000
337;FAIXA_CREDITO__CREDITO_ALTO + FAIXA_RENDA__RENDA_BAIXA;FAIXA_IDADE__IDADE_50_A_59 + CATEGORIA_FILHOS__SEM_FILHOS + SITUACAO_FAMILIAR__CASADO_OU_UNIAO_CIVIL + FAIXA_TAXA_REJEICAO__SEM_REJEICAO_PREVIA;2;4;6;0.010000;0.15;1.44;0;1.05;FAIXA_CREDITO__CREDITO_ALTO + FAIXA_RENDA__RENDA_BAIXA + FAIXA_IDADE__IDADE_50_A_59 + CATEGORIA_FILHOS__SEM_FILHOS + SITUACAO_FAMILIAR__CASADO_OU_UNIAO_CIVIL + FAIXA_TAXA_REJEICAO__SEM_REJEICAO_PREVIA;100;0.010000
338;FAIXA_IDADE__IDADE_50_A_59 + CATEGORIA_FILHOS__SEM_FILHOS + SITUACAO_FAMILIAR__CASADO_OU_UNIAO_CIVIL + FAIXA_TAXA_REJEICAO__SEM_REJEICAO_PREVIA;FAIXA_CREDITO__CREDITO_ALTO + FAIXA_RENDA__RENDA_BAIXA;4;2;6;0.010000;0.1;1.44;0;1.03;FAIXA_CREDITO__CREDITO_ALTO + FAIXA_RENDA__RENDA_BAIXA + FAIXA_IDADE__IDADE_50_A_59 + CATEGORIA_FILHOS__SEM_FILHOS + SITUACAO_FAMILIAR__CASADO_OU_UNIAO_CIVIL + FAIXA_TAXA_REJEICAO__SEM_REJEICAO_PREVIA;100;0.010000
339;CATEGORIA_FILHOS__SEM_FILHOS + SITUACAO_FAMILIAR__SOLTEIRO + FAIXA_CREDITOS_ATIVOS__SEM_CREDITOS_ATIVOS;FAIXA_CREDITO__CREDITO_MEDIO + FAIXA_TAXA_REJEICAO__SEM_REJEICAO_PREVIA;3;2;5;0.010000;0.23;1.44;0;1.09;FAIXA_CREDITO__CREDITO_MEDIO + CATEGORIA_FILHOS__SEM_FILHOS + SITUACAO_FAMILIAR__SOLTEIRO + FAIXA_CREDITOS_ATIVOS__SEM_CREDITOS_ATIVOS + FAIXA_TAXA_REJEICAO__SEM_REJEICAO_PREVIA;100;0.010000
340;FAIXA_CREDITO__CREDITO_MEDIO + FAIXA_TAXA_REJEICAO__SEM_REJEICAO_PREVIA;CATEGORIA_FILHOS__SEM_FILHOS + SITUACAO_FAMILIAR__SOLTEIRO + FAIXA_CREDITOS_ATIVOS__SEM_CREDITOS_ATIVOS;2;3;5;0.010000;0.06;1.44;0;1.02;FAIXA_CREDITO__CREDITO_MEDIO + CATEGORIA_FILHOS__SEM_FILHOS + SITUACAO_FAMILIAR__SOLTEIRO + FAIXA_CREDITOS_ATIVOS__SEM_CREDITOS_ATIVOS + FAIXA_TAXA_REJEICAO__SEM_REJEICAO_PREVIA;100;0.010000
341;CATEGORIA_FILHOS__SEM_FILHOS;FAIXA_IDADE__IDADE_60_OU_MAIS + POSSE_CARRO__SEM_CARRO + SITUACAO_FAMILIAR__SEPARADO_VIUVO_OU_NAO_INFORMADO + FAIXA_CREDITOS_ATIVOS__UM_A_DOIS_CREDITOS_ATIVOS + FAIXA_TAXA_REJEICAO__SEM_REJEICAO_PREVIA;1;5;6;0.010000;0.01;1.44;0;1;FAIXA_IDADE__IDADE_60_OU_MAIS + CATEGORIA_FILHOS__SEM_FILHOS + POSSE_CARRO__SEM_CARRO + SITUACAO_FAMILIAR__SEPARADO_VIUVO_OU_NAO_INFORMADO + FAIXA_CREDITOS_ATIVOS__UM_A_DOIS_CREDITOS_ATIVOS + FAIXA_TAXA_REJEICAO__SEM_REJEICAO_PREVIA;100;0.010000
342;FAIXA_IDADE__IDADE_60_OU_MAIS + POSSE_CARRO__SEM_CARRO + SITUACAO_FAMILIAR__SEPARADO_VIUVO_OU_NAO_INFORMADO + FAIXA_CREDITOS_ATIVOS__UM_A_DOIS_CREDITOS_ATIVOS + FAIXA_TAXA_REJEICAO__SEM_REJEICAO_PREVIA;CATEGORIA_FILHOS__SEM_FILHOS;5;1;6;0.010000;1;1.44;0;30.39;FAIXA_IDADE__IDADE_60_OU_MAIS + CATEGORIA_FILHOS__SEM_FILHOS + POSSE_CARRO__SEM_CARRO + SITUACAO_FAMILIAR__SEPARADO_VIUVO_OU_NAO_INFORMADO + FAIXA_CREDITOS_ATIVOS__UM_A_DOIS_CREDITOS_ATIVOS + FAIXA_TAXA_REJEICAO__SEM_REJEICAO_PREVIA;100;0.010000
343;CATEGORIA_FILHOS__SEM_FILHOS;FAIXA_RENDA__RENDA_BAIXA + FAIXA_IDADE__IDADE_60_OU_MAIS + POSSE_CARRO__SEM_CARRO + SITUACAO_FAMILIAR__CASADO_OU_UNIAO_CIVIL + FAIXA_CREDITOS_ATIVOS__UM_A_DOIS_CREDITOS_ATIVOS + FAIXA_TAXA_REJEICAO__SEM_REJEICAO_PREVIA;1;6;7;0.010000;0.01;1.44;0;1;FAIXA_RENDA__RENDA_BAIXA + FAIXA_IDADE__IDADE_60_OU_MAIS + CATEGORIA_FILHOS__SEM_FILHOS + POSSE_CARRO__SEM_CARRO + SITUACAO_FAMILIAR__CASADO_OU_UNIAO_CIVIL + FAIXA_CREDITOS_ATIVOS__UM_A_DOIS_CREDITOS_ATIVOS + FAIXA_TAXA_REJEICAO__SEM_REJEICAO_PREVIA;100;0.010000
344;FAIXA_RENDA__RENDA_BAIXA + FAIXA_IDADE__IDADE_60_OU_MAIS + POSSE_CARRO__SEM_CARRO + SITUACAO_FAMILIAR__CASADO_OU_UNIAO_CIVIL + FAIXA_CREDITOS_ATIVOS__UM_A_DOIS_CREDITOS_ATIVOS + FAIXA_TAXA_REJEICAO__SEM_REJEICAO_PREVIA;CATEGORIA_FILHOS__SEM_FILHOS;6;1;7;0.010000;1;1.44;0;30.39;FAIXA_RENDA__RENDA_BAIXA + FAIXA_IDADE__IDADE_60_OU_MAIS + CATEGORIA_FILHOS__SEM_FILHOS + POSSE_CARRO__SEM_CARRO + SITUACAO_FAMILIAR__CASADO_OU_UNIAO_CIVIL + FAIXA_CREDITOS_ATIVOS__UM_A_DOIS_CREDITOS_ATIVOS + FAIXA_TAXA_REJEICAO__SEM_REJEICAO_PREVIA;100;0.010000
345;CATEGORIA_FILHOS__SEM_FILHOS + FAIXA_CREDITOS_ATIVOS__UM_A_DOIS_CREDITOS_ATIVOS;FAIXA_RENDA__RENDA_BAIXA + FAIXA_IDADE__IDADE_60_OU_MAIS + POSSE_CARRO__SEM_CARRO + SITUACAO_FAMILIAR__CASADO_OU_UNIAO_CIVIL + FAIXA_TAXA_REJEICAO__SEM_REJEICAO_PREVIA;2;5;7;0.010000;0.03;1.44;0;1.01;FAIXA_RENDA__RENDA_BAIXA + FAIXA_IDADE__IDADE_60_OU_MAIS + CATEGORIA_FILHOS__SEM_FILHOS + POSSE_CARRO__SEM_CARRO + SITUACAO_FAMILIAR__CASADO_OU_UNIAO_CIVIL + FAIXA_CREDITOS_ATIVOS__UM_A_DOIS_CREDITOS_ATIVOS + FAIXA_TAXA_REJEICAO__SEM_REJEICAO_PREVIA;100;0.010000
346;FAIXA_RENDA__RENDA_BAIXA + FAIXA_IDADE__IDADE_60_OU_MAIS + POSSE_CARRO__SEM_CARRO + SITUACAO_FAMILIAR__CASADO_OU_UNIAO_CIVIL + FAIXA_TAXA_REJEICAO__SEM_REJEICAO_PREVIA;CATEGORIA_FILHOS__SEM_FILHOS + FAIXA_CREDITOS_ATIVOS__UM_A_DOIS_CREDITOS_ATIVOS;5;2;7;0.010000;0.43;1.44;0;1.22;FAIXA_RENDA__RENDA_BAIXA + FAIXA_IDADE__IDADE_60_OU_MAIS + CATEGORIA_FILHOS__SEM_FILHOS + POSSE_CARRO__SEM_CARRO + SITUACAO_FAMILIAR__CASADO_OU_UNIAO_CIVIL + FAIXA_CREDITOS_ATIVOS__UM_A_DOIS_CREDITOS_ATIVOS + FAIXA_TAXA_REJEICAO__SEM_REJEICAO_PREVIA;100;0.010000
347;FAIXA_RENDA__RENDA_BAIXA + FAIXA_IDADE__IDADE_21_A_29;FAIXA_CREDITO__CREDITO_MEDIO + POSSE_CARRO__SEM_CARRO;2;2;4;0.010000;0.24;1.44;0;1.09;FAIXA_CREDITO__CREDITO_MEDIO + FAIXA_RENDA__RENDA_BAIXA + FAIXA_IDADE__IDADE_21_A_29 + POSSE_CARRO__SEM_CARRO;100;0.010000
348;FAIXA_CREDITO__CREDITO_MEDIO + POSSE_CARRO__SEM_CARRO;FAIXA_RENDA__RENDA_BAIXA + FAIXA_IDADE__IDADE_21_A_29;2;2;4;0.010000;0.06;1.44;0;1.02;FAIXA_CREDITO__CREDITO_MEDIO + FAIXA_RENDA__RENDA_BAIXA + FAIXA_IDADE__IDADE_21_A_29 + POSSE_CARRO__SEM_CARRO;100;0.010000
349;CATEGORIA_FILHOS__SEM_FILHOS + SITUACAO_FAMILIAR__CASADO_OU_UNIAO_CIVIL;FAIXA_CREDITO__CREDITO_ALTO + FAIXA_RENDA__RENDA_BAIXA + FAIXA_IDADE__IDADE_50_A_59 + FAIXA_TAXA_REJEICAO__SEM_REJEICAO_PREVIA;2;4;6;0.010000;0.02;1.43;0;1.01;FAIXA_CREDITO__CREDITO_ALTO + FAIXA_RENDA__RENDA_BAIXA + FAIXA_IDADE__IDADE_50_A_59 + CATEGORIA_FILHOS__SEM_FILHOS + SITUACAO_FAMILIAR__CASADO_OU_UNIAO_CIVIL + FAIXA_TAXA_REJEICAO__SEM_REJEICAO_PREVIA;100;0.010000
350;FAIXA_CREDITO__CREDITO_ALTO + FAIXA_RENDA__RENDA_BAIXA + FAIXA_IDADE__IDADE_50_A_59 + FAIXA_TAXA_REJEICAO__SEM_REJEICAO_PREVIA;CATEGORIA_FILHOS__SEM_FILHOS + SITUACAO_FAMILIAR__CASADO_OU_UNIAO_CIVIL;4;2;6;0.010000;0.68;1.43;0;1.6;FAIXA_CREDITO__CREDITO_ALTO + FAIXA_RENDA__RENDA_BAIXA + FAIXA_IDADE__IDADE_50_A_59 + CATEGORIA_FILHOS__SEM_FILHOS + SITUACAO_FAMILIAR__CASADO_OU_UNIAO_CIVIL + FAIXA_TAXA_REJEICAO__SEM_REJEICAO_PREVIA;100;0.010000
351;FAIXA_CREDITO__CREDITO_ALTO + FAIXA_IDADE__IDADE_50_A_59;FAIXA_RENDA__RENDA_ALTA + CATEGORIA_FILHOS__SEM_FILHOS + POSSE_CARRO__SEM_CARRO;2;3;5;0.010000;0.17;1.43;0;1.06;FAIXA_CREDITO__CREDITO_ALTO + FAIXA_RENDA__RENDA_ALTA + FAIXA_IDADE__IDADE_50_A_59 + CATEGORIA_FILHOS__SEM_FILHOS + POSSE_CARRO__SEM_CARRO;100;0.010000
352;FAIXA_RENDA__RENDA_ALTA + CATEGORIA_FILHOS__SEM_FILHOS + POSSE_CARRO__SEM_CARRO;FAIXA_CREDITO__CREDITO_ALTO + FAIXA_IDADE__IDADE_50_A_59;3;2;5;0.010000;0.09;1.43;0;1.03;FAIXA_CREDITO__CREDITO_ALTO + FAIXA_RENDA__RENDA_ALTA + FAIXA_IDADE__IDADE_50_A_59 + CATEGORIA_FILHOS__SEM_FILHOS + POSSE_CARRO__SEM_CARRO;100;0.010000
353;FAIXA_RENDA__RENDA_BAIXA + FAIXA_IDADE__IDADE_40_A_49 + SITUACAO_FAMILIAR__CASADO_OU_UNIAO_CIVIL;FAIXA_CREDITO__CREDITO_BAIXO + POSSE_CARRO__SEM_CARRO + FAIXA_TAXA_REJEICAO__SEM_REJEICAO_PREVIA;3;3;6;0.010000;0.18;1.43;0;1.06;FAIXA_CREDITO__CREDITO_BAIXO + FAIXA_RENDA__RENDA_BAIXA + FAIXA_IDADE__IDADE_40_A_49 + POSSE_CARRO__SEM_CARRO + SITUACAO_FAMILIAR__CASADO_OU_UNIAO_CIVIL + FAIXA_TAXA_REJEICAO__SEM_REJEICAO_PREVIA;100;0.010000
354;FAIXA_CREDITO__CREDITO_BAIXO + POSSE_CARRO__SEM_CARRO + FAIXA_TAXA_REJEICAO__SEM_REJEICAO_PREVIA;FAIXA_RENDA__RENDA_BAIXA + FAIXA_IDADE__IDADE_40_A_49 + SITUACAO_FAMILIAR__CASADO_OU_UNIAO_CIVIL;3;3;6;0.010000;0.08;1.43;0;1.03;FAIXA_CREDITO__CREDITO_BAIXO + FAIXA_RENDA__RENDA_BAIXA + FAIXA_IDADE__IDADE_40_A_49 + POSSE_CARRO__SEM_CARRO + SITUACAO_FAMILIAR__CASADO_OU_UNIAO_CIVIL + FAIXA_TAXA_REJEICAO__SEM_REJEICAO_PREVIA;100;0.010000
355;FAIXA_IDADE__IDADE_50_A_59 + POSSE_CARRO__SEM_CARRO + FAIXA_CREDITOS_ATIVOS__UM_A_DOIS_CREDITOS_ATIVOS;FAIXA_CREDITO__CREDITO_MEDIO + CATEGORIA_FILHOS__SEM_FILHOS + FAIXA_TAXA_REJEICAO__SEM_REJEICAO_PREVIA;3;3;6;0.010000;0.16;1.42;0;1.05;FAIXA_CREDITO__CREDITO_MEDIO + FAIXA_IDADE__IDADE_50_A_59 + CATEGORIA_FILHOS__SEM_FILHOS + POSSE_CARRO__SEM_CARRO + FAIXA_CREDITOS_ATIVOS__UM_A_DOIS_CREDITOS_ATIVOS + FAIXA_TAXA_REJEICAO__SEM_REJEICAO_PREVIA;100;0.010000
356;FAIXA_CREDITO__CREDITO_MEDIO + CATEGORIA_FILHOS__SEM_FILHOS + FAIXA_TAXA_REJEICAO__SEM_REJEICAO_PREVIA;FAIXA_IDADE__IDADE_50_A_59 + POSSE_CARRO__SEM_CARRO + FAIXA_CREDITOS_ATIVOS__UM_A_DOIS_CREDITOS_ATIVOS;3;3;6;0.010000;0.09;1.42;0;1.03;FAIXA_CREDITO__CREDITO_MEDIO + FAIXA_IDADE__IDADE_50_A_59 + CATEGORIA_FILHOS__SEM_FILHOS + POSSE_CARRO__SEM_CARRO + FAIXA_CREDITOS_ATIVOS__UM_A_DOIS_CREDITOS_ATIVOS + FAIXA_TAXA_REJEICAO__SEM_REJEICAO_PREVIA;100;0.010000
357;FAIXA_RENDA__RENDA_BAIXA;FAIXA_IDADE__IDADE_21_A_29 + POSSE_CARRO__SEM_CARRO + SITUACAO_FAMILIAR__CASADO_OU_UNIAO_CIVIL + FAIXA_CREDITOS_ATIVOS__UM_A_DOIS_CREDITOS_ATIVOS;1;4;5;0.010000;0.03;1.42;0;1.01;FAIXA_RENDA__RENDA_BAIXA + FAIXA_IDADE__IDADE_21_A_29 + POSSE_CARRO__SEM_CARRO + SITUACAO_FAMILIAR__CASADO_OU_UNIAO_CIVIL + FAIXA_CREDITOS_ATIVOS__UM_A_DOIS_CREDITOS_ATIVOS;100;0.010000
358;FAIXA_IDADE__IDADE_21_A_29 + POSSE_CARRO__SEM_CARRO + SITUACAO_FAMILIAR__CASADO_OU_UNIAO_CIVIL + FAIXA_CREDITOS_ATIVOS__UM_A_DOIS_CREDITOS_ATIVOS;FAIXA_RENDA__RENDA_BAIXA;4;1;5;0.010000;0.47;1.42;0;1.25;FAIXA_RENDA__RENDA_BAIXA + FAIXA_IDADE__IDADE_21_A_29 + POSSE_CARRO__SEM_CARRO + SITUACAO_FAMILIAR__CASADO_OU_UNIAO_CIVIL + FAIXA_CREDITOS_ATIVOS__UM_A_DOIS_CREDITOS_ATIVOS;100;0.010000
359;FAIXA_IDADE__IDADE_60_OU_MAIS + POSSE_CARRO__SEM_CARRO;FAIXA_CREDITO__CREDITO_MEDIO + FAIXA_RENDA__RENDA_BAIXA + FAIXA_TAXA_REJEICAO__SEM_REJEICAO_PREVIA;2;3;5;0.010000;0.09;1.42;0;1.03;FAIXA_CREDITO__CREDITO_MEDIO + FAIXA_RENDA__RENDA_BAIXA + FAIXA_IDADE__IDADE_60_OU_MAIS + POSSE_CARRO__SEM_CARRO + FAIXA_TAXA_REJEICAO__SEM_REJEICAO_PREVIA;100;0.010000
360;FAIXA_CREDITO__CREDITO_MEDIO + FAIXA_RENDA__RENDA_BAIXA + FAIXA_TAXA_REJEICAO__SEM_REJEICAO_PREVIA;FAIXA_IDADE__IDADE_60_OU_MAIS + POSSE_CARRO__SEM_CARRO;3;2;5;0.010000;0.16;1.42;0;1.06;FAIXA_CREDITO__CREDITO_MEDIO + FAIXA_RENDA__RENDA_BAIXA + FAIXA_IDADE__IDADE_60_OU_MAIS + POSSE_CARRO__SEM_CARRO + FAIXA_TAXA_REJEICAO__SEM_REJEICAO_PREVIA;100;0.010000
361;FAIXA_CREDITO__CREDITO_BAIXO + FAIXA_RENDA__RENDA_BAIXA;FAIXA_IDADE__IDADE_21_A_29 + CATEGORIA_FILHOS__SEM_FILHOS + POSSE_CARRO__SEM_CARRO;2;3;5;0.010000;0.07;1.42;0;1.02;FAIXA_CREDITO__CREDITO_BAIXO + FAIXA_RENDA__RENDA_BAIXA + FAIXA_IDADE__IDADE_21_A_29 + CATEGORIA_FILHOS__SEM_FILHOS + POSSE_CARRO__SEM_CARRO;100;0.010000
362;FAIXA_IDADE__IDADE_21_A_29 + CATEGORIA_FILHOS__SEM_FILHOS + POSSE_CARRO__SEM_CARRO;FAIXA_CREDITO__CREDITO_BAIXO + FAIXA_RENDA__RENDA_BAIXA;3;2;5;0.010000;0.19;1.42;0;1.07;FAIXA_CREDITO__CREDITO_BAIXO + FAIXA_RENDA__RENDA_BAIXA + FAIXA_IDADE__IDADE_21_A_29 + CATEGORIA_FILHOS__SEM_FILHOS + POSSE_CARRO__SEM_CARRO;100;0.010000
363;FAIXA_CREDITO__CREDITO_ALTO + FAIXA_RENDA__RENDA_BAIXA + SITUACAO_FAMILIAR__CASADO_OU_UNIAO_CIVIL;FAIXA_IDADE__IDADE_50_A_59 + CATEGORIA_FILHOS__SEM_FILHOS + FAIXA_TAXA_REJEICAO__SEM_REJEICAO_PREVIA;3;3;6;0.010000;0.2;1.41;0;1.07;FAIXA_CREDITO__CREDITO_ALTO + FAIXA_RENDA__RENDA_BAIXA + FAIXA_IDADE__IDADE_50_A_59 + CATEGORIA_FILHOS__SEM_FILHOS + SITUACAO_FAMILIAR__CASADO_OU_UNIAO_CIVIL + FAIXA_TAXA_REJEICAO__SEM_REJEICAO_PREVIA;100;0.010000
364;FAIXA_IDADE__IDADE_50_A_59 + CATEGORIA_FILHOS__SEM_FILHOS + FAIXA_TAXA_REJEICAO__SEM_REJEICAO_PREVIA;FAIXA_CREDITO__CREDITO_ALTO + FAIXA_RENDA__RENDA_BAIXA + SITUACAO_FAMILIAR__CASADO_OU_UNIAO_CIVIL;3;3;6;0.010000;0.07;1.41;0;1.02;FAIXA_CREDITO__CREDITO_ALTO + FAIXA_RENDA__RENDA_BAIXA + FAIXA_IDADE__IDADE_50_A_59 + CATEGORIA_FILHOS__SEM_FILHOS + SITUACAO_FAMILIAR__CASADO_OU_UNIAO_CIVIL + FAIXA_TAXA_REJEICAO__SEM_REJEICAO_PREVIA;100;0.010000
365;POSSE_CARRO__COM_CARRO;FAIXA_CREDITO__CREDITO_MEDIO + FAIXA_RENDA__RENDA_MUITO_ALTA + FAIXA_CREDITOS_ATIVOS__UM_A_DOIS_CREDITOS_ATIVOS;1;3;4;0.010000;0.03;1.41;0;1.01;FAIXA_CREDITO__CREDITO_MEDIO + FAIXA_RENDA__RENDA_MUITO_ALTA + POSSE_CARRO__COM_CARRO + FAIXA_CREDITOS_ATIVOS__UM_A_DOIS_CREDITOS_ATIVOS;100;0.010000
366;FAIXA_CREDITO__CREDITO_MEDIO + FAIXA_RENDA__RENDA_MUITO_ALTA + FAIXA_CREDITOS_ATIVOS__UM_A_DOIS_CREDITOS_ATIVOS;POSSE_CARRO__COM_CARRO;3;1;4;0.010000;0.48;1.41;0;1.25;FAIXA_CREDITO__CREDITO_MEDIO + FAIXA_RENDA__RENDA_MUITO_ALTA + POSSE_CARRO__COM_CARRO + FAIXA_CREDITOS_ATIVOS__UM_A_DOIS_CREDITOS_ATIVOS;100;0.010000
367;FAIXA_RENDA__RENDA_BAIXA + FAIXA_IDADE__IDADE_40_A_49 + POSSE_CARRO__SEM_CARRO + SITUACAO_FAMILIAR__CASADO_OU_UNIAO_CIVIL;FAIXA_CREDITO__CREDITO_BAIXO + FAIXA_TAXA_REJEICAO__SEM_REJEICAO_PREVIA;4;2;6;0.010000;0.24;1.4;0;1.09;FAIXA_CREDITO__CREDITO_BAIXO + FAIXA_RENDA__RENDA_BAIXA + FAIXA_IDADE__IDADE_40_A_49 + POSSE_CARRO__SEM_CARRO + SITUACAO_FAMILIAR__CASADO_OU_UNIAO_CIVIL + FAIXA_TAXA_REJEICAO__SEM_REJEICAO_PREVIA;100;0.010000
368;FAIXA_CREDITO__CREDITO_BAIXO + FAIXA_TAXA_REJEICAO__SEM_REJEICAO_PREVIA;FAIXA_RENDA__RENDA_BAIXA + FAIXA_IDADE__IDADE_40_A_49 + POSSE_CARRO__SEM_CARRO + SITUACAO_FAMILIAR__CASADO_OU_UNIAO_CIVIL;2;4;6;0.010000;0.06;1.4;0;1.02;FAIXA_CREDITO__CREDITO_BAIXO + FAIXA_RENDA__RENDA_BAIXA + FAIXA_IDADE__IDADE_40_A_49 + POSSE_CARRO__SEM_CARRO + SITUACAO_FAMILIAR__CASADO_OU_UNIAO_CIVIL + FAIXA_TAXA_REJEICAO__SEM_REJEICAO_PREVIA;100;0.010000
369;FAIXA_CREDITO__CREDITO_MEDIO + FAIXA_IDADE__IDADE_50_A_59 + POSSE_CARRO__SEM_CARRO;CATEGORIA_FILHOS__SEM_FILHOS + FAIXA_CREDITOS_ATIVOS__TRES_OU_MAIS_CREDITOS_ATIVOS;3;2;5;0.010000;0.26;1.4;0;1.1;FAIXA_CREDITO__CREDITO_MEDIO + FAIXA_IDADE__IDADE_50_A_59 + CATEGORIA_FILHOS__SEM_FILHOS + POSSE_CARRO__SEM_CARRO + FAIXA_CREDITOS_ATIVOS__TRES_OU_MAIS_CREDITOS_ATIVOS;100;0.010000
370;CATEGORIA_FILHOS__SEM_FILHOS + FAIXA_CREDITOS_ATIVOS__TRES_OU_MAIS_CREDITOS_ATIVOS;FAIXA_CREDITO__CREDITO_MEDIO + FAIXA_IDADE__IDADE_50_A_59 + POSSE_CARRO__SEM_CARRO;2;3;5;0.010000;0.05;1.4;0;1.02;FAIXA_CREDITO__CREDITO_MEDIO + FAIXA_IDADE__IDADE_50_A_59 + CATEGORIA_FILHOS__SEM_FILHOS + POSSE_CARRO__SEM_CARRO + FAIXA_CREDITOS_ATIVOS__TRES_OU_MAIS_CREDITOS_ATIVOS;100;0.010000
371;CATEGORIA_FILHOS__SEM_FILHOS + FAIXA_CREDITOS_ATIVOS__UM_A_DOIS_CREDITOS_ATIVOS;FAIXA_CREDITO__CREDITO_BAIXO + FAIXA_RENDA__RENDA_BAIXA + FAIXA_IDADE__IDADE_50_A_59;2;3;5;0.010000;0.03;1.4;0;1.01;FAIXA_CREDITO__CREDITO_BAIXO + FAIXA_RENDA__RENDA_BAIXA + FAIXA_IDADE__IDADE_50_A_59 + CATEGORIA_FILHOS__SEM_FILHOS + FAIXA_CREDITOS_ATIVOS__UM_A_DOIS_CREDITOS_ATIVOS;100;0.010000
372;FAIXA_CREDITO__CREDITO_BAIXO + FAIXA_RENDA__RENDA_BAIXA + FAIXA_IDADE__IDADE_50_A_59;CATEGORIA_FILHOS__SEM_FILHOS + FAIXA_CREDITOS_ATIVOS__UM_A_DOIS_CREDITOS_ATIVOS;3;2;5;0.010000;0.42;1.4;0;1.2;FAIXA_CREDITO__CREDITO_BAIXO + FAIXA_RENDA__RENDA_BAIXA + FAIXA_IDADE__IDADE_50_A_59 + CATEGORIA_FILHOS__SEM_FILHOS + FAIXA_CREDITOS_ATIVOS__UM_A_DOIS_CREDITOS_ATIVOS;100;0.010000
373;FAIXA_RENDA__RENDA_BAIXA + CATEGORIA_FILHOS__SEM_FILHOS;FAIXA_CREDITO__CREDITO_BAIXO + FAIXA_IDADE__IDADE_21_A_29 + POSSE_CARRO__SEM_CARRO;2;3;5;0.010000;0.04;1.4;0;1.01;FAIXA_CREDITO__CREDITO_BAIXO + FAIXA_RENDA__RENDA_BAIXA + FAIXA_IDADE__IDADE_21_A_29 + CATEGORIA_FILHOS__SEM_FILHOS + POSSE_CARRO__SEM_CARRO;100;0.010000
374;FAIXA_CREDITO__CREDITO_BAIXO + FAIXA_IDADE__IDADE_21_A_29 + POSSE_CARRO__SEM_CARRO;FAIXA_RENDA__RENDA_BAIXA + CATEGORIA_FILHOS__SEM_FILHOS;3;2;5;0.010000;0.33;1.4;0;1.13;FAIXA_CREDITO__CREDITO_BAIXO + FAIXA_RENDA__RENDA_BAIXA + FAIXA_IDADE__IDADE_21_A_29 + CATEGORIA_FILHOS__SEM_FILHOS + POSSE_CARRO__SEM_CARRO;100;0.010000
375;CATEGORIA_FILHOS__SEM_FILHOS;FAIXA_IDADE__IDADE_21_A_29 + POSSE_CARRO__COM_CARRO + SITUACAO_FAMILIAR__SOLTEIRO + FAIXA_TAXA_REJEICAO__SEM_REJEICAO_PREVIA;1;4;5;0.010000;0.01;1.39;0;1;FAIXA_IDADE__IDADE_21_A_29 + CATEGORIA_FILHOS__SEM_FILHOS + POSSE_CARRO__COM_CARRO + SITUACAO_FAMILIAR__SOLTEIRO + FAIXA_TAXA_REJEICAO__SEM_REJEICAO_PREVIA;100;0.010000
376;FAIXA_IDADE__IDADE_21_A_29 + POSSE_CARRO__COM_CARRO + SITUACAO_FAMILIAR__SOLTEIRO + FAIXA_TAXA_REJEICAO__SEM_REJEICAO_PREVIA;CATEGORIA_FILHOS__SEM_FILHOS;4;1;5;0.010000;0.97;1.39;0;7.83;FAIXA_IDADE__IDADE_21_A_29 + CATEGORIA_FILHOS__SEM_FILHOS + POSSE_CARRO__COM_CARRO + SITUACAO_FAMILIAR__SOLTEIRO + FAIXA_TAXA_REJEICAO__SEM_REJEICAO_PREVIA;100;0.010000
377;FAIXA_RENDA__RENDA_BAIXA + POSSE_CARRO__SEM_CARRO + FAIXA_TAXA_REJEICAO__SEM_REJEICAO_PREVIA;FAIXA_CREDITO__CREDITO_BAIXO + FAIXA_IDADE__IDADE_40_A_49 + SITUACAO_FAMILIAR__CASADO_OU_UNIAO_CIVIL;3;3;6;0.010000;0.05;1.39;0;1.02;FAIXA_CREDITO__CREDITO_BAIXO + FAIXA_RENDA__RENDA_BAIXA + FAIXA_IDADE__IDADE_40_A_49 + POSSE_CARRO__SEM_CARRO + SITUACAO_FAMILIAR__CASADO_OU_UNIAO_CIVIL + FAIXA_TAXA_REJEICAO__SEM_REJEICAO_PREVIA;100;0.010000
378;FAIXA_CREDITO__CREDITO_BAIXO + FAIXA_IDADE__IDADE_40_A_49 + SITUACAO_FAMILIAR__CASADO_OU_UNIAO_CIVIL;FAIXA_RENDA__RENDA_BAIXA + POSSE_CARRO__SEM_CARRO + FAIXA_TAXA_REJEICAO__SEM_REJEICAO_PREVIA;3;3;6;0.010000;0.26;1.39;0;1.09;FAIXA_CREDITO__CREDITO_BAIXO + FAIXA_RENDA__RENDA_BAIXA + FAIXA_IDADE__IDADE_40_A_49 + POSSE_CARRO__SEM_CARRO + SITUACAO_FAMILIAR__CASADO_OU_UNIAO_CIVIL + FAIXA_TAXA_REJEICAO__SEM_REJEICAO_PREVIA;100;0.010000
379;FAIXA_RENDA__RENDA_BAIXA + POSSE_CARRO__SEM_CARRO + SITUACAO_FAMILIAR__CASADO_OU_UNIAO_CIVIL + FAIXA_CREDITOS_ATIVOS__UM_A_DOIS_CREDITOS_ATIVOS;FAIXA_IDADE__IDADE_60_OU_MAIS + CATEGORIA_FILHOS__SEM_FILHOS + FAIXA_TAXA_REJEICAO__SEM_REJEICAO_PREVIA;4;3;7;0.010000;0.13;1.39;0;1.04;FAIXA_RENDA__RENDA_BAIXA + FAIXA_IDADE__IDADE_60_OU_MAIS + CATEGORIA_FILHOS__SEM_FILHOS + POSSE_CARRO__SEM_CARRO + SITUACAO_FAMILIAR__CASADO_OU_UNIAO_CIVIL + FAIXA_CREDITOS_ATIVOS__UM_A_DOIS_CREDITOS_ATIVOS + FAIXA_TAXA_REJEICAO__SEM_REJEICAO_PREVIA;100;0.010000
380;FAIXA_IDADE__IDADE_60_OU_MAIS + CATEGORIA_FILHOS__SEM_FILHOS + FAIXA_TAXA_REJEICAO__SEM_REJEICAO_PREVIA;FAIXA_RENDA__RENDA_BAIXA + POSSE_CARRO__SEM_CARRO + SITUACAO_FAMILIAR__CASADO_OU_UNIAO_CIVIL + FAIXA_CREDITOS_ATIVOS__UM_A_DOIS_CREDITOS_ATIVOS;3;4;7;0.010000;0.11;1.39;0;1.03;FAIXA_RENDA__RENDA_BAIXA + FAIXA_IDADE__IDADE_60_OU_MAIS + CATEGORIA_FILHOS__SEM_FILHOS + POSSE_CARRO__SEM_CARRO + SITUACAO_FAMILIAR__CASADO_OU_UNIAO_CIVIL + FAIXA_CREDITOS_ATIVOS__UM_A_DOIS_CREDITOS_ATIVOS + FAIXA_TAXA_REJEICAO__SEM_REJEICAO_PREVIA;100;0.010000
381;FAIXA_IDADE__IDADE_50_A_59 + CATEGORIA_FILHOS__SEM_FILHOS + POSSE_CARRO__SEM_CARRO + FAIXA_CREDITOS_ATIVOS__TRES_OU_MAIS_CREDITOS_ATIVOS;FAIXA_TAXA_REJEICAO__REJEICAO_PREVIA_ACIMA_25_PCT;4;1;5;0.010000;0.24;1.39;0;1.08;FAIXA_IDADE__IDADE_50_A_59 + CATEGORIA_FILHOS__SEM_FILHOS + POSSE_CARRO__SEM_CARRO + FAIXA_CREDITOS_ATIVOS__TRES_OU_MAIS_CREDITOS_ATIVOS + FAIXA_TAXA_REJEICAO__REJEICAO_PREVIA_ACIMA_25_PCT;100;0.010000
382;FAIXA_TAXA_REJEICAO__REJEICAO_PREVIA_ACIMA_25_PCT;FAIXA_IDADE__IDADE_50_A_59 + CATEGORIA_FILHOS__SEM_FILHOS + POSSE_CARRO__SEM_CARRO + FAIXA_CREDITOS_ATIVOS__TRES_OU_MAIS_CREDITOS_ATIVOS;1;4;5;0.010000;0.06;1.39;0;1.02;FAIXA_IDADE__IDADE_50_A_59 + CATEGORIA_FILHOS__SEM_FILHOS + POSSE_CARRO__SEM_CARRO + FAIXA_CREDITOS_ATIVOS__TRES_OU_MAIS_CREDITOS_ATIVOS + FAIXA_TAXA_REJEICAO__REJEICAO_PREVIA_ACIMA_25_PCT;100;0.010000
383;FAIXA_IDADE__IDADE_60_OU_MAIS + CATEGORIA_FILHOS__SEM_FILHOS + FAIXA_CREDITOS_ATIVOS__UM_A_DOIS_CREDITOS_ATIVOS + FAIXA_TAXA_REJEICAO__SEM_REJEICAO_PREVIA;FAIXA_RENDA__RENDA_BAIXA + POSSE_CARRO__SEM_CARRO + SITUACAO_FAMILIAR__CASADO_OU_UNIAO_CIVIL;4;3;7;0.010000;0.24;1.38;0;1.08;FAIXA_RENDA__RENDA_BAIXA + FAIXA_IDADE__IDADE_60_OU_MAIS + CATEGORIA_FILHOS__SEM_FILHOS + POSSE_CARRO__SEM_CARRO + SITUACAO_FAMILIAR__CASADO_OU_UNIAO_CIVIL + FAIXA_CREDITOS_ATIVOS__UM_A_DOIS_CREDITOS_ATIVOS + FAIXA_TAXA_REJEICAO__SEM_REJEICAO_PREVIA;100;0.010000
384;FAIXA_RENDA__RENDA_BAIXA + POSSE_CARRO__SEM_CARRO + SITUACAO_FAMILIAR__CASADO_OU_UNIAO_CIVIL;FAIXA_IDADE__IDADE_60_OU_MAIS + CATEGORIA_FILHOS__SEM_FILHOS + FAIXA_CREDITOS_ATIVOS__UM_A_DOIS_CREDITOS_ATIVOS + FAIXA_TAXA_REJEICAO__SEM_REJEICAO_PREVIA;3;4;7;0.010000;0.06;1.38;0;1.02;FAIXA_RENDA__RENDA_BAIXA + FAIXA_IDADE__IDADE_60_OU_MAIS + CATEGORIA_FILHOS__SEM_FILHOS + POSSE_CARRO__SEM_CARRO + SITUACAO_FAMILIAR__CASADO_OU_UNIAO_CIVIL + FAIXA_CREDITOS_ATIVOS__UM_A_DOIS_CREDITOS_ATIVOS + FAIXA_TAXA_REJEICAO__SEM_REJEICAO_PREVIA;100;0.010000
385;FAIXA_CREDITO__CREDITO_MEDIO + FAIXA_IDADE__IDADE_50_A_59 + POSSE_CARRO__SEM_CARRO + FAIXA_CREDITOS_ATIVOS__UM_A_DOIS_CREDITOS_ATIVOS;CATEGORIA_FILHOS__SEM_FILHOS + FAIXA_TAXA_REJEICAO__SEM_REJEICAO_PREVIA;4;2;6;0.010000;0.65;1.38;0;1.48;FAIXA_CREDITO__CREDITO_MEDIO + FAIXA_IDADE__IDADE_50_A_59 + CATEGORIA_FILHOS__SEM_FILHOS + POSSE_CARRO__SEM_CARRO + FAIXA_CREDITOS_ATIVOS__UM_A_DOIS_CREDITOS_ATIVOS + FAIXA_TAXA_REJEICAO__SEM_REJEICAO_PREVIA;100;0.010000
386;CATEGORIA_FILHOS__SEM_FILHOS + FAIXA_TAXA_REJEICAO__SEM_REJEICAO_PREVIA;FAIXA_CREDITO__CREDITO_MEDIO + FAIXA_IDADE__IDADE_50_A_59 + POSSE_CARRO__SEM_CARRO + FAIXA_CREDITOS_ATIVOS__UM_A_DOIS_CREDITOS_ATIVOS;2;4;6;0.010000;0.02;1.38;0;1.01;FAIXA_CREDITO__CREDITO_MEDIO + FAIXA_IDADE__IDADE_50_A_59 + CATEGORIA_FILHOS__SEM_FILHOS + POSSE_CARRO__SEM_CARRO + FAIXA_CREDITOS_ATIVOS__UM_A_DOIS_CREDITOS_ATIVOS + FAIXA_TAXA_REJEICAO__SEM_REJEICAO_PREVIA;100;0.010000
387;FAIXA_RENDA__RENDA_BAIXA + FAIXA_IDADE__IDADE_60_OU_MAIS;FAIXA_CREDITO__CREDITO_MEDIO + POSSE_CARRO__SEM_CARRO + FAIXA_TAXA_REJEICAO__SEM_REJEICAO_PREVIA;2;3;5;0.010000;0.15;1.38;0;1.05;FAIXA_CREDITO__CREDITO_MEDIO + FAIXA_RENDA__RENDA_BAIXA + FAIXA_IDADE__IDADE_60_OU_MAIS + POSSE_CARRO__SEM_CARRO + FAIXA_TAXA_REJEICAO__SEM_REJEICAO_PREVIA;100;0.010000
388;FAIXA_CREDITO__CREDITO_MEDIO + POSSE_CARRO__SEM_CARRO + FAIXA_TAXA_REJEICAO__SEM_REJEICAO_PREVIA;FAIXA_RENDA__RENDA_BAIXA + FAIXA_IDADE__IDADE_60_OU_MAIS;3;2;5;0.010000;0.09;1.38;0;1.03;FAIXA_CREDITO__CREDITO_MEDIO + FAIXA_RENDA__RENDA_BAIXA + FAIXA_IDADE__IDADE_60_OU_MAIS + POSSE_CARRO__SEM_CARRO + FAIXA_TAXA_REJEICAO__SEM_REJEICAO_PREVIA;100;0.010000
389;FAIXA_CREDITO__CREDITO_MEDIO + FAIXA_IDADE__IDADE_50_A_59;CATEGORIA_FILHOS__SEM_FILHOS + POSSE_CARRO__SEM_CARRO + FAIXA_CREDITOS_ATIVOS__UM_A_DOIS_CREDITOS_ATIVOS + FAIXA_TAXA_REJEICAO__SEM_REJEICAO_PREVIA;2;4;6;0.010000;0.2;1.38;0;1.06;FAIXA_CREDITO__CREDITO_MEDIO + FAIXA_IDADE__IDADE_50_A_59 + CATEGORIA_FILHOS__SEM_FILHOS + POSSE_CARRO__SEM_CARRO + FAIXA_CREDITOS_ATIVOS__UM_A_DOIS_CREDITOS_ATIVOS + FAIXA_TAXA_REJEICAO__SEM_REJEICAO_PREVIA;100;0.010000
390;CATEGORIA_FILHOS__SEM_FILHOS + POSSE_CARRO__SEM_CARRO + FAIXA_CREDITOS_ATIVOS__UM_A_DOIS_CREDITOS_ATIVOS + FAIXA_TAXA_REJEICAO__SEM_REJEICAO_PREVIA;FAIXA_CREDITO__CREDITO_MEDIO + FAIXA_IDADE__IDADE_50_A_59;4;2;6;0.010000;0.07;1.38;0;1.02;FAIXA_CREDITO__CREDITO_MEDIO + FAIXA_IDADE__IDADE_50_A_59 + CATEGORIA_FILHOS__SEM_FILHOS + POSSE_CARRO__SEM_CARRO + FAIXA_CREDITOS_ATIVOS__UM_A_DOIS_CREDITOS_ATIVOS + FAIXA_TAXA_REJEICAO__SEM_REJEICAO_PREVIA;100;0.010000
391;FAIXA_IDADE__IDADE_50_A_59 + FAIXA_CREDITOS_ATIVOS__TRES_OU_MAIS_CREDITOS_ATIVOS + FAIXA_TAXA_REJEICAO__REJEICAO_PREVIA_ACIMA_25_PCT;CATEGORIA_FILHOS__SEM_FILHOS + POSSE_CARRO__SEM_CARRO;3;2;5;0.010000;0.66;1.38;0;1.51;FAIXA_IDADE__IDADE_50_A_59 + CATEGORIA_FILHOS__SEM_FILHOS + POSSE_CARRO__SEM_CARRO + FAIXA_CREDITOS_ATIVOS__TRES_OU_MAIS_CREDITOS_ATIVOS + FAIXA_TAXA_REJEICAO__REJEICAO_PREVIA_ACIMA_25_PCT;100;0.010000
392;CATEGORIA_FILHOS__SEM_FILHOS + POSSE_CARRO__SEM_CARRO;FAIXA_IDADE__IDADE_50_A_59 + FAIXA_CREDITOS_ATIVOS__TRES_OU_MAIS_CREDITOS_ATIVOS + FAIXA_TAXA_REJEICAO__REJEICAO_PREVIA_ACIMA_25_PCT;2;3;5;0.010000;0.02;1.38;0;1.01;FAIXA_IDADE__IDADE_50_A_59 + CATEGORIA_FILHOS__SEM_FILHOS + POSSE_CARRO__SEM_CARRO + FAIXA_CREDITOS_ATIVOS__TRES_OU_MAIS_CREDITOS_ATIVOS + FAIXA_TAXA_REJEICAO__REJEICAO_PREVIA_ACIMA_25_PCT;100;0.010000
395;CATEGORIA_FILHOS__SEM_FILHOS + FAIXA_CREDITOS_ATIVOS__UM_A_DOIS_CREDITOS_ATIVOS;FAIXA_IDADE__IDADE_60_OU_MAIS + POSSE_CARRO__SEM_CARRO + SITUACAO_FAMILIAR__SEPARADO_VIUVO_OU_NAO_INFORMADO + FAIXA_TAXA_REJEICAO__SEM_REJEICAO_PREVIA;2;4;6;0.010000;0.03;1.37;0;1.01;FAIXA_IDADE__IDADE_60_OU_MAIS + CATEGORIA_FILHOS__SEM_FILHOS + POSSE_CARRO__SEM_CARRO + SITUACAO_FAMILIAR__SEPARADO_VIUVO_OU_NAO_INFORMADO + FAIXA_CREDITOS_ATIVOS__UM_A_DOIS_CREDITOS_ATIVOS + FAIXA_TAXA_REJEICAO__SEM_REJEICAO_PREVIA;100;0.010000
396;FAIXA_IDADE__IDADE_60_OU_MAIS + POSSE_CARRO__SEM_CARRO + SITUACAO_FAMILIAR__SEPARADO_VIUVO_OU_NAO_INFORMADO + FAIXA_TAXA_REJEICAO__SEM_REJEICAO_PREVIA;CATEGORIA_FILHOS__SEM_FILHOS + FAIXA_CREDITOS_ATIVOS__UM_A_DOIS_CREDITOS_ATIVOS;4;2;6;0.010000;0.41;1.37;0;1.18;FAIXA_IDADE__IDADE_60_OU_MAIS + CATEGORIA_FILHOS__SEM_FILHOS + POSSE_CARRO__SEM_CARRO + SITUACAO_FAMILIAR__SEPARADO_VIUVO_OU_NAO_INFORMADO + FAIXA_CREDITOS_ATIVOS__UM_A_DOIS_CREDITOS_ATIVOS + FAIXA_TAXA_REJEICAO__SEM_REJEICAO_PREVIA;100;0.010000
397;FAIXA_RENDA__RENDA_BAIXA + CATEGORIA_FILHOS__SEM_FILHOS + FAIXA_TAXA_REJEICAO__SEM_REJEICAO_PREVIA;FAIXA_CREDITO__CREDITO_ALTO + FAIXA_IDADE__IDADE_50_A_59 + SITUACAO_FAMILIAR__CASADO_OU_UNIAO_CIVIL;3;3;6;0.010000;0.06;1.37;0;1.02;FAIXA_CREDITO__CREDITO_ALTO + FAIXA_RENDA__RENDA_BAIXA + FAIXA_IDADE__IDADE_50_A_59 + CATEGORIA_FILHOS__SEM_FILHOS + SITUACAO_FAMILIAR__CASADO_OU_UNIAO_CIVIL + FAIXA_TAXA_REJEICAO__SEM_REJEICAO_PREVIA;100;0.010000
398;FAIXA_CREDITO__CREDITO_ALTO + FAIXA_IDADE__IDADE_50_A_59 + SITUACAO_FAMILIAR__CASADO_OU_UNIAO_CIVIL;FAIXA_RENDA__RENDA_BAIXA + CATEGORIA_FILHOS__SEM_FILHOS + FAIXA_TAXA_REJEICAO__SEM_REJEICAO_PREVIA;3;3;6;0.010000;0.23;1.37;0;1.08;FAIXA_CREDITO__CREDITO_ALTO + FAIXA_RENDA__RENDA_BAIXA + FAIXA_IDADE__IDADE_50_A_59 + CATEGORIA_FILHOS__SEM_FILHOS + SITUACAO_FAMILIAR__CASADO_OU_UNIAO_CIVIL + FAIXA_TAXA_REJEICAO__SEM_REJEICAO_PREVIA;100;0.010000
399;FAIXA_IDADE__IDADE_21_A_29 + FAIXA_TAXA_REJEICAO__SEM_REJEICAO_PREVIA;CATEGORIA_FILHOS__UM_FILHO + FAIXA_CREDITOS_ATIVOS__UM_A_DOIS_CREDITOS_ATIVOS;2;2;4;0.010000;0.12;1.37;0;1.03;FAIXA_IDADE__IDADE_21_A_29 + CATEGORIA_FILHOS__UM_FILHO + FAIXA_CREDITOS_ATIVOS__UM_A_DOIS_CREDITOS_ATIVOS + FAIXA_TAXA_REJEICAO__SEM_REJEICAO_PREVIA;100;0.010000
400;CATEGORIA_FILHOS__UM_FILHO + FAIXA_CREDITOS_ATIVOS__UM_A_DOIS_CREDITOS_ATIVOS;FAIXA_IDADE__IDADE_21_A_29 + FAIXA_TAXA_REJEICAO__SEM_REJEICAO_PREVIA;2;2;4;0.010000;0.12;1.37;0;1.03;FAIXA_IDADE__IDADE_21_A_29 + CATEGORIA_FILHOS__UM_FILHO + FAIXA_CREDITOS_ATIVOS__UM_A_DOIS_CREDITOS_ATIVOS + FAIXA_TAXA_REJEICAO__SEM_REJEICAO_PREVIA;100;0.010000
401;CATEGORIA_FILHOS__SEM_FILHOS;FAIXA_CREDITO__CREDITO_ALTO + FAIXA_RENDA__RENDA_BAIXA + FAIXA_IDADE__IDADE_50_A_59 + SITUACAO_FAMILIAR__CASADO_OU_UNIAO_CIVIL + FAIXA_TAXA_REJEICAO__SEM_REJEICAO_PREVIA;1;5;6;0.010000;0.01;1.37;0;1;FAIXA_CREDITO__CREDITO_ALTO + FAIXA_RENDA__RENDA_BAIXA + FAIXA_IDADE__IDADE_50_A_59 + CATEGORIA_FILHOS__SEM_FILHOS + SITUACAO_FAMILIAR__CASADO_OU_UNIAO_CIVIL + FAIXA_TAXA_REJEICAO__SEM_REJEICAO_PREVIA;100;0.010000
402;FAIXA_CREDITO__CREDITO_ALTO + FAIXA_RENDA__RENDA_BAIXA + FAIXA_IDADE__IDADE_50_A_59 + SITUACAO_FAMILIAR__CASADO_OU_UNIAO_CIVIL + FAIXA_TAXA_REJEICAO__SEM_REJEICAO_PREVIA;CATEGORIA_FILHOS__SEM_FILHOS;5;1;6;0.010000;0.95;1.37;0;5.32;FAIXA_CREDITO__CREDITO_ALTO + FAIXA_RENDA__RENDA_BAIXA + FAIXA_IDADE__IDADE_50_A_59 + CATEGORIA_FILHOS__SEM_FILHOS + SITUACAO_FAMILIAR__CASADO_OU_UNIAO_CIVIL + FAIXA_TAXA_REJEICAO__SEM_REJEICAO_PREVIA;100;0.010000
403;FAIXA_IDADE__IDADE_50_A_59 + FAIXA_CREDITOS_ATIVOS__UM_A_DOIS_CREDITOS_ATIVOS;FAIXA_RENDA__RENDA_MEDIA + POSSE_CARRO__SEM_CARRO + FAIXA_TAXA_REJEICAO__SEM_REJEICAO_PREVIA;2;3;5;0.010000;0.11;1.37;0;1.03;FAIXA_RENDA__RENDA_MEDIA + FAIXA_IDADE__IDADE_50_A_59 + POSSE_CARRO__SEM_CARRO + FAIXA_CREDITOS_ATIVOS__UM_A_DOIS_CREDITOS_ATIVOS + FAIXA_TAXA_REJEICAO__SEM_REJEICAO_PREVIA;100;0.010000
404;FAIXA_RENDA__RENDA_MEDIA + POSSE_CARRO__SEM_CARRO + FAIXA_TAXA_REJEICAO__SEM_REJEICAO_PREVIA;FAIXA_IDADE__IDADE_50_A_59 + FAIXA_CREDITOS_ATIVOS__UM_A_DOIS_CREDITOS_ATIVOS;3;2;5;0.010000;0.12;1.37;0;1.04;FAIXA_RENDA__RENDA_MEDIA + FAIXA_IDADE__IDADE_50_A_59 + POSSE_CARRO__SEM_CARRO + FAIXA_CREDITOS_ATIVOS__UM_A_DOIS_CREDITOS_ATIVOS + FAIXA_TAXA_REJEICAO__SEM_REJEICAO_PREVIA;100;0.010000
408;FAIXA_IDADE__IDADE_60_OU_MAIS + CATEGORIA_FILHOS__SEM_FILHOS + SITUACAO_FAMILIAR__SEPARADO_VIUVO_OU_NAO_INFORMADO + FAIXA_CREDITOS_ATIVOS__UM_A_DOIS_CREDITOS_ATIVOS + FAIXA_TAXA_REJEICAO__SEM_REJEICAO_PREVIA;POSSE_CARRO__SEM_CARRO;5;1;6;0.010000;0.9;1.36;0;3.14;FAIXA_IDADE__IDADE_60_OU_MAIS + CATEGORIA_FILHOS__SEM_FILHOS + POSSE_CARRO__SEM_CARRO + SITUACAO_FAMILIAR__SEPARADO_VIUVO_OU_NAO_INFORMADO + FAIXA_CREDITOS_ATIVOS__UM_A_DOIS_CREDITOS_ATIVOS + FAIXA_TAXA_REJEICAO__SEM_REJEICAO_PREVIA;100;0.010000
410;POSSE_CARRO__SEM_CARRO;FAIXA_IDADE__IDADE_60_OU_MAIS + CATEGORIA_FILHOS__SEM_FILHOS + SITUACAO_FAMILIAR__SEPARADO_VIUVO_OU_NAO_INFORMADO + FAIXA_CREDITOS_ATIVOS__UM_A_DOIS_CREDITOS_ATIVOS + FAIXA_TAXA_REJEICAO__SEM_REJEICAO_PREVIA;1;5;6;0.010000;0.02;1.36;0;1;FAIXA_IDADE__IDADE_60_OU_MAIS + CATEGORIA_FILHOS__SEM_FILHOS + POSSE_CARRO__SEM_CARRO + SITUACAO_FAMILIAR__SEPARADO_VIUVO_OU_NAO_INFORMADO + FAIXA_CREDITOS_ATIVOS__UM_A_DOIS_CREDITOS_ATIVOS + FAIXA_TAXA_REJEICAO__SEM_REJEICAO_PREVIA;100;0.010000
411;FAIXA_RENDA__RENDA_BAIXA;FAIXA_CREDITO__CREDITO_MEDIO + FAIXA_IDADE__IDADE_21_A_29 + POSSE_CARRO__SEM_CARRO;1;3;4;0.010000;0.03;1.36;0;1.01;FAIXA_CREDITO__CREDITO_MEDIO + FAIXA_RENDA__RENDA_BAIXA + FAIXA_IDADE__IDADE_21_A_29 + POSSE_CARRO__SEM_CARRO;100;0.010000
412;FAIXA_CREDITO__CREDITO_MEDIO + FAIXA_IDADE__IDADE_21_A_29 + POSSE_CARRO__SEM_CARRO;FAIXA_RENDA__RENDA_BAIXA;3;1;4;0.010000;0.45;1.36;0;1.2;FAIXA_CREDITO__CREDITO_MEDIO + FAIXA_RENDA__RENDA_BAIXA + FAIXA_IDADE__IDADE_21_A_29 + POSSE_CARRO__SEM_CARRO;100;0.010000
413;FAIXA_IDADE__IDADE_50_A_59 + FAIXA_CREDITOS_ATIVOS__UM_A_DOIS_CREDITOS_ATIVOS;FAIXA_CREDITO__CREDITO_MEDIO + CATEGORIA_FILHOS__SEM_FILHOS + POSSE_CARRO__SEM_CARRO + FAIXA_TAXA_REJEICAO__SEM_REJEICAO_PREVIA;2;4;6;0.010000;0.11;1.36;0;1.03;FAIXA_CREDITO__CREDITO_MEDIO + FAIXA_IDADE__IDADE_50_A_59 + CATEGORIA_FILHOS__SEM_FILHOS + POSSE_CARRO__SEM_CARRO + FAIXA_CREDITOS_ATIVOS__UM_A_DOIS_CREDITOS_ATIVOS + FAIXA_TAXA_REJEICAO__SEM_REJEICAO_PREVIA;100;0.010000
414;FAIXA_CREDITO__CREDITO_MEDIO + CATEGORIA_FILHOS__SEM_FILHOS + POSSE_CARRO__SEM_CARRO + FAIXA_TAXA_REJEICAO__SEM_REJEICAO_PREVIA;FAIXA_IDADE__IDADE_50_A_59 + FAIXA_CREDITOS_ATIVOS__UM_A_DOIS_CREDITOS_ATIVOS;4;2;6;0.010000;0.12;1.36;0;1.04;FAIXA_CREDITO__CREDITO_MEDIO + FAIXA_IDADE__IDADE_50_A_59 + CATEGORIA_FILHOS__SEM_FILHOS + POSSE_CARRO__SEM_CARRO + FAIXA_CREDITOS_ATIVOS__UM_A_DOIS_CREDITOS_ATIVOS + FAIXA_TAXA_REJEICAO__SEM_REJEICAO_PREVIA;100;0.010000
415;FAIXA_CREDITO__CREDITO_ALTO + FAIXA_IDADE__IDADE_50_A_59 + FAIXA_CREDITOS_ATIVOS__SEM_CREDITOS_ATIVOS;CATEGORIA_FILHOS__SEM_FILHOS + SITUACAO_FAMILIAR__CASADO_OU_UNIAO_CIVIL;3;2;5;0.010000;0.64;1.36;0;1.45;FAIXA_CREDITO__CREDITO_ALTO + FAIXA_IDADE__IDADE_50_A_59 + CATEGORIA_FILHOS__SEM_FILHOS + SITUACAO_FAMILIAR__CASADO_OU_UNIAO_CIVIL + FAIXA_CREDITOS_ATIVOS__SEM_CREDITOS_ATIVOS;100;0.010000
416;CATEGORIA_FILHOS__SEM_FILHOS + SITUACAO_FAMILIAR__CASADO_OU_UNIAO_CIVIL;FAIXA_CREDITO__CREDITO_ALTO + FAIXA_IDADE__IDADE_50_A_59 + FAIXA_CREDITOS_ATIVOS__SEM_CREDITOS_ATIVOS;2;3;5;0.010000;0.02;1.36;0;1.01;FAIXA_CREDITO__CREDITO_ALTO + FAIXA_IDADE__IDADE_50_A_59 + CATEGORIA_FILHOS__SEM_FILHOS + SITUACAO_FAMILIAR__CASADO_OU_UNIAO_CIVIL + FAIXA_CREDITOS_ATIVOS__SEM_CREDITOS_ATIVOS;100;0.010000
417;FAIXA_RENDA__RENDA_BAIXA + CATEGORIA_FILHOS__SEM_FILHOS;FAIXA_CREDITO__CREDITO_ALTO + FAIXA_IDADE__IDADE_50_A_59 + SITUACAO_FAMILIAR__CASADO_OU_UNIAO_CIVIL + FAIXA_TAXA_REJEICAO__SEM_REJEICAO_PREVIA;2;4;6;0.010000;0.04;1.36;0;1.01;FAIXA_CREDITO__CREDITO_ALTO + FAIXA_RENDA__RENDA_BAIXA + FAIXA_IDADE__IDADE_50_A_59 + CATEGORIA_FILHOS__SEM_FILHOS + SITUACAO_FAMILIAR__CASADO_OU_UNIAO_CIVIL + FAIXA_TAXA_REJEICAO__SEM_REJEICAO_PREVIA;100;0.010000
418;FAIXA_CREDITO__CREDITO_ALTO + FAIXA_IDADE__IDADE_50_A_59 + SITUACAO_FAMILIAR__CASADO_OU_UNIAO_CIVIL + FAIXA_TAXA_REJEICAO__SEM_REJEICAO_PREVIA;FAIXA_RENDA__RENDA_BAIXA + CATEGORIA_FILHOS__SEM_FILHOS;4;2;6;0.010000;0.32;1.36;0;1.12;FAIXA_CREDITO__CREDITO_ALTO + FAIXA_RENDA__RENDA_BAIXA + FAIXA_IDADE__IDADE_50_A_59 + CATEGORIA_FILHOS__SEM_FILHOS + SITUACAO_FAMILIAR__CASADO_OU_UNIAO_CIVIL + FAIXA_TAXA_REJEICAO__SEM_REJEICAO_PREVIA;100;0.010000
419;FAIXA_CREDITO__CREDITO_MUITO_ALTO + FAIXA_RENDA__RENDA_MUITO_ALTA + FAIXA_IDADE__IDADE_50_A_59;FAIXA_CREDITOS_ATIVOS__TRES_OU_MAIS_CREDITOS_ATIVOS;3;1;4;0.010000;0.37;1.36;0;1.15;FAIXA_CREDITO__CREDITO_MUITO_ALTO + FAIXA_RENDA__RENDA_MUITO_ALTA + FAIXA_IDADE__IDADE_50_A_59 + FAIXA_CREDITOS_ATIVOS__TRES_OU_MAIS_CREDITOS_ATIVOS;100;0.010000
420;FAIXA_CREDITOS_ATIVOS__TRES_OU_MAIS_CREDITOS_ATIVOS;FAIXA_CREDITO__CREDITO_MUITO_ALTO + FAIXA_RENDA__RENDA_MUITO_ALTA + FAIXA_IDADE__IDADE_50_A_59;1;3;4;0.010000;0.04;1.36;0;1.01;FAIXA_CREDITO__CREDITO_MUITO_ALTO + FAIXA_RENDA__RENDA_MUITO_ALTA + FAIXA_IDADE__IDADE_50_A_59 + FAIXA_CREDITOS_ATIVOS__TRES_OU_MAIS_CREDITOS_ATIVOS;100;0.010000
421;CATEGORIA_FILHOS__SEM_FILHOS;FAIXA_CREDITO__CREDITO_MEDIO + FAIXA_IDADE__IDADE_50_A_59 + POSSE_CARRO__SEM_CARRO + FAIXA_CREDITOS_ATIVOS__TRES_OU_MAIS_CREDITOS_ATIVOS;1;4;5;0.010000;0.01;1.36;0;1;FAIXA_CREDITO__CREDITO_MEDIO + FAIXA_IDADE__IDADE_50_A_59 + CATEGORIA_FILHOS__SEM_FILHOS + POSSE_CARRO__SEM_CARRO + FAIXA_CREDITOS_ATIVOS__TRES_OU_MAIS_CREDITOS_ATIVOS;100;0.010000
422;FAIXA_CREDITO__CREDITO_MEDIO + FAIXA_IDADE__IDADE_50_A_59 + POSSE_CARRO__SEM_CARRO + FAIXA_CREDITOS_ATIVOS__TRES_OU_MAIS_CREDITOS_ATIVOS;CATEGORIA_FILHOS__SEM_FILHOS;4;1;5;0.010000;0.94;1.36;0;4.6;FAIXA_CREDITO__CREDITO_MEDIO + FAIXA_IDADE__IDADE_50_A_59 + CATEGORIA_FILHOS__SEM_FILHOS + POSSE_CARRO__SEM_CARRO + FAIXA_CREDITOS_ATIVOS__TRES_OU_MAIS_CREDITOS_ATIVOS;100;0.010000
423;FAIXA_IDADE__IDADE_21_A_29;CATEGORIA_FILHOS__UM_FILHO + FAIXA_CREDITOS_ATIVOS__UM_A_DOIS_CREDITOS_ATIVOS + FAIXA_TAXA_REJEICAO__SEM_REJEICAO_PREVIA;1;3;4;0.010000;0.08;1.35;0;1.02;FAIXA_IDADE__IDADE_21_A_29 + CATEGORIA_FILHOS__UM_FILHO + FAIXA_CREDITOS_ATIVOS__UM_A_DOIS_CREDITOS_ATIVOS + FAIXA_TAXA_REJEICAO__SEM_REJEICAO_PREVIA;100;0.010000
424;CATEGORIA_FILHOS__UM_FILHO + FAIXA_CREDITOS_ATIVOS__UM_A_DOIS_CREDITOS_ATIVOS + FAIXA_TAXA_REJEICAO__SEM_REJEICAO_PREVIA;FAIXA_IDADE__IDADE_21_A_29;3;1;4;0.010000;0.16;1.35;0;1.05;FAIXA_IDADE__IDADE_21_A_29 + CATEGORIA_FILHOS__UM_FILHO + FAIXA_CREDITOS_ATIVOS__UM_A_DOIS_CREDITOS_ATIVOS + FAIXA_TAXA_REJEICAO__SEM_REJEICAO_PREVIA;100;0.010000
425;FAIXA_CREDITO__CREDITO_BAIXO + FAIXA_RENDA__RENDA_BAIXA + CATEGORIA_FILHOS__SEM_FILHOS;FAIXA_IDADE__IDADE_21_A_29 + POSSE_CARRO__SEM_CARRO;3;2;5;0.010000;0.1;1.35;0;1.03;FAIXA_CREDITO__CREDITO_BAIXO + FAIXA_RENDA__RENDA_BAIXA + FAIXA_IDADE__IDADE_21_A_29 + CATEGORIA_FILHOS__SEM_FILHOS + POSSE_CARRO__SEM_CARRO;100;0.010000
426;FAIXA_IDADE__IDADE_21_A_29 + POSSE_CARRO__SEM_CARRO;FAIXA_CREDITO__CREDITO_BAIXO + FAIXA_RENDA__RENDA_BAIXA + CATEGORIA_FILHOS__SEM_FILHOS;2;3;5;0.010000;0.13;1.35;0;1.04;FAIXA_CREDITO__CREDITO_BAIXO + FAIXA_RENDA__RENDA_BAIXA + FAIXA_IDADE__IDADE_21_A_29 + CATEGORIA_FILHOS__SEM_FILHOS + POSSE_CARRO__SEM_CARRO;100;0.010000
427;FAIXA_RENDA__RENDA_BAIXA + FAIXA_IDADE__IDADE_60_OU_MAIS + CATEGORIA_FILHOS__SEM_FILHOS + SITUACAO_FAMILIAR__CASADO_OU_UNIAO_CIVIL + FAIXA_CREDITOS_ATIVOS__UM_A_DOIS_CREDITOS_ATIVOS;POSSE_CARRO__SEM_CARRO + FAIXA_TAXA_REJEICAO__SEM_REJEICAO_PREVIA;5;2;7;0.010000;0.61;1.35;0;1.38;FAIXA_RENDA__RENDA_BAIXA + FAIXA_IDADE__IDADE_60_OU_MAIS + CATEGORIA_FILHOS__SEM_FILHOS + POSSE_CARRO__SEM_CARRO + SITUACAO_FAMILIAR__CASADO_OU_UNIAO_CIVIL + FAIXA_CREDITOS_ATIVOS__UM_A_DOIS_CREDITOS_ATIVOS + FAIXA_TAXA_REJEICAO__SEM_REJEICAO_PREVIA;100;0.010000
428;POSSE_CARRO__SEM_CARRO + FAIXA_TAXA_REJEICAO__SEM_REJEICAO_PREVIA;FAIXA_RENDA__RENDA_BAIXA + FAIXA_IDADE__IDADE_60_OU_MAIS + CATEGORIA_FILHOS__SEM_FILHOS + SITUACAO_FAMILIAR__CASADO_OU_UNIAO_CIVIL + FAIXA_CREDITOS_ATIVOS__UM_A_DOIS_CREDITOS_ATIVOS;2;5;7;0.010000;0.02;1.35;0;1.01;FAIXA_RENDA__RENDA_BAIXA + FAIXA_IDADE__IDADE_60_OU_MAIS + CATEGORIA_FILHOS__SEM_FILHOS + POSSE_CARRO__SEM_CARRO + SITUACAO_FAMILIAR__CASADO_OU_UNIAO_CIVIL + FAIXA_CREDITOS_ATIVOS__UM_A_DOIS_CREDITOS_ATIVOS + FAIXA_TAXA_REJEICAO__SEM_REJEICAO_PREVIA;100;0.010000
429;FAIXA_RENDA__RENDA_BAIXA + FAIXA_IDADE__IDADE_21_A_29 + SITUACAO_FAMILIAR__CASADO_OU_UNIAO_CIVIL;POSSE_CARRO__SEM_CARRO + FAIXA_CREDITOS_ATIVOS__UM_A_DOIS_CREDITOS_ATIVOS;3;2;5;0.010000;0.38;1.35;0;1.15;FAIXA_RENDA__RENDA_BAIXA + FAIXA_IDADE__IDADE_21_A_29 + POSSE_CARRO__SEM_CARRO + SITUACAO_FAMILIAR__CASADO_OU_UNIAO_CIVIL + FAIXA_CREDITOS_ATIVOS__UM_A_DOIS_CREDITOS_ATIVOS;100;0.010000
430;POSSE_CARRO__SEM_CARRO + FAIXA_CREDITOS_ATIVOS__UM_A_DOIS_CREDITOS_ATIVOS;FAIXA_RENDA__RENDA_BAIXA + FAIXA_IDADE__IDADE_21_A_29 + SITUACAO_FAMILIAR__CASADO_OU_UNIAO_CIVIL;2;3;5;0.010000;0.04;1.35;0;1.01;FAIXA_RENDA__RENDA_BAIXA + FAIXA_IDADE__IDADE_21_A_29 + POSSE_CARRO__SEM_CARRO + SITUACAO_FAMILIAR__CASADO_OU_UNIAO_CIVIL + FAIXA_CREDITOS_ATIVOS__UM_A_DOIS_CREDITOS_ATIVOS;100;0.010000
431;FAIXA_IDADE__IDADE_60_OU_MAIS + CATEGORIA_FILHOS__SEM_FILHOS + FAIXA_CREDITOS_ATIVOS__UM_A_DOIS_CREDITOS_ATIVOS;FAIXA_RENDA__RENDA_BAIXA + POSSE_CARRO__SEM_CARRO + SITUACAO_FAMILIAR__CASADO_OU_UNIAO_CIVIL + FAIXA_TAXA_REJEICAO__SEM_REJEICAO_PREVIA;3;4;7;0.010000;0.17;1.35;0;1.05;FAIXA_RENDA__RENDA_BAIXA + FAIXA_IDADE__IDADE_60_OU_MAIS + CATEGORIA_FILHOS__SEM_FILHOS + POSSE_CARRO__SEM_CARRO + SITUACAO_FAMILIAR__CASADO_OU_UNIAO_CIVIL + FAIXA_CREDITOS_ATIVOS__UM_A_DOIS_CREDITOS_ATIVOS + FAIXA_TAXA_REJEICAO__SEM_REJEICAO_PREVIA;100;0.010000
432;FAIXA_RENDA__RENDA_BAIXA + POSSE_CARRO__SEM_CARRO + SITUACAO_FAMILIAR__CASADO_OU_UNIAO_CIVIL + FAIXA_TAXA_REJEICAO__SEM_REJEICAO_PREVIA;FAIXA_IDADE__IDADE_60_OU_MAIS + CATEGORIA_FILHOS__SEM_FILHOS + FAIXA_CREDITOS_ATIVOS__UM_A_DOIS_CREDITOS_ATIVOS;4;3;7;0.010000;0.08;1.35;0;1.02;FAIXA_RENDA__RENDA_BAIXA + FAIXA_IDADE__IDADE_60_OU_MAIS + CATEGORIA_FILHOS__SEM_FILHOS + POSSE_CARRO__SEM_CARRO + SITUACAO_FAMILIAR__CASADO_OU_UNIAO_CIVIL + FAIXA_CREDITOS_ATIVOS__UM_A_DOIS_CREDITOS_ATIVOS + FAIXA_TAXA_REJEICAO__SEM_REJEICAO_PREVIA;100;0.010000
433;FAIXA_CREDITO__CREDITO_MEDIO + CATEGORIA_FILHOS__DOIS_OU_MAIS_FILHOS;SITUACAO_FAMILIAR__CASADO_OU_UNIAO_CIVIL + FAIXA_CREDITOS_ATIVOS__UM_A_DOIS_CREDITOS_ATIVOS;2;2;4;0.010000;0.43;1.34;0;1.18;FAIXA_CREDITO__CREDITO_MEDIO + CATEGORIA_FILHOS__DOIS_OU_MAIS_FILHOS + SITUACAO_FAMILIAR__CASADO_OU_UNIAO_CIVIL + FAIXA_CREDITOS_ATIVOS__UM_A_DOIS_CREDITOS_ATIVOS;100;0.010000
434;SITUACAO_FAMILIAR__CASADO_OU_UNIAO_CIVIL + FAIXA_CREDITOS_ATIVOS__UM_A_DOIS_CREDITOS_ATIVOS;FAIXA_CREDITO__CREDITO_MEDIO + CATEGORIA_FILHOS__DOIS_OU_MAIS_FILHOS;2;2;4;0.010000;0.03;1.34;0;1.01;FAIXA_CREDITO__CREDITO_MEDIO + CATEGORIA_FILHOS__DOIS_OU_MAIS_FILHOS + SITUACAO_FAMILIAR__CASADO_OU_UNIAO_CIVIL + FAIXA_CREDITOS_ATIVOS__UM_A_DOIS_CREDITOS_ATIVOS;100;0.010000
435;CATEGORIA_FILHOS__SEM_FILHOS;FAIXA_CREDITO__CREDITO_MEDIO + FAIXA_IDADE__IDADE_50_A_59 + POSSE_CARRO__SEM_CARRO + FAIXA_CREDITOS_ATIVOS__UM_A_DOIS_CREDITOS_ATIVOS + FAIXA_TAXA_REJEICAO__SEM_REJEICAO_PREVIA;1;5;6;0.010000;0.01;1.34;0;1;FAIXA_CREDITO__CREDITO_MEDIO + FAIXA_IDADE__IDADE_50_A_59 + CATEGORIA_FILHOS__SEM_FILHOS + POSSE_CARRO__SEM_CARRO + FAIXA_CREDITOS_ATIVOS__UM_A_DOIS_CREDITOS_ATIVOS + FAIXA_TAXA_REJEICAO__SEM_REJEICAO_PREVIA;100;0.010000
436;FAIXA_CREDITO__CREDITO_MEDIO + FAIXA_IDADE__IDADE_50_A_59 + POSSE_CARRO__SEM_CARRO + FAIXA_CREDITOS_ATIVOS__UM_A_DOIS_CREDITOS_ATIVOS + FAIXA_TAXA_REJEICAO__SEM_REJEICAO_PREVIA;CATEGORIA_FILHOS__SEM_FILHOS;5;1;6;0.010000;0.93;1.34;0;4.06;FAIXA_CREDITO__CREDITO_MEDIO + FAIXA_IDADE__IDADE_50_A_59 + CATEGORIA_FILHOS__SEM_FILHOS + POSSE_CARRO__SEM_CARRO + FAIXA_CREDITOS_ATIVOS__UM_A_DOIS_CREDITOS_ATIVOS + FAIXA_TAXA_REJEICAO__SEM_REJEICAO_PREVIA;100;0.010000
437;FAIXA_CREDITO__CREDITO_ALTO + FAIXA_RENDA__RENDA_ALTA + CATEGORIA_FILHOS__SEM_FILHOS + POSSE_CARRO__SEM_CARRO;FAIXA_IDADE__IDADE_50_A_59;4;1;5;0.010000;0.29;1.34;0;1.1;FAIXA_CREDITO__CREDITO_ALTO + FAIXA_RENDA__RENDA_ALTA + FAIXA_IDADE__IDADE_50_A_59 + CATEGORIA_FILHOS__SEM_FILHOS + POSSE_CARRO__SEM_CARRO;100;0.010000
438;FAIXA_CREDITO__CREDITO_ALTO + CATEGORIA_FILHOS__SEM_FILHOS + SITUACAO_FAMILIAR__CASADO_OU_UNIAO_CIVIL + FAIXA_CREDITOS_ATIVOS__SEM_CREDITOS_ATIVOS;FAIXA_IDADE__IDADE_50_A_59;4;1;5;0.010000;0.29;1.34;0;1.1;FAIXA_CREDITO__CREDITO_ALTO + FAIXA_IDADE__IDADE_50_A_59 + CATEGORIA_FILHOS__SEM_FILHOS + SITUACAO_FAMILIAR__CASADO_OU_UNIAO_CIVIL + FAIXA_CREDITOS_ATIVOS__SEM_CREDITOS_ATIVOS;100;0.010000
439;FAIXA_IDADE__IDADE_50_A_59;FAIXA_CREDITO__CREDITO_ALTO + FAIXA_RENDA__RENDA_ALTA + CATEGORIA_FILHOS__SEM_FILHOS + POSSE_CARRO__SEM_CARRO;1;4;5;0.010000;0.05;1.34;0;1.01;FAIXA_CREDITO__CREDITO_ALTO + FAIXA_RENDA__RENDA_ALTA + FAIXA_IDADE__IDADE_50_A_59 + CATEGORIA_FILHOS__SEM_FILHOS + POSSE_CARRO__SEM_CARRO;100;0.010000
440;FAIXA_IDADE__IDADE_50_A_59;FAIXA_CREDITO__CREDITO_ALTO + CATEGORIA_FILHOS__SEM_FILHOS + SITUACAO_FAMILIAR__CASADO_OU_UNIAO_CIVIL + FAIXA_CREDITOS_ATIVOS__SEM_CREDITOS_ATIVOS;1;4;5;0.010000;0.05;1.34;0;1.01;FAIXA_CREDITO__CREDITO_ALTO + FAIXA_IDADE__IDADE_50_A_59 + CATEGORIA_FILHOS__SEM_FILHOS + SITUACAO_FAMILIAR__CASADO_OU_UNIAO_CIVIL + FAIXA_CREDITOS_ATIVOS__SEM_CREDITOS_ATIVOS;100;0.010000
441;FAIXA_TAXA_REJEICAO__REJEICAO_PREVIA_ACIMA_25_PCT;FAIXA_CREDITO__CREDITO_MUITO_ALTO + POSSE_CARRO__SEM_CARRO + FAIXA_CREDITOS_ATIVOS__TRES_OU_MAIS_CREDITOS_ATIVOS;1;3;4;0.010000;0.06;1.34;0;1.02;FAIXA_CREDITO__CREDITO_MUITO_ALTO + POSSE_CARRO__SEM_CARRO + FAIXA_CREDITOS_ATIVOS__TRES_OU_MAIS_CREDITOS_ATIVOS + FAIXA_TAXA_REJEICAO__REJEICAO_PREVIA_ACIMA_25_PCT;100;0.010000
442;FAIXA_CREDITO__CREDITO_MUITO_ALTO + POSSE_CARRO__SEM_CARRO + FAIXA_CREDITOS_ATIVOS__TRES_OU_MAIS_CREDITOS_ATIVOS;FAIXA_TAXA_REJEICAO__REJEICAO_PREVIA_ACIMA_25_PCT;3;1;4;0.010000;0.23;1.34;0;1.07;FAIXA_CREDITO__CREDITO_MUITO_ALTO + POSSE_CARRO__SEM_CARRO + FAIXA_CREDITOS_ATIVOS__TRES_OU_MAIS_CREDITOS_ATIVOS + FAIXA_TAXA_REJEICAO__REJEICAO_PREVIA_ACIMA_25_PCT;100;0.010000
443;FAIXA_IDADE__IDADE_40_A_49 + FAIXA_TAXA_REJEICAO__REJEICAO_PREVIA_ATE_25_PCT;FAIXA_RENDA__RENDA_MUITO_ALTA + SITUACAO_FAMILIAR__CASADO_OU_UNIAO_CIVIL;2;2;4;0.010000;0.24;1.33;0;1.07;FAIXA_RENDA__RENDA_MUITO_ALTA + FAIXA_IDADE__IDADE_40_A_49 + SITUACAO_FAMILIAR__CASADO_OU_UNIAO_CIVIL + FAIXA_TAXA_REJEICAO__REJEICAO_PREVIA_ATE_25_PCT;100;0.010000
444;FAIXA_RENDA__RENDA_MUITO_ALTA + SITUACAO_FAMILIAR__CASADO_OU_UNIAO_CIVIL;FAIXA_IDADE__IDADE_40_A_49 + FAIXA_TAXA_REJEICAO__REJEICAO_PREVIA_ATE_25_PCT;2;2;4;0.010000;0.06;1.33;0;1.01;FAIXA_RENDA__RENDA_MUITO_ALTA + FAIXA_IDADE__IDADE_40_A_49 + SITUACAO_FAMILIAR__CASADO_OU_UNIAO_CIVIL + FAIXA_TAXA_REJEICAO__REJEICAO_PREVIA_ATE_25_PCT;100;0.010000
447;POSSE_CARRO__SEM_CARRO + FAIXA_CREDITOS_ATIVOS__UM_A_DOIS_CREDITOS_ATIVOS;FAIXA_IDADE__IDADE_60_OU_MAIS + CATEGORIA_FILHOS__SEM_FILHOS + SITUACAO_FAMILIAR__SEPARADO_VIUVO_OU_NAO_INFORMADO + FAIXA_TAXA_REJEICAO__SEM_REJEICAO_PREVIA;2;4;6;0.010000;0.04;1.33;0;1.01;FAIXA_IDADE__IDADE_60_OU_MAIS + CATEGORIA_FILHOS__SEM_FILHOS + POSSE_CARRO__SEM_CARRO + SITUACAO_FAMILIAR__SEPARADO_VIUVO_OU_NAO_INFORMADO + FAIXA_CREDITOS_ATIVOS__UM_A_DOIS_CREDITOS_ATIVOS + FAIXA_TAXA_REJEICAO__SEM_REJEICAO_PREVIA;100;0.010000
448;FAIXA_IDADE__IDADE_60_OU_MAIS + CATEGORIA_FILHOS__SEM_FILHOS + SITUACAO_FAMILIAR__SEPARADO_VIUVO_OU_NAO_INFORMADO + FAIXA_TAXA_REJEICAO__SEM_REJEICAO_PREVIA;POSSE_CARRO__SEM_CARRO + FAIXA_CREDITOS_ATIVOS__UM_A_DOIS_CREDITOS_ATIVOS;4;2;6;0.010000;0.38;1.33;0;1.15;FAIXA_IDADE__IDADE_60_OU_MAIS + CATEGORIA_FILHOS__SEM_FILHOS + POSSE_CARRO__SEM_CARRO + SITUACAO_FAMILIAR__SEPARADO_VIUVO_OU_NAO_INFORMADO + FAIXA_CREDITOS_ATIVOS__UM_A_DOIS_CREDITOS_ATIVOS + FAIXA_TAXA_REJEICAO__SEM_REJEICAO_PREVIA;100;0.010000
449;FAIXA_CREDITO__CREDITO_ALTO + FAIXA_RENDA__RENDA_ALTA + FAIXA_IDADE__IDADE_50_A_59;CATEGORIA_FILHOS__SEM_FILHOS + POSSE_CARRO__SEM_CARRO;3;2;5;0.010000;0.64;1.33;0;1.42;FAIXA_CREDITO__CREDITO_ALTO + FAIXA_RENDA__RENDA_ALTA + FAIXA_IDADE__IDADE_50_A_59 + CATEGORIA_FILHOS__SEM_FILHOS + POSSE_CARRO__SEM_CARRO;100;0.010000
450;CATEGORIA_FILHOS__SEM_FILHOS + POSSE_CARRO__SEM_CARRO;FAIXA_CREDITO__CREDITO_ALTO + FAIXA_RENDA__RENDA_ALTA + FAIXA_IDADE__IDADE_50_A_59;2;3;5;0.010000;0.02;1.33;0;1.01;FAIXA_CREDITO__CREDITO_ALTO + FAIXA_RENDA__RENDA_ALTA + FAIXA_IDADE__IDADE_50_A_59 + CATEGORIA_FILHOS__SEM_FILHOS + POSSE_CARRO__SEM_CARRO;100;0.010000
451;FAIXA_IDADE__IDADE_50_A_59 + POSSE_CARRO__SEM_CARRO + FAIXA_CREDITOS_ATIVOS__UM_A_DOIS_CREDITOS_ATIVOS;FAIXA_RENDA__RENDA_MEDIA + FAIXA_TAXA_REJEICAO__SEM_REJEICAO_PREVIA;3;2;5;0.010000;0.16;1.33;0;1.05;FAIXA_RENDA__RENDA_MEDIA + FAIXA_IDADE__IDADE_50_A_59 + POSSE_CARRO__SEM_CARRO + FAIXA_CREDITOS_ATIVOS__UM_A_DOIS_CREDITOS_ATIVOS + FAIXA_TAXA_REJEICAO__SEM_REJEICAO_PREVIA;100;0.010000
452;FAIXA_RENDA__RENDA_MEDIA + FAIXA_TAXA_REJEICAO__SEM_REJEICAO_PREVIA;FAIXA_IDADE__IDADE_50_A_59 + POSSE_CARRO__SEM_CARRO + FAIXA_CREDITOS_ATIVOS__UM_A_DOIS_CREDITOS_ATIVOS;2;3;5;0.010000;0.08;1.33;0;1.02;FAIXA_RENDA__RENDA_MEDIA + FAIXA_IDADE__IDADE_50_A_59 + POSSE_CARRO__SEM_CARRO + FAIXA_CREDITOS_ATIVOS__UM_A_DOIS_CREDITOS_ATIVOS + FAIXA_TAXA_REJEICAO__SEM_REJEICAO_PREVIA;100;0.010000
453;CATEGORIA_FILHOS__SEM_FILHOS;FAIXA_IDADE__IDADE_50_A_59 + POSSE_CARRO__SEM_CARRO + FAIXA_CREDITOS_ATIVOS__TRES_OU_MAIS_CREDITOS_ATIVOS + FAIXA_TAXA_REJEICAO__REJEICAO_PREVIA_ACIMA_25_PCT;1;4;5;0.010000;0.01;1.33;0;1;FAIXA_IDADE__IDADE_50_A_59 + CATEGORIA_FILHOS__SEM_FILHOS + POSSE_CARRO__SEM_CARRO + FAIXA_CREDITOS_ATIVOS__TRES_OU_MAIS_CREDITOS_ATIVOS + FAIXA_TAXA_REJEICAO__REJEICAO_PREVIA_ACIMA_25_PCT;100;0.010000
454;FAIXA_IDADE__IDADE_50_A_59 + POSSE_CARRO__SEM_CARRO + FAIXA_CREDITOS_ATIVOS__TRES_OU_MAIS_CREDITOS_ATIVOS + FAIXA_TAXA_REJEICAO__REJEICAO_PREVIA_ACIMA_25_PCT;CATEGORIA_FILHOS__SEM_FILHOS;4;1;5;0.010000;0.93;1.33;0;3.65;FAIXA_IDADE__IDADE_50_A_59 + CATEGORIA_FILHOS__SEM_FILHOS + POSSE_CARRO__SEM_CARRO + FAIXA_CREDITOS_ATIVOS__TRES_OU_MAIS_CREDITOS_ATIVOS + FAIXA_TAXA_REJEICAO__REJEICAO_PREVIA_ACIMA_25_PCT;100;0.010000
455;FAIXA_RENDA__RENDA_BAIXA + FAIXA_CREDITOS_ATIVOS__UM_A_DOIS_CREDITOS_ATIVOS;FAIXA_IDADE__IDADE_21_A_29 + POSSE_CARRO__SEM_CARRO + FAIXA_TAXA_REJEICAO__SEM_REJEICAO_PREVIA;2;3;5;0.010000;0.07;1.33;0;1.02;FAIXA_RENDA__RENDA_BAIXA + FAIXA_IDADE__IDADE_21_A_29 + POSSE_CARRO__SEM_CARRO + FAIXA_CREDITOS_ATIVOS__UM_A_DOIS_CREDITOS_ATIVOS + FAIXA_TAXA_REJEICAO__SEM_REJEICAO_PREVIA;100;0.010000
456;FAIXA_IDADE__IDADE_21_A_29 + POSSE_CARRO__SEM_CARRO + FAIXA_TAXA_REJEICAO__SEM_REJEICAO_PREVIA;FAIXA_RENDA__RENDA_BAIXA + FAIXA_CREDITOS_ATIVOS__UM_A_DOIS_CREDITOS_ATIVOS;3;2;5;0.010000;0.19;1.33;0;1.06;FAIXA_RENDA__RENDA_BAIXA + FAIXA_IDADE__IDADE_21_A_29 + POSSE_CARRO__SEM_CARRO + FAIXA_CREDITOS_ATIVOS__UM_A_DOIS_CREDITOS_ATIVOS + FAIXA_TAXA_REJEICAO__SEM_REJEICAO_PREVIA;100;0.010000
459;FAIXA_CREDITO__CREDITO_MEDIO + FAIXA_RENDA__RENDA_BAIXA + FAIXA_IDADE__IDADE_60_OU_MAIS;POSSE_CARRO__SEM_CARRO + FAIXA_TAXA_REJEICAO__SEM_REJEICAO_PREVIA;3;2;5;0.010000;0.6;1.33;0;1.34;FAIXA_CREDITO__CREDITO_MEDIO + FAIXA_RENDA__RENDA_BAIXA + FAIXA_IDADE__IDADE_60_OU_MAIS + POSSE_CARRO__SEM_CARRO + FAIXA_TAXA_REJEICAO__SEM_REJEICAO_PREVIA;100;0.010000
460;POSSE_CARRO__SEM_CARRO + FAIXA_TAXA_REJEICAO__SEM_REJEICAO_PREVIA;FAIXA_CREDITO__CREDITO_MEDIO + FAIXA_RENDA__RENDA_BAIXA + FAIXA_IDADE__IDADE_60_OU_MAIS;2;3;5;0.010000;0.02;1.33;0;1.01;FAIXA_CREDITO__CREDITO_MEDIO + FAIXA_RENDA__RENDA_BAIXA + FAIXA_IDADE__IDADE_60_OU_MAIS + POSSE_CARRO__SEM_CARRO + FAIXA_TAXA_REJEICAO__SEM_REJEICAO_PREVIA;100;0.010000
461;FAIXA_RENDA__RENDA_BAIXA + FAIXA_IDADE__IDADE_60_OU_MAIS + CATEGORIA_FILHOS__SEM_FILHOS + SITUACAO_FAMILIAR__CASADO_OU_UNIAO_CIVIL;POSSE_CARRO__SEM_CARRO + FAIXA_CREDITOS_ATIVOS__UM_A_DOIS_CREDITOS_ATIVOS + FAIXA_TAXA_REJEICAO__SEM_REJEICAO_PREVIA;4;3;7;0.010000;0.26;1.32;0;1.08;FAIXA_RENDA__RENDA_BAIXA + FAIXA_IDADE__IDADE_60_OU_MAIS + CATEGORIA_FILHOS__SEM_FILHOS + POSSE_CARRO__SEM_CARRO + SITUACAO_FAMILIAR__CASADO_OU_UNIAO_CIVIL + FAIXA_CREDITOS_ATIVOS__UM_A_DOIS_CREDITOS_ATIVOS + FAIXA_TAXA_REJEICAO__SEM_REJEICAO_PREVIA;100;0.010000
462;POSSE_CARRO__SEM_CARRO + FAIXA_CREDITOS_ATIVOS__UM_A_DOIS_CREDITOS_ATIVOS + FAIXA_TAXA_REJEICAO__SEM_REJEICAO_PREVIA;FAIXA_RENDA__RENDA_BAIXA + FAIXA_IDADE__IDADE_60_OU_MAIS + CATEGORIA_FILHOS__SEM_FILHOS + SITUACAO_FAMILIAR__CASADO_OU_UNIAO_CIVIL;3;4;7;0.010000;0.05;1.32;0;1.01;FAIXA_RENDA__RENDA_BAIXA + FAIXA_IDADE__IDADE_60_OU_MAIS + CATEGORIA_FILHOS__SEM_FILHOS + POSSE_CARRO__SEM_CARRO + SITUACAO_FAMILIAR__CASADO_OU_UNIAO_CIVIL + FAIXA_CREDITOS_ATIVOS__UM_A_DOIS_CREDITOS_ATIVOS + FAIXA_TAXA_REJEICAO__SEM_REJEICAO_PREVIA;100;0.010000
463;FAIXA_IDADE__IDADE_50_A_59 + CATEGORIA_FILHOS__SEM_FILHOS + SITUACAO_FAMILIAR__CASADO_OU_UNIAO_CIVIL;FAIXA_CREDITO__CREDITO_ALTO + FAIXA_RENDA__RENDA_BAIXA + FAIXA_TAXA_REJEICAO__SEM_REJEICAO_PREVIA;3;3;6;0.010000;0.07;1.32;0;1.02;FAIXA_CREDITO__CREDITO_ALTO + FAIXA_RENDA__RENDA_BAIXA + FAIXA_IDADE__IDADE_50_A_59 + CATEGORIA_FILHOS__SEM_FILHOS + SITUACAO_FAMILIAR__CASADO_OU_UNIAO_CIVIL + FAIXA_TAXA_REJEICAO__SEM_REJEICAO_PREVIA;100;0.010000
464;FAIXA_CREDITO__CREDITO_ALTO + FAIXA_RENDA__RENDA_BAIXA + FAIXA_TAXA_REJEICAO__SEM_REJEICAO_PREVIA;FAIXA_IDADE__IDADE_50_A_59 + CATEGORIA_FILHOS__SEM_FILHOS + SITUACAO_FAMILIAR__CASADO_OU_UNIAO_CIVIL;3;3;6;0.010000;0.19;1.32;0;1.06;FAIXA_CREDITO__CREDITO_ALTO + FAIXA_RENDA__RENDA_BAIXA + FAIXA_IDADE__IDADE_50_A_59 + CATEGORIA_FILHOS__SEM_FILHOS + SITUACAO_FAMILIAR__CASADO_OU_UNIAO_CIVIL + FAIXA_TAXA_REJEICAO__SEM_REJEICAO_PREVIA;100;0.010000
465;FAIXA_RENDA__RENDA_BAIXA + FAIXA_IDADE__IDADE_50_A_59 + CATEGORIA_FILHOS__SEM_FILHOS;FAIXA_CREDITO__CREDITO_BAIXO + FAIXA_CREDITOS_ATIVOS__UM_A_DOIS_CREDITOS_ATIVOS;3;2;5;0.010000;0.15;1.32;0;1.04;FAIXA_CREDITO__CREDITO_BAIXO + FAIXA_RENDA__RENDA_BAIXA + FAIXA_IDADE__IDADE_50_A_59 + CATEGORIA_FILHOS__SEM_FILHOS + FAIXA_CREDITOS_ATIVOS__UM_A_DOIS_CREDITOS_ATIVOS;100;0.010000
466;FAIXA_CREDITO__CREDITO_BAIXO + FAIXA_CREDITOS_ATIVOS__UM_A_DOIS_CREDITOS_ATIVOS;FAIXA_RENDA__RENDA_BAIXA + FAIXA_IDADE__IDADE_50_A_59 + CATEGORIA_FILHOS__SEM_FILHOS;2;3;5;0.010000;0.09;1.32;0;1.02;FAIXA_CREDITO__CREDITO_BAIXO + FAIXA_RENDA__RENDA_BAIXA + FAIXA_IDADE__IDADE_50_A_59 + CATEGORIA_FILHOS__SEM_FILHOS + FAIXA_CREDITOS_ATIVOS__UM_A_DOIS_CREDITOS_ATIVOS;100;0.010000
467;FAIXA_IDADE__IDADE_60_OU_MAIS + POSSE_CARRO__SEM_CARRO + SITUACAO_FAMILIAR__SEPARADO_VIUVO_OU_NAO_INFORMADO;CATEGORIA_FILHOS__SEM_FILHOS + FAIXA_CREDITOS_ATIVOS__UM_A_DOIS_CREDITOS_ATIVOS + FAIXA_TAXA_REJEICAO__SEM_REJEICAO_PREVIA;3;3;6;0.010000;0.27;1.32;0;1.09;FAIXA_IDADE__IDADE_60_OU_MAIS + CATEGORIA_FILHOS__SEM_FILHOS + POSSE_CARRO__SEM_CARRO + SITUACAO_FAMILIAR__SEPARADO_VIUVO_OU_NAO_INFORMADO + FAIXA_CREDITOS_ATIVOS__UM_A_DOIS_CREDITOS_ATIVOS + FAIXA_TAXA_REJEICAO__SEM_REJEICAO_PREVIA;100;0.010000
468;CATEGORIA_FILHOS__SEM_FILHOS + FAIXA_CREDITOS_ATIVOS__UM_A_DOIS_CREDITOS_ATIVOS + FAIXA_TAXA_REJEICAO__SEM_REJEICAO_PREVIA;FAIXA_IDADE__IDADE_60_OU_MAIS + POSSE_CARRO__SEM_CARRO + SITUACAO_FAMILIAR__SEPARADO_VIUVO_OU_NAO_INFORMADO;3;3;6;0.010000;0.05;1.32;0;1.01;FAIXA_IDADE__IDADE_60_OU_MAIS + CATEGORIA_FILHOS__SEM_FILHOS + POSSE_CARRO__SEM_CARRO + SITUACAO_FAMILIAR__SEPARADO_VIUVO_OU_NAO_INFORMADO + FAIXA_CREDITOS_ATIVOS__UM_A_DOIS_CREDITOS_ATIVOS + FAIXA_TAXA_REJEICAO__SEM_REJEICAO_PREVIA;100;0.010000
469;CATEGORIA_FILHOS__SEM_FILHOS;FAIXA_CREDITO__CREDITO_MEDIO + SITUACAO_FAMILIAR__SOLTEIRO + FAIXA_CREDITOS_ATIVOS__SEM_CREDITOS_ATIVOS + FAIXA_TAXA_REJEICAO__SEM_REJEICAO_PREVIA;1;4;5;0.010000;0.01;1.32;0;1;FAIXA_CREDITO__CREDITO_MEDIO + CATEGORIA_FILHOS__SEM_FILHOS + SITUACAO_FAMILIAR__SOLTEIRO + FAIXA_CREDITOS_ATIVOS__SEM_CREDITOS_ATIVOS + FAIXA_TAXA_REJEICAO__SEM_REJEICAO_PREVIA;100;0.010000
470;FAIXA_CREDITO__CREDITO_MEDIO + SITUACAO_FAMILIAR__SOLTEIRO + FAIXA_CREDITOS_ATIVOS__SEM_CREDITOS_ATIVOS + FAIXA_TAXA_REJEICAO__SEM_REJEICAO_PREVIA;CATEGORIA_FILHOS__SEM_FILHOS;4;1;5;0.010000;0.92;1.32;0;3.31;FAIXA_CREDITO__CREDITO_MEDIO + CATEGORIA_FILHOS__SEM_FILHOS + SITUACAO_FAMILIAR__SOLTEIRO + FAIXA_CREDITOS_ATIVOS__SEM_CREDITOS_ATIVOS + FAIXA_TAXA_REJEICAO__SEM_REJEICAO_PREVIA;100;0.010000
473;FAIXA_RENDA__RENDA_MUITO_ALTA + SITUACAO_FAMILIAR__CASADO_OU_UNIAO_CIVIL + FAIXA_TAXA_REJEICAO__REJEICAO_PREVIA_ATE_25_PCT;FAIXA_IDADE__IDADE_40_A_49;3;1;4;0.010000;0.33;1.32;0;1.11;FAIXA_RENDA__RENDA_MUITO_ALTA + FAIXA_IDADE__IDADE_40_A_49 + SITUACAO_FAMILIAR__CASADO_OU_UNIAO_CIVIL + FAIXA_TAXA_REJEICAO__REJEICAO_PREVIA_ATE_25_PCT;100;0.010000
474;FAIXA_IDADE__IDADE_40_A_49;FAIXA_RENDA__RENDA_MUITO_ALTA + SITUACAO_FAMILIAR__CASADO_OU_UNIAO_CIVIL + FAIXA_TAXA_REJEICAO__REJEICAO_PREVIA_ATE_25_PCT;1;3;4;0.010000;0.04;1.32;0;1.01;FAIXA_RENDA__RENDA_MUITO_ALTA + FAIXA_IDADE__IDADE_40_A_49 + SITUACAO_FAMILIAR__CASADO_OU_UNIAO_CIVIL + FAIXA_TAXA_REJEICAO__REJEICAO_PREVIA_ATE_25_PCT;100;0.010000
475;FAIXA_RENDA__RENDA_ALTA + CATEGORIA_FILHOS__SEM_FILHOS;FAIXA_CREDITO__CREDITO_ALTO + FAIXA_IDADE__IDADE_50_A_59 + POSSE_CARRO__SEM_CARRO;2;3;5;0.010000;0.06;1.31;0;1.01;FAIXA_CREDITO__CREDITO_ALTO + FAIXA_RENDA__RENDA_ALTA + FAIXA_IDADE__IDADE_50_A_59 + CATEGORIA_FILHOS__SEM_FILHOS + POSSE_CARRO__SEM_CARRO;100;0.010000
476;FAIXA_CREDITO__CREDITO_ALTO + FAIXA_IDADE__IDADE_50_A_59 + POSSE_CARRO__SEM_CARRO;FAIXA_RENDA__RENDA_ALTA + CATEGORIA_FILHOS__SEM_FILHOS;3;2;5;0.010000;0.23;1.31;0;1.07;FAIXA_CREDITO__CREDITO_ALTO + FAIXA_RENDA__RENDA_ALTA + FAIXA_IDADE__IDADE_50_A_59 + CATEGORIA_FILHOS__SEM_FILHOS + POSSE_CARRO__SEM_CARRO;100;0.010000
477;FAIXA_CREDITO__CREDITO_BAIXO + FAIXA_RENDA__RENDA_BAIXA + FAIXA_IDADE__IDADE_40_A_49;POSSE_CARRO__SEM_CARRO + SITUACAO_FAMILIAR__CASADO_OU_UNIAO_CIVIL + FAIXA_TAXA_REJEICAO__SEM_REJEICAO_PREVIA;3;3;6;0.010000;0.4;1.31;0;1.15;FAIXA_CREDITO__CREDITO_BAIXO + FAIXA_RENDA__RENDA_BAIXA + FAIXA_IDADE__IDADE_40_A_49 + POSSE_CARRO__SEM_CARRO + SITUACAO_FAMILIAR__CASADO_OU_UNIAO_CIVIL + FAIXA_TAXA_REJEICAO__SEM_REJEICAO_PREVIA;100;0.010000
478;POSSE_CARRO__SEM_CARRO + SITUACAO_FAMILIAR__CASADO_OU_UNIAO_CIVIL + FAIXA_TAXA_REJEICAO__SEM_REJEICAO_PREVIA;FAIXA_CREDITO__CREDITO_BAIXO + FAIXA_RENDA__RENDA_BAIXA + FAIXA_IDADE__IDADE_40_A_49;3;3;6;0.010000;0.03;1.31;0;1.01;FAIXA_CREDITO__CREDITO_BAIXO + FAIXA_RENDA__RENDA_BAIXA + FAIXA_IDADE__IDADE_40_A_49 + POSSE_CARRO__SEM_CARRO + SITUACAO_FAMILIAR__CASADO_OU_UNIAO_CIVIL + FAIXA_TAXA_REJEICAO__SEM_REJEICAO_PREVIA;100;0.010000
479;FAIXA_RENDA__RENDA_MEDIA + POSSE_CARRO__COM_CARRO;FAIXA_IDADE__IDADE_30_A_39 + SITUACAO_FAMILIAR__CASADO_OU_UNIAO_CIVIL + FAIXA_TAXA_REJEICAO__SEM_REJEICAO_PREVIA;2;3;5;0.010000;0.18;1.31;0;1.05;FAIXA_RENDA__RENDA_MEDIA + FAIXA_IDADE__IDADE_30_A_39 + POSSE_CARRO__COM_CARRO + SITUACAO_FAMILIAR__CASADO_OU_UNIAO_CIVIL + FAIXA_TAXA_REJEICAO__SEM_REJEICAO_PREVIA;100;0.010000
480;FAIXA_IDADE__IDADE_30_A_39 + SITUACAO_FAMILIAR__CASADO_OU_UNIAO_CIVIL + FAIXA_TAXA_REJEICAO__SEM_REJEICAO_PREVIA;FAIXA_RENDA__RENDA_MEDIA + POSSE_CARRO__COM_CARRO;3;2;5;0.010000;0.07;1.31;0;1.02;FAIXA_RENDA__RENDA_MEDIA + FAIXA_IDADE__IDADE_30_A_39 + POSSE_CARRO__COM_CARRO + SITUACAO_FAMILIAR__CASADO_OU_UNIAO_CIVIL + FAIXA_TAXA_REJEICAO__SEM_REJEICAO_PREVIA;100;0.010000
481;CATEGORIA_FILHOS__SEM_FILHOS + FAIXA_CREDITOS_ATIVOS__UM_A_DOIS_CREDITOS_ATIVOS;FAIXA_CREDITO__CREDITO_MEDIO + FAIXA_IDADE__IDADE_50_A_59 + POSSE_CARRO__SEM_CARRO + FAIXA_TAXA_REJEICAO__SEM_REJEICAO_PREVIA;2;4;6;0.010000;0.03;1.31;0;1.01;FAIXA_CREDITO__CREDITO_MEDIO + FAIXA_IDADE__IDADE_50_A_59 + CATEGORIA_FILHOS__SEM_FILHOS + POSSE_CARRO__SEM_CARRO + FAIXA_CREDITOS_ATIVOS__UM_A_DOIS_CREDITOS_ATIVOS + FAIXA_TAXA_REJEICAO__SEM_REJEICAO_PREVIA;100;0.010000
482;FAIXA_CREDITO__CREDITO_MEDIO + FAIXA_IDADE__IDADE_50_A_59 + POSSE_CARRO__SEM_CARRO + FAIXA_TAXA_REJEICAO__SEM_REJEICAO_PREVIA;CATEGORIA_FILHOS__SEM_FILHOS + FAIXA_CREDITOS_ATIVOS__UM_A_DOIS_CREDITOS_ATIVOS;4;2;6;0.010000;0.39;1.31;0;1.14;FAIXA_CREDITO__CREDITO_MEDIO + FAIXA_IDADE__IDADE_50_A_59 + CATEGORIA_FILHOS__SEM_FILHOS + POSSE_CARRO__SEM_CARRO + FAIXA_CREDITOS_ATIVOS__UM_A_DOIS_CREDITOS_ATIVOS + FAIXA_TAXA_REJEICAO__SEM_REJEICAO_PREVIA;100;0.010000
485;CATEGORIA_FILHOS__SEM_FILHOS;FAIXA_CREDITO__CREDITO_ALTO + FAIXA_RENDA__RENDA_ALTA + FAIXA_IDADE__IDADE_50_A_59 + POSSE_CARRO__SEM_CARRO;1;4;5;0.010000;0.01;1.31;0;1;FAIXA_CREDITO__CREDITO_ALTO + FAIXA_RENDA__RENDA_ALTA + FAIXA_IDADE__IDADE_50_A_59 + CATEGORIA_FILHOS__SEM_FILHOS + POSSE_CARRO__SEM_CARRO;100;0.010000
486;CATEGORIA_FILHOS__SEM_FILHOS;FAIXA_CREDITO__CREDITO_BAIXO + FAIXA_RENDA__RENDA_BAIXA + FAIXA_IDADE__IDADE_50_A_59 + FAIXA_CREDITOS_ATIVOS__UM_A_DOIS_CREDITOS_ATIVOS;1;4;5;0.010000;0.01;1.31;0;1;FAIXA_CREDITO__CREDITO_BAIXO + FAIXA_RENDA__RENDA_BAIXA + FAIXA_IDADE__IDADE_50_A_59 + CATEGORIA_FILHOS__SEM_FILHOS + FAIXA_CREDITOS_ATIVOS__UM_A_DOIS_CREDITOS_ATIVOS;100;0.010000
487;FAIXA_CREDITO__CREDITO_ALTO + FAIXA_RENDA__RENDA_ALTA + FAIXA_IDADE__IDADE_50_A_59 + POSSE_CARRO__SEM_CARRO;CATEGORIA_FILHOS__SEM_FILHOS;4;1;5;0.010000;0.91;1.31;0;3.04;FAIXA_CREDITO__CREDITO_ALTO + FAIXA_RENDA__RENDA_ALTA + FAIXA_IDADE__IDADE_50_A_59 + CATEGORIA_FILHOS__SEM_FILHOS + POSSE_CARRO__SEM_CARRO;100;0.010000
488;FAIXA_CREDITO__CREDITO_BAIXO + FAIXA_RENDA__RENDA_BAIXA + FAIXA_IDADE__IDADE_50_A_59 + FAIXA_CREDITOS_ATIVOS__UM_A_DOIS_CREDITOS_ATIVOS;CATEGORIA_FILHOS__SEM_FILHOS;4;1;5;0.010000;0.91;1.31;0;3.04;FAIXA_CREDITO__CREDITO_BAIXO + FAIXA_RENDA__RENDA_BAIXA + FAIXA_IDADE__IDADE_50_A_59 + CATEGORIA_FILHOS__SEM_FILHOS + FAIXA_CREDITOS_ATIVOS__UM_A_DOIS_CREDITOS_ATIVOS;100;0.010000
489;FAIXA_RENDA__RENDA_BAIXA + FAIXA_IDADE__IDADE_60_OU_MAIS + POSSE_CARRO__SEM_CARRO + FAIXA_CREDITOS_ATIVOS__UM_A_DOIS_CREDITOS_ATIVOS;CATEGORIA_FILHOS__SEM_FILHOS + SITUACAO_FAMILIAR__CASADO_OU_UNIAO_CIVIL + FAIXA_TAXA_REJEICAO__SEM_REJEICAO_PREVIA;4;3;7;0.010000;0.41;1.31;0;1.16;FAIXA_RENDA__RENDA_BAIXA + FAIXA_IDADE__IDADE_60_OU_MAIS + CATEGORIA_FILHOS__SEM_FILHOS + POSSE_CARRO__SEM_CARRO + SITUACAO_FAMILIAR__CASADO_OU_UNIAO_CIVIL + FAIXA_CREDITOS_ATIVOS__UM_A_DOIS_CREDITOS_ATIVOS + FAIXA_TAXA_REJEICAO__SEM_REJEICAO_PREVIA;100;0.010000
490;CATEGORIA_FILHOS__SEM_FILHOS + SITUACAO_FAMILIAR__CASADO_OU_UNIAO_CIVIL + FAIXA_TAXA_REJEICAO__SEM_REJEICAO_PREVIA;FAIXA_RENDA__RENDA_BAIXA + FAIXA_IDADE__IDADE_60_OU_MAIS + POSSE_CARRO__SEM_CARRO + FAIXA_CREDITOS_ATIVOS__UM_A_DOIS_CREDITOS_ATIVOS;3;4;7;0.010000;0.03;1.31;0;1.01;FAIXA_RENDA__RENDA_BAIXA + FAIXA_IDADE__IDADE_60_OU_MAIS + CATEGORIA_FILHOS__SEM_FILHOS + POSSE_CARRO__SEM_CARRO + SITUACAO_FAMILIAR__CASADO_OU_UNIAO_CIVIL + FAIXA_CREDITOS_ATIVOS__UM_A_DOIS_CREDITOS_ATIVOS + FAIXA_TAXA_REJEICAO__SEM_REJEICAO_PREVIA;100;0.010000
491;FAIXA_RENDA__RENDA_MEDIA + POSSE_CARRO__SEM_CARRO;FAIXA_IDADE__IDADE_50_A_59 + FAIXA_CREDITOS_ATIVOS__UM_A_DOIS_CREDITOS_ATIVOS + FAIXA_TAXA_REJEICAO__SEM_REJEICAO_PREVIA;2;3;5;0.010000;0.08;1.3;0;1.02;FAIXA_RENDA__RENDA_MEDIA + FAIXA_IDADE__IDADE_50_A_59 + POSSE_CARRO__SEM_CARRO + FAIXA_CREDITOS_ATIVOS__UM_A_DOIS_CREDITOS_ATIVOS + FAIXA_TAXA_REJEICAO__SEM_REJEICAO_PREVIA;100;0.010000
492;FAIXA_IDADE__IDADE_50_A_59 + FAIXA_CREDITOS_ATIVOS__UM_A_DOIS_CREDITOS_ATIVOS + FAIXA_TAXA_REJEICAO__SEM_REJEICAO_PREVIA;FAIXA_RENDA__RENDA_MEDIA + POSSE_CARRO__SEM_CARRO;3;2;5;0.010000;0.15;1.3;0;1.04;FAIXA_RENDA__RENDA_MEDIA + FAIXA_IDADE__IDADE_50_A_59 + POSSE_CARRO__SEM_CARRO + FAIXA_CREDITOS_ATIVOS__UM_A_DOIS_CREDITOS_ATIVOS + FAIXA_TAXA_REJEICAO__SEM_REJEICAO_PREVIA;100;0.010000
493;FAIXA_IDADE__IDADE_50_A_59 + CATEGORIA_FILHOS__SEM_FILHOS;FAIXA_CREDITO__CREDITO_ALTO + FAIXA_RENDA__RENDA_BAIXA + SITUACAO_FAMILIAR__CASADO_OU_UNIAO_CIVIL + FAIXA_TAXA_REJEICAO__SEM_REJEICAO_PREVIA;2;4;6;0.010000;0.05;1.3;0;1.01;FAIXA_CREDITO__CREDITO_ALTO + FAIXA_RENDA__RENDA_BAIXA + FAIXA_IDADE__IDADE_50_A_59 + CATEGORIA_FILHOS__SEM_FILHOS + SITUACAO_FAMILIAR__CASADO_OU_UNIAO_CIVIL + FAIXA_TAXA_REJEICAO__SEM_REJEICAO_PREVIA;100;0.010000
494;FAIXA_CREDITO__CREDITO_ALTO + FAIXA_RENDA__RENDA_BAIXA + SITUACAO_FAMILIAR__CASADO_OU_UNIAO_CIVIL + FAIXA_TAXA_REJEICAO__SEM_REJEICAO_PREVIA;FAIXA_IDADE__IDADE_50_A_59 + CATEGORIA_FILHOS__SEM_FILHOS;4;2;6;0.010000;0.26;1.3;0;1.08;FAIXA_CREDITO__CREDITO_ALTO + FAIXA_RENDA__RENDA_BAIXA + FAIXA_IDADE__IDADE_50_A_59 + CATEGORIA_FILHOS__SEM_FILHOS + SITUACAO_FAMILIAR__CASADO_OU_UNIAO_CIVIL + FAIXA_TAXA_REJEICAO__SEM_REJEICAO_PREVIA;100;0.010000
495;FAIXA_IDADE__IDADE_60_OU_MAIS + CATEGORIA_FILHOS__SEM_FILHOS;FAIXA_RENDA__RENDA_BAIXA + POSSE_CARRO__SEM_CARRO + SITUACAO_FAMILIAR__CASADO_OU_UNIAO_CIVIL + FAIXA_CREDITOS_ATIVOS__UM_A_DOIS_CREDITOS_ATIVOS + FAIXA_TAXA_REJEICAO__SEM_REJEICAO_PREVIA;2;5;7;0.010000;0.07;1.3;0;1.02;FAIXA_RENDA__RENDA_BAIXA + FAIXA_IDADE__IDADE_60_OU_MAIS + CATEGORIA_FILHOS__SEM_FILHOS + POSSE_CARRO__SEM_CARRO + SITUACAO_FAMILIAR__CASADO_OU_UNIAO_CIVIL + FAIXA_CREDITOS_ATIVOS__UM_A_DOIS_CREDITOS_ATIVOS + FAIXA_TAXA_REJEICAO__SEM_REJEICAO_PREVIA;100;0.010000
496;FAIXA_RENDA__RENDA_BAIXA + POSSE_CARRO__SEM_CARRO + SITUACAO_FAMILIAR__CASADO_OU_UNIAO_CIVIL + FAIXA_CREDITOS_ATIVOS__UM_A_DOIS_CREDITOS_ATIVOS + FAIXA_TAXA_REJEICAO__SEM_REJEICAO_PREVIA;FAIXA_IDADE__IDADE_60_OU_MAIS + CATEGORIA_FILHOS__SEM_FILHOS;5;2;7;0.010000;0.18;1.3;0;1.05;FAIXA_RENDA__RENDA_BAIXA + FAIXA_IDADE__IDADE_60_OU_MAIS + CATEGORIA_FILHOS__SEM_FILHOS + POSSE_CARRO__SEM_CARRO + SITUACAO_FAMILIAR__CASADO_OU_UNIAO_CIVIL + FAIXA_CREDITOS_ATIVOS__UM_A_DOIS_CREDITOS_ATIVOS + FAIXA_TAXA_REJEICAO__SEM_REJEICAO_PREVIA;100;0.010000
497;FAIXA_IDADE__IDADE_21_A_29 + POSSE_CARRO__SEM_CARRO;FAIXA_RENDA__RENDA_BAIXA + FAIXA_CREDITOS_ATIVOS__UM_A_DOIS_CREDITOS_ATIVOS + FAIXA_TAXA_REJEICAO__SEM_REJEICAO_PREVIA;2;3;5;0.010000;0.13;1.3;0;1.03;FAIXA_RENDA__RENDA_BAIXA + FAIXA_IDADE__IDADE_21_A_29 + POSSE_CARRO__SEM_CARRO + FAIXA_CREDITOS_ATIVOS__UM_A_DOIS_CREDITOS_ATIVOS + FAIXA_TAXA_REJEICAO__SEM_REJEICAO_PREVIA;100;0.010000
498;FAIXA_RENDA__RENDA_BAIXA + FAIXA_CREDITOS_ATIVOS__UM_A_DOIS_CREDITOS_ATIVOS + FAIXA_TAXA_REJEICAO__SEM_REJEICAO_PREVIA;FAIXA_IDADE__IDADE_21_A_29 + POSSE_CARRO__SEM_CARRO;3;2;5;0.010000;0.1;1.3;0;1.02;FAIXA_RENDA__RENDA_BAIXA + FAIXA_IDADE__IDADE_21_A_29 + POSSE_CARRO__SEM_CARRO + FAIXA_CREDITOS_ATIVOS__UM_A_DOIS_CREDITOS_ATIVOS + FAIXA_TAXA_REJEICAO__SEM_REJEICAO_PREVIA;100;0.010000
499;FAIXA_CREDITO__CREDITO_BAIXO + POSSE_CARRO__SEM_CARRO;FAIXA_RENDA__RENDA_BAIXA + FAIXA_IDADE__IDADE_40_A_49 + SITUACAO_FAMILIAR__CASADO_OU_UNIAO_CIVIL + FAIXA_TAXA_REJEICAO__SEM_REJEICAO_PREVIA;2;4;6;0.010000;0.05;1.3;0;1.01;FAIXA_CREDITO__CREDITO_BAIXO + FAIXA_RENDA__RENDA_BAIXA + FAIXA_IDADE__IDADE_40_A_49 + POSSE_CARRO__SEM_CARRO + SITUACAO_FAMILIAR__CASADO_OU_UNIAO_CIVIL + FAIXA_TAXA_REJEICAO__SEM_REJEICAO_PREVIA;100;0.010000
500;FAIXA_RENDA__RENDA_BAIXA + FAIXA_IDADE__IDADE_40_A_49 + SITUACAO_FAMILIAR__CASADO_OU_UNIAO_CIVIL + FAIXA_TAXA_REJEICAO__SEM_REJEICAO_PREVIA;FAIXA_CREDITO__CREDITO_BAIXO + POSSE_CARRO__SEM_CARRO;4;2;6;0.010000;0.24;1.3;0;1.07;FAIXA_CREDITO__CREDITO_BAIXO + FAIXA_RENDA__RENDA_BAIXA + FAIXA_IDADE__IDADE_40_A_49 + POSSE_CARRO__SEM_CARRO + SITUACAO_FAMILIAR__CASADO_OU_UNIAO_CIVIL + FAIXA_TAXA_REJEICAO__SEM_REJEICAO_PREVIA;100;0.010000
501;FAIXA_CREDITO__CREDITO_ALTO + FAIXA_RENDA__RENDA_ALTA + CATEGORIA_FILHOS__SEM_FILHOS;FAIXA_IDADE__IDADE_50_A_59 + POSSE_CARRO__SEM_CARRO;3;2;5;0.010000;0.2;1.29;0;1.05;FAIXA_CREDITO__CREDITO_ALTO + FAIXA_RENDA__RENDA_ALTA + FAIXA_IDADE__IDADE_50_A_59 + CATEGORIA_FILHOS__SEM_FILHOS + POSSE_CARRO__SEM_CARRO;100;0.010000
502;FAIXA_IDADE__IDADE_50_A_59 + POSSE_CARRO__SEM_CARRO;FAIXA_CREDITO__CREDITO_ALTO + FAIXA_RENDA__RENDA_ALTA + CATEGORIA_FILHOS__SEM_FILHOS;2;3;5;0.010000;0.07;1.29;0;1.02;FAIXA_CREDITO__CREDITO_ALTO + FAIXA_RENDA__RENDA_ALTA + FAIXA_IDADE__IDADE_50_A_59 + CATEGORIA_FILHOS__SEM_FILHOS + POSSE_CARRO__SEM_CARRO;100;0.010000
503;FAIXA_CREDITO__CREDITO_MEDIO + CATEGORIA_FILHOS__SEM_FILHOS;FAIXA_IDADE__IDADE_50_A_59 + POSSE_CARRO__SEM_CARRO + FAIXA_CREDITOS_ATIVOS__TRES_OU_MAIS_CREDITOS_ATIVOS;2;3;5;0.010000;0.06;1.29;0;1.01;FAIXA_CREDITO__CREDITO_MEDIO + FAIXA_IDADE__IDADE_50_A_59 + CATEGORIA_FILHOS__SEM_FILHOS + POSSE_CARRO__SEM_CARRO + FAIXA_CREDITOS_ATIVOS__TRES_OU_MAIS_CREDITOS_ATIVOS;100;0.010000
504;FAIXA_IDADE__IDADE_50_A_59 + POSSE_CARRO__SEM_CARRO + FAIXA_CREDITOS_ATIVOS__TRES_OU_MAIS_CREDITOS_ATIVOS;FAIXA_CREDITO__CREDITO_MEDIO + CATEGORIA_FILHOS__SEM_FILHOS;3;2;5;0.010000;0.22;1.29;0;1.06;FAIXA_CREDITO__CREDITO_MEDIO + FAIXA_IDADE__IDADE_50_A_59 + CATEGORIA_FILHOS__SEM_FILHOS + POSSE_CARRO__SEM_CARRO + FAIXA_CREDITOS_ATIVOS__TRES_OU_MAIS_CREDITOS_ATIVOS;100;0.010000
505;FAIXA_IDADE__IDADE_60_OU_MAIS + CATEGORIA_FILHOS__SEM_FILHOS + POSSE_CARRO__SEM_CARRO + FAIXA_CREDITOS_ATIVOS__UM_A_DOIS_CREDITOS_ATIVOS + FAIXA_TAXA_REJEICAO__SEM_REJEICAO_PREVIA;FAIXA_RENDA__RENDA_BAIXA + SITUACAO_FAMILIAR__CASADO_OU_UNIAO_CIVIL;5;2;7;0.010000;0.3;1.29;0;1.09;FAIXA_RENDA__RENDA_BAIXA + FAIXA_IDADE__IDADE_60_OU_MAIS + CATEGORIA_FILHOS__SEM_FILHOS + POSSE_CARRO__SEM_CARRO + SITUACAO_FAMILIAR__CASADO_OU_UNIAO_CIVIL + FAIXA_CREDITOS_ATIVOS__UM_A_DOIS_CREDITOS_ATIVOS + FAIXA_TAXA_REJEICAO__SEM_REJEICAO_PREVIA;100;0.010000
506;FAIXA_RENDA__RENDA_BAIXA + SITUACAO_FAMILIAR__CASADO_OU_UNIAO_CIVIL;FAIXA_IDADE__IDADE_60_OU_MAIS + CATEGORIA_FILHOS__SEM_FILHOS + POSSE_CARRO__SEM_CARRO + FAIXA_CREDITOS_ATIVOS__UM_A_DOIS_CREDITOS_ATIVOS + FAIXA_TAXA_REJEICAO__SEM_REJEICAO_PREVIA;2;5;7;0.010000;0.04;1.29;0;1.01;FAIXA_RENDA__RENDA_BAIXA + FAIXA_IDADE__IDADE_60_OU_MAIS + CATEGORIA_FILHOS__SEM_FILHOS + POSSE_CARRO__SEM_CARRO + SITUACAO_FAMILIAR__CASADO_OU_UNIAO_CIVIL + FAIXA_CREDITOS_ATIVOS__UM_A_DOIS_CREDITOS_ATIVOS + FAIXA_TAXA_REJEICAO__SEM_REJEICAO_PREVIA;100;0.010000
507;FAIXA_IDADE__IDADE_60_OU_MAIS + CATEGORIA_FILHOS__SEM_FILHOS + POSSE_CARRO__SEM_CARRO + FAIXA_CREDITOS_ATIVOS__UM_A_DOIS_CREDITOS_ATIVOS;FAIXA_RENDA__RENDA_BAIXA + SITUACAO_FAMILIAR__CASADO_OU_UNIAO_CIVIL + FAIXA_TAXA_REJEICAO__SEM_REJEICAO_PREVIA;4;3;7;0.010000;0.22;1.29;0;1.06;FAIXA_RENDA__RENDA_BAIXA + FAIXA_IDADE__IDADE_60_OU_MAIS + CATEGORIA_FILHOS__SEM_FILHOS + POSSE_CARRO__SEM_CARRO + SITUACAO_FAMILIAR__CASADO_OU_UNIAO_CIVIL + FAIXA_CREDITOS_ATIVOS__UM_A_DOIS_CREDITOS_ATIVOS + FAIXA_TAXA_REJEICAO__SEM_REJEICAO_PREVIA;100;0.010000
508;FAIXA_RENDA__RENDA_BAIXA + SITUACAO_FAMILIAR__CASADO_OU_UNIAO_CIVIL + FAIXA_TAXA_REJEICAO__SEM_REJEICAO_PREVIA;FAIXA_IDADE__IDADE_60_OU_MAIS + CATEGORIA_FILHOS__SEM_FILHOS + POSSE_CARRO__SEM_CARRO + FAIXA_CREDITOS_ATIVOS__UM_A_DOIS_CREDITOS_ATIVOS;3;4;7;0.010000;0.06;1.29;0;1.01;FAIXA_RENDA__RENDA_BAIXA + FAIXA_IDADE__IDADE_60_OU_MAIS + CATEGORIA_FILHOS__SEM_FILHOS + POSSE_CARRO__SEM_CARRO + SITUACAO_FAMILIAR__CASADO_OU_UNIAO_CIVIL + FAIXA_CREDITOS_ATIVOS__UM_A_DOIS_CREDITOS_ATIVOS + FAIXA_TAXA_REJEICAO__SEM_REJEICAO_PREVIA;100;0.010000
511;FAIXA_IDADE__IDADE_50_A_59 + POSSE_CARRO__SEM_CARRO + FAIXA_CREDITOS_ATIVOS__UM_A_DOIS_CREDITOS_ATIVOS + FAIXA_TAXA_REJEICAO__SEM_REJEICAO_PREVIA;FAIXA_CREDITO__CREDITO_MEDIO + CATEGORIA_FILHOS__SEM_FILHOS;4;2;6;0.010000;0.22;1.29;0;1.06;FAIXA_CREDITO__CREDITO_MEDIO + FAIXA_IDADE__IDADE_50_A_59 + CATEGORIA_FILHOS__SEM_FILHOS + POSSE_CARRO__SEM_CARRO + FAIXA_CREDITOS_ATIVOS__UM_A_DOIS_CREDITOS_ATIVOS + FAIXA_TAXA_REJEICAO__SEM_REJEICAO_PREVIA;100;0.010000
512;FAIXA_CREDITO__CREDITO_MEDIO + CATEGORIA_FILHOS__SEM_FILHOS;FAIXA_IDADE__IDADE_50_A_59 + POSSE_CARRO__SEM_CARRO + FAIXA_CREDITOS_ATIVOS__UM_A_DOIS_CREDITOS_ATIVOS + FAIXA_TAXA_REJEICAO__SEM_REJEICAO_PREVIA;2;4;6;0.010000;0.06;1.29;0;1.01;FAIXA_CREDITO__CREDITO_MEDIO + FAIXA_IDADE__IDADE_50_A_59 + CATEGORIA_FILHOS__SEM_FILHOS + POSSE_CARRO__SEM_CARRO + FAIXA_CREDITOS_ATIVOS__UM_A_DOIS_CREDITOS_ATIVOS + FAIXA_TAXA_REJEICAO__SEM_REJEICAO_PREVIA;100;0.010000
513;FAIXA_CREDITO__CREDITO_MEDIO + CATEGORIA_FILHOS__SEM_FILHOS + FAIXA_CREDITOS_ATIVOS__UM_A_DOIS_CREDITOS_ATIVOS + FAIXA_TAXA_REJEICAO__SEM_REJEICAO_PREVIA;FAIXA_IDADE__IDADE_50_A_59 + POSSE_CARRO__SEM_CARRO;4;2;6;0.010000;0.2;1.29;0;1.05;FAIXA_CREDITO__CREDITO_MEDIO + FAIXA_IDADE__IDADE_50_A_59 + CATEGORIA_FILHOS__SEM_FILHOS + POSSE_CARRO__SEM_CARRO + FAIXA_CREDITOS_ATIVOS__UM_A_DOIS_CREDITOS_ATIVOS + FAIXA_TAXA_REJEICAO__SEM_REJEICAO_PREVIA;100;0.010000
514;FAIXA_IDADE__IDADE_50_A_59 + POSSE_CARRO__SEM_CARRO;FAIXA_CREDITO__CREDITO_MEDIO + CATEGORIA_FILHOS__SEM_FILHOS + FAIXA_CREDITOS_ATIVOS__UM_A_DOIS_CREDITOS_ATIVOS + FAIXA_TAXA_REJEICAO__SEM_REJEICAO_PREVIA;2;4;6;0.010000;0.07;1.29;0;1.01;FAIXA_CREDITO__CREDITO_MEDIO + FAIXA_IDADE__IDADE_50_A_59 + CATEGORIA_FILHOS__SEM_FILHOS + POSSE_CARRO__SEM_CARRO + FAIXA_CREDITOS_ATIVOS__UM_A_DOIS_CREDITOS_ATIVOS + FAIXA_TAXA_REJEICAO__SEM_REJEICAO_PREVIA;100;0.010000
515;FAIXA_CREDITO__CREDITO_MEDIO + CATEGORIA_FILHOS__SEM_FILHOS + POSSE_CARRO__SEM_CARRO;FAIXA_IDADE__IDADE_50_A_59 + FAIXA_CREDITOS_ATIVOS__TRES_OU_MAIS_CREDITOS_ATIVOS;3;2;5;0.010000;0.08;1.29;0;1.02;FAIXA_CREDITO__CREDITO_MEDIO + FAIXA_IDADE__IDADE_50_A_59 + CATEGORIA_FILHOS__SEM_FILHOS + POSSE_CARRO__SEM_CARRO + FAIXA_CREDITOS_ATIVOS__TRES_OU_MAIS_CREDITOS_ATIVOS;100;0.010000
516;FAIXA_IDADE__IDADE_50_A_59 + FAIXA_CREDITOS_ATIVOS__TRES_OU_MAIS_CREDITOS_ATIVOS;FAIXA_CREDITO__CREDITO_MEDIO + CATEGORIA_FILHOS__SEM_FILHOS + POSSE_CARRO__SEM_CARRO;2;3;5;0.010000;0.16;1.29;0;1.04;FAIXA_CREDITO__CREDITO_MEDIO + FAIXA_IDADE__IDADE_50_A_59 + CATEGORIA_FILHOS__SEM_FILHOS + POSSE_CARRO__SEM_CARRO + FAIXA_CREDITOS_ATIVOS__TRES_OU_MAIS_CREDITOS_ATIVOS;100;0.010000
517;FAIXA_CREDITO__CREDITO_MEDIO + CATEGORIA_FILHOS__SEM_FILHOS + FAIXA_CREDITOS_ATIVOS__UM_A_DOIS_CREDITOS_ATIVOS;FAIXA_IDADE__IDADE_50_A_59 + POSSE_CARRO__SEM_CARRO + FAIXA_TAXA_REJEICAO__SEM_REJEICAO_PREVIA;3;3;6;0.010000;0.13;1.29;0;1.03;FAIXA_CREDITO__CREDITO_MEDIO + FAIXA_IDADE__IDADE_50_A_59 + CATEGORIA_FILHOS__SEM_FILHOS + POSSE_CARRO__SEM_CARRO + FAIXA_CREDITOS_ATIVOS__UM_A_DOIS_CREDITOS_ATIVOS + FAIXA_TAXA_REJEICAO__SEM_REJEICAO_PREVIA;100;0.010000
518;FAIXA_IDADE__IDADE_50_A_59 + POSSE_CARRO__SEM_CARRO + FAIXA_TAXA_REJEICAO__SEM_REJEICAO_PREVIA;FAIXA_CREDITO__CREDITO_MEDIO + CATEGORIA_FILHOS__SEM_FILHOS + FAIXA_CREDITOS_ATIVOS__UM_A_DOIS_CREDITOS_ATIVOS;3;3;6;0.010000;0.1;1.29;0;1.02;FAIXA_CREDITO__CREDITO_MEDIO + FAIXA_IDADE__IDADE_50_A_59 + CATEGORIA_FILHOS__SEM_FILHOS + POSSE_CARRO__SEM_CARRO + FAIXA_CREDITOS_ATIVOS__UM_A_DOIS_CREDITOS_ATIVOS + FAIXA_TAXA_REJEICAO__SEM_REJEICAO_PREVIA;100;0.010000
521;CATEGORIA_FILHOS__SEM_FILHOS;FAIXA_CREDITO__CREDITO_ALTO + FAIXA_IDADE__IDADE_50_A_59 + SITUACAO_FAMILIAR__CASADO_OU_UNIAO_CIVIL + FAIXA_CREDITOS_ATIVOS__SEM_CREDITOS_ATIVOS;1;4;5;0.010000;0.01;1.28;0;1;FAIXA_CREDITO__CREDITO_ALTO + FAIXA_IDADE__IDADE_50_A_59 + CATEGORIA_FILHOS__SEM_FILHOS + SITUACAO_FAMILIAR__CASADO_OU_UNIAO_CIVIL + FAIXA_CREDITOS_ATIVOS__SEM_CREDITOS_ATIVOS;100;0.010000
522;FAIXA_CREDITO__CREDITO_ALTO + FAIXA_IDADE__IDADE_50_A_59 + SITUACAO_FAMILIAR__CASADO_OU_UNIAO_CIVIL + FAIXA_CREDITOS_ATIVOS__SEM_CREDITOS_ATIVOS;CATEGORIA_FILHOS__SEM_FILHOS;4;1;5;0.010000;0.89;1.28;0;2.62;FAIXA_CREDITO__CREDITO_ALTO + FAIXA_IDADE__IDADE_50_A_59 + CATEGORIA_FILHOS__SEM_FILHOS + SITUACAO_FAMILIAR__CASADO_OU_UNIAO_CIVIL + FAIXA_CREDITOS_ATIVOS__SEM_CREDITOS_ATIVOS;100;0.010000
523;FAIXA_CREDITO__CREDITO_BAIXO + FAIXA_IDADE__IDADE_21_A_29 + CATEGORIA_FILHOS__SEM_FILHOS;FAIXA_RENDA__RENDA_BAIXA + POSSE_CARRO__SEM_CARRO;3;2;5;0.010000;0.33;1.28;0;1.1;FAIXA_CREDITO__CREDITO_BAIXO + FAIXA_RENDA__RENDA_BAIXA + FAIXA_IDADE__IDADE_21_A_29 + CATEGORIA_FILHOS__SEM_FILHOS + POSSE_CARRO__SEM_CARRO;100;0.010000
524;FAIXA_RENDA__RENDA_BAIXA + POSSE_CARRO__SEM_CARRO;FAIXA_CREDITO__CREDITO_BAIXO + FAIXA_IDADE__IDADE_21_A_29 + CATEGORIA_FILHOS__SEM_FILHOS;2;3;5;0.010000;0.04;1.28;0;1.01;FAIXA_CREDITO__CREDITO_BAIXO + FAIXA_RENDA__RENDA_BAIXA + FAIXA_IDADE__IDADE_21_A_29 + CATEGORIA_FILHOS__SEM_FILHOS + POSSE_CARRO__SEM_CARRO;100;0.010000
525;FAIXA_IDADE__IDADE_50_A_59 + FAIXA_CREDITOS_ATIVOS__SEM_CREDITOS_ATIVOS;FAIXA_CREDITO__CREDITO_ALTO + CATEGORIA_FILHOS__SEM_FILHOS + SITUACAO_FAMILIAR__CASADO_OU_UNIAO_CIVIL;2;3;5;0.010000;0.16;1.28;0;1.04;FAIXA_CREDITO__CREDITO_ALTO + FAIXA_IDADE__IDADE_50_A_59 + CATEGORIA_FILHOS__SEM_FILHOS + SITUACAO_FAMILIAR__CASADO_OU_UNIAO_CIVIL + FAIXA_CREDITOS_ATIVOS__SEM_CREDITOS_ATIVOS;100;0.010000
526;FAIXA_CREDITO__CREDITO_ALTO + CATEGORIA_FILHOS__SEM_FILHOS + SITUACAO_FAMILIAR__CASADO_OU_UNIAO_CIVIL;FAIXA_IDADE__IDADE_50_A_59 + FAIXA_CREDITOS_ATIVOS__SEM_CREDITOS_ATIVOS;3;2;5;0.010000;0.08;1.28;0;1.02;FAIXA_CREDITO__CREDITO_ALTO + FAIXA_IDADE__IDADE_50_A_59 + CATEGORIA_FILHOS__SEM_FILHOS + SITUACAO_FAMILIAR__CASADO_OU_UNIAO_CIVIL + FAIXA_CREDITOS_ATIVOS__SEM_CREDITOS_ATIVOS;100;0.010000
527;FAIXA_RENDA__RENDA_MUITO_ALTA;FAIXA_IDADE__IDADE_40_A_49 + SITUACAO_FAMILIAR__CASADO_OU_UNIAO_CIVIL + FAIXA_TAXA_REJEICAO__REJEICAO_PREVIA_ATE_25_PCT;1;3;4;0.010000;0.04;1.28;0;1.01;FAIXA_RENDA__RENDA_MUITO_ALTA + FAIXA_IDADE__IDADE_40_A_49 + SITUACAO_FAMILIAR__CASADO_OU_UNIAO_CIVIL + FAIXA_TAXA_REJEICAO__REJEICAO_PREVIA_ATE_25_PCT;100;0.010000
528;FAIXA_IDADE__IDADE_40_A_49 + SITUACAO_FAMILIAR__CASADO_OU_UNIAO_CIVIL + FAIXA_TAXA_REJEICAO__REJEICAO_PREVIA_ATE_25_PCT;FAIXA_RENDA__RENDA_MUITO_ALTA;3;1;4;0.010000;0.31;1.28;0;1.09;FAIXA_RENDA__RENDA_MUITO_ALTA + FAIXA_IDADE__IDADE_40_A_49 + SITUACAO_FAMILIAR__CASADO_OU_UNIAO_CIVIL + FAIXA_TAXA_REJEICAO__REJEICAO_PREVIA_ATE_25_PCT;100;0.010000
529;FAIXA_RENDA__RENDA_MEDIA + POSSE_CARRO__SEM_CARRO + FAIXA_CREDITOS_ATIVOS__UM_A_DOIS_CREDITOS_ATIVOS;FAIXA_IDADE__IDADE_50_A_59 + FAIXA_TAXA_REJEICAO__SEM_REJEICAO_PREVIA;3;2;5;0.010000;0.19;1.28;0;1.05;FAIXA_RENDA__RENDA_MEDIA + FAIXA_IDADE__IDADE_50_A_59 + POSSE_CARRO__SEM_CARRO + FAIXA_CREDITOS_ATIVOS__UM_A_DOIS_CREDITOS_ATIVOS + FAIXA_TAXA_REJEICAO__SEM_REJEICAO_PREVIA;100;0.010000
530;FAIXA_IDADE__IDADE_50_A_59 + FAIXA_TAXA_REJEICAO__SEM_REJEICAO_PREVIA;FAIXA_RENDA__RENDA_MEDIA + POSSE_CARRO__SEM_CARRO + FAIXA_CREDITOS_ATIVOS__UM_A_DOIS_CREDITOS_ATIVOS;2;3;5;0.010000;0.07;1.28;0;1.01;FAIXA_RENDA__RENDA_MEDIA + FAIXA_IDADE__IDADE_50_A_59 + POSSE_CARRO__SEM_CARRO + FAIXA_CREDITOS_ATIVOS__UM_A_DOIS_CREDITOS_ATIVOS + FAIXA_TAXA_REJEICAO__SEM_REJEICAO_PREVIA;100;0.010000
531;FAIXA_CREDITO__CREDITO_MEDIO + CATEGORIA_FILHOS__SEM_FILHOS + SITUACAO_FAMILIAR__SOLTEIRO;FAIXA_CREDITOS_ATIVOS__SEM_CREDITOS_ATIVOS + FAIXA_TAXA_REJEICAO__SEM_REJEICAO_PREVIA;3;2;5;0.010000;0.28;1.28;0;1.08;FAIXA_CREDITO__CREDITO_MEDIO + CATEGORIA_FILHOS__SEM_FILHOS + SITUACAO_FAMILIAR__SOLTEIRO + FAIXA_CREDITOS_ATIVOS__SEM_CREDITOS_ATIVOS + FAIXA_TAXA_REJEICAO__SEM_REJEICAO_PREVIA;100;0.010000
532;FAIXA_CREDITOS_ATIVOS__SEM_CREDITOS_ATIVOS + FAIXA_TAXA_REJEICAO__SEM_REJEICAO_PREVIA;FAIXA_CREDITO__CREDITO_MEDIO + CATEGORIA_FILHOS__SEM_FILHOS + SITUACAO_FAMILIAR__SOLTEIRO;2;3;5;0.010000;0.05;1.28;0;1.01;FAIXA_CREDITO__CREDITO_MEDIO + CATEGORIA_FILHOS__SEM_FILHOS + SITUACAO_FAMILIAR__SOLTEIRO + FAIXA_CREDITOS_ATIVOS__SEM_CREDITOS_ATIVOS + FAIXA_TAXA_REJEICAO__SEM_REJEICAO_PREVIA;100;0.010000
533;FAIXA_IDADE__IDADE_60_OU_MAIS + CATEGORIA_FILHOS__SEM_FILHOS + SITUACAO_FAMILIAR__SEPARADO_VIUVO_OU_NAO_INFORMADO;POSSE_CARRO__SEM_CARRO + FAIXA_CREDITOS_ATIVOS__UM_A_DOIS_CREDITOS_ATIVOS + FAIXA_TAXA_REJEICAO__SEM_REJEICAO_PREVIA;3;3;6;0.010000;0.25;1.28;0;1.07;FAIXA_IDADE__IDADE_60_OU_MAIS + CATEGORIA_FILHOS__SEM_FILHOS + POSSE_CARRO__SEM_CARRO + SITUACAO_FAMILIAR__SEPARADO_VIUVO_OU_NAO_INFORMADO + FAIXA_CREDITOS_ATIVOS__UM_A_DOIS_CREDITOS_ATIVOS + FAIXA_TAXA_REJEICAO__SEM_REJEICAO_PREVIA;100;0.010000
534;POSSE_CARRO__SEM_CARRO + FAIXA_CREDITOS_ATIVOS__UM_A_DOIS_CREDITOS_ATIVOS + FAIXA_TAXA_REJEICAO__SEM_REJEICAO_PREVIA;FAIXA_IDADE__IDADE_60_OU_MAIS + CATEGORIA_FILHOS__SEM_FILHOS + SITUACAO_FAMILIAR__SEPARADO_VIUVO_OU_NAO_INFORMADO;3;3;6;0.010000;0.05;1.28;0;1.01;FAIXA_IDADE__IDADE_60_OU_MAIS + CATEGORIA_FILHOS__SEM_FILHOS + POSSE_CARRO__SEM_CARRO + SITUACAO_FAMILIAR__SEPARADO_VIUVO_OU_NAO_INFORMADO + FAIXA_CREDITOS_ATIVOS__UM_A_DOIS_CREDITOS_ATIVOS + FAIXA_TAXA_REJEICAO__SEM_REJEICAO_PREVIA;100;0.010000
535;CATEGORIA_FILHOS__UM_FILHO + FAIXA_TAXA_REJEICAO__SEM_REJEICAO_PREVIA;FAIXA_IDADE__IDADE_21_A_29 + FAIXA_CREDITOS_ATIVOS__UM_A_DOIS_CREDITOS_ATIVOS;2;2;4;0.010000;0.07;1.28;0;1.02;FAIXA_IDADE__IDADE_21_A_29 + CATEGORIA_FILHOS__UM_FILHO + FAIXA_CREDITOS_ATIVOS__UM_A_DOIS_CREDITOS_ATIVOS + FAIXA_TAXA_REJEICAO__SEM_REJEICAO_PREVIA;100;0.010000
536;FAIXA_IDADE__IDADE_21_A_29 + FAIXA_CREDITOS_ATIVOS__UM_A_DOIS_CREDITOS_ATIVOS;CATEGORIA_FILHOS__UM_FILHO + FAIXA_TAXA_REJEICAO__SEM_REJEICAO_PREVIA;2;2;4;0.010000;0.17;1.28;0;1.04;FAIXA_IDADE__IDADE_21_A_29 + CATEGORIA_FILHOS__UM_FILHO + FAIXA_CREDITOS_ATIVOS__UM_A_DOIS_CREDITOS_ATIVOS + FAIXA_TAXA_REJEICAO__SEM_REJEICAO_PREVIA;100;0.010000
539;FAIXA_RENDA__RENDA_BAIXA + FAIXA_IDADE__IDADE_40_A_49 + POSSE_CARRO__SEM_CARRO + SITUACAO_FAMILIAR__CASADO_OU_UNIAO_CIVIL + FAIXA_TAXA_REJEICAO__SEM_REJEICAO_PREVIA;FAIXA_CREDITO__CREDITO_BAIXO;5;1;6;0.010000;0.33;1.27;0;1.1;FAIXA_CREDITO__CREDITO_BAIXO + FAIXA_RENDA__RENDA_BAIXA + FAIXA_IDADE__IDADE_40_A_49 + POSSE_CARRO__SEM_CARRO + SITUACAO_FAMILIAR__CASADO_OU_UNIAO_CIVIL + FAIXA_TAXA_REJEICAO__SEM_REJEICAO_PREVIA;100;0.010000
540;FAIXA_CREDITO__CREDITO_BAIXO;FAIXA_RENDA__RENDA_BAIXA + FAIXA_IDADE__IDADE_40_A_49 + POSSE_CARRO__SEM_CARRO + SITUACAO_FAMILIAR__CASADO_OU_UNIAO_CIVIL + FAIXA_TAXA_REJEICAO__SEM_REJEICAO_PREVIA;1;5;6;0.010000;0.04;1.27;0;1.01;FAIXA_CREDITO__CREDITO_BAIXO + FAIXA_RENDA__RENDA_BAIXA + FAIXA_IDADE__IDADE_40_A_49 + POSSE_CARRO__SEM_CARRO + SITUACAO_FAMILIAR__CASADO_OU_UNIAO_CIVIL + FAIXA_TAXA_REJEICAO__SEM_REJEICAO_PREVIA;100;0.010000
541;FAIXA_CREDITO__CREDITO_MEDIO;FAIXA_RENDA__RENDA_BAIXA + FAIXA_IDADE__IDADE_21_A_29 + POSSE_CARRO__SEM_CARRO;1;3;4;0.010000;0.04;1.27;0;1.01;FAIXA_CREDITO__CREDITO_MEDIO + FAIXA_RENDA__RENDA_BAIXA + FAIXA_IDADE__IDADE_21_A_29 + POSSE_CARRO__SEM_CARRO;100;0.010000
542;FAIXA_RENDA__RENDA_BAIXA + FAIXA_IDADE__IDADE_21_A_29 + POSSE_CARRO__SEM_CARRO;FAIXA_CREDITO__CREDITO_MEDIO;3;1;4;0.010000;0.31;1.27;0;1.09;FAIXA_CREDITO__CREDITO_MEDIO + FAIXA_RENDA__RENDA_BAIXA + FAIXA_IDADE__IDADE_21_A_29 + POSSE_CARRO__SEM_CARRO;100;0.010000
543;FAIXA_RENDA__RENDA_MUITO_ALTA + SITUACAO_FAMILIAR__CASADO_OU_UNIAO_CIVIL + FAIXA_TAXA_REJEICAO__SEM_REJEICAO_PREVIA;FAIXA_IDADE__IDADE_40_A_49 + CATEGORIA_FILHOS__SEM_FILHOS + FAIXA_CREDITOS_ATIVOS__UM_A_DOIS_CREDITOS_ATIVOS;3;3;6;0.010000;0.09;1.27;0;1.02;FAIXA_RENDA__RENDA_MUITO_ALTA + FAIXA_IDADE__IDADE_40_A_49 + CATEGORIA_FILHOS__SEM_FILHOS + SITUACAO_FAMILIAR__CASADO_OU_UNIAO_CIVIL + FAIXA_CREDITOS_ATIVOS__UM_A_DOIS_CREDITOS_ATIVOS + FAIXA_TAXA_REJEICAO__SEM_REJEICAO_PREVIA;100;0.010000
544;FAIXA_IDADE__IDADE_40_A_49 + CATEGORIA_FILHOS__SEM_FILHOS + FAIXA_CREDITOS_ATIVOS__UM_A_DOIS_CREDITOS_ATIVOS;FAIXA_RENDA__RENDA_MUITO_ALTA + SITUACAO_FAMILIAR__CASADO_OU_UNIAO_CIVIL + FAIXA_TAXA_REJEICAO__SEM_REJEICAO_PREVIA;3;3;6;0.010000;0.14;1.27;0;1.03;FAIXA_RENDA__RENDA_MUITO_ALTA + FAIXA_IDADE__IDADE_40_A_49 + CATEGORIA_FILHOS__SEM_FILHOS + SITUACAO_FAMILIAR__CASADO_OU_UNIAO_CIVIL + FAIXA_CREDITOS_ATIVOS__UM_A_DOIS_CREDITOS_ATIVOS + FAIXA_TAXA_REJEICAO__SEM_REJEICAO_PREVIA;100;0.010000
547;FAIXA_IDADE__IDADE_40_A_49 + FAIXA_CREDITOS_ATIVOS__UM_A_DOIS_CREDITOS_ATIVOS;FAIXA_RENDA__RENDA_MUITO_ALTA + CATEGORIA_FILHOS__SEM_FILHOS + SITUACAO_FAMILIAR__CASADO_OU_UNIAO_CIVIL + FAIXA_TAXA_REJEICAO__SEM_REJEICAO_PREVIA;2;4;6;0.010000;0.09;1.27;0;1.02;FAIXA_RENDA__RENDA_MUITO_ALTA + FAIXA_IDADE__IDADE_40_A_49 + CATEGORIA_FILHOS__SEM_FILHOS + SITUACAO_FAMILIAR__CASADO_OU_UNIAO_CIVIL + FAIXA_CREDITOS_ATIVOS__UM_A_DOIS_CREDITOS_ATIVOS + FAIXA_TAXA_REJEICAO__SEM_REJEICAO_PREVIA;100;0.010000
548;FAIXA_RENDA__RENDA_MUITO_ALTA + CATEGORIA_FILHOS__SEM_FILHOS + SITUACAO_FAMILIAR__CASADO_OU_UNIAO_CIVIL + FAIXA_TAXA_REJEICAO__SEM_REJEICAO_PREVIA;FAIXA_IDADE__IDADE_40_A_49 + FAIXA_CREDITOS_ATIVOS__UM_A_DOIS_CREDITOS_ATIVOS;4;2;6;0.010000;0.14;1.27;0;1.03;FAIXA_RENDA__RENDA_MUITO_ALTA + FAIXA_IDADE__IDADE_40_A_49 + CATEGORIA_FILHOS__SEM_FILHOS + SITUACAO_FAMILIAR__CASADO_OU_UNIAO_CIVIL + FAIXA_CREDITOS_ATIVOS__UM_A_DOIS_CREDITOS_ATIVOS + FAIXA_TAXA_REJEICAO__SEM_REJEICAO_PREVIA;100;0.010000
549;FAIXA_IDADE__IDADE_21_A_29 + POSSE_CARRO__SEM_CARRO;FAIXA_RENDA__RENDA_BAIXA + SITUACAO_FAMILIAR__CASADO_OU_UNIAO_CIVIL + FAIXA_CREDITOS_ATIVOS__UM_A_DOIS_CREDITOS_ATIVOS;2;3;5;0.010000;0.13;1.27;0;1.03;FAIXA_RENDA__RENDA_BAIXA + FAIXA_IDADE__IDADE_21_A_29 + POSSE_CARRO__SEM_CARRO + SITUACAO_FAMILIAR__CASADO_OU_UNIAO_CIVIL + FAIXA_CREDITOS_ATIVOS__UM_A_DOIS_CREDITOS_ATIVOS;100;0.010000
550;FAIXA_RENDA__RENDA_BAIXA + SITUACAO_FAMILIAR__CASADO_OU_UNIAO_CIVIL + FAIXA_CREDITOS_ATIVOS__UM_A_DOIS_CREDITOS_ATIVOS;FAIXA_IDADE__IDADE_21_A_29 + POSSE_CARRO__SEM_CARRO;3;2;5;0.010000;0.1;1.27;0;1.02;FAIXA_RENDA__RENDA_BAIXA + FAIXA_IDADE__IDADE_21_A_29 + POSSE_CARRO__SEM_CARRO + SITUACAO_FAMILIAR__CASADO_OU_UNIAO_CIVIL + FAIXA_CREDITOS_ATIVOS__UM_A_DOIS_CREDITOS_ATIVOS;100;0.010000
551;FAIXA_RENDA__RENDA_MEDIA;FAIXA_IDADE__IDADE_50_A_59 + POSSE_CARRO__SEM_CARRO + FAIXA_CREDITOS_ATIVOS__UM_A_DOIS_CREDITOS_ATIVOS + FAIXA_TAXA_REJEICAO__SEM_REJEICAO_PREVIA;1;4;5;0.010000;0.06;1.27;0;1.01;FAIXA_RENDA__RENDA_MEDIA + FAIXA_IDADE__IDADE_50_A_59 + POSSE_CARRO__SEM_CARRO + FAIXA_CREDITOS_ATIVOS__UM_A_DOIS_CREDITOS_ATIVOS + FAIXA_TAXA_REJEICAO__SEM_REJEICAO_PREVIA;100;0.010000
552;FAIXA_IDADE__IDADE_50_A_59 + POSSE_CARRO__SEM_CARRO + FAIXA_CREDITOS_ATIVOS__UM_A_DOIS_CREDITOS_ATIVOS + FAIXA_TAXA_REJEICAO__SEM_REJEICAO_PREVIA;FAIXA_RENDA__RENDA_MEDIA;4;1;5;0.010000;0.22;1.27;0;1.06;FAIXA_RENDA__RENDA_MEDIA + FAIXA_IDADE__IDADE_50_A_59 + POSSE_CARRO__SEM_CARRO + FAIXA_CREDITOS_ATIVOS__UM_A_DOIS_CREDITOS_ATIVOS + FAIXA_TAXA_REJEICAO__SEM_REJEICAO_PREVIA;100;0.010000
553;POSSE_CARRO__SEM_CARRO;FAIXA_CREDITO__CREDITO_MEDIO + FAIXA_RENDA__RENDA_BAIXA + FAIXA_IDADE__IDADE_60_OU_MAIS + FAIXA_TAXA_REJEICAO__SEM_REJEICAO_PREVIA;1;4;5;0.010000;0.02;1.26;0;1;FAIXA_CREDITO__CREDITO_MEDIO + FAIXA_RENDA__RENDA_BAIXA + FAIXA_IDADE__IDADE_60_OU_MAIS + POSSE_CARRO__SEM_CARRO + FAIXA_TAXA_REJEICAO__SEM_REJEICAO_PREVIA;100;0.010000
554;FAIXA_CREDITO__CREDITO_MEDIO + FAIXA_RENDA__RENDA_BAIXA + FAIXA_IDADE__IDADE_60_OU_MAIS + FAIXA_TAXA_REJEICAO__SEM_REJEICAO_PREVIA;POSSE_CARRO__SEM_CARRO;4;1;5;0.010000;0.83;1.26;0;1.94;FAIXA_CREDITO__CREDITO_MEDIO + FAIXA_RENDA__RENDA_BAIXA + FAIXA_IDADE__IDADE_60_OU_MAIS + POSSE_CARRO__SEM_CARRO + FAIXA_TAXA_REJEICAO__SEM_REJEICAO_PREVIA;100;0.010000
555;FAIXA_RENDA__RENDA_BAIXA + SITUACAO_FAMILIAR__CASADO_OU_UNIAO_CIVIL + FAIXA_CREDITOS_ATIVOS__UM_A_DOIS_CREDITOS_ATIVOS;FAIXA_IDADE__IDADE_60_OU_MAIS + CATEGORIA_FILHOS__SEM_FILHOS + POSSE_CARRO__SEM_CARRO + FAIXA_TAXA_REJEICAO__SEM_REJEICAO_PREVIA;3;4;7;0.010000;0.1;1.26;0;1.02;FAIXA_RENDA__RENDA_BAIXA + FAIXA_IDADE__IDADE_60_OU_MAIS + CATEGORIA_FILHOS__SEM_FILHOS + POSSE_CARRO__SEM_CARRO + SITUACAO_FAMILIAR__CASADO_OU_UNIAO_CIVIL + FAIXA_CREDITOS_ATIVOS__UM_A_DOIS_CREDITOS_ATIVOS + FAIXA_TAXA_REJEICAO__SEM_REJEICAO_PREVIA;100;0.010000
556;FAIXA_IDADE__IDADE_60_OU_MAIS + CATEGORIA_FILHOS__SEM_FILHOS + POSSE_CARRO__SEM_CARRO + FAIXA_TAXA_REJEICAO__SEM_REJEICAO_PREVIA;FAIXA_RENDA__RENDA_BAIXA + SITUACAO_FAMILIAR__CASADO_OU_UNIAO_CIVIL + FAIXA_CREDITOS_ATIVOS__UM_A_DOIS_CREDITOS_ATIVOS;4;3;7;0.010000;0.13;1.26;0;1.03;FAIXA_RENDA__RENDA_BAIXA + FAIXA_IDADE__IDADE_60_OU_MAIS + CATEGORIA_FILHOS__SEM_FILHOS + POSSE_CARRO__SEM_CARRO + SITUACAO_FAMILIAR__CASADO_OU_UNIAO_CIVIL + FAIXA_CREDITOS_ATIVOS__UM_A_DOIS_CREDITOS_ATIVOS + FAIXA_TAXA_REJEICAO__SEM_REJEICAO_PREVIA;100;0.010000
557;FAIXA_CREDITO__CREDITO_MEDIO + CATEGORIA_FILHOS__SEM_FILHOS + POSSE_CARRO__SEM_CARRO;FAIXA_IDADE__IDADE_50_A_59 + FAIXA_CREDITOS_ATIVOS__UM_A_DOIS_CREDITOS_ATIVOS + FAIXA_TAXA_REJEICAO__SEM_REJEICAO_PREVIA;3;3;6;0.010000;0.08;1.26;0;1.02;FAIXA_CREDITO__CREDITO_MEDIO + FAIXA_IDADE__IDADE_50_A_59 + CATEGORIA_FILHOS__SEM_FILHOS + POSSE_CARRO__SEM_CARRO + FAIXA_CREDITOS_ATIVOS__UM_A_DOIS_CREDITOS_ATIVOS + FAIXA_TAXA_REJEICAO__SEM_REJEICAO_PREVIA;100;0.010000
558;FAIXA_IDADE__IDADE_50_A_59 + FAIXA_CREDITOS_ATIVOS__UM_A_DOIS_CREDITOS_ATIVOS + FAIXA_TAXA_REJEICAO__SEM_REJEICAO_PREVIA;FAIXA_CREDITO__CREDITO_MEDIO + CATEGORIA_FILHOS__SEM_FILHOS + POSSE_CARRO__SEM_CARRO;3;3;6;0.010000;0.15;1.26;0;1.04;FAIXA_CREDITO__CREDITO_MEDIO + FAIXA_IDADE__IDADE_50_A_59 + CATEGORIA_FILHOS__SEM_FILHOS + POSSE_CARRO__SEM_CARRO + FAIXA_CREDITOS_ATIVOS__UM_A_DOIS_CREDITOS_ATIVOS + FAIXA_TAXA_REJEICAO__SEM_REJEICAO_PREVIA;100;0.010000
559;SITUACAO_FAMILIAR__CASADO_OU_UNIAO_CIVIL;FAIXA_RENDA__RENDA_BAIXA + CATEGORIA_FILHOS__UM_FILHO + POSSE_CARRO__COM_CARRO + FAIXA_TAXA_REJEICAO__SEM_REJEICAO_PREVIA;1;4;5;0.010000;0.01;1.26;0;1;FAIXA_RENDA__RENDA_BAIXA + CATEGORIA_FILHOS__UM_FILHO + POSSE_CARRO__COM_CARRO + SITUACAO_FAMILIAR__CASADO_OU_UNIAO_CIVIL + FAIXA_TAXA_REJEICAO__SEM_REJEICAO_PREVIA;100;0.010000
560;FAIXA_RENDA__RENDA_BAIXA + CATEGORIA_FILHOS__UM_FILHO + POSSE_CARRO__COM_CARRO + FAIXA_TAXA_REJEICAO__SEM_REJEICAO_PREVIA;SITUACAO_FAMILIAR__CASADO_OU_UNIAO_CIVIL;4;1;5;0.010000;0.92;1.26;0;2.94;FAIXA_RENDA__RENDA_BAIXA + CATEGORIA_FILHOS__UM_FILHO + POSSE_CARRO__COM_CARRO + SITUACAO_FAMILIAR__CASADO_OU_UNIAO_CIVIL + FAIXA_TAXA_REJEICAO__SEM_REJEICAO_PREVIA;100;0.010000
561;FAIXA_CREDITO__CREDITO_MUITO_ALTO + FAIXA_RENDA__RENDA_MUITO_ALTA + FAIXA_CREDITOS_ATIVOS__TRES_OU_MAIS_CREDITOS_ATIVOS;FAIXA_IDADE__IDADE_50_A_59;3;1;4;0.010000;0.27;1.25;0;1.07;FAIXA_CREDITO__CREDITO_MUITO_ALTO + FAIXA_RENDA__RENDA_MUITO_ALTA + FAIXA_IDADE__IDADE_50_A_59 + FAIXA_CREDITOS_ATIVOS__TRES_OU_MAIS_CREDITOS_ATIVOS;100;0.010000
562;FAIXA_IDADE__IDADE_50_A_59;FAIXA_CREDITO__CREDITO_MUITO_ALTO + FAIXA_RENDA__RENDA_MUITO_ALTA + FAIXA_CREDITOS_ATIVOS__TRES_OU_MAIS_CREDITOS_ATIVOS;1;3;4;0.010000;0.05;1.25;0;1.01;FAIXA_CREDITO__CREDITO_MUITO_ALTO + FAIXA_RENDA__RENDA_MUITO_ALTA + FAIXA_IDADE__IDADE_50_A_59 + FAIXA_CREDITOS_ATIVOS__TRES_OU_MAIS_CREDITOS_ATIVOS;100;0.010000
565;CATEGORIA_FILHOS__UM_FILHO;FAIXA_IDADE__IDADE_21_A_29 + FAIXA_CREDITOS_ATIVOS__UM_A_DOIS_CREDITOS_ATIVOS + FAIXA_TAXA_REJEICAO__SEM_REJEICAO_PREVIA;1;3;4;0.010000;0.05;1.25;0;1.01;FAIXA_IDADE__IDADE_21_A_29 + CATEGORIA_FILHOS__UM_FILHO + FAIXA_CREDITOS_ATIVOS__UM_A_DOIS_CREDITOS_ATIVOS + FAIXA_TAXA_REJEICAO__SEM_REJEICAO_PREVIA;100;0.010000
566;FAIXA_IDADE__IDADE_21_A_29 + FAIXA_CREDITOS_ATIVOS__UM_A_DOIS_CREDITOS_ATIVOS + FAIXA_TAXA_REJEICAO__SEM_REJEICAO_PREVIA;CATEGORIA_FILHOS__UM_FILHO;3;1;4;0.010000;0.25;1.25;0;1.06;FAIXA_IDADE__IDADE_21_A_29 + CATEGORIA_FILHOS__UM_FILHO + FAIXA_CREDITOS_ATIVOS__UM_A_DOIS_CREDITOS_ATIVOS + FAIXA_TAXA_REJEICAO__SEM_REJEICAO_PREVIA;100;0.010000
567;POSSE_CARRO__SEM_CARRO + FAIXA_CREDITOS_ATIVOS__UM_A_DOIS_CREDITOS_ATIVOS;FAIXA_RENDA__RENDA_BAIXA + FAIXA_IDADE__IDADE_60_OU_MAIS + CATEGORIA_FILHOS__SEM_FILHOS + SITUACAO_FAMILIAR__CASADO_OU_UNIAO_CIVIL + FAIXA_TAXA_REJEICAO__SEM_REJEICAO_PREVIA;2;5;7;0.010000;0.04;1.25;0;1.01;FAIXA_RENDA__RENDA_BAIXA + FAIXA_IDADE__IDADE_60_OU_MAIS + CATEGORIA_FILHOS__SEM_FILHOS + POSSE_CARRO__SEM_CARRO + SITUACAO_FAMILIAR__CASADO_OU_UNIAO_CIVIL + FAIXA_CREDITOS_ATIVOS__UM_A_DOIS_CREDITOS_ATIVOS + FAIXA_TAXA_REJEICAO__SEM_REJEICAO_PREVIA;100;0.010000
568;FAIXA_RENDA__RENDA_BAIXA + FAIXA_IDADE__IDADE_60_OU_MAIS + CATEGORIA_FILHOS__SEM_FILHOS + SITUACAO_FAMILIAR__CASADO_OU_UNIAO_CIVIL + FAIXA_TAXA_REJEICAO__SEM_REJEICAO_PREVIA;POSSE_CARRO__SEM_CARRO + FAIXA_CREDITOS_ATIVOS__UM_A_DOIS_CREDITOS_ATIVOS;5;2;7;0.010000;0.36;1.25;0;1.11;FAIXA_RENDA__RENDA_BAIXA + FAIXA_IDADE__IDADE_60_OU_MAIS + CATEGORIA_FILHOS__SEM_FILHOS + POSSE_CARRO__SEM_CARRO + SITUACAO_FAMILIAR__CASADO_OU_UNIAO_CIVIL + FAIXA_CREDITOS_ATIVOS__UM_A_DOIS_CREDITOS_ATIVOS + FAIXA_TAXA_REJEICAO__SEM_REJEICAO_PREVIA;100;0.010000
569;FAIXA_CREDITO__CREDITO_MEDIO + CATEGORIA_FILHOS__SEM_FILHOS + POSSE_CARRO__SEM_CARRO + FAIXA_CREDITOS_ATIVOS__UM_A_DOIS_CREDITOS_ATIVOS;FAIXA_IDADE__IDADE_50_A_59 + FAIXA_TAXA_REJEICAO__SEM_REJEICAO_PREVIA;4;2;6;0.010000;0.19;1.25;0;1.04;FAIXA_CREDITO__CREDITO_MEDIO + FAIXA_IDADE__IDADE_50_A_59 + CATEGORIA_FILHOS__SEM_FILHOS + POSSE_CARRO__SEM_CARRO + FAIXA_CREDITOS_ATIVOS__UM_A_DOIS_CREDITOS_ATIVOS + FAIXA_TAXA_REJEICAO__SEM_REJEICAO_PREVIA;100;0.010000
570;FAIXA_IDADE__IDADE_50_A_59 + FAIXA_TAXA_REJEICAO__SEM_REJEICAO_PREVIA;FAIXA_CREDITO__CREDITO_MEDIO + CATEGORIA_FILHOS__SEM_FILHOS + POSSE_CARRO__SEM_CARRO + FAIXA_CREDITOS_ATIVOS__UM_A_DOIS_CREDITOS_ATIVOS;2;4;6;0.010000;0.07;1.25;0;1.01;FAIXA_CREDITO__CREDITO_MEDIO + FAIXA_IDADE__IDADE_50_A_59 + CATEGORIA_FILHOS__SEM_FILHOS + POSSE_CARRO__SEM_CARRO + FAIXA_CREDITOS_ATIVOS__UM_A_DOIS_CREDITOS_ATIVOS + FAIXA_TAXA_REJEICAO__SEM_REJEICAO_PREVIA;100;0.010000
571;FAIXA_RENDA__RENDA_BAIXA;FAIXA_IDADE__IDADE_21_A_29 + POSSE_CARRO__SEM_CARRO + FAIXA_CREDITOS_ATIVOS__UM_A_DOIS_CREDITOS_ATIVOS + FAIXA_TAXA_REJEICAO__SEM_REJEICAO_PREVIA;1;4;5;0.010000;0.03;1.25;0;1.01;FAIXA_RENDA__RENDA_BAIXA + FAIXA_IDADE__IDADE_21_A_29 + POSSE_CARRO__SEM_CARRO + FAIXA_CREDITOS_ATIVOS__UM_A_DOIS_CREDITOS_ATIVOS + FAIXA_TAXA_REJEICAO__SEM_REJEICAO_PREVIA;100;0.010000
572;FAIXA_IDADE__IDADE_21_A_29 + POSSE_CARRO__SEM_CARRO + FAIXA_CREDITOS_ATIVOS__UM_A_DOIS_CREDITOS_ATIVOS + FAIXA_TAXA_REJEICAO__SEM_REJEICAO_PREVIA;FAIXA_RENDA__RENDA_BAIXA;4;1;5;0.010000;0.41;1.25;0;1.13;FAIXA_RENDA__RENDA_BAIXA + FAIXA_IDADE__IDADE_21_A_29 + POSSE_CARRO__SEM_CARRO + FAIXA_CREDITOS_ATIVOS__UM_A_DOIS_CREDITOS_ATIVOS + FAIXA_TAXA_REJEICAO__SEM_REJEICAO_PREVIA;100;0.010000
573;FAIXA_RENDA__RENDA_MUITO_ALTA + FAIXA_IDADE__IDADE_40_A_49;SITUACAO_FAMILIAR__CASADO_OU_UNIAO_CIVIL + FAIXA_TAXA_REJEICAO__REJEICAO_PREVIA_ATE_25_PCT;2;2;4;0.010000;0.14;1.25;0;1.03;FAIXA_RENDA__RENDA_MUITO_ALTA + FAIXA_IDADE__IDADE_40_A_49 + SITUACAO_FAMILIAR__CASADO_OU_UNIAO_CIVIL + FAIXA_TAXA_REJEICAO__REJEICAO_PREVIA_ATE_25_PCT;100;0.010000
574;SITUACAO_FAMILIAR__CASADO_OU_UNIAO_CIVIL + FAIXA_TAXA_REJEICAO__REJEICAO_PREVIA_ATE_25_PCT;FAIXA_RENDA__RENDA_MUITO_ALTA + FAIXA_IDADE__IDADE_40_A_49;2;2;4;0.010000;0.09;1.25;0;1.02;FAIXA_RENDA__RENDA_MUITO_ALTA + FAIXA_IDADE__IDADE_40_A_49 + SITUACAO_FAMILIAR__CASADO_OU_UNIAO_CIVIL + FAIXA_TAXA_REJEICAO__REJEICAO_PREVIA_ATE_25_PCT;100;0.010000
575;FAIXA_RENDA__RENDA_MUITO_ALTA + SITUACAO_FAMILIAR__CASADO_OU_UNIAO_CIVIL + FAIXA_CREDITOS_ATIVOS__UM_A_DOIS_CREDITOS_ATIVOS;FAIXA_IDADE__IDADE_40_A_49 + CATEGORIA_FILHOS__SEM_FILHOS + FAIXA_TAXA_REJEICAO__SEM_REJEICAO_PREVIA;3;3;6;0.010000;0.13;1.25;0;1.03;FAIXA_RENDA__RENDA_MUITO_ALTA + FAIXA_IDADE__IDADE_40_A_49 + CATEGORIA_FILHOS__SEM_FILHOS + SITUACAO_FAMILIAR__CASADO_OU_UNIAO_CIVIL + FAIXA_CREDITOS_ATIVOS__UM_A_DOIS_CREDITOS_ATIVOS + FAIXA_TAXA_REJEICAO__SEM_REJEICAO_PREVIA;100;0.010000
576;FAIXA_IDADE__IDADE_40_A_49 + CATEGORIA_FILHOS__SEM_FILHOS + FAIXA_TAXA_REJEICAO__SEM_REJEICAO_PREVIA;FAIXA_RENDA__RENDA_MUITO_ALTA + SITUACAO_FAMILIAR__CASADO_OU_UNIAO_CIVIL + FAIXA_CREDITOS_ATIVOS__UM_A_DOIS_CREDITOS_ATIVOS;3;3;6;0.010000;0.1;1.25;0;1.02;FAIXA_RENDA__RENDA_MUITO_ALTA + FAIXA_IDADE__IDADE_40_A_49 + CATEGORIA_FILHOS__SEM_FILHOS + SITUACAO_FAMILIAR__CASADO_OU_UNIAO_CIVIL + FAIXA_CREDITOS_ATIVOS__UM_A_DOIS_CREDITOS_ATIVOS + FAIXA_TAXA_REJEICAO__SEM_REJEICAO_PREVIA;100;0.010000
577;FAIXA_RENDA__RENDA_MEDIA + POSSE_CARRO__COM_CARRO + SITUACAO_FAMILIAR__CASADO_OU_UNIAO_CIVIL;FAIXA_IDADE__IDADE_30_A_39 + FAIXA_TAXA_REJEICAO__SEM_REJEICAO_PREVIA;3;2;5;0.010000;0.22;1.25;0;1.05;FAIXA_RENDA__RENDA_MEDIA + FAIXA_IDADE__IDADE_30_A_39 + POSSE_CARRO__COM_CARRO + SITUACAO_FAMILIAR__CASADO_OU_UNIAO_CIVIL + FAIXA_TAXA_REJEICAO__SEM_REJEICAO_PREVIA;100;0.010000
578;FAIXA_IDADE__IDADE_30_A_39 + FAIXA_TAXA_REJEICAO__SEM_REJEICAO_PREVIA;FAIXA_RENDA__RENDA_MEDIA + POSSE_CARRO__COM_CARRO + SITUACAO_FAMILIAR__CASADO_OU_UNIAO_CIVIL;2;3;5;0.010000;0.06;1.25;0;1.01;FAIXA_RENDA__RENDA_MEDIA + FAIXA_IDADE__IDADE_30_A_39 + POSSE_CARRO__COM_CARRO + SITUACAO_FAMILIAR__CASADO_OU_UNIAO_CIVIL + FAIXA_TAXA_REJEICAO__SEM_REJEICAO_PREVIA;100;0.010000
579;POSSE_CARRO__SEM_CARRO + SITUACAO_FAMILIAR__CASADO_OU_UNIAO_CIVIL;FAIXA_CREDITO__CREDITO_BAIXO + FAIXA_RENDA__RENDA_BAIXA + FAIXA_IDADE__IDADE_40_A_49 + FAIXA_TAXA_REJEICAO__SEM_REJEICAO_PREVIA;2;4;6;0.010000;0.02;1.25;0;1;FAIXA_CREDITO__CREDITO_BAIXO + FAIXA_RENDA__RENDA_BAIXA + FAIXA_IDADE__IDADE_40_A_49 + POSSE_CARRO__SEM_CARRO + SITUACAO_FAMILIAR__CASADO_OU_UNIAO_CIVIL + FAIXA_TAXA_REJEICAO__SEM_REJEICAO_PREVIA;100;0.010000
580;FAIXA_CREDITO__CREDITO_BAIXO + FAIXA_RENDA__RENDA_BAIXA + FAIXA_IDADE__IDADE_40_A_49 + FAIXA_TAXA_REJEICAO__SEM_REJEICAO_PREVIA;POSSE_CARRO__SEM_CARRO + SITUACAO_FAMILIAR__CASADO_OU_UNIAO_CIVIL;4;2;6;0.010000;0.56;1.25;0;1.24;FAIXA_CREDITO__CREDITO_BAIXO + FAIXA_RENDA__RENDA_BAIXA + FAIXA_IDADE__IDADE_40_A_49 + POSSE_CARRO__SEM_CARRO + SITUACAO_FAMILIAR__CASADO_OU_UNIAO_CIVIL + FAIXA_TAXA_REJEICAO__SEM_REJEICAO_PREVIA;100;0.010000
581;FAIXA_CREDITO__CREDITO_MEDIO + FAIXA_IDADE__IDADE_50_A_59 + POSSE_CARRO__SEM_CARRO;CATEGORIA_FILHOS__SEM_FILHOS + FAIXA_CREDITOS_ATIVOS__UM_A_DOIS_CREDITOS_ATIVOS + FAIXA_TAXA_REJEICAO__SEM_REJEICAO_PREVIA;3;3;6;0.010000;0.26;1.25;0;1.07;FAIXA_CREDITO__CREDITO_MEDIO + FAIXA_IDADE__IDADE_50_A_59 + CATEGORIA_FILHOS__SEM_FILHOS + POSSE_CARRO__SEM_CARRO + FAIXA_CREDITOS_ATIVOS__UM_A_DOIS_CREDITOS_ATIVOS + FAIXA_TAXA_REJEICAO__SEM_REJEICAO_PREVIA;100;0.010000
582;CATEGORIA_FILHOS__SEM_FILHOS + FAIXA_CREDITOS_ATIVOS__UM_A_DOIS_CREDITOS_ATIVOS + FAIXA_TAXA_REJEICAO__SEM_REJEICAO_PREVIA;FAIXA_CREDITO__CREDITO_MEDIO + FAIXA_IDADE__IDADE_50_A_59 + POSSE_CARRO__SEM_CARRO;3;3;6;0.010000;0.05;1.25;0;1.01;FAIXA_CREDITO__CREDITO_MEDIO + FAIXA_IDADE__IDADE_50_A_59 + CATEGORIA_FILHOS__SEM_FILHOS + POSSE_CARRO__SEM_CARRO + FAIXA_CREDITOS_ATIVOS__UM_A_DOIS_CREDITOS_ATIVOS + FAIXA_TAXA_REJEICAO__SEM_REJEICAO_PREVIA;100;0.010000
583;FAIXA_IDADE__IDADE_30_A_39 + SITUACAO_FAMILIAR__CASADO_OU_UNIAO_CIVIL;FAIXA_RENDA__RENDA_MEDIA + POSSE_CARRO__COM_CARRO + FAIXA_TAXA_REJEICAO__SEM_REJEICAO_PREVIA;2;3;5;0.010000;0.05;1.25;0;1.01;FAIXA_RENDA__RENDA_MEDIA + FAIXA_IDADE__IDADE_30_A_39 + POSSE_CARRO__COM_CARRO + SITUACAO_FAMILIAR__CASADO_OU_UNIAO_CIVIL + FAIXA_TAXA_REJEICAO__SEM_REJEICAO_PREVIA;100;0.010000
584;FAIXA_RENDA__RENDA_MEDIA + POSSE_CARRO__COM_CARRO + FAIXA_TAXA_REJEICAO__SEM_REJEICAO_PREVIA;FAIXA_IDADE__IDADE_30_A_39 + SITUACAO_FAMILIAR__CASADO_OU_UNIAO_CIVIL;3;2;5;0.010000;0.26;1.25;0;1.07;FAIXA_RENDA__RENDA_MEDIA + FAIXA_IDADE__IDADE_30_A_39 + POSSE_CARRO__COM_CARRO + SITUACAO_FAMILIAR__CASADO_OU_UNIAO_CIVIL + FAIXA_TAXA_REJEICAO__SEM_REJEICAO_PREVIA;100;0.010000
585;FAIXA_CREDITO__CREDITO_MEDIO + SITUACAO_FAMILIAR__CASADO_OU_UNIAO_CIVIL + FAIXA_CREDITOS_ATIVOS__UM_A_DOIS_CREDITOS_ATIVOS;CATEGORIA_FILHOS__DOIS_OU_MAIS_FILHOS;3;1;4;0.010000;0.13;1.24;0;1.03;FAIXA_CREDITO__CREDITO_MEDIO + CATEGORIA_FILHOS__DOIS_OU_MAIS_FILHOS + SITUACAO_FAMILIAR__CASADO_OU_UNIAO_CIVIL + FAIXA_CREDITOS_ATIVOS__UM_A_DOIS_CREDITOS_ATIVOS;100;0.010000
586;CATEGORIA_FILHOS__DOIS_OU_MAIS_FILHOS;FAIXA_CREDITO__CREDITO_MEDIO + SITUACAO_FAMILIAR__CASADO_OU_UNIAO_CIVIL + FAIXA_CREDITOS_ATIVOS__UM_A_DOIS_CREDITOS_ATIVOS;1;3;4;0.010000;0.1;1.24;0;1.02;FAIXA_CREDITO__CREDITO_MEDIO + CATEGORIA_FILHOS__DOIS_OU_MAIS_FILHOS + SITUACAO_FAMILIAR__CASADO_OU_UNIAO_CIVIL + FAIXA_CREDITOS_ATIVOS__UM_A_DOIS_CREDITOS_ATIVOS;100;0.010000
587;POSSE_CARRO__SEM_CARRO;FAIXA_RENDA__RENDA_BAIXA + FAIXA_IDADE__IDADE_60_OU_MAIS + CATEGORIA_FILHOS__SEM_FILHOS + SITUACAO_FAMILIAR__CASADO_OU_UNIAO_CIVIL + FAIXA_CREDITOS_ATIVOS__UM_A_DOIS_CREDITOS_ATIVOS + FAIXA_TAXA_REJEICAO__SEM_REJEICAO_PREVIA;1;6;7;0.010000;0.02;1.24;0;1;FAIXA_RENDA__RENDA_BAIXA + FAIXA_IDADE__IDADE_60_OU_MAIS + CATEGORIA_FILHOS__SEM_FILHOS + POSSE_CARRO__SEM_CARRO + SITUACAO_FAMILIAR__CASADO_OU_UNIAO_CIVIL + FAIXA_CREDITOS_ATIVOS__UM_A_DOIS_CREDITOS_ATIVOS + FAIXA_TAXA_REJEICAO__SEM_REJEICAO_PREVIA;100;0.010000
588;FAIXA_RENDA__RENDA_BAIXA + FAIXA_IDADE__IDADE_60_OU_MAIS + CATEGORIA_FILHOS__SEM_FILHOS + SITUACAO_FAMILIAR__CASADO_OU_UNIAO_CIVIL + FAIXA_CREDITOS_ATIVOS__UM_A_DOIS_CREDITOS_ATIVOS + FAIXA_TAXA_REJEICAO__SEM_REJEICAO_PREVIA;POSSE_CARRO__SEM_CARRO;6;1;7;0.010000;0.82;1.24;0;1.8;FAIXA_RENDA__RENDA_BAIXA + FAIXA_IDADE__IDADE_60_OU_MAIS + CATEGORIA_FILHOS__SEM_FILHOS + POSSE_CARRO__SEM_CARRO + SITUACAO_FAMILIAR__CASADO_OU_UNIAO_CIVIL + FAIXA_CREDITOS_ATIVOS__UM_A_DOIS_CREDITOS_ATIVOS + FAIXA_TAXA_REJEICAO__SEM_REJEICAO_PREVIA;100;0.010000
591;FAIXA_RENDA__RENDA_MEDIA + FAIXA_IDADE__IDADE_50_A_59;POSSE_CARRO__SEM_CARRO + FAIXA_CREDITOS_ATIVOS__UM_A_DOIS_CREDITOS_ATIVOS + FAIXA_TAXA_REJEICAO__SEM_REJEICAO_PREVIA;2;3;5;0.010000;0.25;1.24;0;1.06;FAIXA_RENDA__RENDA_MEDIA + FAIXA_IDADE__IDADE_50_A_59 + POSSE_CARRO__SEM_CARRO + FAIXA_CREDITOS_ATIVOS__UM_A_DOIS_CREDITOS_ATIVOS + FAIXA_TAXA_REJEICAO__SEM_REJEICAO_PREVIA;100;0.010000
592;POSSE_CARRO__SEM_CARRO + FAIXA_CREDITOS_ATIVOS__UM_A_DOIS_CREDITOS_ATIVOS + FAIXA_TAXA_REJEICAO__SEM_REJEICAO_PREVIA;FAIXA_RENDA__RENDA_MEDIA + FAIXA_IDADE__IDADE_50_A_59;3;2;5;0.010000;0.05;1.24;0;1.01;FAIXA_RENDA__RENDA_MEDIA + FAIXA_IDADE__IDADE_50_A_59 + POSSE_CARRO__SEM_CARRO + FAIXA_CREDITOS_ATIVOS__UM_A_DOIS_CREDITOS_ATIVOS + FAIXA_TAXA_REJEICAO__SEM_REJEICAO_PREVIA;100;0.010000
593;FAIXA_IDADE__IDADE_50_A_59 + CATEGORIA_FILHOS__SEM_FILHOS;POSSE_CARRO__SEM_CARRO + FAIXA_CREDITOS_ATIVOS__TRES_OU_MAIS_CREDITOS_ATIVOS + FAIXA_TAXA_REJEICAO__REJEICAO_PREVIA_ACIMA_25_PCT;2;3;5;0.010000;0.05;1.24;0;1.01;FAIXA_IDADE__IDADE_50_A_59 + CATEGORIA_FILHOS__SEM_FILHOS + POSSE_CARRO__SEM_CARRO + FAIXA_CREDITOS_ATIVOS__TRES_OU_MAIS_CREDITOS_ATIVOS + FAIXA_TAXA_REJEICAO__REJEICAO_PREVIA_ACIMA_25_PCT;100;0.010000
594;POSSE_CARRO__SEM_CARRO + FAIXA_CREDITOS_ATIVOS__TRES_OU_MAIS_CREDITOS_ATIVOS + FAIXA_TAXA_REJEICAO__REJEICAO_PREVIA_ACIMA_25_PCT;FAIXA_IDADE__IDADE_50_A_59 + CATEGORIA_FILHOS__SEM_FILHOS;3;2;5;0.010000;0.25;1.24;0;1.06;FAIXA_IDADE__IDADE_50_A_59 + CATEGORIA_FILHOS__SEM_FILHOS + POSSE_CARRO__SEM_CARRO + FAIXA_CREDITOS_ATIVOS__TRES_OU_MAIS_CREDITOS_ATIVOS + FAIXA_TAXA_REJEICAO__REJEICAO_PREVIA_ACIMA_25_PCT;100;0.010000
595;FAIXA_CREDITO__CREDITO_ALTO + CATEGORIA_FILHOS__UM_FILHO;FAIXA_RENDA__RENDA_ALTA + FAIXA_TAXA_REJEICAO__SEM_REJEICAO_PREVIA;2;2;4;0.010000;0.21;1.24;0;1.05;FAIXA_CREDITO__CREDITO_ALTO + FAIXA_RENDA__RENDA_ALTA + CATEGORIA_FILHOS__UM_FILHO + FAIXA_TAXA_REJEICAO__SEM_REJEICAO_PREVIA;100;0.010000
596;FAIXA_RENDA__RENDA_ALTA + FAIXA_TAXA_REJEICAO__SEM_REJEICAO_PREVIA;FAIXA_CREDITO__CREDITO_ALTO + CATEGORIA_FILHOS__UM_FILHO;2;2;4;0.010000;0.06;1.24;0;1.01;FAIXA_CREDITO__CREDITO_ALTO + FAIXA_RENDA__RENDA_ALTA + CATEGORIA_FILHOS__UM_FILHO + FAIXA_TAXA_REJEICAO__SEM_REJEICAO_PREVIA;100;0.010000
597;FAIXA_IDADE__IDADE_50_A_59 + POSSE_CARRO__SEM_CARRO + FAIXA_TAXA_REJEICAO__SEM_REJEICAO_PREVIA;FAIXA_RENDA__RENDA_MEDIA + FAIXA_CREDITOS_ATIVOS__UM_A_DOIS_CREDITOS_ATIVOS;3;2;5;0.010000;0.1;1.23;0;1.02;FAIXA_RENDA__RENDA_MEDIA + FAIXA_IDADE__IDADE_50_A_59 + POSSE_CARRO__SEM_CARRO + FAIXA_CREDITOS_ATIVOS__UM_A_DOIS_CREDITOS_ATIVOS + FAIXA_TAXA_REJEICAO__SEM_REJEICAO_PREVIA;100;0.010000
598;FAIXA_RENDA__RENDA_MEDIA + FAIXA_CREDITOS_ATIVOS__UM_A_DOIS_CREDITOS_ATIVOS;FAIXA_IDADE__IDADE_50_A_59 + POSSE_CARRO__SEM_CARRO + FAIXA_TAXA_REJEICAO__SEM_REJEICAO_PREVIA;2;3;5;0.010000;0.13;1.23;0;1.03;FAIXA_RENDA__RENDA_MEDIA + FAIXA_IDADE__IDADE_50_A_59 + POSSE_CARRO__SEM_CARRO + FAIXA_CREDITOS_ATIVOS__UM_A_DOIS_CREDITOS_ATIVOS + FAIXA_TAXA_REJEICAO__SEM_REJEICAO_PREVIA;100;0.010000
599;POSSE_CARRO__SEM_CARRO;FAIXA_RENDA__RENDA_BAIXA + FAIXA_IDADE__IDADE_21_A_29 + FAIXA_CREDITOS_ATIVOS__UM_A_DOIS_CREDITOS_ATIVOS + FAIXA_TAXA_REJEICAO__SEM_REJEICAO_PREVIA;1;4;5;0.010000;0.02;1.23;0;1;FAIXA_RENDA__RENDA_BAIXA + FAIXA_IDADE__IDADE_21_A_29 + POSSE_CARRO__SEM_CARRO + FAIXA_CREDITOS_ATIVOS__UM_A_DOIS_CREDITOS_ATIVOS + FAIXA_TAXA_REJEICAO__SEM_REJEICAO_PREVIA;100;0.010000
600;FAIXA_RENDA__RENDA_BAIXA + FAIXA_IDADE__IDADE_21_A_29 + FAIXA_CREDITOS_ATIVOS__UM_A_DOIS_CREDITOS_ATIVOS + FAIXA_TAXA_REJEICAO__SEM_REJEICAO_PREVIA;POSSE_CARRO__SEM_CARRO;4;1;5;0.010000;0.81;1.23;0;1.74;FAIXA_RENDA__RENDA_BAIXA + FAIXA_IDADE__IDADE_21_A_29 + POSSE_CARRO__SEM_CARRO + FAIXA_CREDITOS_ATIVOS__UM_A_DOIS_CREDITOS_ATIVOS + FAIXA_TAXA_REJEICAO__SEM_REJEICAO_PREVIA;100;0.010000
601;FAIXA_CREDITO__CREDITO_MEDIO + FAIXA_IDADE__IDADE_50_A_59 + CATEGORIA_FILHOS__SEM_FILHOS;POSSE_CARRO__SEM_CARRO + FAIXA_CREDITOS_ATIVOS__TRES_OU_MAIS_CREDITOS_ATIVOS;3;2;5;0.010000;0.21;1.23;0;1.05;FAIXA_CREDITO__CREDITO_MEDIO + FAIXA_IDADE__IDADE_50_A_59 + CATEGORIA_FILHOS__SEM_FILHOS + POSSE_CARRO__SEM_CARRO + FAIXA_CREDITOS_ATIVOS__TRES_OU_MAIS_CREDITOS_ATIVOS;100;0.010000
602;POSSE_CARRO__SEM_CARRO + FAIXA_CREDITOS_ATIVOS__TRES_OU_MAIS_CREDITOS_ATIVOS;FAIXA_CREDITO__CREDITO_MEDIO + FAIXA_IDADE__IDADE_50_A_59 + CATEGORIA_FILHOS__SEM_FILHOS;2;3;5;0.010000;0.06;1.23;0;1.01;FAIXA_CREDITO__CREDITO_MEDIO + FAIXA_IDADE__IDADE_50_A_59 + CATEGORIA_FILHOS__SEM_FILHOS + POSSE_CARRO__SEM_CARRO + FAIXA_CREDITOS_ATIVOS__TRES_OU_MAIS_CREDITOS_ATIVOS;100;0.010000
603;FAIXA_RENDA__RENDA_BAIXA + POSSE_CARRO__COM_CARRO + SITUACAO_FAMILIAR__CASADO_OU_UNIAO_CIVIL;CATEGORIA_FILHOS__UM_FILHO + FAIXA_TAXA_REJEICAO__SEM_REJEICAO_PREVIA;3;2;5;0.010000;0.17;1.23;0;1.04;FAIXA_RENDA__RENDA_BAIXA + CATEGORIA_FILHOS__UM_FILHO + POSSE_CARRO__COM_CARRO + SITUACAO_FAMILIAR__CASADO_OU_UNIAO_CIVIL + FAIXA_TAXA_REJEICAO__SEM_REJEICAO_PREVIA;100;0.010000
604;CATEGORIA_FILHOS__UM_FILHO + FAIXA_TAXA_REJEICAO__SEM_REJEICAO_PREVIA;FAIXA_RENDA__RENDA_BAIXA + POSSE_CARRO__COM_CARRO + SITUACAO_FAMILIAR__CASADO_OU_UNIAO_CIVIL;2;3;5;0.010000;0.07;1.23;0;1.01;FAIXA_RENDA__RENDA_BAIXA + CATEGORIA_FILHOS__UM_FILHO + POSSE_CARRO__COM_CARRO + SITUACAO_FAMILIAR__CASADO_OU_UNIAO_CIVIL + FAIXA_TAXA_REJEICAO__SEM_REJEICAO_PREVIA;100;0.010000
605;FAIXA_RENDA__RENDA_BAIXA + CATEGORIA_FILHOS__UM_FILHO + POSSE_CARRO__COM_CARRO;SITUACAO_FAMILIAR__CASADO_OU_UNIAO_CIVIL + FAIXA_TAXA_REJEICAO__SEM_REJEICAO_PREVIA;3;2;5;0.010000;0.61;1.23;0;1.26;FAIXA_RENDA__RENDA_BAIXA + CATEGORIA_FILHOS__UM_FILHO + POSSE_CARRO__COM_CARRO + SITUACAO_FAMILIAR__CASADO_OU_UNIAO_CIVIL + FAIXA_TAXA_REJEICAO__SEM_REJEICAO_PREVIA;100;0.010000
606;SITUACAO_FAMILIAR__CASADO_OU_UNIAO_CIVIL + FAIXA_TAXA_REJEICAO__SEM_REJEICAO_PREVIA;FAIXA_RENDA__RENDA_BAIXA + CATEGORIA_FILHOS__UM_FILHO + POSSE_CARRO__COM_CARRO;2;3;5;0.010000;0.02;1.23;0;1;FAIXA_RENDA__RENDA_BAIXA + CATEGORIA_FILHOS__UM_FILHO + POSSE_CARRO__COM_CARRO + SITUACAO_FAMILIAR__CASADO_OU_UNIAO_CIVIL + FAIXA_TAXA_REJEICAO__SEM_REJEICAO_PREVIA;100;0.010000
607;FAIXA_IDADE__IDADE_50_A_59;FAIXA_CREDITO__CREDITO_MEDIO + CATEGORIA_FILHOS__SEM_FILHOS + POSSE_CARRO__SEM_CARRO + FAIXA_CREDITOS_ATIVOS__UM_A_DOIS_CREDITOS_ATIVOS + FAIXA_TAXA_REJEICAO__SEM_REJEICAO_PREVIA;1;5;6;0.010000;0.05;1.22;0;1.01;FAIXA_CREDITO__CREDITO_MEDIO + FAIXA_IDADE__IDADE_50_A_59 + CATEGORIA_FILHOS__SEM_FILHOS + POSSE_CARRO__SEM_CARRO + FAIXA_CREDITOS_ATIVOS__UM_A_DOIS_CREDITOS_ATIVOS + FAIXA_TAXA_REJEICAO__SEM_REJEICAO_PREVIA;100;0.010000
608;FAIXA_CREDITO__CREDITO_MEDIO + CATEGORIA_FILHOS__SEM_FILHOS + POSSE_CARRO__SEM_CARRO + FAIXA_CREDITOS_ATIVOS__UM_A_DOIS_CREDITOS_ATIVOS + FAIXA_TAXA_REJEICAO__SEM_REJEICAO_PREVIA;FAIXA_IDADE__IDADE_50_A_59;5;1;6;0.010000;0.27;1.22;0;1.06;FAIXA_CREDITO__CREDITO_MEDIO + FAIXA_IDADE__IDADE_50_A_59 + CATEGORIA_FILHOS__SEM_FILHOS + POSSE_CARRO__SEM_CARRO + FAIXA_CREDITOS_ATIVOS__UM_A_DOIS_CREDITOS_ATIVOS + FAIXA_TAXA_REJEICAO__SEM_REJEICAO_PREVIA;100;0.010000
609;FAIXA_RENDA__RENDA_BAIXA + FAIXA_IDADE__IDADE_21_A_29;POSSE_CARRO__SEM_CARRO + SITUACAO_FAMILIAR__CASADO_OU_UNIAO_CIVIL + FAIXA_CREDITOS_ATIVOS__UM_A_DOIS_CREDITOS_ATIVOS;2;3;5;0.010000;0.24;1.22;0;1.05;FAIXA_RENDA__RENDA_BAIXA + FAIXA_IDADE__IDADE_21_A_29 + POSSE_CARRO__SEM_CARRO + SITUACAO_FAMILIAR__CASADO_OU_UNIAO_CIVIL + FAIXA_CREDITOS_ATIVOS__UM_A_DOIS_CREDITOS_ATIVOS;100;0.010000
610;POSSE_CARRO__SEM_CARRO + SITUACAO_FAMILIAR__CASADO_OU_UNIAO_CIVIL + FAIXA_CREDITOS_ATIVOS__UM_A_DOIS_CREDITOS_ATIVOS;FAIXA_RENDA__RENDA_BAIXA + FAIXA_IDADE__IDADE_21_A_29;3;2;5;0.010000;0.05;1.22;0;1.01;FAIXA_RENDA__RENDA_BAIXA + FAIXA_IDADE__IDADE_21_A_29 + POSSE_CARRO__SEM_CARRO + SITUACAO_FAMILIAR__CASADO_OU_UNIAO_CIVIL + FAIXA_CREDITOS_ATIVOS__UM_A_DOIS_CREDITOS_ATIVOS;100;0.010000
611;FAIXA_RENDA__RENDA_MUITO_ALTA + SITUACAO_FAMILIAR__CASADO_OU_UNIAO_CIVIL;FAIXA_IDADE__IDADE_40_A_49 + CATEGORIA_FILHOS__SEM_FILHOS + FAIXA_CREDITOS_ATIVOS__UM_A_DOIS_CREDITOS_ATIVOS + FAIXA_TAXA_REJEICAO__SEM_REJEICAO_PREVIA;2;4;6;0.010000;0.06;1.22;0;1.01;FAIXA_RENDA__RENDA_MUITO_ALTA + FAIXA_IDADE__IDADE_40_A_49 + CATEGORIA_FILHOS__SEM_FILHOS + SITUACAO_FAMILIAR__CASADO_OU_UNIAO_CIVIL + FAIXA_CREDITOS_ATIVOS__UM_A_DOIS_CREDITOS_ATIVOS + FAIXA_TAXA_REJEICAO__SEM_REJEICAO_PREVIA;100;0.010000
612;FAIXA_IDADE__IDADE_40_A_49 + CATEGORIA_FILHOS__SEM_FILHOS + FAIXA_CREDITOS_ATIVOS__UM_A_DOIS_CREDITOS_ATIVOS + FAIXA_TAXA_REJEICAO__SEM_REJEICAO_PREVIA;FAIXA_RENDA__RENDA_MUITO_ALTA + SITUACAO_FAMILIAR__CASADO_OU_UNIAO_CIVIL;4;2;6;0.010000;0.22;1.22;0;1.05;FAIXA_RENDA__RENDA_MUITO_ALTA + FAIXA_IDADE__IDADE_40_A_49 + CATEGORIA_FILHOS__SEM_FILHOS + SITUACAO_FAMILIAR__CASADO_OU_UNIAO_CIVIL + FAIXA_CREDITOS_ATIVOS__UM_A_DOIS_CREDITOS_ATIVOS + FAIXA_TAXA_REJEICAO__SEM_REJEICAO_PREVIA;100;0.010000
613;SITUACAO_FAMILIAR__CASADO_OU_UNIAO_CIVIL;FAIXA_CREDITO__CREDITO_MEDIO + CATEGORIA_FILHOS__DOIS_OU_MAIS_FILHOS + FAIXA_CREDITOS_ATIVOS__UM_A_DOIS_CREDITOS_ATIVOS;1;3;4;0.010000;0.01;1.22;0;1;FAIXA_CREDITO__CREDITO_MEDIO + CATEGORIA_FILHOS__DOIS_OU_MAIS_FILHOS + SITUACAO_FAMILIAR__CASADO_OU_UNIAO_CIVIL + FAIXA_CREDITOS_ATIVOS__UM_A_DOIS_CREDITOS_ATIVOS;100;0.010000
614;FAIXA_CREDITO__CREDITO_MEDIO + CATEGORIA_FILHOS__DOIS_OU_MAIS_FILHOS + FAIXA_CREDITOS_ATIVOS__UM_A_DOIS_CREDITOS_ATIVOS;SITUACAO_FAMILIAR__CASADO_OU_UNIAO_CIVIL;3;1;4;0.010000;0.89;1.22;0;2.32;FAIXA_CREDITO__CREDITO_MEDIO + CATEGORIA_FILHOS__DOIS_OU_MAIS_FILHOS + SITUACAO_FAMILIAR__CASADO_OU_UNIAO_CIVIL + FAIXA_CREDITOS_ATIVOS__UM_A_DOIS_CREDITOS_ATIVOS;100;0.010000
615;FAIXA_CREDITO__CREDITO_ALTO + FAIXA_IDADE__IDADE_50_A_59;CATEGORIA_FILHOS__SEM_FILHOS + SITUACAO_FAMILIAR__CASADO_OU_UNIAO_CIVIL + FAIXA_CREDITOS_ATIVOS__SEM_CREDITOS_ATIVOS;2;3;5;0.010000;0.17;1.22;0;1.03;FAIXA_CREDITO__CREDITO_ALTO + FAIXA_IDADE__IDADE_50_A_59 + CATEGORIA_FILHOS__SEM_FILHOS + SITUACAO_FAMILIAR__CASADO_OU_UNIAO_CIVIL + FAIXA_CREDITOS_ATIVOS__SEM_CREDITOS_ATIVOS;100;0.010000
616;CATEGORIA_FILHOS__SEM_FILHOS + SITUACAO_FAMILIAR__CASADO_OU_UNIAO_CIVIL + FAIXA_CREDITOS_ATIVOS__SEM_CREDITOS_ATIVOS;FAIXA_CREDITO__CREDITO_ALTO + FAIXA_IDADE__IDADE_50_A_59;3;2;5;0.010000;0.07;1.22;0;1.01;FAIXA_CREDITO__CREDITO_ALTO + FAIXA_IDADE__IDADE_50_A_59 + CATEGORIA_FILHOS__SEM_FILHOS + SITUACAO_FAMILIAR__CASADO_OU_UNIAO_CIVIL + FAIXA_CREDITOS_ATIVOS__SEM_CREDITOS_ATIVOS;100;0.010000
617;FAIXA_RENDA__RENDA_ALTA + FAIXA_IDADE__IDADE_50_A_59 + CATEGORIA_FILHOS__SEM_FILHOS;FAIXA_CREDITO__CREDITO_ALTO + POSSE_CARRO__SEM_CARRO;3;2;5;0.010000;0.2;1.22;0;1.04;FAIXA_CREDITO__CREDITO_ALTO + FAIXA_RENDA__RENDA_ALTA + FAIXA_IDADE__IDADE_50_A_59 + CATEGORIA_FILHOS__SEM_FILHOS + POSSE_CARRO__SEM_CARRO;100;0.010000
618;FAIXA_CREDITO__CREDITO_ALTO + POSSE_CARRO__SEM_CARRO;FAIXA_RENDA__RENDA_ALTA + FAIXA_IDADE__IDADE_50_A_59 + CATEGORIA_FILHOS__SEM_FILHOS;2;3;5;0.010000;0.06;1.22;0;1.01;FAIXA_CREDITO__CREDITO_ALTO + FAIXA_RENDA__RENDA_ALTA + FAIXA_IDADE__IDADE_50_A_59 + CATEGORIA_FILHOS__SEM_FILHOS + POSSE_CARRO__SEM_CARRO;100;0.010000
619;FAIXA_RENDA__RENDA_MUITO_ALTA + FAIXA_TAXA_REJEICAO__SEM_REJEICAO_PREVIA;FAIXA_IDADE__IDADE_40_A_49 + CATEGORIA_FILHOS__SEM_FILHOS + SITUACAO_FAMILIAR__CASADO_OU_UNIAO_CIVIL + FAIXA_CREDITOS_ATIVOS__UM_A_DOIS_CREDITOS_ATIVOS;2;4;6;0.010000;0.07;1.22;0;1.01;FAIXA_RENDA__RENDA_MUITO_ALTA + FAIXA_IDADE__IDADE_40_A_49 + CATEGORIA_FILHOS__SEM_FILHOS + SITUACAO_FAMILIAR__CASADO_OU_UNIAO_CIVIL + FAIXA_CREDITOS_ATIVOS__UM_A_DOIS_CREDITOS_ATIVOS + FAIXA_TAXA_REJEICAO__SEM_REJEICAO_PREVIA;100;0.010000
620;FAIXA_IDADE__IDADE_40_A_49 + CATEGORIA_FILHOS__SEM_FILHOS + SITUACAO_FAMILIAR__CASADO_OU_UNIAO_CIVIL + FAIXA_CREDITOS_ATIVOS__UM_A_DOIS_CREDITOS_ATIVOS;FAIXA_RENDA__RENDA_MUITO_ALTA + FAIXA_TAXA_REJEICAO__SEM_REJEICAO_PREVIA;4;2;6;0.010000;0.19;1.22;0;1.04;FAIXA_RENDA__RENDA_MUITO_ALTA + FAIXA_IDADE__IDADE_40_A_49 + CATEGORIA_FILHOS__SEM_FILHOS + SITUACAO_FAMILIAR__CASADO_OU_UNIAO_CIVIL + FAIXA_CREDITOS_ATIVOS__UM_A_DOIS_CREDITOS_ATIVOS + FAIXA_TAXA_REJEICAO__SEM_REJEICAO_PREVIA;100;0.010000
621;FAIXA_IDADE__IDADE_50_A_59;FAIXA_RENDA__RENDA_MEDIA + POSSE_CARRO__SEM_CARRO + FAIXA_CREDITOS_ATIVOS__UM_A_DOIS_CREDITOS_ATIVOS + FAIXA_TAXA_REJEICAO__SEM_REJEICAO_PREVIA;1;4;5;0.010000;0.05;1.22;0;1.01;FAIXA_RENDA__RENDA_MEDIA + FAIXA_IDADE__IDADE_50_A_59 + POSSE_CARRO__SEM_CARRO + FAIXA_CREDITOS_ATIVOS__UM_A_DOIS_CREDITOS_ATIVOS + FAIXA_TAXA_REJEICAO__SEM_REJEICAO_PREVIA;100;0.010000
622;FAIXA_RENDA__RENDA_MEDIA + POSSE_CARRO__SEM_CARRO + FAIXA_CREDITOS_ATIVOS__UM_A_DOIS_CREDITOS_ATIVOS + FAIXA_TAXA_REJEICAO__SEM_REJEICAO_PREVIA;FAIXA_IDADE__IDADE_50_A_59;4;1;5;0.010000;0.27;1.22;0;1.06;FAIXA_RENDA__RENDA_MEDIA + FAIXA_IDADE__IDADE_50_A_59 + POSSE_CARRO__SEM_CARRO + FAIXA_CREDITOS_ATIVOS__UM_A_DOIS_CREDITOS_ATIVOS + FAIXA_TAXA_REJEICAO__SEM_REJEICAO_PREVIA;100;0.010000
623;FAIXA_CREDITO__CREDITO_MEDIO + FAIXA_RENDA__RENDA_BAIXA + FAIXA_IDADE__IDADE_21_A_29;POSSE_CARRO__SEM_CARRO;3;1;4;0.010000;0.81;1.22;0;1.68;FAIXA_CREDITO__CREDITO_MEDIO + FAIXA_RENDA__RENDA_BAIXA + FAIXA_IDADE__IDADE_21_A_29 + POSSE_CARRO__SEM_CARRO;100;0.010000
624;POSSE_CARRO__SEM_CARRO;FAIXA_CREDITO__CREDITO_MEDIO + FAIXA_RENDA__RENDA_BAIXA + FAIXA_IDADE__IDADE_21_A_29;1;3;4;0.010000;0.02;1.22;0;1;FAIXA_CREDITO__CREDITO_MEDIO + FAIXA_RENDA__RENDA_BAIXA + FAIXA_IDADE__IDADE_21_A_29 + POSSE_CARRO__SEM_CARRO;100;0.010000
627;FAIXA_CREDITO__CREDITO_MEDIO + POSSE_CARRO__COM_CARRO;FAIXA_RENDA__RENDA_MUITO_ALTA + FAIXA_CREDITOS_ATIVOS__UM_A_DOIS_CREDITOS_ATIVOS;2;2;4;0.010000;0.13;1.22;0;1.02;FAIXA_CREDITO__CREDITO_MEDIO + FAIXA_RENDA__RENDA_MUITO_ALTA + POSSE_CARRO__COM_CARRO + FAIXA_CREDITOS_ATIVOS__UM_A_DOIS_CREDITOS_ATIVOS;100;0.010000
628;FAIXA_RENDA__RENDA_MUITO_ALTA + FAIXA_CREDITOS_ATIVOS__UM_A_DOIS_CREDITOS_ATIVOS;FAIXA_CREDITO__CREDITO_MEDIO + POSSE_CARRO__COM_CARRO;2;2;4;0.010000;0.1;1.22;0;1.02;FAIXA_CREDITO__CREDITO_MEDIO + FAIXA_RENDA__RENDA_MUITO_ALTA + POSSE_CARRO__COM_CARRO + FAIXA_CREDITOS_ATIVOS__UM_A_DOIS_CREDITOS_ATIVOS;100;0.010000
629;FAIXA_IDADE__IDADE_50_A_59 + POSSE_CARRO__COM_CARRO;FAIXA_RENDA__RENDA_ALTA + SITUACAO_FAMILIAR__CASADO_OU_UNIAO_CIVIL + FAIXA_TAXA_REJEICAO__SEM_REJEICAO_PREVIA;2;3;5;0.010000;0.16;1.22;0;1.03;FAIXA_RENDA__RENDA_ALTA + FAIXA_IDADE__IDADE_50_A_59 + POSSE_CARRO__COM_CARRO + SITUACAO_FAMILIAR__CASADO_OU_UNIAO_CIVIL + FAIXA_TAXA_REJEICAO__SEM_REJEICAO_PREVIA;100;0.010000
630;FAIXA_RENDA__RENDA_ALTA + SITUACAO_FAMILIAR__CASADO_OU_UNIAO_CIVIL + FAIXA_TAXA_REJEICAO__SEM_REJEICAO_PREVIA;FAIXA_IDADE__IDADE_50_A_59 + POSSE_CARRO__COM_CARRO;3;2;5;0.010000;0.08;1.22;0;1.01;FAIXA_RENDA__RENDA_ALTA + FAIXA_IDADE__IDADE_50_A_59 + POSSE_CARRO__COM_CARRO + SITUACAO_FAMILIAR__CASADO_OU_UNIAO_CIVIL + FAIXA_TAXA_REJEICAO__SEM_REJEICAO_PREVIA;100;0.010000
631;POSSE_CARRO__SEM_CARRO + FAIXA_CREDITOS_ATIVOS__UM_A_DOIS_CREDITOS_ATIVOS;FAIXA_RENDA__RENDA_MEDIA + FAIXA_IDADE__IDADE_50_A_59 + FAIXA_TAXA_REJEICAO__SEM_REJEICAO_PREVIA;2;3;5;0.010000;0.04;1.22;0;1.01;FAIXA_RENDA__RENDA_MEDIA + FAIXA_IDADE__IDADE_50_A_59 + POSSE_CARRO__SEM_CARRO + FAIXA_CREDITOS_ATIVOS__UM_A_DOIS_CREDITOS_ATIVOS + FAIXA_TAXA_REJEICAO__SEM_REJEICAO_PREVIA;100;0.010000
632;FAIXA_RENDA__RENDA_MEDIA + FAIXA_IDADE__IDADE_50_A_59 + FAIXA_TAXA_REJEICAO__SEM_REJEICAO_PREVIA;POSSE_CARRO__SEM_CARRO + FAIXA_CREDITOS_ATIVOS__UM_A_DOIS_CREDITOS_ATIVOS;3;2;5;0.010000;0.35;1.22;0;1.09;FAIXA_RENDA__RENDA_MEDIA + FAIXA_IDADE__IDADE_50_A_59 + POSSE_CARRO__SEM_CARRO + FAIXA_CREDITOS_ATIVOS__UM_A_DOIS_CREDITOS_ATIVOS + FAIXA_TAXA_REJEICAO__SEM_REJEICAO_PREVIA;100;0.010000
633;FAIXA_IDADE__IDADE_50_A_59 + SITUACAO_FAMILIAR__CASADO_OU_UNIAO_CIVIL;FAIXA_CREDITO__CREDITO_ALTO + CATEGORIA_FILHOS__SEM_FILHOS + FAIXA_CREDITOS_ATIVOS__SEM_CREDITOS_ATIVOS;2;3;5;0.010000;0.06;1.22;0;1.01;FAIXA_CREDITO__CREDITO_ALTO + FAIXA_IDADE__IDADE_50_A_59 + CATEGORIA_FILHOS__SEM_FILHOS + SITUACAO_FAMILIAR__CASADO_OU_UNIAO_CIVIL + FAIXA_CREDITOS_ATIVOS__SEM_CREDITOS_ATIVOS;100;0.010000
634;FAIXA_CREDITO__CREDITO_ALTO + CATEGORIA_FILHOS__SEM_FILHOS + FAIXA_CREDITOS_ATIVOS__SEM_CREDITOS_ATIVOS;FAIXA_IDADE__IDADE_50_A_59 + SITUACAO_FAMILIAR__CASADO_OU_UNIAO_CIVIL;3;2;5;0.010000;0.19;1.22;0;1.04;FAIXA_CREDITO__CREDITO_ALTO + FAIXA_IDADE__IDADE_50_A_59 + CATEGORIA_FILHOS__SEM_FILHOS + SITUACAO_FAMILIAR__CASADO_OU_UNIAO_CIVIL + FAIXA_CREDITOS_ATIVOS__SEM_CREDITOS_ATIVOS;100;0.010000
635;FAIXA_RENDA__RENDA_MUITO_ALTA + FAIXA_CREDITOS_ATIVOS__UM_A_DOIS_CREDITOS_ATIVOS;FAIXA_IDADE__IDADE_40_A_49 + CATEGORIA_FILHOS__SEM_FILHOS + SITUACAO_FAMILIAR__CASADO_OU_UNIAO_CIVIL + FAIXA_TAXA_REJEICAO__SEM_REJEICAO_PREVIA;2;4;6;0.010000;0.1;1.22;0;1.02;FAIXA_RENDA__RENDA_MUITO_ALTA + FAIXA_IDADE__IDADE_40_A_49 + CATEGORIA_FILHOS__SEM_FILHOS + SITUACAO_FAMILIAR__CASADO_OU_UNIAO_CIVIL + FAIXA_CREDITOS_ATIVOS__UM_A_DOIS_CREDITOS_ATIVOS + FAIXA_TAXA_REJEICAO__SEM_REJEICAO_PREVIA;100;0.010000
636;FAIXA_IDADE__IDADE_40_A_49 + CATEGORIA_FILHOS__SEM_FILHOS + SITUACAO_FAMILIAR__CASADO_OU_UNIAO_CIVIL + FAIXA_TAXA_REJEICAO__SEM_REJEICAO_PREVIA;FAIXA_RENDA__RENDA_MUITO_ALTA + FAIXA_CREDITOS_ATIVOS__UM_A_DOIS_CREDITOS_ATIVOS;4;2;6;0.010000;0.13;1.22;0;1.02;FAIXA_RENDA__RENDA_MUITO_ALTA + FAIXA_IDADE__IDADE_40_A_49 + CATEGORIA_FILHOS__SEM_FILHOS + SITUACAO_FAMILIAR__CASADO_OU_UNIAO_CIVIL + FAIXA_CREDITOS_ATIVOS__UM_A_DOIS_CREDITOS_ATIVOS + FAIXA_TAXA_REJEICAO__SEM_REJEICAO_PREVIA;100;0.010000
637;FAIXA_CREDITO__CREDITO_MEDIO + POSSE_CARRO__COM_CARRO + FAIXA_CREDITOS_ATIVOS__UM_A_DOIS_CREDITOS_ATIVOS;FAIXA_RENDA__RENDA_MUITO_ALTA;3;1;4;0.010000;0.29;1.21;0;1.07;FAIXA_CREDITO__CREDITO_MEDIO + FAIXA_RENDA__RENDA_MUITO_ALTA + POSSE_CARRO__COM_CARRO + FAIXA_CREDITOS_ATIVOS__UM_A_DOIS_CREDITOS_ATIVOS;100;0.010000
638;FAIXA_RENDA__RENDA_MUITO_ALTA;FAIXA_CREDITO__CREDITO_MEDIO + POSSE_CARRO__COM_CARRO + FAIXA_CREDITOS_ATIVOS__UM_A_DOIS_CREDITOS_ATIVOS;1;3;4;0.010000;0.04;1.21;0;1.01;FAIXA_CREDITO__CREDITO_MEDIO + FAIXA_RENDA__RENDA_MUITO_ALTA + POSSE_CARRO__COM_CARRO + FAIXA_CREDITOS_ATIVOS__UM_A_DOIS_CREDITOS_ATIVOS;100;0.010000
639;FAIXA_RENDA__RENDA_BAIXA + FAIXA_IDADE__IDADE_21_A_29 + FAIXA_TAXA_REJEICAO__SEM_REJEICAO_PREVIA;POSSE_CARRO__SEM_CARRO + FAIXA_CREDITOS_ATIVOS__UM_A_DOIS_CREDITOS_ATIVOS;3;2;5;0.010000;0.34;1.21;0;1.09;FAIXA_RENDA__RENDA_BAIXA + FAIXA_IDADE__IDADE_21_A_29 + POSSE_CARRO__SEM_CARRO + FAIXA_CREDITOS_ATIVOS__UM_A_DOIS_CREDITOS_ATIVOS + FAIXA_TAXA_REJEICAO__SEM_REJEICAO_PREVIA;100;0.010000
640;POSSE_CARRO__SEM_CARRO + FAIXA_CREDITOS_ATIVOS__UM_A_DOIS_CREDITOS_ATIVOS;FAIXA_RENDA__RENDA_BAIXA + FAIXA_IDADE__IDADE_21_A_29 + FAIXA_TAXA_REJEICAO__SEM_REJEICAO_PREVIA;2;3;5;0.010000;0.04;1.21;0;1.01;FAIXA_RENDA__RENDA_BAIXA + FAIXA_IDADE__IDADE_21_A_29 + POSSE_CARRO__SEM_CARRO + FAIXA_CREDITOS_ATIVOS__UM_A_DOIS_CREDITOS_ATIVOS + FAIXA_TAXA_REJEICAO__SEM_REJEICAO_PREVIA;100;0.010000
641;FAIXA_CREDITO__CREDITO_ALTO + FAIXA_CREDITOS_ATIVOS__UM_A_DOIS_CREDITOS_ATIVOS;FAIXA_RENDA__RENDA_MUITO_ALTA + POSSE_CARRO__SEM_CARRO + FAIXA_TAXA_REJEICAO__SEM_REJEICAO_PREVIA;2;3;5;0.010000;0.09;1.21;0;1.02;FAIXA_CREDITO__CREDITO_ALTO + FAIXA_RENDA__RENDA_MUITO_ALTA + POSSE_CARRO__SEM_CARRO + FAIXA_CREDITOS_ATIVOS__UM_A_DOIS_CREDITOS_ATIVOS + FAIXA_TAXA_REJEICAO__SEM_REJEICAO_PREVIA;100;0.010000
642;FAIXA_RENDA__RENDA_MUITO_ALTA + POSSE_CARRO__SEM_CARRO + FAIXA_TAXA_REJEICAO__SEM_REJEICAO_PREVIA;FAIXA_CREDITO__CREDITO_ALTO + FAIXA_CREDITOS_ATIVOS__UM_A_DOIS_CREDITOS_ATIVOS;3;2;5;0.010000;0.13;1.21;0;1.02;FAIXA_CREDITO__CREDITO_ALTO + FAIXA_RENDA__RENDA_MUITO_ALTA + POSSE_CARRO__SEM_CARRO + FAIXA_CREDITOS_ATIVOS__UM_A_DOIS_CREDITOS_ATIVOS + FAIXA_TAXA_REJEICAO__SEM_REJEICAO_PREVIA;100;0.010000
643;FAIXA_IDADE__IDADE_40_A_49 + CATEGORIA_FILHOS__SEM_FILHOS;FAIXA_RENDA__RENDA_MUITO_ALTA + SITUACAO_FAMILIAR__CASADO_OU_UNIAO_CIVIL + FAIXA_CREDITOS_ATIVOS__UM_A_DOIS_CREDITOS_ATIVOS + FAIXA_TAXA_REJEICAO__SEM_REJEICAO_PREVIA;2;4;6;0.010000;0.06;1.21;0;1.01;FAIXA_RENDA__RENDA_MUITO_ALTA + FAIXA_IDADE__IDADE_40_A_49 + CATEGORIA_FILHOS__SEM_FILHOS + SITUACAO_FAMILIAR__CASADO_OU_UNIAO_CIVIL + FAIXA_CREDITOS_ATIVOS__UM_A_DOIS_CREDITOS_ATIVOS + FAIXA_TAXA_REJEICAO__SEM_REJEICAO_PREVIA;100;0.010000
644;FAIXA_RENDA__RENDA_MUITO_ALTA + SITUACAO_FAMILIAR__CASADO_OU_UNIAO_CIVIL + FAIXA_CREDITOS_ATIVOS__UM_A_DOIS_CREDITOS_ATIVOS + FAIXA_TAXA_REJEICAO__SEM_REJEICAO_PREVIA;FAIXA_IDADE__IDADE_40_A_49 + CATEGORIA_FILHOS__SEM_FILHOS;4;2;6;0.010000;0.19;1.21;0;1.04;FAIXA_RENDA__RENDA_MUITO_ALTA + FAIXA_IDADE__IDADE_40_A_49 + CATEGORIA_FILHOS__SEM_FILHOS + SITUACAO_FAMILIAR__CASADO_OU_UNIAO_CIVIL + FAIXA_CREDITOS_ATIVOS__UM_A_DOIS_CREDITOS_ATIVOS + FAIXA_TAXA_REJEICAO__SEM_REJEICAO_PREVIA;100;0.010000
645;SITUACAO_FAMILIAR__CASADO_OU_UNIAO_CIVIL;FAIXA_RENDA__RENDA_ALTA + FAIXA_IDADE__IDADE_50_A_59 + POSSE_CARRO__COM_CARRO + FAIXA_TAXA_REJEICAO__SEM_REJEICAO_PREVIA;1;4;5;0.010000;0.01;1.21;0;1;FAIXA_RENDA__RENDA_ALTA + FAIXA_IDADE__IDADE_50_A_59 + POSSE_CARRO__COM_CARRO + SITUACAO_FAMILIAR__CASADO_OU_UNIAO_CIVIL + FAIXA_TAXA_REJEICAO__SEM_REJEICAO_PREVIA;100;0.010000
646;FAIXA_RENDA__RENDA_ALTA + FAIXA_IDADE__IDADE_50_A_59 + POSSE_CARRO__COM_CARRO + FAIXA_TAXA_REJEICAO__SEM_REJEICAO_PREVIA;SITUACAO_FAMILIAR__CASADO_OU_UNIAO_CIVIL;4;1;5;0.010000;0.88;1.21;0;2.18;FAIXA_RENDA__RENDA_ALTA + FAIXA_IDADE__IDADE_50_A_59 + POSSE_CARRO__COM_CARRO + SITUACAO_FAMILIAR__CASADO_OU_UNIAO_CIVIL + FAIXA_TAXA_REJEICAO__SEM_REJEICAO_PREVIA;100;0.010000
647;FAIXA_RENDA__RENDA_ALTA + FAIXA_IDADE__IDADE_50_A_59 + POSSE_CARRO__COM_CARRO;SITUACAO_FAMILIAR__CASADO_OU_UNIAO_CIVIL + FAIXA_TAXA_REJEICAO__SEM_REJEICAO_PREVIA;3;2;5;0.010000;0.6;1.21;0;1.24;FAIXA_RENDA__RENDA_ALTA + FAIXA_IDADE__IDADE_50_A_59 + POSSE_CARRO__COM_CARRO + SITUACAO_FAMILIAR__CASADO_OU_UNIAO_CIVIL + FAIXA_TAXA_REJEICAO__SEM_REJEICAO_PREVIA;100;0.010000
648;SITUACAO_FAMILIAR__CASADO_OU_UNIAO_CIVIL + FAIXA_TAXA_REJEICAO__SEM_REJEICAO_PREVIA;FAIXA_RENDA__RENDA_ALTA + FAIXA_IDADE__IDADE_50_A_59 + POSSE_CARRO__COM_CARRO;2;3;5;0.010000;0.02;1.21;0;1;FAIXA_RENDA__RENDA_ALTA + FAIXA_IDADE__IDADE_50_A_59 + POSSE_CARRO__COM_CARRO + SITUACAO_FAMILIAR__CASADO_OU_UNIAO_CIVIL + FAIXA_TAXA_REJEICAO__SEM_REJEICAO_PREVIA;100;0.010000
649;FAIXA_CREDITO__CREDITO_BAIXO + FAIXA_RENDA__RENDA_BAIXA + FAIXA_IDADE__IDADE_40_A_49 + SITUACAO_FAMILIAR__CASADO_OU_UNIAO_CIVIL;POSSE_CARRO__SEM_CARRO + FAIXA_TAXA_REJEICAO__SEM_REJEICAO_PREVIA;4;2;6;0.010000;0.54;1.21;0;1.19;FAIXA_CREDITO__CREDITO_BAIXO + FAIXA_RENDA__RENDA_BAIXA + FAIXA_IDADE__IDADE_40_A_49 + POSSE_CARRO__SEM_CARRO + SITUACAO_FAMILIAR__CASADO_OU_UNIAO_CIVIL + FAIXA_TAXA_REJEICAO__SEM_REJEICAO_PREVIA;100;0.010000
650;POSSE_CARRO__SEM_CARRO + FAIXA_TAXA_REJEICAO__SEM_REJEICAO_PREVIA;FAIXA_CREDITO__CREDITO_BAIXO + FAIXA_RENDA__RENDA_BAIXA + FAIXA_IDADE__IDADE_40_A_49 + SITUACAO_FAMILIAR__CASADO_OU_UNIAO_CIVIL;2;4;6;0.010000;0.02;1.21;0;1;FAIXA_CREDITO__CREDITO_BAIXO + FAIXA_RENDA__RENDA_BAIXA + FAIXA_IDADE__IDADE_40_A_49 + POSSE_CARRO__SEM_CARRO + SITUACAO_FAMILIAR__CASADO_OU_UNIAO_CIVIL + FAIXA_TAXA_REJEICAO__SEM_REJEICAO_PREVIA;100;0.010000
651;FAIXA_IDADE__IDADE_50_A_59 + CATEGORIA_FILHOS__SEM_FILHOS;FAIXA_CREDITO__CREDITO_MEDIO + POSSE_CARRO__SEM_CARRO + FAIXA_CREDITOS_ATIVOS__TRES_OU_MAIS_CREDITOS_ATIVOS;2;3;5;0.010000;0.05;1.21;0;1.01;FAIXA_CREDITO__CREDITO_MEDIO + FAIXA_IDADE__IDADE_50_A_59 + CATEGORIA_FILHOS__SEM_FILHOS + POSSE_CARRO__SEM_CARRO + FAIXA_CREDITOS_ATIVOS__TRES_OU_MAIS_CREDITOS_ATIVOS;100;0.010000
652;FAIXA_CREDITO__CREDITO_MEDIO + POSSE_CARRO__SEM_CARRO + FAIXA_CREDITOS_ATIVOS__TRES_OU_MAIS_CREDITOS_ATIVOS;FAIXA_IDADE__IDADE_50_A_59 + CATEGORIA_FILHOS__SEM_FILHOS;3;2;5;0.010000;0.24;1.21;0;1.05;FAIXA_CREDITO__CREDITO_MEDIO + FAIXA_IDADE__IDADE_50_A_59 + CATEGORIA_FILHOS__SEM_FILHOS + POSSE_CARRO__SEM_CARRO + FAIXA_CREDITOS_ATIVOS__TRES_OU_MAIS_CREDITOS_ATIVOS;100;0.010000
653;FAIXA_CREDITO__CREDITO_MEDIO + POSSE_CARRO__SEM_CARRO;FAIXA_RENDA__RENDA_BAIXA + FAIXA_IDADE__IDADE_60_OU_MAIS + FAIXA_TAXA_REJEICAO__SEM_REJEICAO_PREVIA;2;3;5;0.010000;0.06;1.21;0;1.01;FAIXA_CREDITO__CREDITO_MEDIO + FAIXA_RENDA__RENDA_BAIXA + FAIXA_IDADE__IDADE_60_OU_MAIS + POSSE_CARRO__SEM_CARRO + FAIXA_TAXA_REJEICAO__SEM_REJEICAO_PREVIA;100;0.010000
654;FAIXA_RENDA__RENDA_BAIXA + FAIXA_IDADE__IDADE_60_OU_MAIS + FAIXA_TAXA_REJEICAO__SEM_REJEICAO_PREVIA;FAIXA_CREDITO__CREDITO_MEDIO + POSSE_CARRO__SEM_CARRO;3;2;5;0.010000;0.2;1.21;0;1.04;FAIXA_CREDITO__CREDITO_MEDIO + FAIXA_RENDA__RENDA_BAIXA + FAIXA_IDADE__IDADE_60_OU_MAIS + POSSE_CARRO__SEM_CARRO + FAIXA_TAXA_REJEICAO__SEM_REJEICAO_PREVIA;100;0.010000
655;FAIXA_RENDA__RENDA_BAIXA + POSSE_CARRO__COM_CARRO;CATEGORIA_FILHOS__UM_FILHO + SITUACAO_FAMILIAR__CASADO_OU_UNIAO_CIVIL + FAIXA_TAXA_REJEICAO__SEM_REJEICAO_PREVIA;2;3;5;0.010000;0.14;1.21;0;1.03;FAIXA_RENDA__RENDA_BAIXA + CATEGORIA_FILHOS__UM_FILHO + POSSE_CARRO__COM_CARRO + SITUACAO_FAMILIAR__CASADO_OU_UNIAO_CIVIL + FAIXA_TAXA_REJEICAO__SEM_REJEICAO_PREVIA;100;0.010000
656;CATEGORIA_FILHOS__UM_FILHO + SITUACAO_FAMILIAR__CASADO_OU_UNIAO_CIVIL + FAIXA_TAXA_REJEICAO__SEM_REJEICAO_PREVIA;FAIXA_RENDA__RENDA_BAIXA + POSSE_CARRO__COM_CARRO;3;2;5;0.010000;0.09;1.21;0;1.02;FAIXA_RENDA__RENDA_BAIXA + CATEGORIA_FILHOS__UM_FILHO + POSSE_CARRO__COM_CARRO + SITUACAO_FAMILIAR__CASADO_OU_UNIAO_CIVIL + FAIXA_TAXA_REJEICAO__SEM_REJEICAO_PREVIA;100;0.010000
657;CATEGORIA_FILHOS__UM_FILHO;FAIXA_RENDA__RENDA_BAIXA + POSSE_CARRO__COM_CARRO + SITUACAO_FAMILIAR__CASADO_OU_UNIAO_CIVIL + FAIXA_TAXA_REJEICAO__SEM_REJEICAO_PREVIA;1;4;5;0.010000;0.05;1.21;0;1.01;FAIXA_RENDA__RENDA_BAIXA + CATEGORIA_FILHOS__UM_FILHO + POSSE_CARRO__COM_CARRO + SITUACAO_FAMILIAR__CASADO_OU_UNIAO_CIVIL + FAIXA_TAXA_REJEICAO__SEM_REJEICAO_PREVIA;100;0.010000
658;FAIXA_RENDA__RENDA_BAIXA + POSSE_CARRO__COM_CARRO + SITUACAO_FAMILIAR__CASADO_OU_UNIAO_CIVIL + FAIXA_TAXA_REJEICAO__SEM_REJEICAO_PREVIA;CATEGORIA_FILHOS__UM_FILHO;4;1;5;0.010000;0.24;1.21;0;1.05;FAIXA_RENDA__RENDA_BAIXA + CATEGORIA_FILHOS__UM_FILHO + POSSE_CARRO__COM_CARRO + SITUACAO_FAMILIAR__CASADO_OU_UNIAO_CIVIL + FAIXA_TAXA_REJEICAO__SEM_REJEICAO_PREVIA;100;0.010000
659;FAIXA_CREDITO__CREDITO_BAIXO + FAIXA_IDADE__IDADE_21_A_29;FAIXA_RENDA__RENDA_BAIXA + CATEGORIA_FILHOS__SEM_FILHOS + POSSE_CARRO__SEM_CARRO;2;3;5;0.010000;0.23;1.21;0;1.05;FAIXA_CREDITO__CREDITO_BAIXO + FAIXA_RENDA__RENDA_BAIXA + FAIXA_IDADE__IDADE_21_A_29 + CATEGORIA_FILHOS__SEM_FILHOS + POSSE_CARRO__SEM_CARRO;100;0.010000
660;FAIXA_RENDA__RENDA_BAIXA + CATEGORIA_FILHOS__SEM_FILHOS + POSSE_CARRO__SEM_CARRO;FAIXA_CREDITO__CREDITO_BAIXO + FAIXA_IDADE__IDADE_21_A_29;3;2;5;0.010000;0.05;1.21;0;1.01;FAIXA_CREDITO__CREDITO_BAIXO + FAIXA_RENDA__RENDA_BAIXA + FAIXA_IDADE__IDADE_21_A_29 + CATEGORIA_FILHOS__SEM_FILHOS + POSSE_CARRO__SEM_CARRO;100;0.010000
661;FAIXA_RENDA__RENDA_BAIXA + FAIXA_IDADE__IDADE_60_OU_MAIS + POSSE_CARRO__SEM_CARRO;CATEGORIA_FILHOS__SEM_FILHOS + SITUACAO_FAMILIAR__CASADO_OU_UNIAO_CIVIL + FAIXA_CREDITOS_ATIVOS__UM_A_DOIS_CREDITOS_ATIVOS + FAIXA_TAXA_REJEICAO__SEM_REJEICAO_PREVIA;3;4;7;0.010000;0.17;1.21;0;1.03;FAIXA_RENDA__RENDA_BAIXA + FAIXA_IDADE__IDADE_60_OU_MAIS + CATEGORIA_FILHOS__SEM_FILHOS + POSSE_CARRO__SEM_CARRO + SITUACAO_FAMILIAR__CASADO_OU_UNIAO_CIVIL + FAIXA_CREDITOS_ATIVOS__UM_A_DOIS_CREDITOS_ATIVOS + FAIXA_TAXA_REJEICAO__SEM_REJEICAO_PREVIA;100;0.010000
662;CATEGORIA_FILHOS__SEM_FILHOS + SITUACAO_FAMILIAR__CASADO_OU_UNIAO_CIVIL + FAIXA_CREDITOS_ATIVOS__UM_A_DOIS_CREDITOS_ATIVOS + FAIXA_TAXA_REJEICAO__SEM_REJEICAO_PREVIA;FAIXA_RENDA__RENDA_BAIXA + FAIXA_IDADE__IDADE_60_OU_MAIS + POSSE_CARRO__SEM_CARRO;4;3;7;0.010000;0.07;1.21;0;1.01;FAIXA_RENDA__RENDA_BAIXA + FAIXA_IDADE__IDADE_60_OU_MAIS + CATEGORIA_FILHOS__SEM_FILHOS + POSSE_CARRO__SEM_CARRO + SITUACAO_FAMILIAR__CASADO_OU_UNIAO_CIVIL + FAIXA_CREDITOS_ATIVOS__UM_A_DOIS_CREDITOS_ATIVOS + FAIXA_TAXA_REJEICAO__SEM_REJEICAO_PREVIA;100;0.010000
663;FAIXA_IDADE__IDADE_60_OU_MAIS + CATEGORIA_FILHOS__SEM_FILHOS + POSSE_CARRO__SEM_CARRO;FAIXA_RENDA__RENDA_BAIXA + SITUACAO_FAMILIAR__CASADO_OU_UNIAO_CIVIL + FAIXA_CREDITOS_ATIVOS__UM_A_DOIS_CREDITOS_ATIVOS + FAIXA_TAXA_REJEICAO__SEM_REJEICAO_PREVIA;3;4;7;0.010000;0.09;1.2;0;1.02;FAIXA_RENDA__RENDA_BAIXA + FAIXA_IDADE__IDADE_60_OU_MAIS + CATEGORIA_FILHOS__SEM_FILHOS + POSSE_CARRO__SEM_CARRO + SITUACAO_FAMILIAR__CASADO_OU_UNIAO_CIVIL + FAIXA_CREDITOS_ATIVOS__UM_A_DOIS_CREDITOS_ATIVOS + FAIXA_TAXA_REJEICAO__SEM_REJEICAO_PREVIA;100;0.010000
664;FAIXA_RENDA__RENDA_BAIXA + SITUACAO_FAMILIAR__CASADO_OU_UNIAO_CIVIL + FAIXA_CREDITOS_ATIVOS__UM_A_DOIS_CREDITOS_ATIVOS + FAIXA_TAXA_REJEICAO__SEM_REJEICAO_PREVIA;FAIXA_IDADE__IDADE_60_OU_MAIS + CATEGORIA_FILHOS__SEM_FILHOS + POSSE_CARRO__SEM_CARRO;4;3;7;0.010000;0.14;1.2;0;1.03;FAIXA_RENDA__RENDA_BAIXA + FAIXA_IDADE__IDADE_60_OU_MAIS + CATEGORIA_FILHOS__SEM_FILHOS + POSSE_CARRO__SEM_CARRO + SITUACAO_FAMILIAR__CASADO_OU_UNIAO_CIVIL + FAIXA_CREDITOS_ATIVOS__UM_A_DOIS_CREDITOS_ATIVOS + FAIXA_TAXA_REJEICAO__SEM_REJEICAO_PREVIA;100;0.010000
665;FAIXA_CREDITO__CREDITO_MEDIO;CATEGORIA_FILHOS__SEM_FILHOS + SITUACAO_FAMILIAR__SOLTEIRO + FAIXA_CREDITOS_ATIVOS__SEM_CREDITOS_ATIVOS + FAIXA_TAXA_REJEICAO__SEM_REJEICAO_PREVIA;1;4;5;0.010000;0.04;1.2;0;1.01;FAIXA_CREDITO__CREDITO_MEDIO + CATEGORIA_FILHOS__SEM_FILHOS + SITUACAO_FAMILIAR__SOLTEIRO + FAIXA_CREDITOS_ATIVOS__SEM_CREDITOS_ATIVOS + FAIXA_TAXA_REJEICAO__SEM_REJEICAO_PREVIA;100;0.010000
666;CATEGORIA_FILHOS__SEM_FILHOS + SITUACAO_FAMILIAR__SOLTEIRO + FAIXA_CREDITOS_ATIVOS__SEM_CREDITOS_ATIVOS + FAIXA_TAXA_REJEICAO__SEM_REJEICAO_PREVIA;FAIXA_CREDITO__CREDITO_MEDIO;4;1;5;0.010000;0.29;1.2;0;1.07;FAIXA_CREDITO__CREDITO_MEDIO + CATEGORIA_FILHOS__SEM_FILHOS + SITUACAO_FAMILIAR__SOLTEIRO + FAIXA_CREDITOS_ATIVOS__SEM_CREDITOS_ATIVOS + FAIXA_TAXA_REJEICAO__SEM_REJEICAO_PREVIA;100;0.010000
667;FAIXA_CREDITO__CREDITO_ALTO + CATEGORIA_FILHOS__SEM_FILHOS;FAIXA_IDADE__IDADE_50_A_59 + SITUACAO_FAMILIAR__CASADO_OU_UNIAO_CIVIL + FAIXA_CREDITOS_ATIVOS__SEM_CREDITOS_ATIVOS;2;3;5;0.010000;0.06;1.2;0;1.01;FAIXA_CREDITO__CREDITO_ALTO + FAIXA_IDADE__IDADE_50_A_59 + CATEGORIA_FILHOS__SEM_FILHOS + SITUACAO_FAMILIAR__CASADO_OU_UNIAO_CIVIL + FAIXA_CREDITOS_ATIVOS__SEM_CREDITOS_ATIVOS;100;0.010000
668;FAIXA_IDADE__IDADE_50_A_59 + SITUACAO_FAMILIAR__CASADO_OU_UNIAO_CIVIL + FAIXA_CREDITOS_ATIVOS__SEM_CREDITOS_ATIVOS;FAIXA_CREDITO__CREDITO_ALTO + CATEGORIA_FILHOS__SEM_FILHOS;3;2;5;0.010000;0.21;1.2;0;1.04;FAIXA_CREDITO__CREDITO_ALTO + FAIXA_IDADE__IDADE_50_A_59 + CATEGORIA_FILHOS__SEM_FILHOS + SITUACAO_FAMILIAR__CASADO_OU_UNIAO_CIVIL + FAIXA_CREDITOS_ATIVOS__SEM_CREDITOS_ATIVOS;100;0.010000
669;FAIXA_CREDITO__CREDITO_MEDIO + SITUACAO_FAMILIAR__CASADO_OU_UNIAO_CIVIL;CATEGORIA_FILHOS__DOIS_OU_MAIS_FILHOS + FAIXA_CREDITOS_ATIVOS__UM_A_DOIS_CREDITOS_ATIVOS;2;2;4;0.010000;0.06;1.2;0;1.01;FAIXA_CREDITO__CREDITO_MEDIO + CATEGORIA_FILHOS__DOIS_OU_MAIS_FILHOS + SITUACAO_FAMILIAR__CASADO_OU_UNIAO_CIVIL + FAIXA_CREDITOS_ATIVOS__UM_A_DOIS_CREDITOS_ATIVOS;100;0.010000
670;CATEGORIA_FILHOS__DOIS_OU_MAIS_FILHOS + FAIXA_CREDITOS_ATIVOS__UM_A_DOIS_CREDITOS_ATIVOS;FAIXA_CREDITO__CREDITO_MEDIO + SITUACAO_FAMILIAR__CASADO_OU_UNIAO_CIVIL;2;2;4;0.010000;0.21;1.2;0;1.04;FAIXA_CREDITO__CREDITO_MEDIO + CATEGORIA_FILHOS__DOIS_OU_MAIS_FILHOS + SITUACAO_FAMILIAR__CASADO_OU_UNIAO_CIVIL + FAIXA_CREDITOS_ATIVOS__UM_A_DOIS_CREDITOS_ATIVOS;100;0.010000
671;FAIXA_IDADE__IDADE_30_A_39;FAIXA_RENDA__RENDA_MEDIA + POSSE_CARRO__COM_CARRO + SITUACAO_FAMILIAR__CASADO_OU_UNIAO_CIVIL + FAIXA_TAXA_REJEICAO__SEM_REJEICAO_PREVIA;1;4;5;0.010000;0.04;1.2;0;1.01;FAIXA_RENDA__RENDA_MEDIA + FAIXA_IDADE__IDADE_30_A_39 + POSSE_CARRO__COM_CARRO + SITUACAO_FAMILIAR__CASADO_OU_UNIAO_CIVIL + FAIXA_TAXA_REJEICAO__SEM_REJEICAO_PREVIA;100;0.010000
672;FAIXA_RENDA__RENDA_MEDIA + POSSE_CARRO__COM_CARRO + SITUACAO_FAMILIAR__CASADO_OU_UNIAO_CIVIL + FAIXA_TAXA_REJEICAO__SEM_REJEICAO_PREVIA;FAIXA_IDADE__IDADE_30_A_39;4;1;5;0.010000;0.32;1.2;0;1.07;FAIXA_RENDA__RENDA_MEDIA + FAIXA_IDADE__IDADE_30_A_39 + POSSE_CARRO__COM_CARRO + SITUACAO_FAMILIAR__CASADO_OU_UNIAO_CIVIL + FAIXA_TAXA_REJEICAO__SEM_REJEICAO_PREVIA;100;0.010000
673;SITUACAO_FAMILIAR__CASADO_OU_UNIAO_CIVIL + FAIXA_CREDITOS_ATIVOS__TRES_OU_MAIS_CREDITOS_ATIVOS + FAIXA_TAXA_REJEICAO__SEM_REJEICAO_PREVIA;FAIXA_RENDA__RENDA_ALTA + FAIXA_IDADE__IDADE_30_A_39;3;2;5;0.010000;0.09;1.2;0;1.01;FAIXA_RENDA__RENDA_ALTA + FAIXA_IDADE__IDADE_30_A_39 + SITUACAO_FAMILIAR__CASADO_OU_UNIAO_CIVIL + FAIXA_CREDITOS_ATIVOS__TRES_OU_MAIS_CREDITOS_ATIVOS + FAIXA_TAXA_REJEICAO__SEM_REJEICAO_PREVIA;100;0.010000
674;FAIXA_RENDA__RENDA_ALTA + FAIXA_IDADE__IDADE_30_A_39;SITUACAO_FAMILIAR__CASADO_OU_UNIAO_CIVIL + FAIXA_CREDITOS_ATIVOS__TRES_OU_MAIS_CREDITOS_ATIVOS + FAIXA_TAXA_REJEICAO__SEM_REJEICAO_PREVIA;2;3;5;0.010000;0.14;1.2;0;1.03;FAIXA_RENDA__RENDA_ALTA + FAIXA_IDADE__IDADE_30_A_39 + SITUACAO_FAMILIAR__CASADO_OU_UNIAO_CIVIL + FAIXA_CREDITOS_ATIVOS__TRES_OU_MAIS_CREDITOS_ATIVOS + FAIXA_TAXA_REJEICAO__SEM_REJEICAO_PREVIA;100;0.010000
675;SITUACAO_FAMILIAR__CASADO_OU_UNIAO_CIVIL + FAIXA_CREDITOS_ATIVOS__UM_A_DOIS_CREDITOS_ATIVOS;FAIXA_RENDA__RENDA_MUITO_ALTA + FAIXA_IDADE__IDADE_40_A_49 + CATEGORIA_FILHOS__SEM_FILHOS + FAIXA_TAXA_REJEICAO__SEM_REJEICAO_PREVIA;2;4;6;0.010000;0.03;1.2;0;1.01;FAIXA_RENDA__RENDA_MUITO_ALTA + FAIXA_IDADE__IDADE_40_A_49 + CATEGORIA_FILHOS__SEM_FILHOS + SITUACAO_FAMILIAR__CASADO_OU_UNIAO_CIVIL + FAIXA_CREDITOS_ATIVOS__UM_A_DOIS_CREDITOS_ATIVOS + FAIXA_TAXA_REJEICAO__SEM_REJEICAO_PREVIA;100;0.010000
676;FAIXA_RENDA__RENDA_MUITO_ALTA + FAIXA_IDADE__IDADE_40_A_49 + CATEGORIA_FILHOS__SEM_FILHOS + FAIXA_TAXA_REJEICAO__SEM_REJEICAO_PREVIA;SITUACAO_FAMILIAR__CASADO_OU_UNIAO_CIVIL + FAIXA_CREDITOS_ATIVOS__UM_A_DOIS_CREDITOS_ATIVOS;4;2;6;0.010000;0.38;1.2;0;1.1;FAIXA_RENDA__RENDA_MUITO_ALTA + FAIXA_IDADE__IDADE_40_A_49 + CATEGORIA_FILHOS__SEM_FILHOS + SITUACAO_FAMILIAR__CASADO_OU_UNIAO_CIVIL + FAIXA_CREDITOS_ATIVOS__UM_A_DOIS_CREDITOS_ATIVOS + FAIXA_TAXA_REJEICAO__SEM_REJEICAO_PREVIA;100;0.010000
677;FAIXA_RENDA__RENDA_BAIXA + FAIXA_IDADE__IDADE_21_A_29;POSSE_CARRO__SEM_CARRO + FAIXA_CREDITOS_ATIVOS__UM_A_DOIS_CREDITOS_ATIVOS + FAIXA_TAXA_REJEICAO__SEM_REJEICAO_PREVIA;2;3;5;0.010000;0.24;1.2;0;1.05;FAIXA_RENDA__RENDA_BAIXA + FAIXA_IDADE__IDADE_21_A_29 + POSSE_CARRO__SEM_CARRO + FAIXA_CREDITOS_ATIVOS__UM_A_DOIS_CREDITOS_ATIVOS + FAIXA_TAXA_REJEICAO__SEM_REJEICAO_PREVIA;100;0.010000
678;POSSE_CARRO__SEM_CARRO + FAIXA_CREDITOS_ATIVOS__UM_A_DOIS_CREDITOS_ATIVOS + FAIXA_TAXA_REJEICAO__SEM_REJEICAO_PREVIA;FAIXA_RENDA__RENDA_BAIXA + FAIXA_IDADE__IDADE_21_A_29;3;2;5;0.010000;0.05;1.2;0;1.01;FAIXA_RENDA__RENDA_BAIXA + FAIXA_IDADE__IDADE_21_A_29 + POSSE_CARRO__SEM_CARRO + FAIXA_CREDITOS_ATIVOS__UM_A_DOIS_CREDITOS_ATIVOS + FAIXA_TAXA_REJEICAO__SEM_REJEICAO_PREVIA;100;0.010000
679;FAIXA_IDADE__IDADE_21_A_29;FAIXA_CREDITO__CREDITO_MEDIO + FAIXA_RENDA__RENDA_BAIXA + POSSE_CARRO__SEM_CARRO;1;3;4;0.010000;0.08;1.2;0;1.01;FAIXA_CREDITO__CREDITO_MEDIO + FAIXA_RENDA__RENDA_BAIXA + FAIXA_IDADE__IDADE_21_A_29 + POSSE_CARRO__SEM_CARRO;100;0.010000
680;FAIXA_CREDITO__CREDITO_MEDIO + FAIXA_RENDA__RENDA_BAIXA + POSSE_CARRO__SEM_CARRO;FAIXA_IDADE__IDADE_21_A_29;3;1;4;0.010000;0.15;1.2;0;1.03;FAIXA_CREDITO__CREDITO_MEDIO + FAIXA_RENDA__RENDA_BAIXA + FAIXA_IDADE__IDADE_21_A_29 + POSSE_CARRO__SEM_CARRO;100;0.010000
683;POSSE_CARRO__COM_CARRO;FAIXA_RENDA__RENDA_MEDIA + FAIXA_IDADE__IDADE_30_A_39 + SITUACAO_FAMILIAR__CASADO_OU_UNIAO_CIVIL + FAIXA_TAXA_REJEICAO__SEM_REJEICAO_PREVIA;1;4;5;0.010000;0.03;1.19;0;1;FAIXA_RENDA__RENDA_MEDIA + FAIXA_IDADE__IDADE_30_A_39 + POSSE_CARRO__COM_CARRO + SITUACAO_FAMILIAR__CASADO_OU_UNIAO_CIVIL + FAIXA_TAXA_REJEICAO__SEM_REJEICAO_PREVIA;100;0.010000
684;FAIXA_RENDA__RENDA_MEDIA + FAIXA_IDADE__IDADE_30_A_39 + SITUACAO_FAMILIAR__CASADO_OU_UNIAO_CIVIL + FAIXA_TAXA_REJEICAO__SEM_REJEICAO_PREVIA;POSSE_CARRO__COM_CARRO;4;1;5;0.010000;0.4;1.19;0;1.1;FAIXA_RENDA__RENDA_MEDIA + FAIXA_IDADE__IDADE_30_A_39 + POSSE_CARRO__COM_CARRO + SITUACAO_FAMILIAR__CASADO_OU_UNIAO_CIVIL + FAIXA_TAXA_REJEICAO__SEM_REJEICAO_PREVIA;100;0.010000
685;FAIXA_RENDA__RENDA_BAIXA + FAIXA_IDADE__IDADE_50_A_59 + CATEGORIA_FILHOS__SEM_FILHOS + SITUACAO_FAMILIAR__CASADO_OU_UNIAO_CIVIL;FAIXA_CREDITO__CREDITO_ALTO + FAIXA_TAXA_REJEICAO__SEM_REJEICAO_PREVIA;4;2;6;0.010000;0.21;1.19;0;1.04;FAIXA_CREDITO__CREDITO_ALTO + FAIXA_RENDA__RENDA_BAIXA + FAIXA_IDADE__IDADE_50_A_59 + CATEGORIA_FILHOS__SEM_FILHOS + SITUACAO_FAMILIAR__CASADO_OU_UNIAO_CIVIL + FAIXA_TAXA_REJEICAO__SEM_REJEICAO_PREVIA;100;0.010000
686;FAIXA_CREDITO__CREDITO_ALTO + FAIXA_TAXA_REJEICAO__SEM_REJEICAO_PREVIA;FAIXA_RENDA__RENDA_BAIXA + FAIXA_IDADE__IDADE_50_A_59 + CATEGORIA_FILHOS__SEM_FILHOS + SITUACAO_FAMILIAR__CASADO_OU_UNIAO_CIVIL;2;4;6;0.010000;0.06;1.19;0;1.01;FAIXA_CREDITO__CREDITO_ALTO + FAIXA_RENDA__RENDA_BAIXA + FAIXA_IDADE__IDADE_50_A_59 + CATEGORIA_FILHOS__SEM_FILHOS + SITUACAO_FAMILIAR__CASADO_OU_UNIAO_CIVIL + FAIXA_TAXA_REJEICAO__SEM_REJEICAO_PREVIA;100;0.010000
687;FAIXA_RENDA__RENDA_MUITO_ALTA + CATEGORIA_FILHOS__SEM_FILHOS + SITUACAO_FAMILIAR__CASADO_OU_UNIAO_CIVIL + FAIXA_CREDITOS_ATIVOS__UM_A_DOIS_CREDITOS_ATIVOS + FAIXA_TAXA_REJEICAO__SEM_REJEICAO_PREVIA;FAIXA_IDADE__IDADE_40_A_49;5;1;6;0.010000;0.3;1.19;0;1.06;FAIXA_RENDA__RENDA_MUITO_ALTA + FAIXA_IDADE__IDADE_40_A_49 + CATEGORIA_FILHOS__SEM_FILHOS + SITUACAO_FAMILIAR__CASADO_OU_UNIAO_CIVIL + FAIXA_CREDITOS_ATIVOS__UM_A_DOIS_CREDITOS_ATIVOS + FAIXA_TAXA_REJEICAO__SEM_REJEICAO_PREVIA;100;0.010000
688;FAIXA_IDADE__IDADE_40_A_49;FAIXA_RENDA__RENDA_MUITO_ALTA + CATEGORIA_FILHOS__SEM_FILHOS + SITUACAO_FAMILIAR__CASADO_OU_UNIAO_CIVIL + FAIXA_CREDITOS_ATIVOS__UM_A_DOIS_CREDITOS_ATIVOS + FAIXA_TAXA_REJEICAO__SEM_REJEICAO_PREVIA;1;5;6;0.010000;0.04;1.19;0;1.01;FAIXA_RENDA__RENDA_MUITO_ALTA + FAIXA_IDADE__IDADE_40_A_49 + CATEGORIA_FILHOS__SEM_FILHOS + SITUACAO_FAMILIAR__CASADO_OU_UNIAO_CIVIL + FAIXA_CREDITOS_ATIVOS__UM_A_DOIS_CREDITOS_ATIVOS + FAIXA_TAXA_REJEICAO__SEM_REJEICAO_PREVIA;100;0.010000
689;FAIXA_IDADE__IDADE_40_A_49 + SITUACAO_FAMILIAR__CASADO_OU_UNIAO_CIVIL;FAIXA_RENDA__RENDA_MUITO_ALTA + FAIXA_TAXA_REJEICAO__REJEICAO_PREVIA_ATE_25_PCT;2;2;4;0.010000;0.05;1.19;0;1.01;FAIXA_RENDA__RENDA_MUITO_ALTA + FAIXA_IDADE__IDADE_40_A_49 + SITUACAO_FAMILIAR__CASADO_OU_UNIAO_CIVIL + FAIXA_TAXA_REJEICAO__REJEICAO_PREVIA_ATE_25_PCT;100;0.010000
690;FAIXA_RENDA__RENDA_MUITO_ALTA + FAIXA_TAXA_REJEICAO__REJEICAO_PREVIA_ATE_25_PCT;FAIXA_IDADE__IDADE_40_A_49 + SITUACAO_FAMILIAR__CASADO_OU_UNIAO_CIVIL;2;2;4;0.010000;0.24;1.19;0;1.05;FAIXA_RENDA__RENDA_MUITO_ALTA + FAIXA_IDADE__IDADE_40_A_49 + SITUACAO_FAMILIAR__CASADO_OU_UNIAO_CIVIL + FAIXA_TAXA_REJEICAO__REJEICAO_PREVIA_ATE_25_PCT;100;0.010000
691;FAIXA_CREDITO__CREDITO_MUITO_ALTO + FAIXA_CREDITOS_ATIVOS__TRES_OU_MAIS_CREDITOS_ATIVOS;POSSE_CARRO__SEM_CARRO + FAIXA_TAXA_REJEICAO__REJEICAO_PREVIA_ACIMA_25_PCT;2;2;4;0.010000;0.13;1.18;0;1.02;FAIXA_CREDITO__CREDITO_MUITO_ALTO + POSSE_CARRO__SEM_CARRO + FAIXA_CREDITOS_ATIVOS__TRES_OU_MAIS_CREDITOS_ATIVOS + FAIXA_TAXA_REJEICAO__REJEICAO_PREVIA_ACIMA_25_PCT;100;0.010000
692;POSSE_CARRO__SEM_CARRO + FAIXA_TAXA_REJEICAO__REJEICAO_PREVIA_ACIMA_25_PCT;FAIXA_CREDITO__CREDITO_MUITO_ALTO + FAIXA_CREDITOS_ATIVOS__TRES_OU_MAIS_CREDITOS_ATIVOS;2;2;4;0.010000;0.09;1.18;0;1.01;FAIXA_CREDITO__CREDITO_MUITO_ALTO + POSSE_CARRO__SEM_CARRO + FAIXA_CREDITOS_ATIVOS__TRES_OU_MAIS_CREDITOS_ATIVOS + FAIXA_TAXA_REJEICAO__REJEICAO_PREVIA_ACIMA_25_PCT;100;0.010000
693;FAIXA_RENDA__RENDA_MEDIA + FAIXA_IDADE__IDADE_50_A_59 + FAIXA_CREDITOS_ATIVOS__UM_A_DOIS_CREDITOS_ATIVOS;POSSE_CARRO__SEM_CARRO + FAIXA_TAXA_REJEICAO__SEM_REJEICAO_PREVIA;3;2;5;0.010000;0.53;1.18;0;1.16;FAIXA_RENDA__RENDA_MEDIA + FAIXA_IDADE__IDADE_50_A_59 + POSSE_CARRO__SEM_CARRO + FAIXA_CREDITOS_ATIVOS__UM_A_DOIS_CREDITOS_ATIVOS + FAIXA_TAXA_REJEICAO__SEM_REJEICAO_PREVIA;100;0.010000
694;POSSE_CARRO__SEM_CARRO + FAIXA_TAXA_REJEICAO__SEM_REJEICAO_PREVIA;FAIXA_RENDA__RENDA_MEDIA + FAIXA_IDADE__IDADE_50_A_59 + FAIXA_CREDITOS_ATIVOS__UM_A_DOIS_CREDITOS_ATIVOS;2;3;5;0.010000;0.02;1.18;0;1;FAIXA_RENDA__RENDA_MEDIA + FAIXA_IDADE__IDADE_50_A_59 + POSSE_CARRO__SEM_CARRO + FAIXA_CREDITOS_ATIVOS__UM_A_DOIS_CREDITOS_ATIVOS + FAIXA_TAXA_REJEICAO__SEM_REJEICAO_PREVIA;100;0.010000
695;POSSE_CARRO__SEM_CARRO;FAIXA_RENDA__RENDA_BAIXA + FAIXA_IDADE__IDADE_21_A_29 + SITUACAO_FAMILIAR__CASADO_OU_UNIAO_CIVIL + FAIXA_CREDITOS_ATIVOS__UM_A_DOIS_CREDITOS_ATIVOS;1;4;5;0.010000;0.02;1.18;0;1;FAIXA_RENDA__RENDA_BAIXA + FAIXA_IDADE__IDADE_21_A_29 + POSSE_CARRO__SEM_CARRO + SITUACAO_FAMILIAR__CASADO_OU_UNIAO_CIVIL + FAIXA_CREDITOS_ATIVOS__UM_A_DOIS_CREDITOS_ATIVOS;100;0.010000
696;FAIXA_RENDA__RENDA_BAIXA + FAIXA_IDADE__IDADE_21_A_29 + SITUACAO_FAMILIAR__CASADO_OU_UNIAO_CIVIL + FAIXA_CREDITOS_ATIVOS__UM_A_DOIS_CREDITOS_ATIVOS;POSSE_CARRO__SEM_CARRO;4;1;5;0.010000;0.78;1.18;0;1.5;FAIXA_RENDA__RENDA_BAIXA + FAIXA_IDADE__IDADE_21_A_29 + POSSE_CARRO__SEM_CARRO + SITUACAO_FAMILIAR__CASADO_OU_UNIAO_CIVIL + FAIXA_CREDITOS_ATIVOS__UM_A_DOIS_CREDITOS_ATIVOS;100;0.010000
697;FAIXA_RENDA__RENDA_BAIXA + POSSE_CARRO__COM_CARRO + FAIXA_TAXA_REJEICAO__SEM_REJEICAO_PREVIA;CATEGORIA_FILHOS__UM_FILHO + SITUACAO_FAMILIAR__CASADO_OU_UNIAO_CIVIL;3;2;5;0.010000;0.2;1.18;0;1.03;FAIXA_RENDA__RENDA_BAIXA + CATEGORIA_FILHOS__UM_FILHO + POSSE_CARRO__COM_CARRO + SITUACAO_FAMILIAR__CASADO_OU_UNIAO_CIVIL + FAIXA_TAXA_REJEICAO__SEM_REJEICAO_PREVIA;100;0.010000
698;CATEGORIA_FILHOS__UM_FILHO + SITUACAO_FAMILIAR__CASADO_OU_UNIAO_CIVIL;FAIXA_RENDA__RENDA_BAIXA + POSSE_CARRO__COM_CARRO + FAIXA_TAXA_REJEICAO__SEM_REJEICAO_PREVIA;2;3;5;0.010000;0.06;1.18;0;1.01;FAIXA_RENDA__RENDA_BAIXA + CATEGORIA_FILHOS__UM_FILHO + POSSE_CARRO__COM_CARRO + SITUACAO_FAMILIAR__CASADO_OU_UNIAO_CIVIL + FAIXA_TAXA_REJEICAO__SEM_REJEICAO_PREVIA;100;0.010000
699;FAIXA_IDADE__IDADE_40_A_49 + CATEGORIA_FILHOS__SEM_FILHOS + SITUACAO_FAMILIAR__CASADO_OU_UNIAO_CIVIL;FAIXA_RENDA__RENDA_MUITO_ALTA + FAIXA_CREDITOS_ATIVOS__UM_A_DOIS_CREDITOS_ATIVOS + FAIXA_TAXA_REJEICAO__SEM_REJEICAO_PREVIA;3;3;6;0.010000;0.08;1.18;0;1.01;FAIXA_RENDA__RENDA_MUITO_ALTA + FAIXA_IDADE__IDADE_40_A_49 + CATEGORIA_FILHOS__SEM_FILHOS + SITUACAO_FAMILIAR__CASADO_OU_UNIAO_CIVIL + FAIXA_CREDITOS_ATIVOS__UM_A_DOIS_CREDITOS_ATIVOS + FAIXA_TAXA_REJEICAO__SEM_REJEICAO_PREVIA;100;0.010000
700;FAIXA_RENDA__RENDA_MUITO_ALTA + FAIXA_CREDITOS_ATIVOS__UM_A_DOIS_CREDITOS_ATIVOS + FAIXA_TAXA_REJEICAO__SEM_REJEICAO_PREVIA;FAIXA_IDADE__IDADE_40_A_49 + CATEGORIA_FILHOS__SEM_FILHOS + SITUACAO_FAMILIAR__CASADO_OU_UNIAO_CIVIL;3;3;6;0.010000;0.14;1.18;0;1.02;FAIXA_RENDA__RENDA_MUITO_ALTA + FAIXA_IDADE__IDADE_40_A_49 + CATEGORIA_FILHOS__SEM_FILHOS + SITUACAO_FAMILIAR__CASADO_OU_UNIAO_CIVIL + FAIXA_CREDITOS_ATIVOS__UM_A_DOIS_CREDITOS_ATIVOS + FAIXA_TAXA_REJEICAO__SEM_REJEICAO_PREVIA;100;0.010000
701;FAIXA_RENDA__RENDA_MEDIA + FAIXA_CREDITOS_ATIVOS__UM_A_DOIS_CREDITOS_ATIVOS + FAIXA_TAXA_REJEICAO__SEM_REJEICAO_PREVIA;FAIXA_IDADE__IDADE_50_A_59 + POSSE_CARRO__SEM_CARRO;3;2;5;0.010000;0.18;1.18;0;1.03;FAIXA_RENDA__RENDA_MEDIA + FAIXA_IDADE__IDADE_50_A_59 + POSSE_CARRO__SEM_CARRO + FAIXA_CREDITOS_ATIVOS__UM_A_DOIS_CREDITOS_ATIVOS + FAIXA_TAXA_REJEICAO__SEM_REJEICAO_PREVIA;100;0.010000
702;FAIXA_IDADE__IDADE_50_A_59 + POSSE_CARRO__SEM_CARRO;FAIXA_RENDA__RENDA_MEDIA + FAIXA_CREDITOS_ATIVOS__UM_A_DOIS_CREDITOS_ATIVOS + FAIXA_TAXA_REJEICAO__SEM_REJEICAO_PREVIA;2;3;5;0.010000;0.07;1.18;0;1.01;FAIXA_RENDA__RENDA_MEDIA + FAIXA_IDADE__IDADE_50_A_59 + POSSE_CARRO__SEM_CARRO + FAIXA_CREDITOS_ATIVOS__UM_A_DOIS_CREDITOS_ATIVOS + FAIXA_TAXA_REJEICAO__SEM_REJEICAO_PREVIA;100;0.010000
703;FAIXA_RENDA__RENDA_MEDIA + POSSE_CARRO__SEM_CARRO + SITUACAO_FAMILIAR__CASADO_OU_UNIAO_CIVIL;FAIXA_CREDITO__CREDITO_ALTO + FAIXA_CREDITOS_ATIVOS__UM_A_DOIS_CREDITOS_ATIVOS;3;2;5;0.010000;0.13;1.18;0;1.02;FAIXA_CREDITO__CREDITO_ALTO + FAIXA_RENDA__RENDA_MEDIA + POSSE_CARRO__SEM_CARRO + SITUACAO_FAMILIAR__CASADO_OU_UNIAO_CIVIL + FAIXA_CREDITOS_ATIVOS__UM_A_DOIS_CREDITOS_ATIVOS;100;0.010000
704;FAIXA_CREDITO__CREDITO_ALTO + FAIXA_CREDITOS_ATIVOS__UM_A_DOIS_CREDITOS_ATIVOS;FAIXA_RENDA__RENDA_MEDIA + POSSE_CARRO__SEM_CARRO + SITUACAO_FAMILIAR__CASADO_OU_UNIAO_CIVIL;2;3;5;0.010000;0.09;1.18;0;1.01;FAIXA_CREDITO__CREDITO_ALTO + FAIXA_RENDA__RENDA_MEDIA + POSSE_CARRO__SEM_CARRO + SITUACAO_FAMILIAR__CASADO_OU_UNIAO_CIVIL + FAIXA_CREDITOS_ATIVOS__UM_A_DOIS_CREDITOS_ATIVOS;100;0.010000
705;FAIXA_IDADE__IDADE_21_A_29 + SITUACAO_FAMILIAR__CASADO_OU_UNIAO_CIVIL;FAIXA_RENDA__RENDA_BAIXA + POSSE_CARRO__SEM_CARRO + FAIXA_CREDITOS_ATIVOS__UM_A_DOIS_CREDITOS_ATIVOS;2;3;5;0.010000;0.13;1.18;0;1.02;FAIXA_RENDA__RENDA_BAIXA + FAIXA_IDADE__IDADE_21_A_29 + POSSE_CARRO__SEM_CARRO + SITUACAO_FAMILIAR__CASADO_OU_UNIAO_CIVIL + FAIXA_CREDITOS_ATIVOS__UM_A_DOIS_CREDITOS_ATIVOS;100;0.010000
706;FAIXA_RENDA__RENDA_BAIXA + POSSE_CARRO__SEM_CARRO + FAIXA_CREDITOS_ATIVOS__UM_A_DOIS_CREDITOS_ATIVOS;FAIXA_IDADE__IDADE_21_A_29 + SITUACAO_FAMILIAR__CASADO_OU_UNIAO_CIVIL;3;2;5;0.010000;0.09;1.18;0;1.01;FAIXA_RENDA__RENDA_BAIXA + FAIXA_IDADE__IDADE_21_A_29 + POSSE_CARRO__SEM_CARRO + SITUACAO_FAMILIAR__CASADO_OU_UNIAO_CIVIL + FAIXA_CREDITOS_ATIVOS__UM_A_DOIS_CREDITOS_ATIVOS;100;0.010000
707;FAIXA_IDADE__IDADE_21_A_29 + POSSE_CARRO__SEM_CARRO + FAIXA_CREDITOS_ATIVOS__UM_A_DOIS_CREDITOS_ATIVOS;FAIXA_RENDA__RENDA_BAIXA + SITUACAO_FAMILIAR__CASADO_OU_UNIAO_CIVIL;3;2;5;0.010000;0.28;1.18;0;1.05;FAIXA_RENDA__RENDA_BAIXA + FAIXA_IDADE__IDADE_21_A_29 + POSSE_CARRO__SEM_CARRO + SITUACAO_FAMILIAR__CASADO_OU_UNIAO_CIVIL + FAIXA_CREDITOS_ATIVOS__UM_A_DOIS_CREDITOS_ATIVOS;100;0.010000
708;FAIXA_IDADE__IDADE_21_A_29 + POSSE_CARRO__SEM_CARRO + FAIXA_CREDITOS_ATIVOS__UM_A_DOIS_CREDITOS_ATIVOS;FAIXA_RENDA__RENDA_BAIXA + FAIXA_TAXA_REJEICAO__SEM_REJEICAO_PREVIA;3;2;5;0.010000;0.28;1.18;0;1.05;FAIXA_RENDA__RENDA_BAIXA + FAIXA_IDADE__IDADE_21_A_29 + POSSE_CARRO__SEM_CARRO + FAIXA_CREDITOS_ATIVOS__UM_A_DOIS_CREDITOS_ATIVOS + FAIXA_TAXA_REJEICAO__SEM_REJEICAO_PREVIA;100;0.010000
709;FAIXA_RENDA__RENDA_BAIXA + SITUACAO_FAMILIAR__CASADO_OU_UNIAO_CIVIL;FAIXA_IDADE__IDADE_21_A_29 + POSSE_CARRO__SEM_CARRO + FAIXA_CREDITOS_ATIVOS__UM_A_DOIS_CREDITOS_ATIVOS;2;3;5;0.010000;0.04;1.18;0;1.01;FAIXA_RENDA__RENDA_BAIXA + FAIXA_IDADE__IDADE_21_A_29 + POSSE_CARRO__SEM_CARRO + SITUACAO_FAMILIAR__CASADO_OU_UNIAO_CIVIL + FAIXA_CREDITOS_ATIVOS__UM_A_DOIS_CREDITOS_ATIVOS;100;0.010000
710;FAIXA_RENDA__RENDA_BAIXA + FAIXA_TAXA_REJEICAO__SEM_REJEICAO_PREVIA;FAIXA_IDADE__IDADE_21_A_29 + POSSE_CARRO__SEM_CARRO + FAIXA_CREDITOS_ATIVOS__UM_A_DOIS_CREDITOS_ATIVOS;2;3;5;0.010000;0.04;1.18;0;1.01;FAIXA_RENDA__RENDA_BAIXA + FAIXA_IDADE__IDADE_21_A_29 + POSSE_CARRO__SEM_CARRO + FAIXA_CREDITOS_ATIVOS__UM_A_DOIS_CREDITOS_ATIVOS + FAIXA_TAXA_REJEICAO__SEM_REJEICAO_PREVIA;100;0.010000
711;FAIXA_RENDA__RENDA_MEDIA;FAIXA_CREDITO__CREDITO_ALTO + POSSE_CARRO__SEM_CARRO + SITUACAO_FAMILIAR__CASADO_OU_UNIAO_CIVIL + FAIXA_CREDITOS_ATIVOS__UM_A_DOIS_CREDITOS_ATIVOS;1;4;5;0.010000;0.06;1.18;0;1.01;FAIXA_CREDITO__CREDITO_ALTO + FAIXA_RENDA__RENDA_MEDIA + POSSE_CARRO__SEM_CARRO + SITUACAO_FAMILIAR__CASADO_OU_UNIAO_CIVIL + FAIXA_CREDITOS_ATIVOS__UM_A_DOIS_CREDITOS_ATIVOS;100;0.010000
712;FAIXA_CREDITO__CREDITO_ALTO + POSSE_CARRO__SEM_CARRO + SITUACAO_FAMILIAR__CASADO_OU_UNIAO_CIVIL + FAIXA_CREDITOS_ATIVOS__UM_A_DOIS_CREDITOS_ATIVOS;FAIXA_RENDA__RENDA_MEDIA;4;1;5;0.010000;0.2;1.18;0;1.04;FAIXA_CREDITO__CREDITO_ALTO + FAIXA_RENDA__RENDA_MEDIA + POSSE_CARRO__SEM_CARRO + SITUACAO_FAMILIAR__CASADO_OU_UNIAO_CIVIL + FAIXA_CREDITOS_ATIVOS__UM_A_DOIS_CREDITOS_ATIVOS;100;0.010000
713;FAIXA_RENDA__RENDA_MEDIA + FAIXA_IDADE__IDADE_30_A_39 + SITUACAO_FAMILIAR__CASADO_OU_UNIAO_CIVIL;POSSE_CARRO__COM_CARRO + FAIXA_TAXA_REJEICAO__SEM_REJEICAO_PREVIA;3;2;5;0.010000;0.27;1.18;0;1.05;FAIXA_RENDA__RENDA_MEDIA + FAIXA_IDADE__IDADE_30_A_39 + POSSE_CARRO__COM_CARRO + SITUACAO_FAMILIAR__CASADO_OU_UNIAO_CIVIL + FAIXA_TAXA_REJEICAO__SEM_REJEICAO_PREVIA;100;0.010000
714;FAIXA_IDADE__IDADE_21_A_29 + CATEGORIA_FILHOS__SEM_FILHOS + SITUACAO_FAMILIAR__SOLTEIRO;POSSE_CARRO__COM_CARRO + FAIXA_TAXA_REJEICAO__SEM_REJEICAO_PREVIA;3;2;5;0.010000;0.27;1.18;0;1.05;FAIXA_IDADE__IDADE_21_A_29 + CATEGORIA_FILHOS__SEM_FILHOS + POSSE_CARRO__COM_CARRO + SITUACAO_FAMILIAR__SOLTEIRO + FAIXA_TAXA_REJEICAO__SEM_REJEICAO_PREVIA;100;0.010000
715;POSSE_CARRO__COM_CARRO + FAIXA_TAXA_REJEICAO__SEM_REJEICAO_PREVIA;FAIXA_RENDA__RENDA_MEDIA + FAIXA_IDADE__IDADE_30_A_39 + SITUACAO_FAMILIAR__CASADO_OU_UNIAO_CIVIL;2;3;5;0.010000;0.04;1.18;0;1.01;FAIXA_RENDA__RENDA_MEDIA + FAIXA_IDADE__IDADE_30_A_39 + POSSE_CARRO__COM_CARRO + SITUACAO_FAMILIAR__CASADO_OU_UNIAO_CIVIL + FAIXA_TAXA_REJEICAO__SEM_REJEICAO_PREVIA;100;0.010000
716;POSSE_CARRO__COM_CARRO + FAIXA_TAXA_REJEICAO__SEM_REJEICAO_PREVIA;FAIXA_IDADE__IDADE_21_A_29 + CATEGORIA_FILHOS__SEM_FILHOS + SITUACAO_FAMILIAR__SOLTEIRO;2;3;5;0.010000;0.04;1.18;0;1.01;FAIXA_IDADE__IDADE_21_A_29 + CATEGORIA_FILHOS__SEM_FILHOS + POSSE_CARRO__COM_CARRO + SITUACAO_FAMILIAR__SOLTEIRO + FAIXA_TAXA_REJEICAO__SEM_REJEICAO_PREVIA;100;0.010000
717;FAIXA_CREDITO__CREDITO_ALTO + SITUACAO_FAMILIAR__CASADO_OU_UNIAO_CIVIL + FAIXA_TAXA_REJEICAO__SEM_REJEICAO_PREVIA;FAIXA_RENDA__RENDA_BAIXA + FAIXA_IDADE__IDADE_50_A_59 + CATEGORIA_FILHOS__SEM_FILHOS;3;3;6;0.010000;0.08;1.17;0;1.01;FAIXA_CREDITO__CREDITO_ALTO + FAIXA_RENDA__RENDA_BAIXA + FAIXA_IDADE__IDADE_50_A_59 + CATEGORIA_FILHOS__SEM_FILHOS + SITUACAO_FAMILIAR__CASADO_OU_UNIAO_CIVIL + FAIXA_TAXA_REJEICAO__SEM_REJEICAO_PREVIA;100;0.010000
718;FAIXA_RENDA__RENDA_BAIXA + FAIXA_IDADE__IDADE_50_A_59 + CATEGORIA_FILHOS__SEM_FILHOS;FAIXA_CREDITO__CREDITO_ALTO + SITUACAO_FAMILIAR__CASADO_OU_UNIAO_CIVIL + FAIXA_TAXA_REJEICAO__SEM_REJEICAO_PREVIA;3;3;6;0.010000;0.15;1.17;0;1.02;FAIXA_CREDITO__CREDITO_ALTO + FAIXA_RENDA__RENDA_BAIXA + FAIXA_IDADE__IDADE_50_A_59 + CATEGORIA_FILHOS__SEM_FILHOS + SITUACAO_FAMILIAR__CASADO_OU_UNIAO_CIVIL + FAIXA_TAXA_REJEICAO__SEM_REJEICAO_PREVIA;100;0.010000
719;FAIXA_RENDA__RENDA_BAIXA + FAIXA_IDADE__IDADE_40_A_49 + CATEGORIA_FILHOS__SEM_FILHOS + FAIXA_CREDITOS_ATIVOS__UM_A_DOIS_CREDITOS_ATIVOS;POSSE_CARRO__SEM_CARRO + FAIXA_TAXA_REJEICAO__SEM_REJEICAO_PREVIA;4;2;6;0.010000;0.53;1.17;0;1.15;FAIXA_RENDA__RENDA_BAIXA + FAIXA_IDADE__IDADE_40_A_49 + CATEGORIA_FILHOS__SEM_FILHOS + POSSE_CARRO__SEM_CARRO + FAIXA_CREDITOS_ATIVOS__UM_A_DOIS_CREDITOS_ATIVOS + FAIXA_TAXA_REJEICAO__SEM_REJEICAO_PREVIA;100;0.010000
720;POSSE_CARRO__SEM_CARRO + FAIXA_TAXA_REJEICAO__SEM_REJEICAO_PREVIA;FAIXA_RENDA__RENDA_BAIXA + FAIXA_IDADE__IDADE_40_A_49 + CATEGORIA_FILHOS__SEM_FILHOS + FAIXA_CREDITOS_ATIVOS__UM_A_DOIS_CREDITOS_ATIVOS;2;4;6;0.010000;0.02;1.17;0;1;FAIXA_RENDA__RENDA_BAIXA + FAIXA_IDADE__IDADE_40_A_49 + CATEGORIA_FILHOS__SEM_FILHOS + POSSE_CARRO__SEM_CARRO + FAIXA_CREDITOS_ATIVOS__UM_A_DOIS_CREDITOS_ATIVOS + FAIXA_TAXA_REJEICAO__SEM_REJEICAO_PREVIA;100;0.010000
721;FAIXA_RENDA__RENDA_MUITO_ALTA + FAIXA_IDADE__IDADE_40_A_49 + SITUACAO_FAMILIAR__CASADO_OU_UNIAO_CIVIL;FAIXA_TAXA_REJEICAO__REJEICAO_PREVIA_ATE_25_PCT;3;1;4;0.010000;0.18;1.17;0;1.03;FAIXA_RENDA__RENDA_MUITO_ALTA + FAIXA_IDADE__IDADE_40_A_49 + SITUACAO_FAMILIAR__CASADO_OU_UNIAO_CIVIL + FAIXA_TAXA_REJEICAO__REJEICAO_PREVIA_ATE_25_PCT;100;0.010000
722;FAIXA_TAXA_REJEICAO__REJEICAO_PREVIA_ATE_25_PCT;FAIXA_RENDA__RENDA_MUITO_ALTA + FAIXA_IDADE__IDADE_40_A_49 + SITUACAO_FAMILIAR__CASADO_OU_UNIAO_CIVIL;1;3;4;0.010000;0.07;1.17;0;1.01;FAIXA_RENDA__RENDA_MUITO_ALTA + FAIXA_IDADE__IDADE_40_A_49 + SITUACAO_FAMILIAR__CASADO_OU_UNIAO_CIVIL + FAIXA_TAXA_REJEICAO__REJEICAO_PREVIA_ATE_25_PCT;100;0.010000
723;FAIXA_RENDA__RENDA_MUITO_ALTA + CATEGORIA_FILHOS__SEM_FILHOS + SITUACAO_FAMILIAR__CASADO_OU_UNIAO_CIVIL + FAIXA_CREDITOS_ATIVOS__UM_A_DOIS_CREDITOS_ATIVOS;FAIXA_IDADE__IDADE_40_A_49 + FAIXA_TAXA_REJEICAO__SEM_REJEICAO_PREVIA;4;2;6;0.010000;0.2;1.17;0;1.03;FAIXA_RENDA__RENDA_MUITO_ALTA + FAIXA_IDADE__IDADE_40_A_49 + CATEGORIA_FILHOS__SEM_FILHOS + SITUACAO_FAMILIAR__CASADO_OU_UNIAO_CIVIL + FAIXA_CREDITOS_ATIVOS__UM_A_DOIS_CREDITOS_ATIVOS + FAIXA_TAXA_REJEICAO__SEM_REJEICAO_PREVIA;100;0.010000
724;FAIXA_IDADE__IDADE_40_A_49 + FAIXA_TAXA_REJEICAO__SEM_REJEICAO_PREVIA;FAIXA_RENDA__RENDA_MUITO_ALTA + CATEGORIA_FILHOS__SEM_FILHOS + SITUACAO_FAMILIAR__CASADO_OU_UNIAO_CIVIL + FAIXA_CREDITOS_ATIVOS__UM_A_DOIS_CREDITOS_ATIVOS;2;4;6;0.010000;0.06;1.17;0;1.01;FAIXA_RENDA__RENDA_MUITO_ALTA + FAIXA_IDADE__IDADE_40_A_49 + CATEGORIA_FILHOS__SEM_FILHOS + SITUACAO_FAMILIAR__CASADO_OU_UNIAO_CIVIL + FAIXA_CREDITOS_ATIVOS__UM_A_DOIS_CREDITOS_ATIVOS + FAIXA_TAXA_REJEICAO__SEM_REJEICAO_PREVIA;100;0.010000
725;CATEGORIA_FILHOS__SEM_FILHOS + SITUACAO_FAMILIAR__CASADO_OU_UNIAO_CIVIL;FAIXA_RENDA__RENDA_BAIXA + FAIXA_IDADE__IDADE_60_OU_MAIS + POSSE_CARRO__SEM_CARRO + FAIXA_CREDITOS_ATIVOS__UM_A_DOIS_CREDITOS_ATIVOS + FAIXA_TAXA_REJEICAO__SEM_REJEICAO_PREVIA;2;5;7;0.010000;0.02;1.17;0;1;FAIXA_RENDA__RENDA_BAIXA + FAIXA_IDADE__IDADE_60_OU_MAIS + CATEGORIA_FILHOS__SEM_FILHOS + POSSE_CARRO__SEM_CARRO + SITUACAO_FAMILIAR__CASADO_OU_UNIAO_CIVIL + FAIXA_CREDITOS_ATIVOS__UM_A_DOIS_CREDITOS_ATIVOS + FAIXA_TAXA_REJEICAO__SEM_REJEICAO_PREVIA;100;0.010000
726;FAIXA_RENDA__RENDA_BAIXA + FAIXA_IDADE__IDADE_60_OU_MAIS + POSSE_CARRO__SEM_CARRO + FAIXA_CREDITOS_ATIVOS__UM_A_DOIS_CREDITOS_ATIVOS + FAIXA_TAXA_REJEICAO__SEM_REJEICAO_PREVIA;CATEGORIA_FILHOS__SEM_FILHOS + SITUACAO_FAMILIAR__CASADO_OU_UNIAO_CIVIL;5;2;7;0.010000;0.55;1.17;0;1.16;FAIXA_RENDA__RENDA_BAIXA + FAIXA_IDADE__IDADE_60_OU_MAIS + CATEGORIA_FILHOS__SEM_FILHOS + POSSE_CARRO__SEM_CARRO + SITUACAO_FAMILIAR__CASADO_OU_UNIAO_CIVIL + FAIXA_CREDITOS_ATIVOS__UM_A_DOIS_CREDITOS_ATIVOS + FAIXA_TAXA_REJEICAO__SEM_REJEICAO_PREVIA;100;0.010000
727;FAIXA_RENDA__RENDA_MEDIA + SITUACAO_FAMILIAR__CASADO_OU_UNIAO_CIVIL;FAIXA_IDADE__IDADE_30_A_39 + POSSE_CARRO__COM_CARRO + FAIXA_TAXA_REJEICAO__SEM_REJEICAO_PREVIA;2;3;5;0.010000;0.08;1.17;0;1.01;FAIXA_RENDA__RENDA_MEDIA + FAIXA_IDADE__IDADE_30_A_39 + POSSE_CARRO__COM_CARRO + SITUACAO_FAMILIAR__CASADO_OU_UNIAO_CIVIL + FAIXA_TAXA_REJEICAO__SEM_REJEICAO_PREVIA;100;0.010000
728;FAIXA_IDADE__IDADE_30_A_39 + POSSE_CARRO__COM_CARRO + FAIXA_TAXA_REJEICAO__SEM_REJEICAO_PREVIA;FAIXA_RENDA__RENDA_MEDIA + SITUACAO_FAMILIAR__CASADO_OU_UNIAO_CIVIL;3;2;5;0.010000;0.14;1.17;0;1.02;FAIXA_RENDA__RENDA_MEDIA + FAIXA_IDADE__IDADE_30_A_39 + POSSE_CARRO__COM_CARRO + SITUACAO_FAMILIAR__CASADO_OU_UNIAO_CIVIL + FAIXA_TAXA_REJEICAO__SEM_REJEICAO_PREVIA;100;0.010000
729;FAIXA_RENDA__RENDA_MEDIA + POSSE_CARRO__COM_CARRO;FAIXA_CREDITOS_ATIVOS__TRES_OU_MAIS_CREDITOS_ATIVOS + FAIXA_TAXA_REJEICAO__SEM_REJEICAO_PREVIA;2;2;4;0.010000;0.18;1.16;0;1.03;FAIXA_RENDA__RENDA_MEDIA + POSSE_CARRO__COM_CARRO + FAIXA_CREDITOS_ATIVOS__TRES_OU_MAIS_CREDITOS_ATIVOS + FAIXA_TAXA_REJEICAO__SEM_REJEICAO_PREVIA;100;0.010000
730;FAIXA_CREDITOS_ATIVOS__TRES_OU_MAIS_CREDITOS_ATIVOS + FAIXA_TAXA_REJEICAO__SEM_REJEICAO_PREVIA;FAIXA_RENDA__RENDA_MEDIA + POSSE_CARRO__COM_CARRO;2;2;4;0.010000;0.06;1.16;0;1.01;FAIXA_RENDA__RENDA_MEDIA + POSSE_CARRO__COM_CARRO + FAIXA_CREDITOS_ATIVOS__TRES_OU_MAIS_CREDITOS_ATIVOS + FAIXA_TAXA_REJEICAO__SEM_REJEICAO_PREVIA;100;0.010000
731;FAIXA_RENDA__RENDA_BAIXA + FAIXA_IDADE__IDADE_40_A_49 + CATEGORIA_FILHOS__SEM_FILHOS;POSSE_CARRO__SEM_CARRO + FAIXA_CREDITOS_ATIVOS__UM_A_DOIS_CREDITOS_ATIVOS + FAIXA_TAXA_REJEICAO__SEM_REJEICAO_PREVIA;3;3;6;0.010000;0.23;1.16;0;1.04;FAIXA_RENDA__RENDA_BAIXA + FAIXA_IDADE__IDADE_40_A_49 + CATEGORIA_FILHOS__SEM_FILHOS + POSSE_CARRO__SEM_CARRO + FAIXA_CREDITOS_ATIVOS__UM_A_DOIS_CREDITOS_ATIVOS + FAIXA_TAXA_REJEICAO__SEM_REJEICAO_PREVIA;100;0.010000
732;POSSE_CARRO__SEM_CARRO + FAIXA_CREDITOS_ATIVOS__UM_A_DOIS_CREDITOS_ATIVOS + FAIXA_TAXA_REJEICAO__SEM_REJEICAO_PREVIA;FAIXA_RENDA__RENDA_BAIXA + FAIXA_IDADE__IDADE_40_A_49 + CATEGORIA_FILHOS__SEM_FILHOS;3;3;6;0.010000;0.05;1.16;0;1.01;FAIXA_RENDA__RENDA_BAIXA + FAIXA_IDADE__IDADE_40_A_49 + CATEGORIA_FILHOS__SEM_FILHOS + POSSE_CARRO__SEM_CARRO + FAIXA_CREDITOS_ATIVOS__UM_A_DOIS_CREDITOS_ATIVOS + FAIXA_TAXA_REJEICAO__SEM_REJEICAO_PREVIA;100;0.010000
733;FAIXA_RENDA__RENDA_MUITO_ALTA;FAIXA_IDADE__IDADE_40_A_49 + CATEGORIA_FILHOS__SEM_FILHOS + SITUACAO_FAMILIAR__CASADO_OU_UNIAO_CIVIL + FAIXA_CREDITOS_ATIVOS__UM_A_DOIS_CREDITOS_ATIVOS + FAIXA_TAXA_REJEICAO__SEM_REJEICAO_PREVIA;1;5;6;0.010000;0.04;1.16;0;1.01;FAIXA_RENDA__RENDA_MUITO_ALTA + FAIXA_IDADE__IDADE_40_A_49 + CATEGORIA_FILHOS__SEM_FILHOS + SITUACAO_FAMILIAR__CASADO_OU_UNIAO_CIVIL + FAIXA_CREDITOS_ATIVOS__UM_A_DOIS_CREDITOS_ATIVOS + FAIXA_TAXA_REJEICAO__SEM_REJEICAO_PREVIA;100;0.010000
734;FAIXA_IDADE__IDADE_40_A_49 + CATEGORIA_FILHOS__SEM_FILHOS + SITUACAO_FAMILIAR__CASADO_OU_UNIAO_CIVIL + FAIXA_CREDITOS_ATIVOS__UM_A_DOIS_CREDITOS_ATIVOS + FAIXA_TAXA_REJEICAO__SEM_REJEICAO_PREVIA;FAIXA_RENDA__RENDA_MUITO_ALTA;5;1;6;0.010000;0.28;1.16;0;1.05;FAIXA_RENDA__RENDA_MUITO_ALTA + FAIXA_IDADE__IDADE_40_A_49 + CATEGORIA_FILHOS__SEM_FILHOS + SITUACAO_FAMILIAR__CASADO_OU_UNIAO_CIVIL + FAIXA_CREDITOS_ATIVOS__UM_A_DOIS_CREDITOS_ATIVOS + FAIXA_TAXA_REJEICAO__SEM_REJEICAO_PREVIA;100;0.010000
735;FAIXA_RENDA__RENDA_BAIXA + FAIXA_IDADE__IDADE_21_A_29 + POSSE_CARRO__SEM_CARRO + SITUACAO_FAMILIAR__CASADO_OU_UNIAO_CIVIL;FAIXA_CREDITOS_ATIVOS__UM_A_DOIS_CREDITOS_ATIVOS;4;1;5;0.010000;0.51;1.16;0;1.13;FAIXA_RENDA__RENDA_BAIXA + FAIXA_IDADE__IDADE_21_A_29 + POSSE_CARRO__SEM_CARRO + SITUACAO_FAMILIAR__CASADO_OU_UNIAO_CIVIL + FAIXA_CREDITOS_ATIVOS__UM_A_DOIS_CREDITOS_ATIVOS;100;0.010000
736;FAIXA_CREDITOS_ATIVOS__UM_A_DOIS_CREDITOS_ATIVOS;FAIXA_RENDA__RENDA_BAIXA + FAIXA_IDADE__IDADE_21_A_29 + POSSE_CARRO__SEM_CARRO + SITUACAO_FAMILIAR__CASADO_OU_UNIAO_CIVIL;1;4;5;0.010000;0.02;1.16;0;1;FAIXA_RENDA__RENDA_BAIXA + FAIXA_IDADE__IDADE_21_A_29 + POSSE_CARRO__SEM_CARRO + SITUACAO_FAMILIAR__CASADO_OU_UNIAO_CIVIL + FAIXA_CREDITOS_ATIVOS__UM_A_DOIS_CREDITOS_ATIVOS;100;0.010000
737;FAIXA_CREDITO__CREDITO_ALTO;FAIXA_RENDA__RENDA_MEDIA + POSSE_CARRO__SEM_CARRO + SITUACAO_FAMILIAR__CASADO_OU_UNIAO_CIVIL + FAIXA_CREDITOS_ATIVOS__UM_A_DOIS_CREDITOS_ATIVOS;1;4;5;0.010000;0.04;1.16;0;1.01;FAIXA_CREDITO__CREDITO_ALTO + FAIXA_RENDA__RENDA_MEDIA + POSSE_CARRO__SEM_CARRO + SITUACAO_FAMILIAR__CASADO_OU_UNIAO_CIVIL + FAIXA_CREDITOS_ATIVOS__UM_A_DOIS_CREDITOS_ATIVOS;100;0.010000
738;FAIXA_RENDA__RENDA_MEDIA + POSSE_CARRO__SEM_CARRO + SITUACAO_FAMILIAR__CASADO_OU_UNIAO_CIVIL + FAIXA_CREDITOS_ATIVOS__UM_A_DOIS_CREDITOS_ATIVOS;FAIXA_CREDITO__CREDITO_ALTO;4;1;5;0.010000;0.29;1.16;0;1.05;FAIXA_CREDITO__CREDITO_ALTO + FAIXA_RENDA__RENDA_MEDIA + POSSE_CARRO__SEM_CARRO + SITUACAO_FAMILIAR__CASADO_OU_UNIAO_CIVIL + FAIXA_CREDITOS_ATIVOS__UM_A_DOIS_CREDITOS_ATIVOS;100;0.010000
739;FAIXA_RENDA__RENDA_BAIXA + FAIXA_IDADE__IDADE_60_OU_MAIS + CATEGORIA_FILHOS__SEM_FILHOS + FAIXA_CREDITOS_ATIVOS__UM_A_DOIS_CREDITOS_ATIVOS;POSSE_CARRO__SEM_CARRO + SITUACAO_FAMILIAR__CASADO_OU_UNIAO_CIVIL + FAIXA_TAXA_REJEICAO__SEM_REJEICAO_PREVIA;4;3;7;0.010000;0.36;1.16;0;1.07;FAIXA_RENDA__RENDA_BAIXA + FAIXA_IDADE__IDADE_60_OU_MAIS + CATEGORIA_FILHOS__SEM_FILHOS + POSSE_CARRO__SEM_CARRO + SITUACAO_FAMILIAR__CASADO_OU_UNIAO_CIVIL + FAIXA_CREDITOS_ATIVOS__UM_A_DOIS_CREDITOS_ATIVOS + FAIXA_TAXA_REJEICAO__SEM_REJEICAO_PREVIA;100;0.010000
740;POSSE_CARRO__SEM_CARRO + SITUACAO_FAMILIAR__CASADO_OU_UNIAO_CIVIL + FAIXA_TAXA_REJEICAO__SEM_REJEICAO_PREVIA;FAIXA_RENDA__RENDA_BAIXA + FAIXA_IDADE__IDADE_60_OU_MAIS + CATEGORIA_FILHOS__SEM_FILHOS + FAIXA_CREDITOS_ATIVOS__UM_A_DOIS_CREDITOS_ATIVOS;3;4;7;0.010000;0.03;1.16;0;1;FAIXA_RENDA__RENDA_BAIXA + FAIXA_IDADE__IDADE_60_OU_MAIS + CATEGORIA_FILHOS__SEM_FILHOS + POSSE_CARRO__SEM_CARRO + SITUACAO_FAMILIAR__CASADO_OU_UNIAO_CIVIL + FAIXA_CREDITOS_ATIVOS__UM_A_DOIS_CREDITOS_ATIVOS + FAIXA_TAXA_REJEICAO__SEM_REJEICAO_PREVIA;100;0.010000
741;FAIXA_RENDA__RENDA_MUITO_ALTA + CATEGORIA_FILHOS__SEM_FILHOS + SITUACAO_FAMILIAR__CASADO_OU_UNIAO_CIVIL;FAIXA_IDADE__IDADE_40_A_49 + FAIXA_CREDITOS_ATIVOS__UM_A_DOIS_CREDITOS_ATIVOS + FAIXA_TAXA_REJEICAO__SEM_REJEICAO_PREVIA;3;3;6;0.010000;0.09;1.16;0;1.01;FAIXA_RENDA__RENDA_MUITO_ALTA + FAIXA_IDADE__IDADE_40_A_49 + CATEGORIA_FILHOS__SEM_FILHOS + SITUACAO_FAMILIAR__CASADO_OU_UNIAO_CIVIL + FAIXA_CREDITOS_ATIVOS__UM_A_DOIS_CREDITOS_ATIVOS + FAIXA_TAXA_REJEICAO__SEM_REJEICAO_PREVIA;100;0.010000
742;FAIXA_IDADE__IDADE_40_A_49 + FAIXA_CREDITOS_ATIVOS__UM_A_DOIS_CREDITOS_ATIVOS + FAIXA_TAXA_REJEICAO__SEM_REJEICAO_PREVIA;FAIXA_RENDA__RENDA_MUITO_ALTA + CATEGORIA_FILHOS__SEM_FILHOS + SITUACAO_FAMILIAR__CASADO_OU_UNIAO_CIVIL;3;3;6;0.010000;0.13;1.16;0;1.02;FAIXA_RENDA__RENDA_MUITO_ALTA + FAIXA_IDADE__IDADE_40_A_49 + CATEGORIA_FILHOS__SEM_FILHOS + SITUACAO_FAMILIAR__CASADO_OU_UNIAO_CIVIL + FAIXA_CREDITOS_ATIVOS__UM_A_DOIS_CREDITOS_ATIVOS + FAIXA_TAXA_REJEICAO__SEM_REJEICAO_PREVIA;100;0.010000
743;FAIXA_RENDA__RENDA_MEDIA + FAIXA_IDADE__IDADE_50_A_59 + POSSE_CARRO__SEM_CARRO;FAIXA_CREDITOS_ATIVOS__UM_A_DOIS_CREDITOS_ATIVOS + FAIXA_TAXA_REJEICAO__SEM_REJEICAO_PREVIA;3;2;5;0.010000;0.35;1.16;0;1.07;FAIXA_RENDA__RENDA_MEDIA + FAIXA_IDADE__IDADE_50_A_59 + POSSE_CARRO__SEM_CARRO + FAIXA_CREDITOS_ATIVOS__UM_A_DOIS_CREDITOS_ATIVOS + FAIXA_TAXA_REJEICAO__SEM_REJEICAO_PREVIA;100;0.010000
744;FAIXA_CREDITOS_ATIVOS__UM_A_DOIS_CREDITOS_ATIVOS + FAIXA_TAXA_REJEICAO__SEM_REJEICAO_PREVIA;FAIXA_RENDA__RENDA_MEDIA + FAIXA_IDADE__IDADE_50_A_59 + POSSE_CARRO__SEM_CARRO;2;3;5;0.010000;0.03;1.16;0;1;FAIXA_RENDA__RENDA_MEDIA + FAIXA_IDADE__IDADE_50_A_59 + POSSE_CARRO__SEM_CARRO + FAIXA_CREDITOS_ATIVOS__UM_A_DOIS_CREDITOS_ATIVOS + FAIXA_TAXA_REJEICAO__SEM_REJEICAO_PREVIA;100;0.010000
745;FAIXA_RENDA__RENDA_ALTA + SITUACAO_FAMILIAR__CASADO_OU_UNIAO_CIVIL;FAIXA_IDADE__IDADE_30_A_39 + FAIXA_CREDITOS_ATIVOS__TRES_OU_MAIS_CREDITOS_ATIVOS + FAIXA_TAXA_REJEICAO__SEM_REJEICAO_PREVIA;2;3;5;0.010000;0.05;1.16;0;1.01;FAIXA_RENDA__RENDA_ALTA + FAIXA_IDADE__IDADE_30_A_39 + SITUACAO_FAMILIAR__CASADO_OU_UNIAO_CIVIL + FAIXA_CREDITOS_ATIVOS__TRES_OU_MAIS_CREDITOS_ATIVOS + FAIXA_TAXA_REJEICAO__SEM_REJEICAO_PREVIA;100;0.010000
746;FAIXA_IDADE__IDADE_30_A_39 + FAIXA_CREDITOS_ATIVOS__TRES_OU_MAIS_CREDITOS_ATIVOS + FAIXA_TAXA_REJEICAO__SEM_REJEICAO_PREVIA;FAIXA_RENDA__RENDA_ALTA + SITUACAO_FAMILIAR__CASADO_OU_UNIAO_CIVIL;3;2;5;0.010000;0.22;1.16;0;1.04;FAIXA_RENDA__RENDA_ALTA + FAIXA_IDADE__IDADE_30_A_39 + SITUACAO_FAMILIAR__CASADO_OU_UNIAO_CIVIL + FAIXA_CREDITOS_ATIVOS__TRES_OU_MAIS_CREDITOS_ATIVOS + FAIXA_TAXA_REJEICAO__SEM_REJEICAO_PREVIA;100;0.010000
747;FAIXA_IDADE__IDADE_21_A_29 + CATEGORIA_FILHOS__SEM_FILHOS;FAIXA_CREDITO__CREDITO_BAIXO + FAIXA_RENDA__RENDA_BAIXA + POSSE_CARRO__SEM_CARRO;2;3;5;0.010000;0.12;1.16;0;1.02;FAIXA_CREDITO__CREDITO_BAIXO + FAIXA_RENDA__RENDA_BAIXA + FAIXA_IDADE__IDADE_21_A_29 + CATEGORIA_FILHOS__SEM_FILHOS + POSSE_CARRO__SEM_CARRO;100;0.010000
748;FAIXA_CREDITO__CREDITO_BAIXO + FAIXA_RENDA__RENDA_BAIXA + POSSE_CARRO__SEM_CARRO;FAIXA_IDADE__IDADE_21_A_29 + CATEGORIA_FILHOS__SEM_FILHOS;3;2;5;0.010000;0.09;1.16;0;1.01;FAIXA_CREDITO__CREDITO_BAIXO + FAIXA_RENDA__RENDA_BAIXA + FAIXA_IDADE__IDADE_21_A_29 + CATEGORIA_FILHOS__SEM_FILHOS + POSSE_CARRO__SEM_CARRO;100;0.010000
749;FAIXA_RENDA__RENDA_ALTA + SITUACAO_FAMILIAR__CASADO_OU_UNIAO_CIVIL;FAIXA_IDADE__IDADE_50_A_59 + POSSE_CARRO__COM_CARRO + FAIXA_TAXA_REJEICAO__SEM_REJEICAO_PREVIA;2;3;5;0.010000;0.05;1.15;0;1.01;FAIXA_RENDA__RENDA_ALTA + FAIXA_IDADE__IDADE_50_A_59 + POSSE_CARRO__COM_CARRO + SITUACAO_FAMILIAR__CASADO_OU_UNIAO_CIVIL + FAIXA_TAXA_REJEICAO__SEM_REJEICAO_PREVIA;100;0.010000
750;FAIXA_IDADE__IDADE_50_A_59 + POSSE_CARRO__COM_CARRO + FAIXA_TAXA_REJEICAO__SEM_REJEICAO_PREVIA;FAIXA_RENDA__RENDA_ALTA + SITUACAO_FAMILIAR__CASADO_OU_UNIAO_CIVIL;3;2;5;0.010000;0.22;1.15;0;1.04;FAIXA_RENDA__RENDA_ALTA + FAIXA_IDADE__IDADE_50_A_59 + POSSE_CARRO__COM_CARRO + SITUACAO_FAMILIAR__CASADO_OU_UNIAO_CIVIL + FAIXA_TAXA_REJEICAO__SEM_REJEICAO_PREVIA;100;0.010000
751;FAIXA_CREDITO__CREDITO_ALTO;FAIXA_RENDA__RENDA_ALTA + FAIXA_IDADE__IDADE_50_A_59 + CATEGORIA_FILHOS__SEM_FILHOS + POSSE_CARRO__SEM_CARRO;1;4;5;0.010000;0.04;1.15;0;1.01;FAIXA_CREDITO__CREDITO_ALTO + FAIXA_RENDA__RENDA_ALTA + FAIXA_IDADE__IDADE_50_A_59 + CATEGORIA_FILHOS__SEM_FILHOS + POSSE_CARRO__SEM_CARRO;100;0.010000
752;FAIXA_RENDA__RENDA_ALTA + FAIXA_IDADE__IDADE_50_A_59 + CATEGORIA_FILHOS__SEM_FILHOS + POSSE_CARRO__SEM_CARRO;FAIXA_CREDITO__CREDITO_ALTO;4;1;5;0.010000;0.29;1.15;0;1.05;FAIXA_CREDITO__CREDITO_ALTO + FAIXA_RENDA__RENDA_ALTA + FAIXA_IDADE__IDADE_50_A_59 + CATEGORIA_FILHOS__SEM_FILHOS + POSSE_CARRO__SEM_CARRO;100;0.010000
753;POSSE_CARRO__SEM_CARRO + FAIXA_TAXA_REJEICAO__SEM_REJEICAO_PREVIA;FAIXA_CREDITO__CREDITO_MEDIO + FAIXA_IDADE__IDADE_50_A_59 + CATEGORIA_FILHOS__SEM_FILHOS + FAIXA_CREDITOS_ATIVOS__UM_A_DOIS_CREDITOS_ATIVOS;2;4;6;0.010000;0.02;1.15;0;1;FAIXA_CREDITO__CREDITO_MEDIO + FAIXA_IDADE__IDADE_50_A_59 + CATEGORIA_FILHOS__SEM_FILHOS + POSSE_CARRO__SEM_CARRO + FAIXA_CREDITOS_ATIVOS__UM_A_DOIS_CREDITOS_ATIVOS + FAIXA_TAXA_REJEICAO__SEM_REJEICAO_PREVIA;100;0.010000
754;FAIXA_CREDITO__CREDITO_MEDIO + FAIXA_IDADE__IDADE_50_A_59 + CATEGORIA_FILHOS__SEM_FILHOS + FAIXA_CREDITOS_ATIVOS__UM_A_DOIS_CREDITOS_ATIVOS;POSSE_CARRO__SEM_CARRO + FAIXA_TAXA_REJEICAO__SEM_REJEICAO_PREVIA;4;2;6;0.010000;0.52;1.15;0;1.13;FAIXA_CREDITO__CREDITO_MEDIO + FAIXA_IDADE__IDADE_50_A_59 + CATEGORIA_FILHOS__SEM_FILHOS + POSSE_CARRO__SEM_CARRO + FAIXA_CREDITOS_ATIVOS__UM_A_DOIS_CREDITOS_ATIVOS + FAIXA_TAXA_REJEICAO__SEM_REJEICAO_PREVIA;100;0.010000
755;FAIXA_IDADE__IDADE_21_A_29 + CATEGORIA_FILHOS__SEM_FILHOS + POSSE_CARRO__COM_CARRO + SITUACAO_FAMILIAR__SOLTEIRO;FAIXA_TAXA_REJEICAO__SEM_REJEICAO_PREVIA;4;1;5;0.010000;0.78;1.15;0;1.43;FAIXA_IDADE__IDADE_21_A_29 + CATEGORIA_FILHOS__SEM_FILHOS + POSSE_CARRO__COM_CARRO + SITUACAO_FAMILIAR__SOLTEIRO + FAIXA_TAXA_REJEICAO__SEM_REJEICAO_PREVIA;100;0.010000
756;FAIXA_TAXA_REJEICAO__SEM_REJEICAO_PREVIA;FAIXA_IDADE__IDADE_21_A_29 + CATEGORIA_FILHOS__SEM_FILHOS + POSSE_CARRO__COM_CARRO + SITUACAO_FAMILIAR__SOLTEIRO;1;4;5;0.010000;0.01;1.15;0;1;FAIXA_IDADE__IDADE_21_A_29 + CATEGORIA_FILHOS__SEM_FILHOS + POSSE_CARRO__COM_CARRO + SITUACAO_FAMILIAR__SOLTEIRO + FAIXA_TAXA_REJEICAO__SEM_REJEICAO_PREVIA;100;0.010000
757;FAIXA_CREDITO__CREDITO_BAIXO + FAIXA_RENDA__RENDA_BAIXA + CATEGORIA_FILHOS__SEM_FILHOS;FAIXA_IDADE__IDADE_50_A_59 + FAIXA_CREDITOS_ATIVOS__UM_A_DOIS_CREDITOS_ATIVOS;3;2;5;0.010000;0.1;1.15;0;1.01;FAIXA_CREDITO__CREDITO_BAIXO + FAIXA_RENDA__RENDA_BAIXA + FAIXA_IDADE__IDADE_50_A_59 + CATEGORIA_FILHOS__SEM_FILHOS + FAIXA_CREDITOS_ATIVOS__UM_A_DOIS_CREDITOS_ATIVOS;100;0.010000
758;FAIXA_IDADE__IDADE_50_A_59 + FAIXA_CREDITOS_ATIVOS__UM_A_DOIS_CREDITOS_ATIVOS;FAIXA_CREDITO__CREDITO_BAIXO + FAIXA_RENDA__RENDA_BAIXA + CATEGORIA_FILHOS__SEM_FILHOS;2;3;5;0.010000;0.11;1.15;0;1.01;FAIXA_CREDITO__CREDITO_BAIXO + FAIXA_RENDA__RENDA_BAIXA + FAIXA_IDADE__IDADE_50_A_59 + CATEGORIA_FILHOS__SEM_FILHOS + FAIXA_CREDITOS_ATIVOS__UM_A_DOIS_CREDITOS_ATIVOS;100;0.010000
759;FAIXA_CREDITO__CREDITO_ALTO;FAIXA_RENDA__RENDA_MUITO_ALTA + POSSE_CARRO__SEM_CARRO + FAIXA_CREDITOS_ATIVOS__UM_A_DOIS_CREDITOS_ATIVOS + FAIXA_TAXA_REJEICAO__SEM_REJEICAO_PREVIA;1;4;5;0.010000;0.04;1.15;0;1;FAIXA_CREDITO__CREDITO_ALTO + FAIXA_RENDA__RENDA_MUITO_ALTA + POSSE_CARRO__SEM_CARRO + FAIXA_CREDITOS_ATIVOS__UM_A_DOIS_CREDITOS_ATIVOS + FAIXA_TAXA_REJEICAO__SEM_REJEICAO_PREVIA;100;0.010000
760;FAIXA_RENDA__RENDA_MUITO_ALTA + POSSE_CARRO__SEM_CARRO + FAIXA_CREDITOS_ATIVOS__UM_A_DOIS_CREDITOS_ATIVOS + FAIXA_TAXA_REJEICAO__SEM_REJEICAO_PREVIA;FAIXA_CREDITO__CREDITO_ALTO;4;1;5;0.010000;0.29;1.15;0;1.05;FAIXA_CREDITO__CREDITO_ALTO + FAIXA_RENDA__RENDA_MUITO_ALTA + POSSE_CARRO__SEM_CARRO + FAIXA_CREDITOS_ATIVOS__UM_A_DOIS_CREDITOS_ATIVOS + FAIXA_TAXA_REJEICAO__SEM_REJEICAO_PREVIA;100;0.010000
761;POSSE_CARRO__SEM_CARRO;FAIXA_CREDITO__CREDITO_MEDIO + FAIXA_IDADE__IDADE_50_A_59 + CATEGORIA_FILHOS__SEM_FILHOS + FAIXA_CREDITOS_ATIVOS__UM_A_DOIS_CREDITOS_ATIVOS + FAIXA_TAXA_REJEICAO__SEM_REJEICAO_PREVIA;1;5;6;0.010000;0.02;1.15;0;1;FAIXA_CREDITO__CREDITO_MEDIO + FAIXA_IDADE__IDADE_50_A_59 + CATEGORIA_FILHOS__SEM_FILHOS + POSSE_CARRO__SEM_CARRO + FAIXA_CREDITOS_ATIVOS__UM_A_DOIS_CREDITOS_ATIVOS + FAIXA_TAXA_REJEICAO__SEM_REJEICAO_PREVIA;100;0.010000
762;FAIXA_CREDITO__CREDITO_MEDIO + FAIXA_IDADE__IDADE_50_A_59 + CATEGORIA_FILHOS__SEM_FILHOS + FAIXA_CREDITOS_ATIVOS__UM_A_DOIS_CREDITOS_ATIVOS + FAIXA_TAXA_REJEICAO__SEM_REJEICAO_PREVIA;POSSE_CARRO__SEM_CARRO;5;1;6;0.010000;0.76;1.15;0;1.36;FAIXA_CREDITO__CREDITO_MEDIO + FAIXA_IDADE__IDADE_50_A_59 + CATEGORIA_FILHOS__SEM_FILHOS + POSSE_CARRO__SEM_CARRO + FAIXA_CREDITOS_ATIVOS__UM_A_DOIS_CREDITOS_ATIVOS + FAIXA_TAXA_REJEICAO__SEM_REJEICAO_PREVIA;100;0.010000
763;FAIXA_RENDA__RENDA_MEDIA + SITUACAO_FAMILIAR__CASADO_OU_UNIAO_CIVIL;FAIXA_CREDITO__CREDITO_ALTO + POSSE_CARRO__SEM_CARRO + FAIXA_CREDITOS_ATIVOS__UM_A_DOIS_CREDITOS_ATIVOS;2;3;5;0.010000;0.08;1.15;0;1.01;FAIXA_CREDITO__CREDITO_ALTO + FAIXA_RENDA__RENDA_MEDIA + POSSE_CARRO__SEM_CARRO + SITUACAO_FAMILIAR__CASADO_OU_UNIAO_CIVIL + FAIXA_CREDITOS_ATIVOS__UM_A_DOIS_CREDITOS_ATIVOS;100;0.010000
764;FAIXA_CREDITO__CREDITO_ALTO + POSSE_CARRO__SEM_CARRO + FAIXA_CREDITOS_ATIVOS__UM_A_DOIS_CREDITOS_ATIVOS;FAIXA_RENDA__RENDA_MEDIA + SITUACAO_FAMILIAR__CASADO_OU_UNIAO_CIVIL;3;2;5;0.010000;0.14;1.15;0;1.02;FAIXA_CREDITO__CREDITO_ALTO + FAIXA_RENDA__RENDA_MEDIA + POSSE_CARRO__SEM_CARRO + SITUACAO_FAMILIAR__CASADO_OU_UNIAO_CIVIL + FAIXA_CREDITOS_ATIVOS__UM_A_DOIS_CREDITOS_ATIVOS;100;0.010000
765;FAIXA_RENDA__RENDA_ALTA + FAIXA_IDADE__IDADE_30_A_39 + SITUACAO_FAMILIAR__CASADO_OU_UNIAO_CIVIL;FAIXA_CREDITOS_ATIVOS__TRES_OU_MAIS_CREDITOS_ATIVOS + FAIXA_TAXA_REJEICAO__SEM_REJEICAO_PREVIA;3;2;5;0.010000;0.18;1.15;0;1.03;FAIXA_RENDA__RENDA_ALTA + FAIXA_IDADE__IDADE_30_A_39 + SITUACAO_FAMILIAR__CASADO_OU_UNIAO_CIVIL + FAIXA_CREDITOS_ATIVOS__TRES_OU_MAIS_CREDITOS_ATIVOS + FAIXA_TAXA_REJEICAO__SEM_REJEICAO_PREVIA;100;0.010000
766;FAIXA_CREDITOS_ATIVOS__TRES_OU_MAIS_CREDITOS_ATIVOS + FAIXA_TAXA_REJEICAO__SEM_REJEICAO_PREVIA;FAIXA_RENDA__RENDA_ALTA + FAIXA_IDADE__IDADE_30_A_39 + SITUACAO_FAMILIAR__CASADO_OU_UNIAO_CIVIL;2;3;5;0.010000;0.06;1.15;0;1.01;FAIXA_RENDA__RENDA_ALTA + FAIXA_IDADE__IDADE_30_A_39 + SITUACAO_FAMILIAR__CASADO_OU_UNIAO_CIVIL + FAIXA_CREDITOS_ATIVOS__TRES_OU_MAIS_CREDITOS_ATIVOS + FAIXA_TAXA_REJEICAO__SEM_REJEICAO_PREVIA;100;0.010000
767;FAIXA_RENDA__RENDA_MEDIA + FAIXA_IDADE__IDADE_50_A_59 + POSSE_CARRO__SEM_CARRO + FAIXA_CREDITOS_ATIVOS__UM_A_DOIS_CREDITOS_ATIVOS;FAIXA_TAXA_REJEICAO__SEM_REJEICAO_PREVIA;4;1;5;0.010000;0.78;1.14;0;1.39;FAIXA_RENDA__RENDA_MEDIA + FAIXA_IDADE__IDADE_50_A_59 + POSSE_CARRO__SEM_CARRO + FAIXA_CREDITOS_ATIVOS__UM_A_DOIS_CREDITOS_ATIVOS + FAIXA_TAXA_REJEICAO__SEM_REJEICAO_PREVIA;100;0.010000
768;FAIXA_TAXA_REJEICAO__SEM_REJEICAO_PREVIA;FAIXA_RENDA__RENDA_MEDIA + FAIXA_IDADE__IDADE_50_A_59 + POSSE_CARRO__SEM_CARRO + FAIXA_CREDITOS_ATIVOS__UM_A_DOIS_CREDITOS_ATIVOS;1;4;5;0.010000;0.01;1.14;0;1;FAIXA_RENDA__RENDA_MEDIA + FAIXA_IDADE__IDADE_50_A_59 + POSSE_CARRO__SEM_CARRO + FAIXA_CREDITOS_ATIVOS__UM_A_DOIS_CREDITOS_ATIVOS + FAIXA_TAXA_REJEICAO__SEM_REJEICAO_PREVIA;100;0.010000
769;FAIXA_CREDITO__CREDITO_BAIXO + POSSE_CARRO__COM_CARRO;SITUACAO_FAMILIAR__CASADO_OU_UNIAO_CIVIL + FAIXA_TAXA_REJEICAO__REJEICAO_PREVIA_ACIMA_25_PCT;2;2;4;0.010000;0.14;1.14;0;1.02;FAIXA_CREDITO__CREDITO_BAIXO + POSSE_CARRO__COM_CARRO + SITUACAO_FAMILIAR__CASADO_OU_UNIAO_CIVIL + FAIXA_TAXA_REJEICAO__REJEICAO_PREVIA_ACIMA_25_PCT;100;0.010000
770;SITUACAO_FAMILIAR__CASADO_OU_UNIAO_CIVIL + FAIXA_TAXA_REJEICAO__REJEICAO_PREVIA_ACIMA_25_PCT;FAIXA_CREDITO__CREDITO_BAIXO + POSSE_CARRO__COM_CARRO;2;2;4;0.010000;0.08;1.14;0;1.01;FAIXA_CREDITO__CREDITO_BAIXO + POSSE_CARRO__COM_CARRO + SITUACAO_FAMILIAR__CASADO_OU_UNIAO_CIVIL + FAIXA_TAXA_REJEICAO__REJEICAO_PREVIA_ACIMA_25_PCT;100;0.010000
773;FAIXA_CREDITOS_ATIVOS__UM_A_DOIS_CREDITOS_ATIVOS;FAIXA_RENDA__RENDA_MEDIA + FAIXA_IDADE__IDADE_50_A_59 + POSSE_CARRO__SEM_CARRO + FAIXA_TAXA_REJEICAO__SEM_REJEICAO_PREVIA;1;4;5;0.010000;0.02;1.14;0;1;FAIXA_RENDA__RENDA_MEDIA + FAIXA_IDADE__IDADE_50_A_59 + POSSE_CARRO__SEM_CARRO + FAIXA_CREDITOS_ATIVOS__UM_A_DOIS_CREDITOS_ATIVOS + FAIXA_TAXA_REJEICAO__SEM_REJEICAO_PREVIA;100;0.010000
774;FAIXA_RENDA__RENDA_MEDIA + FAIXA_IDADE__IDADE_50_A_59 + POSSE_CARRO__SEM_CARRO + FAIXA_TAXA_REJEICAO__SEM_REJEICAO_PREVIA;FAIXA_CREDITOS_ATIVOS__UM_A_DOIS_CREDITOS_ATIVOS;4;1;5;0.010000;0.5;1.14;0;1.11;FAIXA_RENDA__RENDA_MEDIA + FAIXA_IDADE__IDADE_50_A_59 + POSSE_CARRO__SEM_CARRO + FAIXA_CREDITOS_ATIVOS__UM_A_DOIS_CREDITOS_ATIVOS + FAIXA_TAXA_REJEICAO__SEM_REJEICAO_PREVIA;100;0.010000
775;POSSE_CARRO__SEM_CARRO + FAIXA_CREDITOS_ATIVOS__UM_A_DOIS_CREDITOS_ATIVOS;FAIXA_RENDA__RENDA_BAIXA + FAIXA_IDADE__IDADE_40_A_49 + CATEGORIA_FILHOS__SEM_FILHOS + FAIXA_TAXA_REJEICAO__SEM_REJEICAO_PREVIA;2;4;6;0.010000;0.04;1.14;0;1;FAIXA_RENDA__RENDA_BAIXA + FAIXA_IDADE__IDADE_40_A_49 + CATEGORIA_FILHOS__SEM_FILHOS + POSSE_CARRO__SEM_CARRO + FAIXA_CREDITOS_ATIVOS__UM_A_DOIS_CREDITOS_ATIVOS + FAIXA_TAXA_REJEICAO__SEM_REJEICAO_PREVIA;100;0.010000
776;FAIXA_RENDA__RENDA_BAIXA + FAIXA_IDADE__IDADE_40_A_49 + CATEGORIA_FILHOS__SEM_FILHOS + FAIXA_TAXA_REJEICAO__SEM_REJEICAO_PREVIA;POSSE_CARRO__SEM_CARRO + FAIXA_CREDITOS_ATIVOS__UM_A_DOIS_CREDITOS_ATIVOS;4;2;6;0.010000;0.32;1.14;0;1.05;FAIXA_RENDA__RENDA_BAIXA + FAIXA_IDADE__IDADE_40_A_49 + CATEGORIA_FILHOS__SEM_FILHOS + POSSE_CARRO__SEM_CARRO + FAIXA_CREDITOS_ATIVOS__UM_A_DOIS_CREDITOS_ATIVOS + FAIXA_TAXA_REJEICAO__SEM_REJEICAO_PREVIA;100;0.010000
777;FAIXA_CREDITO__CREDITO_ALTO + FAIXA_RENDA__RENDA_BAIXA + FAIXA_IDADE__IDADE_50_A_59 + CATEGORIA_FILHOS__SEM_FILHOS + SITUACAO_FAMILIAR__CASADO_OU_UNIAO_CIVIL;FAIXA_TAXA_REJEICAO__SEM_REJEICAO_PREVIA;5;1;6;0.010000;0.77;1.14;0;1.35;FAIXA_CREDITO__CREDITO_ALTO + FAIXA_RENDA__RENDA_BAIXA + FAIXA_IDADE__IDADE_50_A_59 + CATEGORIA_FILHOS__SEM_FILHOS + SITUACAO_FAMILIAR__CASADO_OU_UNIAO_CIVIL + FAIXA_TAXA_REJEICAO__SEM_REJEICAO_PREVIA;100;0.010000
778;FAIXA_TAXA_REJEICAO__SEM_REJEICAO_PREVIA;FAIXA_CREDITO__CREDITO_ALTO + FAIXA_RENDA__RENDA_BAIXA + FAIXA_IDADE__IDADE_50_A_59 + CATEGORIA_FILHOS__SEM_FILHOS + SITUACAO_FAMILIAR__CASADO_OU_UNIAO_CIVIL;1;5;6;0.010000;0.01;1.14;0;1;FAIXA_CREDITO__CREDITO_ALTO + FAIXA_RENDA__RENDA_BAIXA + FAIXA_IDADE__IDADE_50_A_59 + CATEGORIA_FILHOS__SEM_FILHOS + SITUACAO_FAMILIAR__CASADO_OU_UNIAO_CIVIL + FAIXA_TAXA_REJEICAO__SEM_REJEICAO_PREVIA;100;0.010000
779;FAIXA_CREDITOS_ATIVOS__UM_A_DOIS_CREDITOS_ATIVOS;FAIXA_RENDA__RENDA_MUITO_ALTA + FAIXA_IDADE__IDADE_40_A_49 + CATEGORIA_FILHOS__SEM_FILHOS + SITUACAO_FAMILIAR__CASADO_OU_UNIAO_CIVIL + FAIXA_TAXA_REJEICAO__SEM_REJEICAO_PREVIA;1;5;6;0.010000;0.02;1.13;0;1;FAIXA_RENDA__RENDA_MUITO_ALTA + FAIXA_IDADE__IDADE_40_A_49 + CATEGORIA_FILHOS__SEM_FILHOS + SITUACAO_FAMILIAR__CASADO_OU_UNIAO_CIVIL + FAIXA_CREDITOS_ATIVOS__UM_A_DOIS_CREDITOS_ATIVOS + FAIXA_TAXA_REJEICAO__SEM_REJEICAO_PREVIA;100;0.010000
780;FAIXA_RENDA__RENDA_MUITO_ALTA + FAIXA_IDADE__IDADE_40_A_49 + CATEGORIA_FILHOS__SEM_FILHOS + SITUACAO_FAMILIAR__CASADO_OU_UNIAO_CIVIL + FAIXA_TAXA_REJEICAO__SEM_REJEICAO_PREVIA;FAIXA_CREDITOS_ATIVOS__UM_A_DOIS_CREDITOS_ATIVOS;5;1;6;0.010000;0.49;1.13;0;1.1;FAIXA_RENDA__RENDA_MUITO_ALTA + FAIXA_IDADE__IDADE_40_A_49 + CATEGORIA_FILHOS__SEM_FILHOS + SITUACAO_FAMILIAR__CASADO_OU_UNIAO_CIVIL + FAIXA_CREDITOS_ATIVOS__UM_A_DOIS_CREDITOS_ATIVOS + FAIXA_TAXA_REJEICAO__SEM_REJEICAO_PREVIA;100;0.010000
781;FAIXA_CREDITO__CREDITO_ALTO + FAIXA_RENDA__RENDA_BAIXA + FAIXA_IDADE__IDADE_50_A_59 + CATEGORIA_FILHOS__SEM_FILHOS;SITUACAO_FAMILIAR__CASADO_OU_UNIAO_CIVIL + FAIXA_TAXA_REJEICAO__SEM_REJEICAO_PREVIA;4;2;6;0.010000;0.56;1.13;0;1.13;FAIXA_CREDITO__CREDITO_ALTO + FAIXA_RENDA__RENDA_BAIXA + FAIXA_IDADE__IDADE_50_A_59 + CATEGORIA_FILHOS__SEM_FILHOS + SITUACAO_FAMILIAR__CASADO_OU_UNIAO_CIVIL + FAIXA_TAXA_REJEICAO__SEM_REJEICAO_PREVIA;100;0.010000
782;SITUACAO_FAMILIAR__CASADO_OU_UNIAO_CIVIL + FAIXA_TAXA_REJEICAO__SEM_REJEICAO_PREVIA;FAIXA_CREDITO__CREDITO_ALTO + FAIXA_RENDA__RENDA_BAIXA + FAIXA_IDADE__IDADE_50_A_59 + CATEGORIA_FILHOS__SEM_FILHOS;2;4;6;0.010000;0.02;1.13;0;1;FAIXA_CREDITO__CREDITO_ALTO + FAIXA_RENDA__RENDA_BAIXA + FAIXA_IDADE__IDADE_50_A_59 + CATEGORIA_FILHOS__SEM_FILHOS + SITUACAO_FAMILIAR__CASADO_OU_UNIAO_CIVIL + FAIXA_TAXA_REJEICAO__SEM_REJEICAO_PREVIA;100;0.010000
783;FAIXA_CREDITO__CREDITO_BAIXO + FAIXA_RENDA__RENDA_BAIXA + FAIXA_IDADE__IDADE_40_A_49 + SITUACAO_FAMILIAR__CASADO_OU_UNIAO_CIVIL + FAIXA_TAXA_REJEICAO__SEM_REJEICAO_PREVIA;POSSE_CARRO__SEM_CARRO;5;1;6;0.010000;0.75;1.13;0;1.3;FAIXA_CREDITO__CREDITO_BAIXO + FAIXA_RENDA__RENDA_BAIXA + FAIXA_IDADE__IDADE_40_A_49 + POSSE_CARRO__SEM_CARRO + SITUACAO_FAMILIAR__CASADO_OU_UNIAO_CIVIL + FAIXA_TAXA_REJEICAO__SEM_REJEICAO_PREVIA;100;0.010000
784;POSSE_CARRO__SEM_CARRO;FAIXA_CREDITO__CREDITO_BAIXO + FAIXA_RENDA__RENDA_BAIXA + FAIXA_IDADE__IDADE_40_A_49 + SITUACAO_FAMILIAR__CASADO_OU_UNIAO_CIVIL + FAIXA_TAXA_REJEICAO__SEM_REJEICAO_PREVIA;1;5;6;0.010000;0.02;1.13;0;1;FAIXA_CREDITO__CREDITO_BAIXO + FAIXA_RENDA__RENDA_BAIXA + FAIXA_IDADE__IDADE_40_A_49 + POSSE_CARRO__SEM_CARRO + SITUACAO_FAMILIAR__CASADO_OU_UNIAO_CIVIL + FAIXA_TAXA_REJEICAO__SEM_REJEICAO_PREVIA;100;0.010000
785;FAIXA_RENDA__RENDA_ALTA;FAIXA_CREDITO__CREDITO_ALTO + CATEGORIA_FILHOS__UM_FILHO + FAIXA_TAXA_REJEICAO__SEM_REJEICAO_PREVIA;1;3;4;0.010000;0.04;1.13;0;1;FAIXA_CREDITO__CREDITO_ALTO + FAIXA_RENDA__RENDA_ALTA + CATEGORIA_FILHOS__UM_FILHO + FAIXA_TAXA_REJEICAO__SEM_REJEICAO_PREVIA;100;0.010000
786;FAIXA_CREDITO__CREDITO_ALTO + CATEGORIA_FILHOS__UM_FILHO + FAIXA_TAXA_REJEICAO__SEM_REJEICAO_PREVIA;FAIXA_RENDA__RENDA_ALTA;3;1;4;0.010000;0.29;1.13;0;1.04;FAIXA_CREDITO__CREDITO_ALTO + FAIXA_RENDA__RENDA_ALTA + CATEGORIA_FILHOS__UM_FILHO + FAIXA_TAXA_REJEICAO__SEM_REJEICAO_PREVIA;100;0.010000
787;FAIXA_CREDITO__CREDITO_ALTO + POSSE_CARRO__SEM_CARRO + SITUACAO_FAMILIAR__CASADO_OU_UNIAO_CIVIL;FAIXA_RENDA__RENDA_MEDIA + FAIXA_CREDITOS_ATIVOS__UM_A_DOIS_CREDITOS_ATIVOS;3;2;5;0.010000;0.09;1.13;0;1.01;FAIXA_CREDITO__CREDITO_ALTO + FAIXA_RENDA__RENDA_MEDIA + POSSE_CARRO__SEM_CARRO + SITUACAO_FAMILIAR__CASADO_OU_UNIAO_CIVIL + FAIXA_CREDITOS_ATIVOS__UM_A_DOIS_CREDITOS_ATIVOS;100;0.010000
788;FAIXA_RENDA__RENDA_MEDIA + FAIXA_CREDITOS_ATIVOS__UM_A_DOIS_CREDITOS_ATIVOS;FAIXA_CREDITO__CREDITO_ALTO + POSSE_CARRO__SEM_CARRO + SITUACAO_FAMILIAR__CASADO_OU_UNIAO_CIVIL;2;3;5;0.010000;0.13;1.13;0;1.02;FAIXA_CREDITO__CREDITO_ALTO + FAIXA_RENDA__RENDA_MEDIA + POSSE_CARRO__SEM_CARRO + SITUACAO_FAMILIAR__CASADO_OU_UNIAO_CIVIL + FAIXA_CREDITOS_ATIVOS__UM_A_DOIS_CREDITOS_ATIVOS;100;0.010000
789;FAIXA_CREDITO__CREDITO_MEDIO + FAIXA_RENDA__RENDA_MUITO_ALTA + SITUACAO_FAMILIAR__CASADO_OU_UNIAO_CIVIL;FAIXA_IDADE__IDADE_30_A_39;3;1;4;0.010000;0.3;1.13;0;1.04;FAIXA_CREDITO__CREDITO_MEDIO + FAIXA_RENDA__RENDA_MUITO_ALTA + FAIXA_IDADE__IDADE_30_A_39 + SITUACAO_FAMILIAR__CASADO_OU_UNIAO_CIVIL;100;0.010000
790;FAIXA_IDADE__IDADE_30_A_39;FAIXA_CREDITO__CREDITO_MEDIO + FAIXA_RENDA__RENDA_MUITO_ALTA + SITUACAO_FAMILIAR__CASADO_OU_UNIAO_CIVIL;1;3;4;0.010000;0.04;1.13;0;1;FAIXA_CREDITO__CREDITO_MEDIO + FAIXA_RENDA__RENDA_MUITO_ALTA + FAIXA_IDADE__IDADE_30_A_39 + SITUACAO_FAMILIAR__CASADO_OU_UNIAO_CIVIL;100;0.010000
791;FAIXA_CREDITO__CREDITO_MEDIO + FAIXA_RENDA__RENDA_MUITO_ALTA + POSSE_CARRO__COM_CARRO;FAIXA_CREDITOS_ATIVOS__UM_A_DOIS_CREDITOS_ATIVOS;3;1;4;0.010000;0.49;1.13;0;1.1;FAIXA_CREDITO__CREDITO_MEDIO + FAIXA_RENDA__RENDA_MUITO_ALTA + POSSE_CARRO__COM_CARRO + FAIXA_CREDITOS_ATIVOS__UM_A_DOIS_CREDITOS_ATIVOS;100;0.010000
792;FAIXA_CREDITOS_ATIVOS__UM_A_DOIS_CREDITOS_ATIVOS;FAIXA_CREDITO__CREDITO_MEDIO + FAIXA_RENDA__RENDA_MUITO_ALTA + POSSE_CARRO__COM_CARRO;1;3;4;0.010000;0.02;1.13;0;1;FAIXA_CREDITO__CREDITO_MEDIO + FAIXA_RENDA__RENDA_MUITO_ALTA + POSSE_CARRO__COM_CARRO + FAIXA_CREDITOS_ATIVOS__UM_A_DOIS_CREDITOS_ATIVOS;100;0.010000
793;FAIXA_RENDA__RENDA_BAIXA + FAIXA_IDADE__IDADE_60_OU_MAIS + POSSE_CARRO__SEM_CARRO + FAIXA_TAXA_REJEICAO__SEM_REJEICAO_PREVIA;CATEGORIA_FILHOS__SEM_FILHOS + SITUACAO_FAMILIAR__CASADO_OU_UNIAO_CIVIL + FAIXA_CREDITOS_ATIVOS__UM_A_DOIS_CREDITOS_ATIVOS;4;3;7;0.010000;0.23;1.13;0;1.03;FAIXA_RENDA__RENDA_BAIXA + FAIXA_IDADE__IDADE_60_OU_MAIS + CATEGORIA_FILHOS__SEM_FILHOS + POSSE_CARRO__SEM_CARRO + SITUACAO_FAMILIAR__CASADO_OU_UNIAO_CIVIL + FAIXA_CREDITOS_ATIVOS__UM_A_DOIS_CREDITOS_ATIVOS + FAIXA_TAXA_REJEICAO__SEM_REJEICAO_PREVIA;100;0.010000
794;CATEGORIA_FILHOS__SEM_FILHOS + SITUACAO_FAMILIAR__CASADO_OU_UNIAO_CIVIL + FAIXA_CREDITOS_ATIVOS__UM_A_DOIS_CREDITOS_ATIVOS;FAIXA_RENDA__RENDA_BAIXA + FAIXA_IDADE__IDADE_60_OU_MAIS + POSSE_CARRO__SEM_CARRO + FAIXA_TAXA_REJEICAO__SEM_REJEICAO_PREVIA;3;4;7;0.010000;0.05;1.13;0;1.01;FAIXA_RENDA__RENDA_BAIXA + FAIXA_IDADE__IDADE_60_OU_MAIS + CATEGORIA_FILHOS__SEM_FILHOS + POSSE_CARRO__SEM_CARRO + SITUACAO_FAMILIAR__CASADO_OU_UNIAO_CIVIL + FAIXA_CREDITOS_ATIVOS__UM_A_DOIS_CREDITOS_ATIVOS + FAIXA_TAXA_REJEICAO__SEM_REJEICAO_PREVIA;100;0.010000
795;POSSE_CARRO__SEM_CARRO;FAIXA_CREDITO__CREDITO_MEDIO + FAIXA_IDADE__IDADE_50_A_59 + CATEGORIA_FILHOS__SEM_FILHOS + FAIXA_CREDITOS_ATIVOS__TRES_OU_MAIS_CREDITOS_ATIVOS;1;4;5;0.010000;0.02;1.12;0;1;FAIXA_CREDITO__CREDITO_MEDIO + FAIXA_IDADE__IDADE_50_A_59 + CATEGORIA_FILHOS__SEM_FILHOS + POSSE_CARRO__SEM_CARRO + FAIXA_CREDITOS_ATIVOS__TRES_OU_MAIS_CREDITOS_ATIVOS;100;0.010000
796;FAIXA_CREDITO__CREDITO_MEDIO + FAIXA_IDADE__IDADE_50_A_59 + CATEGORIA_FILHOS__SEM_FILHOS + FAIXA_CREDITOS_ATIVOS__TRES_OU_MAIS_CREDITOS_ATIVOS;POSSE_CARRO__SEM_CARRO;4;1;5;0.010000;0.74;1.12;0;1.27;FAIXA_CREDITO__CREDITO_MEDIO + FAIXA_IDADE__IDADE_50_A_59 + CATEGORIA_FILHOS__SEM_FILHOS + POSSE_CARRO__SEM_CARRO + FAIXA_CREDITOS_ATIVOS__TRES_OU_MAIS_CREDITOS_ATIVOS;100;0.010000
797;FAIXA_CREDITO__CREDITO_ALTO + FAIXA_RENDA__RENDA_MEDIA;POSSE_CARRO__SEM_CARRO + SITUACAO_FAMILIAR__CASADO_OU_UNIAO_CIVIL + FAIXA_CREDITOS_ATIVOS__UM_A_DOIS_CREDITOS_ATIVOS;2;3;5;0.010000;0.22;1.12;0;1.03;FAIXA_CREDITO__CREDITO_ALTO + FAIXA_RENDA__RENDA_MEDIA + POSSE_CARRO__SEM_CARRO + SITUACAO_FAMILIAR__CASADO_OU_UNIAO_CIVIL + FAIXA_CREDITOS_ATIVOS__UM_A_DOIS_CREDITOS_ATIVOS;100;0.010000
798;POSSE_CARRO__SEM_CARRO + SITUACAO_FAMILIAR__CASADO_OU_UNIAO_CIVIL + FAIXA_CREDITOS_ATIVOS__UM_A_DOIS_CREDITOS_ATIVOS;FAIXA_CREDITO__CREDITO_ALTO + FAIXA_RENDA__RENDA_MEDIA;3;2;5;0.010000;0.05;1.12;0;1.01;FAIXA_CREDITO__CREDITO_ALTO + FAIXA_RENDA__RENDA_MEDIA + POSSE_CARRO__SEM_CARRO + SITUACAO_FAMILIAR__CASADO_OU_UNIAO_CIVIL + FAIXA_CREDITOS_ATIVOS__UM_A_DOIS_CREDITOS_ATIVOS;100;0.010000
799;FAIXA_IDADE__IDADE_30_A_39;FAIXA_RENDA__RENDA_ALTA + SITUACAO_FAMILIAR__CASADO_OU_UNIAO_CIVIL + FAIXA_CREDITOS_ATIVOS__TRES_OU_MAIS_CREDITOS_ATIVOS + FAIXA_TAXA_REJEICAO__SEM_REJEICAO_PREVIA;1;4;5;0.010000;0.04;1.12;0;1;FAIXA_RENDA__RENDA_ALTA + FAIXA_IDADE__IDADE_30_A_39 + SITUACAO_FAMILIAR__CASADO_OU_UNIAO_CIVIL + FAIXA_CREDITOS_ATIVOS__TRES_OU_MAIS_CREDITOS_ATIVOS + FAIXA_TAXA_REJEICAO__SEM_REJEICAO_PREVIA;100;0.010000
800;FAIXA_RENDA__RENDA_ALTA + SITUACAO_FAMILIAR__CASADO_OU_UNIAO_CIVIL + FAIXA_CREDITOS_ATIVOS__TRES_OU_MAIS_CREDITOS_ATIVOS + FAIXA_TAXA_REJEICAO__SEM_REJEICAO_PREVIA;FAIXA_IDADE__IDADE_30_A_39;4;1;5;0.010000;0.3;1.12;0;1.04;FAIXA_RENDA__RENDA_ALTA + FAIXA_IDADE__IDADE_30_A_39 + SITUACAO_FAMILIAR__CASADO_OU_UNIAO_CIVIL + FAIXA_CREDITOS_ATIVOS__TRES_OU_MAIS_CREDITOS_ATIVOS + FAIXA_TAXA_REJEICAO__SEM_REJEICAO_PREVIA;100;0.010000
801;FAIXA_RENDA__RENDA_MEDIA + SITUACAO_FAMILIAR__CASADO_OU_UNIAO_CIVIL + FAIXA_TAXA_REJEICAO__SEM_REJEICAO_PREVIA;FAIXA_IDADE__IDADE_30_A_39 + POSSE_CARRO__COM_CARRO;3;2;5;0.010000;0.12;1.12;0;1.01;FAIXA_RENDA__RENDA_MEDIA + FAIXA_IDADE__IDADE_30_A_39 + POSSE_CARRO__COM_CARRO + SITUACAO_FAMILIAR__CASADO_OU_UNIAO_CIVIL + FAIXA_TAXA_REJEICAO__SEM_REJEICAO_PREVIA;100;0.010000
802;FAIXA_IDADE__IDADE_30_A_39 + POSSE_CARRO__COM_CARRO;FAIXA_RENDA__RENDA_MEDIA + SITUACAO_FAMILIAR__CASADO_OU_UNIAO_CIVIL + FAIXA_TAXA_REJEICAO__SEM_REJEICAO_PREVIA;2;3;5;0.010000;0.09;1.12;0;1.01;FAIXA_RENDA__RENDA_MEDIA + FAIXA_IDADE__IDADE_30_A_39 + POSSE_CARRO__COM_CARRO + SITUACAO_FAMILIAR__CASADO_OU_UNIAO_CIVIL + FAIXA_TAXA_REJEICAO__SEM_REJEICAO_PREVIA;100;0.010000
803;POSSE_CARRO__COM_CARRO;FAIXA_CREDITO__CREDITO_ALTO + FAIXA_IDADE__IDADE_40_A_49 + FAIXA_CREDITOS_ATIVOS__UM_A_DOIS_CREDITOS_ATIVOS;1;3;4;0.010000;0.03;1.12;0;1;FAIXA_CREDITO__CREDITO_ALTO + FAIXA_IDADE__IDADE_40_A_49 + POSSE_CARRO__COM_CARRO + FAIXA_CREDITOS_ATIVOS__UM_A_DOIS_CREDITOS_ATIVOS;100;0.010000
804;FAIXA_CREDITO__CREDITO_ALTO + FAIXA_IDADE__IDADE_40_A_49 + FAIXA_CREDITOS_ATIVOS__UM_A_DOIS_CREDITOS_ATIVOS;POSSE_CARRO__COM_CARRO;3;1;4;0.010000;0.38;1.12;0;1.06;FAIXA_CREDITO__CREDITO_ALTO + FAIXA_IDADE__IDADE_40_A_49 + POSSE_CARRO__COM_CARRO + FAIXA_CREDITOS_ATIVOS__UM_A_DOIS_CREDITOS_ATIVOS;100;0.010000
805;FAIXA_CREDITO__CREDITO_ALTO;FAIXA_RENDA__RENDA_ALTA + CATEGORIA_FILHOS__UM_FILHO + FAIXA_TAXA_REJEICAO__SEM_REJEICAO_PREVIA;1;3;4;0.010000;0.04;1.12;0;1;FAIXA_CREDITO__CREDITO_ALTO + FAIXA_RENDA__RENDA_ALTA + CATEGORIA_FILHOS__UM_FILHO + FAIXA_TAXA_REJEICAO__SEM_REJEICAO_PREVIA;100;0.010000
806;FAIXA_RENDA__RENDA_ALTA + CATEGORIA_FILHOS__UM_FILHO + FAIXA_TAXA_REJEICAO__SEM_REJEICAO_PREVIA;FAIXA_CREDITO__CREDITO_ALTO;3;1;4;0.010000;0.28;1.12;0;1.04;FAIXA_CREDITO__CREDITO_ALTO + FAIXA_RENDA__RENDA_ALTA + CATEGORIA_FILHOS__UM_FILHO + FAIXA_TAXA_REJEICAO__SEM_REJEICAO_PREVIA;100;0.010000
807;FAIXA_RENDA__RENDA_BAIXA + FAIXA_IDADE__IDADE_21_A_29 + FAIXA_CREDITOS_ATIVOS__UM_A_DOIS_CREDITOS_ATIVOS;POSSE_CARRO__SEM_CARRO + FAIXA_TAXA_REJEICAO__SEM_REJEICAO_PREVIA;3;2;5;0.010000;0.5;1.11;0;1.09;FAIXA_RENDA__RENDA_BAIXA + FAIXA_IDADE__IDADE_21_A_29 + POSSE_CARRO__SEM_CARRO + FAIXA_CREDITOS_ATIVOS__UM_A_DOIS_CREDITOS_ATIVOS + FAIXA_TAXA_REJEICAO__SEM_REJEICAO_PREVIA;100;0.010000
808;POSSE_CARRO__SEM_CARRO + FAIXA_TAXA_REJEICAO__SEM_REJEICAO_PREVIA;FAIXA_RENDA__RENDA_BAIXA + FAIXA_IDADE__IDADE_21_A_29 + FAIXA_CREDITOS_ATIVOS__UM_A_DOIS_CREDITOS_ATIVOS;2;3;5;0.010000;0.02;1.11;0;1;FAIXA_RENDA__RENDA_BAIXA + FAIXA_IDADE__IDADE_21_A_29 + POSSE_CARRO__SEM_CARRO + FAIXA_CREDITOS_ATIVOS__UM_A_DOIS_CREDITOS_ATIVOS + FAIXA_TAXA_REJEICAO__SEM_REJEICAO_PREVIA;100;0.010000
809;FAIXA_RENDA__RENDA_BAIXA + POSSE_CARRO__SEM_CARRO;FAIXA_CREDITO__CREDITO_MEDIO + FAIXA_IDADE__IDADE_21_A_29;2;2;4;0.010000;0.04;1.11;0;1;FAIXA_CREDITO__CREDITO_MEDIO + FAIXA_RENDA__RENDA_BAIXA + FAIXA_IDADE__IDADE_21_A_29 + POSSE_CARRO__SEM_CARRO;100;0.010000
810;FAIXA_CREDITO__CREDITO_MEDIO + FAIXA_IDADE__IDADE_21_A_29;FAIXA_RENDA__RENDA_BAIXA + POSSE_CARRO__SEM_CARRO;2;2;4;0.010000;0.28;1.11;0;1.04;FAIXA_CREDITO__CREDITO_MEDIO + FAIXA_RENDA__RENDA_BAIXA + FAIXA_IDADE__IDADE_21_A_29 + POSSE_CARRO__SEM_CARRO;100;0.010000
811;FAIXA_CREDITO__CREDITO_MEDIO + FAIXA_IDADE__IDADE_50_A_59 + CATEGORIA_FILHOS__SEM_FILHOS + FAIXA_TAXA_REJEICAO__SEM_REJEICAO_PREVIA;POSSE_CARRO__SEM_CARRO + FAIXA_CREDITOS_ATIVOS__UM_A_DOIS_CREDITOS_ATIVOS;4;2;6;0.010000;0.32;1.11;0;1.04;FAIXA_CREDITO__CREDITO_MEDIO + FAIXA_IDADE__IDADE_50_A_59 + CATEGORIA_FILHOS__SEM_FILHOS + POSSE_CARRO__SEM_CARRO + FAIXA_CREDITOS_ATIVOS__UM_A_DOIS_CREDITOS_ATIVOS + FAIXA_TAXA_REJEICAO__SEM_REJEICAO_PREVIA;100;0.010000
812;POSSE_CARRO__SEM_CARRO + FAIXA_CREDITOS_ATIVOS__UM_A_DOIS_CREDITOS_ATIVOS;FAIXA_CREDITO__CREDITO_MEDIO + FAIXA_IDADE__IDADE_50_A_59 + CATEGORIA_FILHOS__SEM_FILHOS + FAIXA_TAXA_REJEICAO__SEM_REJEICAO_PREVIA;2;4;6;0.010000;0.04;1.11;0;1;FAIXA_CREDITO__CREDITO_MEDIO + FAIXA_IDADE__IDADE_50_A_59 + CATEGORIA_FILHOS__SEM_FILHOS + POSSE_CARRO__SEM_CARRO + FAIXA_CREDITOS_ATIVOS__UM_A_DOIS_CREDITOS_ATIVOS + FAIXA_TAXA_REJEICAO__SEM_REJEICAO_PREVIA;100;0.010000
813;FAIXA_IDADE__IDADE_40_A_49 + SITUACAO_FAMILIAR__CASADO_OU_UNIAO_CIVIL + FAIXA_CREDITOS_ATIVOS__UM_A_DOIS_CREDITOS_ATIVOS;FAIXA_RENDA__RENDA_MUITO_ALTA + CATEGORIA_FILHOS__SEM_FILHOS + FAIXA_TAXA_REJEICAO__SEM_REJEICAO_PREVIA;3;3;6;0.010000;0.11;1.11;0;1.01;FAIXA_RENDA__RENDA_MUITO_ALTA + FAIXA_IDADE__IDADE_40_A_49 + CATEGORIA_FILHOS__SEM_FILHOS + SITUACAO_FAMILIAR__CASADO_OU_UNIAO_CIVIL + FAIXA_CREDITOS_ATIVOS__UM_A_DOIS_CREDITOS_ATIVOS + FAIXA_TAXA_REJEICAO__SEM_REJEICAO_PREVIA;100;0.010000
814;FAIXA_RENDA__RENDA_MUITO_ALTA + CATEGORIA_FILHOS__SEM_FILHOS + FAIXA_TAXA_REJEICAO__SEM_REJEICAO_PREVIA;FAIXA_IDADE__IDADE_40_A_49 + SITUACAO_FAMILIAR__CASADO_OU_UNIAO_CIVIL + FAIXA_CREDITOS_ATIVOS__UM_A_DOIS_CREDITOS_ATIVOS;3;3;6;0.010000;0.1;1.11;0;1.01;FAIXA_RENDA__RENDA_MUITO_ALTA + FAIXA_IDADE__IDADE_40_A_49 + CATEGORIA_FILHOS__SEM_FILHOS + SITUACAO_FAMILIAR__CASADO_OU_UNIAO_CIVIL + FAIXA_CREDITOS_ATIVOS__UM_A_DOIS_CREDITOS_ATIVOS + FAIXA_TAXA_REJEICAO__SEM_REJEICAO_PREVIA;100;0.010000
815;FAIXA_CREDITO__CREDITO_MEDIO + CATEGORIA_FILHOS__DOIS_OU_MAIS_FILHOS + SITUACAO_FAMILIAR__CASADO_OU_UNIAO_CIVIL;FAIXA_CREDITOS_ATIVOS__UM_A_DOIS_CREDITOS_ATIVOS;3;1;4;0.010000;0.48;1.11;0;1.08;FAIXA_CREDITO__CREDITO_MEDIO + CATEGORIA_FILHOS__DOIS_OU_MAIS_FILHOS + SITUACAO_FAMILIAR__CASADO_OU_UNIAO_CIVIL + FAIXA_CREDITOS_ATIVOS__UM_A_DOIS_CREDITOS_ATIVOS;100;0.010000
816;FAIXA_CREDITOS_ATIVOS__UM_A_DOIS_CREDITOS_ATIVOS;FAIXA_CREDITO__CREDITO_MEDIO + CATEGORIA_FILHOS__DOIS_OU_MAIS_FILHOS + SITUACAO_FAMILIAR__CASADO_OU_UNIAO_CIVIL;1;3;4;0.010000;0.02;1.11;0;1;FAIXA_CREDITO__CREDITO_MEDIO + CATEGORIA_FILHOS__DOIS_OU_MAIS_FILHOS + SITUACAO_FAMILIAR__CASADO_OU_UNIAO_CIVIL + FAIXA_CREDITOS_ATIVOS__UM_A_DOIS_CREDITOS_ATIVOS;100;0.010000
817;FAIXA_RENDA__RENDA_ALTA + POSSE_CARRO__SEM_CARRO;FAIXA_CREDITO__CREDITO_ALTO + FAIXA_IDADE__IDADE_50_A_59 + CATEGORIA_FILHOS__SEM_FILHOS;2;3;5;0.010000;0.06;1.11;0;1.01;FAIXA_CREDITO__CREDITO_ALTO + FAIXA_RENDA__RENDA_ALTA + FAIXA_IDADE__IDADE_50_A_59 + CATEGORIA_FILHOS__SEM_FILHOS + POSSE_CARRO__SEM_CARRO;100;0.010000
818;FAIXA_CREDITO__CREDITO_ALTO + FAIXA_IDADE__IDADE_50_A_59 + CATEGORIA_FILHOS__SEM_FILHOS;FAIXA_RENDA__RENDA_ALTA + POSSE_CARRO__SEM_CARRO;3;2;5;0.010000;0.18;1.11;0;1.02;FAIXA_CREDITO__CREDITO_ALTO + FAIXA_RENDA__RENDA_ALTA + FAIXA_IDADE__IDADE_50_A_59 + CATEGORIA_FILHOS__SEM_FILHOS + POSSE_CARRO__SEM_CARRO;100;0.010000
819;FAIXA_RENDA__RENDA_MEDIA + FAIXA_IDADE__IDADE_30_A_39 + POSSE_CARRO__COM_CARRO;SITUACAO_FAMILIAR__CASADO_OU_UNIAO_CIVIL + FAIXA_TAXA_REJEICAO__SEM_REJEICAO_PREVIA;3;2;5;0.010000;0.55;1.11;0;1.11;FAIXA_RENDA__RENDA_MEDIA + FAIXA_IDADE__IDADE_30_A_39 + POSSE_CARRO__COM_CARRO + SITUACAO_FAMILIAR__CASADO_OU_UNIAO_CIVIL + FAIXA_TAXA_REJEICAO__SEM_REJEICAO_PREVIA;100;0.010000
820;SITUACAO_FAMILIAR__CASADO_OU_UNIAO_CIVIL + FAIXA_TAXA_REJEICAO__SEM_REJEICAO_PREVIA;FAIXA_RENDA__RENDA_MEDIA + FAIXA_IDADE__IDADE_30_A_39 + POSSE_CARRO__COM_CARRO;2;3;5;0.010000;0.02;1.11;0;1;FAIXA_RENDA__RENDA_MEDIA + FAIXA_IDADE__IDADE_30_A_39 + POSSE_CARRO__COM_CARRO + SITUACAO_FAMILIAR__CASADO_OU_UNIAO_CIVIL + FAIXA_TAXA_REJEICAO__SEM_REJEICAO_PREVIA;100;0.010000
821;FAIXA_RENDA__RENDA_BAIXA + POSSE_CARRO__COM_CARRO;SITUACAO_FAMILIAR__CASADO_OU_UNIAO_CIVIL + FAIXA_TAXA_REJEICAO__REJEICAO_PREVIA_ACIMA_25_PCT;2;2;4;0.010000;0.14;1.11;0;1.01;FAIXA_RENDA__RENDA_BAIXA + POSSE_CARRO__COM_CARRO + SITUACAO_FAMILIAR__CASADO_OU_UNIAO_CIVIL + FAIXA_TAXA_REJEICAO__REJEICAO_PREVIA_ACIMA_25_PCT;100;0.010000
822;SITUACAO_FAMILIAR__CASADO_OU_UNIAO_CIVIL + FAIXA_TAXA_REJEICAO__REJEICAO_PREVIA_ACIMA_25_PCT;FAIXA_RENDA__RENDA_BAIXA + POSSE_CARRO__COM_CARRO;2;2;4;0.010000;0.08;1.11;0;1.01;FAIXA_RENDA__RENDA_BAIXA + POSSE_CARRO__COM_CARRO + SITUACAO_FAMILIAR__CASADO_OU_UNIAO_CIVIL + FAIXA_TAXA_REJEICAO__REJEICAO_PREVIA_ACIMA_25_PCT;100;0.010000
823;FAIXA_TAXA_REJEICAO__SEM_REJEICAO_PREVIA;FAIXA_CREDITO__CREDITO_MEDIO + CATEGORIA_FILHOS__SEM_FILHOS + SITUACAO_FAMILIAR__SOLTEIRO + FAIXA_CREDITOS_ATIVOS__SEM_CREDITOS_ATIVOS;1;4;5;0.010000;0.01;1.11;0;1;FAIXA_CREDITO__CREDITO_MEDIO + CATEGORIA_FILHOS__SEM_FILHOS + SITUACAO_FAMILIAR__SOLTEIRO + FAIXA_CREDITOS_ATIVOS__SEM_CREDITOS_ATIVOS + FAIXA_TAXA_REJEICAO__SEM_REJEICAO_PREVIA;100;0.010000
824;FAIXA_CREDITO__CREDITO_MEDIO + CATEGORIA_FILHOS__SEM_FILHOS + SITUACAO_FAMILIAR__SOLTEIRO + FAIXA_CREDITOS_ATIVOS__SEM_CREDITOS_ATIVOS;FAIXA_TAXA_REJEICAO__SEM_REJEICAO_PREVIA;4;1;5;0.010000;0.75;1.11;0;1.26;FAIXA_CREDITO__CREDITO_MEDIO + CATEGORIA_FILHOS__SEM_FILHOS + SITUACAO_FAMILIAR__SOLTEIRO + FAIXA_CREDITOS_ATIVOS__SEM_CREDITOS_ATIVOS + FAIXA_TAXA_REJEICAO__SEM_REJEICAO_PREVIA;100;0.010000
825;FAIXA_CREDITO__CREDITO_MEDIO + POSSE_CARRO__SEM_CARRO + FAIXA_TAXA_REJEICAO__SEM_REJEICAO_PREVIA;FAIXA_IDADE__IDADE_50_A_59 + CATEGORIA_FILHOS__SEM_FILHOS + FAIXA_CREDITOS_ATIVOS__UM_A_DOIS_CREDITOS_ATIVOS;3;3;6;0.010000;0.09;1.11;0;1.01;FAIXA_CREDITO__CREDITO_MEDIO + FAIXA_IDADE__IDADE_50_A_59 + CATEGORIA_FILHOS__SEM_FILHOS + POSSE_CARRO__SEM_CARRO + FAIXA_CREDITOS_ATIVOS__UM_A_DOIS_CREDITOS_ATIVOS + FAIXA_TAXA_REJEICAO__SEM_REJEICAO_PREVIA;100;0.010000
826;FAIXA_IDADE__IDADE_50_A_59 + CATEGORIA_FILHOS__SEM_FILHOS + FAIXA_CREDITOS_ATIVOS__UM_A_DOIS_CREDITOS_ATIVOS;FAIXA_CREDITO__CREDITO_MEDIO + POSSE_CARRO__SEM_CARRO + FAIXA_TAXA_REJEICAO__SEM_REJEICAO_PREVIA;3;3;6;0.010000;0.12;1.11;0;1.01;FAIXA_CREDITO__CREDITO_MEDIO + FAIXA_IDADE__IDADE_50_A_59 + CATEGORIA_FILHOS__SEM_FILHOS + POSSE_CARRO__SEM_CARRO + FAIXA_CREDITOS_ATIVOS__UM_A_DOIS_CREDITOS_ATIVOS + FAIXA_TAXA_REJEICAO__SEM_REJEICAO_PREVIA;100;0.010000
827;FAIXA_TAXA_REJEICAO__REJEICAO_PREVIA_ATE_25_PCT;FAIXA_IDADE__IDADE_60_OU_MAIS + FAIXA_CREDITOS_ATIVOS__UM_A_DOIS_CREDITOS_ATIVOS;1;2;3;0.010000;0.07;1.11;0;1.01;FAIXA_IDADE__IDADE_60_OU_MAIS + FAIXA_CREDITOS_ATIVOS__UM_A_DOIS_CREDITOS_ATIVOS + FAIXA_TAXA_REJEICAO__REJEICAO_PREVIA_ATE_25_PCT;100;0.010000
828;FAIXA_IDADE__IDADE_60_OU_MAIS + FAIXA_CREDITOS_ATIVOS__UM_A_DOIS_CREDITOS_ATIVOS;FAIXA_TAXA_REJEICAO__REJEICAO_PREVIA_ATE_25_PCT;2;1;3;0.010000;0.17;1.11;0;1.02;FAIXA_IDADE__IDADE_60_OU_MAIS + FAIXA_CREDITOS_ATIVOS__UM_A_DOIS_CREDITOS_ATIVOS + FAIXA_TAXA_REJEICAO__REJEICAO_PREVIA_ATE_25_PCT;100;0.010000
829;FAIXA_RENDA__RENDA_MUITO_ALTA + FAIXA_IDADE__IDADE_40_A_49 + FAIXA_TAXA_REJEICAO__SEM_REJEICAO_PREVIA;CATEGORIA_FILHOS__SEM_FILHOS + SITUACAO_FAMILIAR__CASADO_OU_UNIAO_CIVIL + FAIXA_CREDITOS_ATIVOS__UM_A_DOIS_CREDITOS_ATIVOS;3;3;6;0.010000;0.23;1.11;0;1.03;FAIXA_RENDA__RENDA_MUITO_ALTA + FAIXA_IDADE__IDADE_40_A_49 + CATEGORIA_FILHOS__SEM_FILHOS + SITUACAO_FAMILIAR__CASADO_OU_UNIAO_CIVIL + FAIXA_CREDITOS_ATIVOS__UM_A_DOIS_CREDITOS_ATIVOS + FAIXA_TAXA_REJEICAO__SEM_REJEICAO_PREVIA;100;0.010000
830;CATEGORIA_FILHOS__SEM_FILHOS + SITUACAO_FAMILIAR__CASADO_OU_UNIAO_CIVIL + FAIXA_CREDITOS_ATIVOS__UM_A_DOIS_CREDITOS_ATIVOS;FAIXA_RENDA__RENDA_MUITO_ALTA + FAIXA_IDADE__IDADE_40_A_49 + FAIXA_TAXA_REJEICAO__SEM_REJEICAO_PREVIA;3;3;6;0.010000;0.05;1.11;0;1;FAIXA_RENDA__RENDA_MUITO_ALTA + FAIXA_IDADE__IDADE_40_A_49 + CATEGORIA_FILHOS__SEM_FILHOS + SITUACAO_FAMILIAR__CASADO_OU_UNIAO_CIVIL + FAIXA_CREDITOS_ATIVOS__UM_A_DOIS_CREDITOS_ATIVOS + FAIXA_TAXA_REJEICAO__SEM_REJEICAO_PREVIA;100;0.010000
831;FAIXA_RENDA__RENDA_MUITO_ALTA + POSSE_CARRO__SEM_CARRO + FAIXA_CREDITOS_ATIVOS__UM_A_DOIS_CREDITOS_ATIVOS;FAIXA_CREDITO__CREDITO_ALTO + FAIXA_TAXA_REJEICAO__SEM_REJEICAO_PREVIA;3;2;5;0.010000;0.19;1.11;0;1.02;FAIXA_CREDITO__CREDITO_ALTO + FAIXA_RENDA__RENDA_MUITO_ALTA + POSSE_CARRO__SEM_CARRO + FAIXA_CREDITOS_ATIVOS__UM_A_DOIS_CREDITOS_ATIVOS + FAIXA_TAXA_REJEICAO__SEM_REJEICAO_PREVIA;100;0.010000
832;FAIXA_CREDITO__CREDITO_ALTO + FAIXA_TAXA_REJEICAO__SEM_REJEICAO_PREVIA;FAIXA_RENDA__RENDA_MUITO_ALTA + POSSE_CARRO__SEM_CARRO + FAIXA_CREDITOS_ATIVOS__UM_A_DOIS_CREDITOS_ATIVOS;2;3;5;0.010000;0.06;1.11;0;1.01;FAIXA_CREDITO__CREDITO_ALTO + FAIXA_RENDA__RENDA_MUITO_ALTA + POSSE_CARRO__SEM_CARRO + FAIXA_CREDITOS_ATIVOS__UM_A_DOIS_CREDITOS_ATIVOS + FAIXA_TAXA_REJEICAO__SEM_REJEICAO_PREVIA;100;0.010000
833;FAIXA_RENDA__RENDA_MEDIA;FAIXA_IDADE__IDADE_21_A_29 + CATEGORIA_FILHOS__SEM_FILHOS + POSSE_CARRO__SEM_CARRO;1;3;4;0.010000;0.06;1.11;0;1.01;FAIXA_RENDA__RENDA_MEDIA + FAIXA_IDADE__IDADE_21_A_29 + CATEGORIA_FILHOS__SEM_FILHOS + POSSE_CARRO__SEM_CARRO;100;0.010000
834;FAIXA_IDADE__IDADE_21_A_29 + CATEGORIA_FILHOS__SEM_FILHOS + POSSE_CARRO__SEM_CARRO;FAIXA_RENDA__RENDA_MEDIA;3;1;4;0.010000;0.19;1.11;0;1.02;FAIXA_RENDA__RENDA_MEDIA + FAIXA_IDADE__IDADE_21_A_29 + CATEGORIA_FILHOS__SEM_FILHOS + POSSE_CARRO__SEM_CARRO;100;0.010000
835;FAIXA_CREDITO__CREDITO_ALTO + FAIXA_IDADE__IDADE_50_A_59 + SITUACAO_FAMILIAR__CASADO_OU_UNIAO_CIVIL;CATEGORIA_FILHOS__SEM_FILHOS + FAIXA_CREDITOS_ATIVOS__SEM_CREDITOS_ATIVOS;3;2;5;0.010000;0.23;1.11;0;1.03;FAIXA_CREDITO__CREDITO_ALTO + FAIXA_IDADE__IDADE_50_A_59 + CATEGORIA_FILHOS__SEM_FILHOS + SITUACAO_FAMILIAR__CASADO_OU_UNIAO_CIVIL + FAIXA_CREDITOS_ATIVOS__SEM_CREDITOS_ATIVOS;100;0.010000
836;CATEGORIA_FILHOS__SEM_FILHOS + FAIXA_CREDITOS_ATIVOS__SEM_CREDITOS_ATIVOS;FAIXA_CREDITO__CREDITO_ALTO + FAIXA_IDADE__IDADE_50_A_59 + SITUACAO_FAMILIAR__CASADO_OU_UNIAO_CIVIL;2;3;5;0.010000;0.05;1.11;0;1;FAIXA_CREDITO__CREDITO_ALTO + FAIXA_IDADE__IDADE_50_A_59 + CATEGORIA_FILHOS__SEM_FILHOS + SITUACAO_FAMILIAR__CASADO_OU_UNIAO_CIVIL + FAIXA_CREDITOS_ATIVOS__SEM_CREDITOS_ATIVOS;100;0.010000
837;FAIXA_CREDITO__CREDITO_ALTO + FAIXA_RENDA__RENDA_ALTA + FAIXA_IDADE__IDADE_50_A_59 + CATEGORIA_FILHOS__SEM_FILHOS;POSSE_CARRO__SEM_CARRO;4;1;5;0.010000;0.73;1.11;0;1.22;FAIXA_CREDITO__CREDITO_ALTO + FAIXA_RENDA__RENDA_ALTA + FAIXA_IDADE__IDADE_50_A_59 + CATEGORIA_FILHOS__SEM_FILHOS + POSSE_CARRO__SEM_CARRO;100;0.010000
838;POSSE_CARRO__SEM_CARRO;FAIXA_CREDITO__CREDITO_ALTO + FAIXA_RENDA__RENDA_ALTA + FAIXA_IDADE__IDADE_50_A_59 + CATEGORIA_FILHOS__SEM_FILHOS;1;4;5;0.010000;0.02;1.11;0;1;FAIXA_CREDITO__CREDITO_ALTO + FAIXA_RENDA__RENDA_ALTA + FAIXA_IDADE__IDADE_50_A_59 + CATEGORIA_FILHOS__SEM_FILHOS + POSSE_CARRO__SEM_CARRO;100;0.010000
839;POSSE_CARRO__SEM_CARRO;FAIXA_RENDA__RENDA_BAIXA + FAIXA_IDADE__IDADE_40_A_49 + CATEGORIA_FILHOS__SEM_FILHOS + FAIXA_CREDITOS_ATIVOS__UM_A_DOIS_CREDITOS_ATIVOS + FAIXA_TAXA_REJEICAO__SEM_REJEICAO_PREVIA;1;5;6;0.010000;0.02;1.11;0;1;FAIXA_RENDA__RENDA_BAIXA + FAIXA_IDADE__IDADE_40_A_49 + CATEGORIA_FILHOS__SEM_FILHOS + POSSE_CARRO__SEM_CARRO + FAIXA_CREDITOS_ATIVOS__UM_A_DOIS_CREDITOS_ATIVOS + FAIXA_TAXA_REJEICAO__SEM_REJEICAO_PREVIA;100;0.010000
840;FAIXA_RENDA__RENDA_BAIXA + FAIXA_IDADE__IDADE_40_A_49 + CATEGORIA_FILHOS__SEM_FILHOS + FAIXA_CREDITOS_ATIVOS__UM_A_DOIS_CREDITOS_ATIVOS + FAIXA_TAXA_REJEICAO__SEM_REJEICAO_PREVIA;POSSE_CARRO__SEM_CARRO;5;1;6;0.010000;0.73;1.11;0;1.22;FAIXA_RENDA__RENDA_BAIXA + FAIXA_IDADE__IDADE_40_A_49 + CATEGORIA_FILHOS__SEM_FILHOS + POSSE_CARRO__SEM_CARRO + FAIXA_CREDITOS_ATIVOS__UM_A_DOIS_CREDITOS_ATIVOS + FAIXA_TAXA_REJEICAO__SEM_REJEICAO_PREVIA;100;0.010000
841;POSSE_CARRO__SEM_CARRO + SITUACAO_FAMILIAR__CASADO_OU_UNIAO_CIVIL;FAIXA_RENDA__RENDA_BAIXA + FAIXA_IDADE__IDADE_21_A_29 + FAIXA_CREDITOS_ATIVOS__UM_A_DOIS_CREDITOS_ATIVOS;2;3;5;0.010000;0.02;1.1;0;1;FAIXA_RENDA__RENDA_BAIXA + FAIXA_IDADE__IDADE_21_A_29 + POSSE_CARRO__SEM_CARRO + SITUACAO_FAMILIAR__CASADO_OU_UNIAO_CIVIL + FAIXA_CREDITOS_ATIVOS__UM_A_DOIS_CREDITOS_ATIVOS;100;0.010000
842;FAIXA_RENDA__RENDA_BAIXA + FAIXA_IDADE__IDADE_21_A_29 + FAIXA_CREDITOS_ATIVOS__UM_A_DOIS_CREDITOS_ATIVOS;POSSE_CARRO__SEM_CARRO + SITUACAO_FAMILIAR__CASADO_OU_UNIAO_CIVIL;3;2;5;0.010000;0.5;1.1;0;1.08;FAIXA_RENDA__RENDA_BAIXA + FAIXA_IDADE__IDADE_21_A_29 + POSSE_CARRO__SEM_CARRO + SITUACAO_FAMILIAR__CASADO_OU_UNIAO_CIVIL + FAIXA_CREDITOS_ATIVOS__UM_A_DOIS_CREDITOS_ATIVOS;100;0.010000
843;FAIXA_IDADE__IDADE_50_A_59 + CATEGORIA_FILHOS__SEM_FILHOS + POSSE_CARRO__SEM_CARRO;FAIXA_CREDITOS_ATIVOS__TRES_OU_MAIS_CREDITOS_ATIVOS + FAIXA_TAXA_REJEICAO__REJEICAO_PREVIA_ACIMA_25_PCT;3;2;5;0.010000;0.07;1.1;0;1.01;FAIXA_IDADE__IDADE_50_A_59 + CATEGORIA_FILHOS__SEM_FILHOS + POSSE_CARRO__SEM_CARRO + FAIXA_CREDITOS_ATIVOS__TRES_OU_MAIS_CREDITOS_ATIVOS + FAIXA_TAXA_REJEICAO__REJEICAO_PREVIA_ACIMA_25_PCT;100;0.010000
844;FAIXA_CREDITOS_ATIVOS__TRES_OU_MAIS_CREDITOS_ATIVOS + FAIXA_TAXA_REJEICAO__REJEICAO_PREVIA_ACIMA_25_PCT;FAIXA_IDADE__IDADE_50_A_59 + CATEGORIA_FILHOS__SEM_FILHOS + POSSE_CARRO__SEM_CARRO;2;3;5;0.010000;0.16;1.1;0;1.02;FAIXA_IDADE__IDADE_50_A_59 + CATEGORIA_FILHOS__SEM_FILHOS + POSSE_CARRO__SEM_CARRO + FAIXA_CREDITOS_ATIVOS__TRES_OU_MAIS_CREDITOS_ATIVOS + FAIXA_TAXA_REJEICAO__REJEICAO_PREVIA_ACIMA_25_PCT;100;0.010000
845;SITUACAO_FAMILIAR__CASADO_OU_UNIAO_CIVIL;FAIXA_RENDA__RENDA_BAIXA + POSSE_CARRO__COM_CARRO + FAIXA_TAXA_REJEICAO__REJEICAO_PREVIA_ACIMA_25_PCT;1;3;4;0.010000;0.01;1.1;0;1;FAIXA_RENDA__RENDA_BAIXA + POSSE_CARRO__COM_CARRO + SITUACAO_FAMILIAR__CASADO_OU_UNIAO_CIVIL + FAIXA_TAXA_REJEICAO__REJEICAO_PREVIA_ACIMA_25_PCT;100;0.010000
846;SITUACAO_FAMILIAR__CASADO_OU_UNIAO_CIVIL;FAIXA_RENDA__RENDA_ALTA + FAIXA_IDADE__IDADE_30_A_39 + FAIXA_CREDITOS_ATIVOS__TRES_OU_MAIS_CREDITOS_ATIVOS + FAIXA_TAXA_REJEICAO__SEM_REJEICAO_PREVIA;1;4;5;0.010000;0.01;1.1;0;1;FAIXA_RENDA__RENDA_ALTA + FAIXA_IDADE__IDADE_30_A_39 + SITUACAO_FAMILIAR__CASADO_OU_UNIAO_CIVIL + FAIXA_CREDITOS_ATIVOS__TRES_OU_MAIS_CREDITOS_ATIVOS + FAIXA_TAXA_REJEICAO__SEM_REJEICAO_PREVIA;100;0.010000
847;SITUACAO_FAMILIAR__CASADO_OU_UNIAO_CIVIL;FAIXA_RENDA__RENDA_MEDIA + FAIXA_IDADE__IDADE_30_A_39 + POSSE_CARRO__COM_CARRO + FAIXA_TAXA_REJEICAO__SEM_REJEICAO_PREVIA;1;4;5;0.010000;0.01;1.1;0;1;FAIXA_RENDA__RENDA_MEDIA + FAIXA_IDADE__IDADE_30_A_39 + POSSE_CARRO__COM_CARRO + SITUACAO_FAMILIAR__CASADO_OU_UNIAO_CIVIL + FAIXA_TAXA_REJEICAO__SEM_REJEICAO_PREVIA;100;0.010000
848;FAIXA_RENDA__RENDA_BAIXA + POSSE_CARRO__COM_CARRO + FAIXA_TAXA_REJEICAO__REJEICAO_PREVIA_ACIMA_25_PCT;SITUACAO_FAMILIAR__CASADO_OU_UNIAO_CIVIL;3;1;4;0.010000;0.81;1.1;0;1.34;FAIXA_RENDA__RENDA_BAIXA + POSSE_CARRO__COM_CARRO + SITUACAO_FAMILIAR__CASADO_OU_UNIAO_CIVIL + FAIXA_TAXA_REJEICAO__REJEICAO_PREVIA_ACIMA_25_PCT;100;0.010000
849;FAIXA_RENDA__RENDA_ALTA + FAIXA_IDADE__IDADE_30_A_39 + FAIXA_CREDITOS_ATIVOS__TRES_OU_MAIS_CREDITOS_ATIVOS + FAIXA_TAXA_REJEICAO__SEM_REJEICAO_PREVIA;SITUACAO_FAMILIAR__CASADO_OU_UNIAO_CIVIL;4;1;5;0.010000;0.81;1.1;0;1.34;FAIXA_RENDA__RENDA_ALTA + FAIXA_IDADE__IDADE_30_A_39 + SITUACAO_FAMILIAR__CASADO_OU_UNIAO_CIVIL + FAIXA_CREDITOS_ATIVOS__TRES_OU_MAIS_CREDITOS_ATIVOS + FAIXA_TAXA_REJEICAO__SEM_REJEICAO_PREVIA;100;0.010000
850;FAIXA_RENDA__RENDA_MEDIA + FAIXA_IDADE__IDADE_30_A_39 + POSSE_CARRO__COM_CARRO + FAIXA_TAXA_REJEICAO__SEM_REJEICAO_PREVIA;SITUACAO_FAMILIAR__CASADO_OU_UNIAO_CIVIL;4;1;5;0.010000;0.81;1.1;0;1.34;FAIXA_RENDA__RENDA_MEDIA + FAIXA_IDADE__IDADE_30_A_39 + POSSE_CARRO__COM_CARRO + SITUACAO_FAMILIAR__CASADO_OU_UNIAO_CIVIL + FAIXA_TAXA_REJEICAO__SEM_REJEICAO_PREVIA;100;0.010000
851;POSSE_CARRO__COM_CARRO;FAIXA_RENDA__RENDA_MEDIA + FAIXA_CREDITOS_ATIVOS__TRES_OU_MAIS_CREDITOS_ATIVOS + FAIXA_TAXA_REJEICAO__SEM_REJEICAO_PREVIA;1;3;4;0.010000;0.03;1.1;0;1;FAIXA_RENDA__RENDA_MEDIA + POSSE_CARRO__COM_CARRO + FAIXA_CREDITOS_ATIVOS__TRES_OU_MAIS_CREDITOS_ATIVOS + FAIXA_TAXA_REJEICAO__SEM_REJEICAO_PREVIA;100;0.010000
852;FAIXA_RENDA__RENDA_MEDIA + FAIXA_CREDITOS_ATIVOS__TRES_OU_MAIS_CREDITOS_ATIVOS + FAIXA_TAXA_REJEICAO__SEM_REJEICAO_PREVIA;POSSE_CARRO__COM_CARRO;3;1;4;0.010000;0.37;1.1;0;1.05;FAIXA_RENDA__RENDA_MEDIA + POSSE_CARRO__COM_CARRO + FAIXA_CREDITOS_ATIVOS__TRES_OU_MAIS_CREDITOS_ATIVOS + FAIXA_TAXA_REJEICAO__SEM_REJEICAO_PREVIA;100;0.010000
853;FAIXA_CREDITO__CREDITO_MEDIO;FAIXA_RENDA__RENDA_ALTA + SITUACAO_FAMILIAR__SOLTEIRO;1;2;3;0.010000;0.04;1.1;0;1;FAIXA_CREDITO__CREDITO_MEDIO + FAIXA_RENDA__RENDA_ALTA + SITUACAO_FAMILIAR__SOLTEIRO;100;0.010000
854;FAIXA_RENDA__RENDA_ALTA + SITUACAO_FAMILIAR__SOLTEIRO;FAIXA_CREDITO__CREDITO_MEDIO;2;1;3;0.010000;0.27;1.1;0;1.03;FAIXA_CREDITO__CREDITO_MEDIO + FAIXA_RENDA__RENDA_ALTA + SITUACAO_FAMILIAR__SOLTEIRO;100;0.010000
855;FAIXA_IDADE__IDADE_60_OU_MAIS;FAIXA_CREDITOS_ATIVOS__UM_A_DOIS_CREDITOS_ATIVOS + FAIXA_TAXA_REJEICAO__REJEICAO_PREVIA_ATE_25_PCT;1;2;3;0.010000;0.07;1.1;0;1.01;FAIXA_IDADE__IDADE_60_OU_MAIS + FAIXA_CREDITOS_ATIVOS__UM_A_DOIS_CREDITOS_ATIVOS + FAIXA_TAXA_REJEICAO__REJEICAO_PREVIA_ATE_25_PCT;100;0.010000
856;FAIXA_CREDITOS_ATIVOS__UM_A_DOIS_CREDITOS_ATIVOS + FAIXA_TAXA_REJEICAO__REJEICAO_PREVIA_ATE_25_PCT;FAIXA_IDADE__IDADE_60_OU_MAIS;2;1;3;0.010000;0.16;1.1;0;1.02;FAIXA_IDADE__IDADE_60_OU_MAIS + FAIXA_CREDITOS_ATIVOS__UM_A_DOIS_CREDITOS_ATIVOS + FAIXA_TAXA_REJEICAO__REJEICAO_PREVIA_ATE_25_PCT;100;0.010000
857;FAIXA_RENDA__RENDA_ALTA + FAIXA_IDADE__IDADE_50_A_59 + SITUACAO_FAMILIAR__CASADO_OU_UNIAO_CIVIL;POSSE_CARRO__COM_CARRO + FAIXA_TAXA_REJEICAO__SEM_REJEICAO_PREVIA;3;2;5;0.010000;0.25;1.1;0;1.03;FAIXA_RENDA__RENDA_ALTA + FAIXA_IDADE__IDADE_50_A_59 + POSSE_CARRO__COM_CARRO + SITUACAO_FAMILIAR__CASADO_OU_UNIAO_CIVIL + FAIXA_TAXA_REJEICAO__SEM_REJEICAO_PREVIA;100;0.010000
858;POSSE_CARRO__COM_CARRO + FAIXA_TAXA_REJEICAO__SEM_REJEICAO_PREVIA;FAIXA_RENDA__RENDA_ALTA + FAIXA_IDADE__IDADE_50_A_59 + SITUACAO_FAMILIAR__CASADO_OU_UNIAO_CIVIL;2;3;5;0.010000;0.04;1.1;0;1;FAIXA_RENDA__RENDA_ALTA + FAIXA_IDADE__IDADE_50_A_59 + POSSE_CARRO__COM_CARRO + SITUACAO_FAMILIAR__CASADO_OU_UNIAO_CIVIL + FAIXA_TAXA_REJEICAO__SEM_REJEICAO_PREVIA;100;0.010000
859;FAIXA_CREDITOS_ATIVOS__UM_A_DOIS_CREDITOS_ATIVOS;FAIXA_IDADE__IDADE_21_A_29 + CATEGORIA_FILHOS__UM_FILHO + FAIXA_TAXA_REJEICAO__SEM_REJEICAO_PREVIA;1;3;4;0.010000;0.02;1.1;0;1;FAIXA_IDADE__IDADE_21_A_29 + CATEGORIA_FILHOS__UM_FILHO + FAIXA_CREDITOS_ATIVOS__UM_A_DOIS_CREDITOS_ATIVOS + FAIXA_TAXA_REJEICAO__SEM_REJEICAO_PREVIA;100;0.010000
860;FAIXA_IDADE__IDADE_21_A_29 + CATEGORIA_FILHOS__UM_FILHO + FAIXA_TAXA_REJEICAO__SEM_REJEICAO_PREVIA;FAIXA_CREDITOS_ATIVOS__UM_A_DOIS_CREDITOS_ATIVOS;3;1;4;0.010000;0.48;1.1;0;1.07;FAIXA_IDADE__IDADE_21_A_29 + CATEGORIA_FILHOS__UM_FILHO + FAIXA_CREDITOS_ATIVOS__UM_A_DOIS_CREDITOS_ATIVOS + FAIXA_TAXA_REJEICAO__SEM_REJEICAO_PREVIA;100;0.010000
861;FAIXA_CREDITO__CREDITO_ALTO + POSSE_CARRO__SEM_CARRO;FAIXA_RENDA__RENDA_MEDIA + SITUACAO_FAMILIAR__CASADO_OU_UNIAO_CIVIL + FAIXA_CREDITOS_ATIVOS__UM_A_DOIS_CREDITOS_ATIVOS;2;3;5;0.010000;0.06;1.1;0;1.01;FAIXA_CREDITO__CREDITO_ALTO + FAIXA_RENDA__RENDA_MEDIA + POSSE_CARRO__SEM_CARRO + SITUACAO_FAMILIAR__CASADO_OU_UNIAO_CIVIL + FAIXA_CREDITOS_ATIVOS__UM_A_DOIS_CREDITOS_ATIVOS;100;0.010000
862;FAIXA_RENDA__RENDA_MEDIA + SITUACAO_FAMILIAR__CASADO_OU_UNIAO_CIVIL + FAIXA_CREDITOS_ATIVOS__UM_A_DOIS_CREDITOS_ATIVOS;FAIXA_CREDITO__CREDITO_ALTO + POSSE_CARRO__SEM_CARRO;3;2;5;0.010000;0.18;1.1;0;1.02;FAIXA_CREDITO__CREDITO_ALTO + FAIXA_RENDA__RENDA_MEDIA + POSSE_CARRO__SEM_CARRO + SITUACAO_FAMILIAR__CASADO_OU_UNIAO_CIVIL + FAIXA_CREDITOS_ATIVOS__UM_A_DOIS_CREDITOS_ATIVOS;100;0.010000
863;POSSE_CARRO__COM_CARRO + SITUACAO_FAMILIAR__CASADO_OU_UNIAO_CIVIL + FAIXA_TAXA_REJEICAO__SEM_REJEICAO_PREVIA;FAIXA_RENDA__RENDA_MEDIA + FAIXA_IDADE__IDADE_30_A_39;3;2;5;0.010000;0.05;1.1;0;1;FAIXA_RENDA__RENDA_MEDIA + FAIXA_IDADE__IDADE_30_A_39 + POSSE_CARRO__COM_CARRO + SITUACAO_FAMILIAR__CASADO_OU_UNIAO_CIVIL + FAIXA_TAXA_REJEICAO__SEM_REJEICAO_PREVIA;100;0.010000
864;FAIXA_RENDA__RENDA_MEDIA + FAIXA_IDADE__IDADE_30_A_39;POSSE_CARRO__COM_CARRO + SITUACAO_FAMILIAR__CASADO_OU_UNIAO_CIVIL + FAIXA_TAXA_REJEICAO__SEM_REJEICAO_PREVIA;2;3;5;0.010000;0.2;1.1;0;1.02;FAIXA_RENDA__RENDA_MEDIA + FAIXA_IDADE__IDADE_30_A_39 + POSSE_CARRO__COM_CARRO + SITUACAO_FAMILIAR__CASADO_OU_UNIAO_CIVIL + FAIXA_TAXA_REJEICAO__SEM_REJEICAO_PREVIA;100;0.010000
865;FAIXA_CREDITO__CREDITO_MUITO_ALTO + POSSE_CARRO__SEM_CARRO;FAIXA_CREDITOS_ATIVOS__TRES_OU_MAIS_CREDITOS_ATIVOS + FAIXA_TAXA_REJEICAO__REJEICAO_PREVIA_ACIMA_25_PCT;2;2;4;0.010000;0.07;1.1;0;1.01;FAIXA_CREDITO__CREDITO_MUITO_ALTO + POSSE_CARRO__SEM_CARRO + FAIXA_CREDITOS_ATIVOS__TRES_OU_MAIS_CREDITOS_ATIVOS + FAIXA_TAXA_REJEICAO__REJEICAO_PREVIA_ACIMA_25_PCT;100;0.010000
866;FAIXA_CREDITOS_ATIVOS__TRES_OU_MAIS_CREDITOS_ATIVOS + FAIXA_TAXA_REJEICAO__REJEICAO_PREVIA_ACIMA_25_PCT;FAIXA_CREDITO__CREDITO_MUITO_ALTO + POSSE_CARRO__SEM_CARRO;2;2;4;0.010000;0.16;1.1;0;1.02;FAIXA_CREDITO__CREDITO_MUITO_ALTO + POSSE_CARRO__SEM_CARRO + FAIXA_CREDITOS_ATIVOS__TRES_OU_MAIS_CREDITOS_ATIVOS + FAIXA_TAXA_REJEICAO__REJEICAO_PREVIA_ACIMA_25_PCT;100;0.010000
867;FAIXA_CREDITOS_ATIVOS__UM_A_DOIS_CREDITOS_ATIVOS;FAIXA_CREDITO__CREDITO_MUITO_ALTO + SITUACAO_FAMILIAR__SEPARADO_VIUVO_OU_NAO_INFORMADO;1;2;3;0.010000;0.02;1.1;0;1;FAIXA_CREDITO__CREDITO_MUITO_ALTO + SITUACAO_FAMILIAR__SEPARADO_VIUVO_OU_NAO_INFORMADO + FAIXA_CREDITOS_ATIVOS__UM_A_DOIS_CREDITOS_ATIVOS;100;0.010000
868;FAIXA_CREDITOS_ATIVOS__UM_A_DOIS_CREDITOS_ATIVOS;FAIXA_CREDITO__CREDITO_ALTO + FAIXA_RENDA__RENDA_MUITO_ALTA + POSSE_CARRO__SEM_CARRO + FAIXA_TAXA_REJEICAO__SEM_REJEICAO_PREVIA;1;4;5;0.010000;0.02;1.1;0;1;FAIXA_CREDITO__CREDITO_ALTO + FAIXA_RENDA__RENDA_MUITO_ALTA + POSSE_CARRO__SEM_CARRO + FAIXA_CREDITOS_ATIVOS__UM_A_DOIS_CREDITOS_ATIVOS + FAIXA_TAXA_REJEICAO__SEM_REJEICAO_PREVIA;100;0.010000
869;FAIXA_CREDITO__CREDITO_MUITO_ALTO + SITUACAO_FAMILIAR__SEPARADO_VIUVO_OU_NAO_INFORMADO;FAIXA_CREDITOS_ATIVOS__UM_A_DOIS_CREDITOS_ATIVOS;2;1;3;0.010000;0.48;1.1;0;1.07;FAIXA_CREDITO__CREDITO_MUITO_ALTO + SITUACAO_FAMILIAR__SEPARADO_VIUVO_OU_NAO_INFORMADO + FAIXA_CREDITOS_ATIVOS__UM_A_DOIS_CREDITOS_ATIVOS;100;0.010000
870;FAIXA_CREDITO__CREDITO_ALTO + FAIXA_RENDA__RENDA_MUITO_ALTA + POSSE_CARRO__SEM_CARRO + FAIXA_TAXA_REJEICAO__SEM_REJEICAO_PREVIA;FAIXA_CREDITOS_ATIVOS__UM_A_DOIS_CREDITOS_ATIVOS;4;1;5;0.010000;0.48;1.1;0;1.07;FAIXA_CREDITO__CREDITO_ALTO + FAIXA_RENDA__RENDA_MUITO_ALTA + POSSE_CARRO__SEM_CARRO + FAIXA_CREDITOS_ATIVOS__UM_A_DOIS_CREDITOS_ATIVOS + FAIXA_TAXA_REJEICAO__SEM_REJEICAO_PREVIA;100;0.010000
871;FAIXA_CREDITO__CREDITO_ALTO + SITUACAO_FAMILIAR__CASADO_OU_UNIAO_CIVIL;FAIXA_RENDA__RENDA_BAIXA + FAIXA_IDADE__IDADE_50_A_59 + CATEGORIA_FILHOS__SEM_FILHOS + FAIXA_TAXA_REJEICAO__SEM_REJEICAO_PREVIA;2;4;6;0.010000;0.05;1.09;0;1;FAIXA_CREDITO__CREDITO_ALTO + FAIXA_RENDA__RENDA_BAIXA + FAIXA_IDADE__IDADE_50_A_59 + CATEGORIA_FILHOS__SEM_FILHOS + SITUACAO_FAMILIAR__CASADO_OU_UNIAO_CIVIL + FAIXA_TAXA_REJEICAO__SEM_REJEICAO_PREVIA;100;0.010000
872;FAIXA_RENDA__RENDA_BAIXA + FAIXA_IDADE__IDADE_50_A_59 + CATEGORIA_FILHOS__SEM_FILHOS + FAIXA_TAXA_REJEICAO__SEM_REJEICAO_PREVIA;FAIXA_CREDITO__CREDITO_ALTO + SITUACAO_FAMILIAR__CASADO_OU_UNIAO_CIVIL;4;2;6;0.010000;0.2;1.09;0;1.02;FAIXA_CREDITO__CREDITO_ALTO + FAIXA_RENDA__RENDA_BAIXA + FAIXA_IDADE__IDADE_50_A_59 + CATEGORIA_FILHOS__SEM_FILHOS + SITUACAO_FAMILIAR__CASADO_OU_UNIAO_CIVIL + FAIXA_TAXA_REJEICAO__SEM_REJEICAO_PREVIA;100;0.010000
873;FAIXA_RENDA__RENDA_BAIXA + FAIXA_IDADE__IDADE_60_OU_MAIS + CATEGORIA_FILHOS__SEM_FILHOS;POSSE_CARRO__SEM_CARRO + SITUACAO_FAMILIAR__CASADO_OU_UNIAO_CIVIL + FAIXA_CREDITOS_ATIVOS__UM_A_DOIS_CREDITOS_ATIVOS + FAIXA_TAXA_REJEICAO__SEM_REJEICAO_PREVIA;3;4;7;0.010000;0.15;1.09;0;1.01;FAIXA_RENDA__RENDA_BAIXA + FAIXA_IDADE__IDADE_60_OU_MAIS + CATEGORIA_FILHOS__SEM_FILHOS + POSSE_CARRO__SEM_CARRO + SITUACAO_FAMILIAR__CASADO_OU_UNIAO_CIVIL + FAIXA_CREDITOS_ATIVOS__UM_A_DOIS_CREDITOS_ATIVOS + FAIXA_TAXA_REJEICAO__SEM_REJEICAO_PREVIA;100;0.010000
874;POSSE_CARRO__SEM_CARRO + SITUACAO_FAMILIAR__CASADO_OU_UNIAO_CIVIL + FAIXA_CREDITOS_ATIVOS__UM_A_DOIS_CREDITOS_ATIVOS + FAIXA_TAXA_REJEICAO__SEM_REJEICAO_PREVIA;FAIXA_RENDA__RENDA_BAIXA + FAIXA_IDADE__IDADE_60_OU_MAIS + CATEGORIA_FILHOS__SEM_FILHOS;4;3;7;0.010000;0.07;1.09;0;1.01;FAIXA_RENDA__RENDA_BAIXA + FAIXA_IDADE__IDADE_60_OU_MAIS + CATEGORIA_FILHOS__SEM_FILHOS + POSSE_CARRO__SEM_CARRO + SITUACAO_FAMILIAR__CASADO_OU_UNIAO_CIVIL + FAIXA_CREDITOS_ATIVOS__UM_A_DOIS_CREDITOS_ATIVOS + FAIXA_TAXA_REJEICAO__SEM_REJEICAO_PREVIA;100;0.010000
875;FAIXA_CREDITO__CREDITO_ALTO;FAIXA_RENDA__RENDA_BAIXA + FAIXA_IDADE__IDADE_50_A_59 + CATEGORIA_FILHOS__SEM_FILHOS + SITUACAO_FAMILIAR__CASADO_OU_UNIAO_CIVIL + FAIXA_TAXA_REJEICAO__SEM_REJEICAO_PREVIA;1;5;6;0.010000;0.04;1.09;0;1;FAIXA_CREDITO__CREDITO_ALTO + FAIXA_RENDA__RENDA_BAIXA + FAIXA_IDADE__IDADE_50_A_59 + CATEGORIA_FILHOS__SEM_FILHOS + SITUACAO_FAMILIAR__CASADO_OU_UNIAO_CIVIL + FAIXA_TAXA_REJEICAO__SEM_REJEICAO_PREVIA;100;0.010000
876;FAIXA_RENDA__RENDA_BAIXA + FAIXA_IDADE__IDADE_50_A_59 + CATEGORIA_FILHOS__SEM_FILHOS + SITUACAO_FAMILIAR__CASADO_OU_UNIAO_CIVIL + FAIXA_TAXA_REJEICAO__SEM_REJEICAO_PREVIA;FAIXA_CREDITO__CREDITO_ALTO;5;1;6;0.010000;0.27;1.09;0;1.03;FAIXA_CREDITO__CREDITO_ALTO + FAIXA_RENDA__RENDA_BAIXA + FAIXA_IDADE__IDADE_50_A_59 + CATEGORIA_FILHOS__SEM_FILHOS + SITUACAO_FAMILIAR__CASADO_OU_UNIAO_CIVIL + FAIXA_TAXA_REJEICAO__SEM_REJEICAO_PREVIA;100;0.010000
877;FAIXA_RENDA__RENDA_MEDIA + FAIXA_IDADE__IDADE_30_A_39 + FAIXA_TAXA_REJEICAO__SEM_REJEICAO_PREVIA;POSSE_CARRO__COM_CARRO + SITUACAO_FAMILIAR__CASADO_OU_UNIAO_CIVIL;3;2;5;0.010000;0.3;1.09;0;1.03;FAIXA_RENDA__RENDA_MEDIA + FAIXA_IDADE__IDADE_30_A_39 + POSSE_CARRO__COM_CARRO + SITUACAO_FAMILIAR__CASADO_OU_UNIAO_CIVIL + FAIXA_TAXA_REJEICAO__SEM_REJEICAO_PREVIA;100;0.010000
878;POSSE_CARRO__COM_CARRO + SITUACAO_FAMILIAR__CASADO_OU_UNIAO_CIVIL;FAIXA_RENDA__RENDA_MEDIA + FAIXA_IDADE__IDADE_30_A_39 + FAIXA_TAXA_REJEICAO__SEM_REJEICAO_PREVIA;2;3;5;0.010000;0.04;1.09;0;1;FAIXA_RENDA__RENDA_MEDIA + FAIXA_IDADE__IDADE_30_A_39 + POSSE_CARRO__COM_CARRO + SITUACAO_FAMILIAR__CASADO_OU_UNIAO_CIVIL + FAIXA_TAXA_REJEICAO__SEM_REJEICAO_PREVIA;100;0.010000
879;FAIXA_IDADE__IDADE_50_A_59;FAIXA_CREDITO__CREDITO_BAIXO + FAIXA_RENDA__RENDA_BAIXA + CATEGORIA_FILHOS__SEM_FILHOS + FAIXA_CREDITOS_ATIVOS__UM_A_DOIS_CREDITOS_ATIVOS;1;4;5;0.010000;0.05;1.09;0;1;FAIXA_CREDITO__CREDITO_BAIXO + FAIXA_RENDA__RENDA_BAIXA + FAIXA_IDADE__IDADE_50_A_59 + CATEGORIA_FILHOS__SEM_FILHOS + FAIXA_CREDITOS_ATIVOS__UM_A_DOIS_CREDITOS_ATIVOS;100;0.010000
880;FAIXA_CREDITO__CREDITO_BAIXO + FAIXA_RENDA__RENDA_BAIXA + CATEGORIA_FILHOS__SEM_FILHOS + FAIXA_CREDITOS_ATIVOS__UM_A_DOIS_CREDITOS_ATIVOS;FAIXA_IDADE__IDADE_50_A_59;4;1;5;0.010000;0.24;1.09;0;1.02;FAIXA_CREDITO__CREDITO_BAIXO + FAIXA_RENDA__RENDA_BAIXA + FAIXA_IDADE__IDADE_50_A_59 + CATEGORIA_FILHOS__SEM_FILHOS + FAIXA_CREDITOS_ATIVOS__UM_A_DOIS_CREDITOS_ATIVOS;100;0.010000
881;FAIXA_CREDITO__CREDITO_ALTO + FAIXA_IDADE__IDADE_50_A_59 + CATEGORIA_FILHOS__SEM_FILHOS + SITUACAO_FAMILIAR__CASADO_OU_UNIAO_CIVIL;FAIXA_RENDA__RENDA_BAIXA + FAIXA_TAXA_REJEICAO__SEM_REJEICAO_PREVIA;4;2;6;0.010000;0.26;1.09;0;1.02;FAIXA_CREDITO__CREDITO_ALTO + FAIXA_RENDA__RENDA_BAIXA + FAIXA_IDADE__IDADE_50_A_59 + CATEGORIA_FILHOS__SEM_FILHOS + SITUACAO_FAMILIAR__CASADO_OU_UNIAO_CIVIL + FAIXA_TAXA_REJEICAO__SEM_REJEICAO_PREVIA;100;0.010000
882;FAIXA_RENDA__RENDA_BAIXA + FAIXA_TAXA_REJEICAO__SEM_REJEICAO_PREVIA;FAIXA_CREDITO__CREDITO_ALTO + FAIXA_IDADE__IDADE_50_A_59 + CATEGORIA_FILHOS__SEM_FILHOS + SITUACAO_FAMILIAR__CASADO_OU_UNIAO_CIVIL;2;4;6;0.010000;0.04;1.09;0;1;FAIXA_CREDITO__CREDITO_ALTO + FAIXA_RENDA__RENDA_BAIXA + FAIXA_IDADE__IDADE_50_A_59 + CATEGORIA_FILHOS__SEM_FILHOS + SITUACAO_FAMILIAR__CASADO_OU_UNIAO_CIVIL + FAIXA_TAXA_REJEICAO__SEM_REJEICAO_PREVIA;100;0.010000
883;FAIXA_RENDA__RENDA_MEDIA + CATEGORIA_FILHOS__SEM_FILHOS;FAIXA_IDADE__IDADE_21_A_29 + POSSE_CARRO__SEM_CARRO;2;2;4;0.010000;0.08;1.09;0;1.01;FAIXA_RENDA__RENDA_MEDIA + FAIXA_IDADE__IDADE_21_A_29 + CATEGORIA_FILHOS__SEM_FILHOS + POSSE_CARRO__SEM_CARRO;100;0.010000
884;FAIXA_IDADE__IDADE_21_A_29 + POSSE_CARRO__SEM_CARRO;FAIXA_RENDA__RENDA_MEDIA + CATEGORIA_FILHOS__SEM_FILHOS;2;2;4;0.010000;0.13;1.09;0;1.01;FAIXA_RENDA__RENDA_MEDIA + FAIXA_IDADE__IDADE_21_A_29 + CATEGORIA_FILHOS__SEM_FILHOS + POSSE_CARRO__SEM_CARRO;100;0.010000
885;FAIXA_TAXA_REJEICAO__SEM_REJEICAO_PREVIA;FAIXA_IDADE__IDADE_60_OU_MAIS + CATEGORIA_FILHOS__SEM_FILHOS + POSSE_CARRO__SEM_CARRO + SITUACAO_FAMILIAR__SEPARADO_VIUVO_OU_NAO_INFORMADO + FAIXA_CREDITOS_ATIVOS__UM_A_DOIS_CREDITOS_ATIVOS;1;5;6;0.010000;0.01;1.09;0;1;FAIXA_IDADE__IDADE_60_OU_MAIS + CATEGORIA_FILHOS__SEM_FILHOS + POSSE_CARRO__SEM_CARRO + SITUACAO_FAMILIAR__SEPARADO_VIUVO_OU_NAO_INFORMADO + FAIXA_CREDITOS_ATIVOS__UM_A_DOIS_CREDITOS_ATIVOS + FAIXA_TAXA_REJEICAO__SEM_REJEICAO_PREVIA;100;0.010000
886;FAIXA_TAXA_REJEICAO__SEM_REJEICAO_PREVIA;FAIXA_RENDA__RENDA_BAIXA + FAIXA_IDADE__IDADE_60_OU_MAIS + CATEGORIA_FILHOS__SEM_FILHOS + POSSE_CARRO__SEM_CARRO + SITUACAO_FAMILIAR__CASADO_OU_UNIAO_CIVIL + FAIXA_CREDITOS_ATIVOS__UM_A_DOIS_CREDITOS_ATIVOS;1;6;7;0.010000;0.01;1.09;0;1;FAIXA_RENDA__RENDA_BAIXA + FAIXA_IDADE__IDADE_60_OU_MAIS + CATEGORIA_FILHOS__SEM_FILHOS + POSSE_CARRO__SEM_CARRO + SITUACAO_FAMILIAR__CASADO_OU_UNIAO_CIVIL + FAIXA_CREDITOS_ATIVOS__UM_A_DOIS_CREDITOS_ATIVOS + FAIXA_TAXA_REJEICAO__SEM_REJEICAO_PREVIA;100;0.010000
887;FAIXA_IDADE__IDADE_60_OU_MAIS + CATEGORIA_FILHOS__SEM_FILHOS + POSSE_CARRO__SEM_CARRO + SITUACAO_FAMILIAR__SEPARADO_VIUVO_OU_NAO_INFORMADO + FAIXA_CREDITOS_ATIVOS__UM_A_DOIS_CREDITOS_ATIVOS;FAIXA_TAXA_REJEICAO__SEM_REJEICAO_PREVIA;5;1;6;0.010000;0.74;1.09;0;1.19;FAIXA_IDADE__IDADE_60_OU_MAIS + CATEGORIA_FILHOS__SEM_FILHOS + POSSE_CARRO__SEM_CARRO + SITUACAO_FAMILIAR__SEPARADO_VIUVO_OU_NAO_INFORMADO + FAIXA_CREDITOS_ATIVOS__UM_A_DOIS_CREDITOS_ATIVOS + FAIXA_TAXA_REJEICAO__SEM_REJEICAO_PREVIA;100;0.010000
888;FAIXA_RENDA__RENDA_BAIXA + FAIXA_IDADE__IDADE_60_OU_MAIS + CATEGORIA_FILHOS__SEM_FILHOS + POSSE_CARRO__SEM_CARRO + SITUACAO_FAMILIAR__CASADO_OU_UNIAO_CIVIL + FAIXA_CREDITOS_ATIVOS__UM_A_DOIS_CREDITOS_ATIVOS;FAIXA_TAXA_REJEICAO__SEM_REJEICAO_PREVIA;6;1;7;0.010000;0.74;1.09;0;1.19;FAIXA_RENDA__RENDA_BAIXA + FAIXA_IDADE__IDADE_60_OU_MAIS + CATEGORIA_FILHOS__SEM_FILHOS + POSSE_CARRO__SEM_CARRO + SITUACAO_FAMILIAR__CASADO_OU_UNIAO_CIVIL + FAIXA_CREDITOS_ATIVOS__UM_A_DOIS_CREDITOS_ATIVOS + FAIXA_TAXA_REJEICAO__SEM_REJEICAO_PREVIA;100;0.010000
889;FAIXA_IDADE__IDADE_30_A_39 + SITUACAO_FAMILIAR__CASADO_OU_UNIAO_CIVIL + FAIXA_CREDITOS_ATIVOS__TRES_OU_MAIS_CREDITOS_ATIVOS + FAIXA_TAXA_REJEICAO__SEM_REJEICAO_PREVIA;FAIXA_RENDA__RENDA_ALTA;4;1;5;0.010000;0.28;1.08;0;1.03;FAIXA_RENDA__RENDA_ALTA + FAIXA_IDADE__IDADE_30_A_39 + SITUACAO_FAMILIAR__CASADO_OU_UNIAO_CIVIL + FAIXA_CREDITOS_ATIVOS__TRES_OU_MAIS_CREDITOS_ATIVOS + FAIXA_TAXA_REJEICAO__SEM_REJEICAO_PREVIA;100;0.010000
890;FAIXA_RENDA__RENDA_ALTA;FAIXA_IDADE__IDADE_30_A_39 + SITUACAO_FAMILIAR__CASADO_OU_UNIAO_CIVIL + FAIXA_CREDITOS_ATIVOS__TRES_OU_MAIS_CREDITOS_ATIVOS + FAIXA_TAXA_REJEICAO__SEM_REJEICAO_PREVIA;1;4;5;0.010000;0.04;1.08;0;1;FAIXA_RENDA__RENDA_ALTA + FAIXA_IDADE__IDADE_30_A_39 + SITUACAO_FAMILIAR__CASADO_OU_UNIAO_CIVIL + FAIXA_CREDITOS_ATIVOS__TRES_OU_MAIS_CREDITOS_ATIVOS + FAIXA_TAXA_REJEICAO__SEM_REJEICAO_PREVIA;100;0.010000
891;FAIXA_IDADE__IDADE_30_A_39 + SITUACAO_FAMILIAR__CASADO_OU_UNIAO_CIVIL;FAIXA_RENDA__RENDA_ALTA + FAIXA_CREDITOS_ATIVOS__TRES_OU_MAIS_CREDITOS_ATIVOS + FAIXA_TAXA_REJEICAO__SEM_REJEICAO_PREVIA;2;3;5;0.010000;0.05;1.08;0;1;FAIXA_RENDA__RENDA_ALTA + FAIXA_IDADE__IDADE_30_A_39 + SITUACAO_FAMILIAR__CASADO_OU_UNIAO_CIVIL + FAIXA_CREDITOS_ATIVOS__TRES_OU_MAIS_CREDITOS_ATIVOS + FAIXA_TAXA_REJEICAO__SEM_REJEICAO_PREVIA;100;0.010000
892;FAIXA_RENDA__RENDA_ALTA + FAIXA_CREDITOS_ATIVOS__TRES_OU_MAIS_CREDITOS_ATIVOS + FAIXA_TAXA_REJEICAO__SEM_REJEICAO_PREVIA;FAIXA_IDADE__IDADE_30_A_39 + SITUACAO_FAMILIAR__CASADO_OU_UNIAO_CIVIL;3;2;5;0.010000;0.22;1.08;0;1.02;FAIXA_RENDA__RENDA_ALTA + FAIXA_IDADE__IDADE_30_A_39 + SITUACAO_FAMILIAR__CASADO_OU_UNIAO_CIVIL + FAIXA_CREDITOS_ATIVOS__TRES_OU_MAIS_CREDITOS_ATIVOS + FAIXA_TAXA_REJEICAO__SEM_REJEICAO_PREVIA;100;0.010000
895;FAIXA_RENDA__RENDA_BAIXA + POSSE_CARRO__SEM_CARRO + FAIXA_CREDITOS_ATIVOS__UM_A_DOIS_CREDITOS_ATIVOS;FAIXA_IDADE__IDADE_21_A_29 + FAIXA_TAXA_REJEICAO__SEM_REJEICAO_PREVIA;3;2;5;0.010000;0.09;1.08;0;1.01;FAIXA_RENDA__RENDA_BAIXA + FAIXA_IDADE__IDADE_21_A_29 + POSSE_CARRO__SEM_CARRO + FAIXA_CREDITOS_ATIVOS__UM_A_DOIS_CREDITOS_ATIVOS + FAIXA_TAXA_REJEICAO__SEM_REJEICAO_PREVIA;100;0.010000
896;FAIXA_IDADE__IDADE_21_A_29 + FAIXA_TAXA_REJEICAO__SEM_REJEICAO_PREVIA;FAIXA_RENDA__RENDA_BAIXA + POSSE_CARRO__SEM_CARRO + FAIXA_CREDITOS_ATIVOS__UM_A_DOIS_CREDITOS_ATIVOS;2;3;5;0.010000;0.12;1.08;0;1.01;FAIXA_RENDA__RENDA_BAIXA + FAIXA_IDADE__IDADE_21_A_29 + POSSE_CARRO__SEM_CARRO + FAIXA_CREDITOS_ATIVOS__UM_A_DOIS_CREDITOS_ATIVOS + FAIXA_TAXA_REJEICAO__SEM_REJEICAO_PREVIA;100;0.010000
897;POSSE_CARRO__COM_CARRO;FAIXA_RENDA__RENDA_ALTA + FAIXA_IDADE__IDADE_50_A_59 + SITUACAO_FAMILIAR__CASADO_OU_UNIAO_CIVIL + FAIXA_TAXA_REJEICAO__SEM_REJEICAO_PREVIA;1;4;5;0.010000;0.03;1.08;0;1;FAIXA_RENDA__RENDA_ALTA + FAIXA_IDADE__IDADE_50_A_59 + POSSE_CARRO__COM_CARRO + SITUACAO_FAMILIAR__CASADO_OU_UNIAO_CIVIL + FAIXA_TAXA_REJEICAO__SEM_REJEICAO_PREVIA;100;0.010000
898;FAIXA_RENDA__RENDA_ALTA + FAIXA_IDADE__IDADE_50_A_59 + SITUACAO_FAMILIAR__CASADO_OU_UNIAO_CIVIL + FAIXA_TAXA_REJEICAO__SEM_REJEICAO_PREVIA;POSSE_CARRO__COM_CARRO;4;1;5;0.010000;0.37;1.08;0;1.04;FAIXA_RENDA__RENDA_ALTA + FAIXA_IDADE__IDADE_50_A_59 + POSSE_CARRO__COM_CARRO + SITUACAO_FAMILIAR__CASADO_OU_UNIAO_CIVIL + FAIXA_TAXA_REJEICAO__SEM_REJEICAO_PREVIA;100;0.010000
899;FAIXA_RENDA__RENDA_BAIXA + POSSE_CARRO__SEM_CARRO + SITUACAO_FAMILIAR__CASADO_OU_UNIAO_CIVIL + FAIXA_CREDITOS_ATIVOS__UM_A_DOIS_CREDITOS_ATIVOS;FAIXA_IDADE__IDADE_21_A_29;4;1;5;0.010000;0.13;1.08;0;1.01;FAIXA_RENDA__RENDA_BAIXA + FAIXA_IDADE__IDADE_21_A_29 + POSSE_CARRO__SEM_CARRO + SITUACAO_FAMILIAR__CASADO_OU_UNIAO_CIVIL + FAIXA_CREDITOS_ATIVOS__UM_A_DOIS_CREDITOS_ATIVOS;100;0.010000
900;FAIXA_IDADE__IDADE_21_A_29;FAIXA_RENDA__RENDA_BAIXA + POSSE_CARRO__SEM_CARRO + SITUACAO_FAMILIAR__CASADO_OU_UNIAO_CIVIL + FAIXA_CREDITOS_ATIVOS__UM_A_DOIS_CREDITOS_ATIVOS;1;4;5;0.010000;0.08;1.08;0;1.01;FAIXA_RENDA__RENDA_BAIXA + FAIXA_IDADE__IDADE_21_A_29 + POSSE_CARRO__SEM_CARRO + SITUACAO_FAMILIAR__CASADO_OU_UNIAO_CIVIL + FAIXA_CREDITOS_ATIVOS__UM_A_DOIS_CREDITOS_ATIVOS;100;0.010000
901;FAIXA_RENDA__RENDA_BAIXA + FAIXA_IDADE__IDADE_60_OU_MAIS + POSSE_CARRO__SEM_CARRO;FAIXA_CREDITO__CREDITO_MEDIO + FAIXA_TAXA_REJEICAO__SEM_REJEICAO_PREVIA;3;2;5;0.010000;0.17;1.08;0;1.01;FAIXA_CREDITO__CREDITO_MEDIO + FAIXA_RENDA__RENDA_BAIXA + FAIXA_IDADE__IDADE_60_OU_MAIS + POSSE_CARRO__SEM_CARRO + FAIXA_TAXA_REJEICAO__SEM_REJEICAO_PREVIA;100;0.010000
902;FAIXA_CREDITO__CREDITO_MEDIO + FAIXA_TAXA_REJEICAO__SEM_REJEICAO_PREVIA;FAIXA_RENDA__RENDA_BAIXA + FAIXA_IDADE__IDADE_60_OU_MAIS + POSSE_CARRO__SEM_CARRO;2;3;5;0.010000;0.06;1.08;0;1;FAIXA_CREDITO__CREDITO_MEDIO + FAIXA_RENDA__RENDA_BAIXA + FAIXA_IDADE__IDADE_60_OU_MAIS + POSSE_CARRO__SEM_CARRO + FAIXA_TAXA_REJEICAO__SEM_REJEICAO_PREVIA;100;0.010000
905;FAIXA_CREDITO__CREDITO_MEDIO + FAIXA_CREDITOS_ATIVOS__TRES_OU_MAIS_CREDITOS_ATIVOS;FAIXA_IDADE__IDADE_50_A_59 + CATEGORIA_FILHOS__SEM_FILHOS + POSSE_CARRO__SEM_CARRO;2;3;5;0.010000;0.15;1.08;0;1.01;FAIXA_CREDITO__CREDITO_MEDIO + FAIXA_IDADE__IDADE_50_A_59 + CATEGORIA_FILHOS__SEM_FILHOS + POSSE_CARRO__SEM_CARRO + FAIXA_CREDITOS_ATIVOS__TRES_OU_MAIS_CREDITOS_ATIVOS;100;0.010000
906;FAIXA_IDADE__IDADE_50_A_59 + CATEGORIA_FILHOS__SEM_FILHOS + POSSE_CARRO__SEM_CARRO;FAIXA_CREDITO__CREDITO_MEDIO + FAIXA_CREDITOS_ATIVOS__TRES_OU_MAIS_CREDITOS_ATIVOS;3;2;5;0.010000;0.07;1.08;0;1;FAIXA_CREDITO__CREDITO_MEDIO + FAIXA_IDADE__IDADE_50_A_59 + CATEGORIA_FILHOS__SEM_FILHOS + POSSE_CARRO__SEM_CARRO + FAIXA_CREDITOS_ATIVOS__TRES_OU_MAIS_CREDITOS_ATIVOS;100;0.010000
907;FAIXA_IDADE__IDADE_40_A_49 + CATEGORIA_FILHOS__SEM_FILHOS + POSSE_CARRO__SEM_CARRO + FAIXA_TAXA_REJEICAO__SEM_REJEICAO_PREVIA;FAIXA_RENDA__RENDA_BAIXA + FAIXA_CREDITOS_ATIVOS__UM_A_DOIS_CREDITOS_ATIVOS;4;2;6;0.010000;0.15;1.08;0;1.01;FAIXA_RENDA__RENDA_BAIXA + FAIXA_IDADE__IDADE_40_A_49 + CATEGORIA_FILHOS__SEM_FILHOS + POSSE_CARRO__SEM_CARRO + FAIXA_CREDITOS_ATIVOS__UM_A_DOIS_CREDITOS_ATIVOS + FAIXA_TAXA_REJEICAO__SEM_REJEICAO_PREVIA;100;0.010000
908;FAIXA_RENDA__RENDA_BAIXA + FAIXA_CREDITOS_ATIVOS__UM_A_DOIS_CREDITOS_ATIVOS;FAIXA_IDADE__IDADE_40_A_49 + CATEGORIA_FILHOS__SEM_FILHOS + POSSE_CARRO__SEM_CARRO + FAIXA_TAXA_REJEICAO__SEM_REJEICAO_PREVIA;2;4;6;0.010000;0.07;1.08;0;1;FAIXA_RENDA__RENDA_BAIXA + FAIXA_IDADE__IDADE_40_A_49 + CATEGORIA_FILHOS__SEM_FILHOS + POSSE_CARRO__SEM_CARRO + FAIXA_CREDITOS_ATIVOS__UM_A_DOIS_CREDITOS_ATIVOS + FAIXA_TAXA_REJEICAO__SEM_REJEICAO_PREVIA;100;0.010000
909;FAIXA_CREDITO__CREDITO_BAIXO + POSSE_CARRO__COM_CARRO + SITUACAO_FAMILIAR__CASADO_OU_UNIAO_CIVIL;FAIXA_TAXA_REJEICAO__REJEICAO_PREVIA_ACIMA_25_PCT;3;1;4;0.010000;0.18;1.08;0;1.01;FAIXA_CREDITO__CREDITO_BAIXO + POSSE_CARRO__COM_CARRO + SITUACAO_FAMILIAR__CASADO_OU_UNIAO_CIVIL + FAIXA_TAXA_REJEICAO__REJEICAO_PREVIA_ACIMA_25_PCT;100;0.010000
910;FAIXA_TAXA_REJEICAO__REJEICAO_PREVIA_ACIMA_25_PCT;FAIXA_CREDITO__CREDITO_BAIXO + POSSE_CARRO__COM_CARRO + SITUACAO_FAMILIAR__CASADO_OU_UNIAO_CIVIL;1;3;4;0.010000;0.06;1.08;0;1;FAIXA_CREDITO__CREDITO_BAIXO + POSSE_CARRO__COM_CARRO + SITUACAO_FAMILIAR__CASADO_OU_UNIAO_CIVIL + FAIXA_TAXA_REJEICAO__REJEICAO_PREVIA_ACIMA_25_PCT;100;0.010000
911;FAIXA_CREDITO__CREDITO_BAIXO + FAIXA_RENDA__RENDA_BAIXA + FAIXA_IDADE__IDADE_40_A_49 + POSSE_CARRO__SEM_CARRO;SITUACAO_FAMILIAR__CASADO_OU_UNIAO_CIVIL + FAIXA_TAXA_REJEICAO__SEM_REJEICAO_PREVIA;4;2;6;0.010000;0.53;1.08;0;1.07;FAIXA_CREDITO__CREDITO_BAIXO + FAIXA_RENDA__RENDA_BAIXA + FAIXA_IDADE__IDADE_40_A_49 + POSSE_CARRO__SEM_CARRO + SITUACAO_FAMILIAR__CASADO_OU_UNIAO_CIVIL + FAIXA_TAXA_REJEICAO__SEM_REJEICAO_PREVIA;100;0.010000
912;SITUACAO_FAMILIAR__CASADO_OU_UNIAO_CIVIL + FAIXA_TAXA_REJEICAO__SEM_REJEICAO_PREVIA;FAIXA_CREDITO__CREDITO_BAIXO + FAIXA_RENDA__RENDA_BAIXA + FAIXA_IDADE__IDADE_40_A_49 + POSSE_CARRO__SEM_CARRO;2;4;6;0.010000;0.02;1.08;0;1;FAIXA_CREDITO__CREDITO_BAIXO + FAIXA_RENDA__RENDA_BAIXA + FAIXA_IDADE__IDADE_40_A_49 + POSSE_CARRO__SEM_CARRO + SITUACAO_FAMILIAR__CASADO_OU_UNIAO_CIVIL + FAIXA_TAXA_REJEICAO__SEM_REJEICAO_PREVIA;100;0.010000
913;FAIXA_RENDA__RENDA_BAIXA + SITUACAO_FAMILIAR__CASADO_OU_UNIAO_CIVIL + FAIXA_TAXA_REJEICAO__SEM_REJEICAO_PREVIA;FAIXA_CREDITO__CREDITO_ALTO + FAIXA_IDADE__IDADE_50_A_59 + CATEGORIA_FILHOS__SEM_FILHOS;3;3;6;0.010000;0.06;1.07;0;1;FAIXA_CREDITO__CREDITO_ALTO + FAIXA_RENDA__RENDA_BAIXA + FAIXA_IDADE__IDADE_50_A_59 + CATEGORIA_FILHOS__SEM_FILHOS + SITUACAO_FAMILIAR__CASADO_OU_UNIAO_CIVIL + FAIXA_TAXA_REJEICAO__SEM_REJEICAO_PREVIA;100;0.010000
914;FAIXA_CREDITO__CREDITO_ALTO + FAIXA_IDADE__IDADE_50_A_59 + CATEGORIA_FILHOS__SEM_FILHOS;FAIXA_RENDA__RENDA_BAIXA + SITUACAO_FAMILIAR__CASADO_OU_UNIAO_CIVIL + FAIXA_TAXA_REJEICAO__SEM_REJEICAO_PREVIA;3;3;6;0.010000;0.18;1.07;0;1.01;FAIXA_CREDITO__CREDITO_ALTO + FAIXA_RENDA__RENDA_BAIXA + FAIXA_IDADE__IDADE_50_A_59 + CATEGORIA_FILHOS__SEM_FILHOS + SITUACAO_FAMILIAR__CASADO_OU_UNIAO_CIVIL + FAIXA_TAXA_REJEICAO__SEM_REJEICAO_PREVIA;100;0.010000
915;FAIXA_CREDITO__CREDITO_MEDIO + FAIXA_RENDA__RENDA_MUITO_ALTA;FAIXA_IDADE__IDADE_30_A_39 + SITUACAO_FAMILIAR__CASADO_OU_UNIAO_CIVIL;2;2;4;0.010000;0.22;1.07;0;1.02;FAIXA_CREDITO__CREDITO_MEDIO + FAIXA_RENDA__RENDA_MUITO_ALTA + FAIXA_IDADE__IDADE_30_A_39 + SITUACAO_FAMILIAR__CASADO_OU_UNIAO_CIVIL;100;0.010000
916;FAIXA_IDADE__IDADE_30_A_39 + SITUACAO_FAMILIAR__CASADO_OU_UNIAO_CIVIL;FAIXA_CREDITO__CREDITO_MEDIO + FAIXA_RENDA__RENDA_MUITO_ALTA;2;2;4;0.010000;0.05;1.07;0;1;FAIXA_CREDITO__CREDITO_MEDIO + FAIXA_RENDA__RENDA_MUITO_ALTA + FAIXA_IDADE__IDADE_30_A_39 + SITUACAO_FAMILIAR__CASADO_OU_UNIAO_CIVIL;100;0.010000
917;FAIXA_RENDA__RENDA_BAIXA;FAIXA_CREDITO__CREDITO_ALTO + FAIXA_IDADE__IDADE_50_A_59 + CATEGORIA_FILHOS__SEM_FILHOS + SITUACAO_FAMILIAR__CASADO_OU_UNIAO_CIVIL + FAIXA_TAXA_REJEICAO__SEM_REJEICAO_PREVIA;1;5;6;0.010000;0.03;1.07;0;1;FAIXA_CREDITO__CREDITO_ALTO + FAIXA_RENDA__RENDA_BAIXA + FAIXA_IDADE__IDADE_50_A_59 + CATEGORIA_FILHOS__SEM_FILHOS + SITUACAO_FAMILIAR__CASADO_OU_UNIAO_CIVIL + FAIXA_TAXA_REJEICAO__SEM_REJEICAO_PREVIA;100;0.010000
918;FAIXA_CREDITO__CREDITO_ALTO + FAIXA_IDADE__IDADE_50_A_59 + CATEGORIA_FILHOS__SEM_FILHOS + SITUACAO_FAMILIAR__CASADO_OU_UNIAO_CIVIL + FAIXA_TAXA_REJEICAO__SEM_REJEICAO_PREVIA;FAIXA_RENDA__RENDA_BAIXA;5;1;6;0.010000;0.35;1.07;0;1.03;FAIXA_CREDITO__CREDITO_ALTO + FAIXA_RENDA__RENDA_BAIXA + FAIXA_IDADE__IDADE_50_A_59 + CATEGORIA_FILHOS__SEM_FILHOS + SITUACAO_FAMILIAR__CASADO_OU_UNIAO_CIVIL + FAIXA_TAXA_REJEICAO__SEM_REJEICAO_PREVIA;100;0.010000
919;FAIXA_CREDITO__CREDITO_BAIXO + FAIXA_RENDA__RENDA_BAIXA + FAIXA_IDADE__IDADE_21_A_29 + CATEGORIA_FILHOS__SEM_FILHOS;POSSE_CARRO__SEM_CARRO;4;1;5;0.010000;0.71;1.07;0;1.14;FAIXA_CREDITO__CREDITO_BAIXO + FAIXA_RENDA__RENDA_BAIXA + FAIXA_IDADE__IDADE_21_A_29 + CATEGORIA_FILHOS__SEM_FILHOS + POSSE_CARRO__SEM_CARRO;100;0.010000
920;POSSE_CARRO__SEM_CARRO;FAIXA_CREDITO__CREDITO_BAIXO + FAIXA_RENDA__RENDA_BAIXA + FAIXA_IDADE__IDADE_21_A_29 + CATEGORIA_FILHOS__SEM_FILHOS;1;4;5;0.010000;0.02;1.07;0;1;FAIXA_CREDITO__CREDITO_BAIXO + FAIXA_RENDA__RENDA_BAIXA + FAIXA_IDADE__IDADE_21_A_29 + CATEGORIA_FILHOS__SEM_FILHOS + POSSE_CARRO__SEM_CARRO;100;0.010000
921;POSSE_CARRO__SEM_CARRO;FAIXA_RENDA__RENDA_MEDIA + FAIXA_IDADE__IDADE_50_A_59 + FAIXA_CREDITOS_ATIVOS__UM_A_DOIS_CREDITOS_ATIVOS + FAIXA_TAXA_REJEICAO__SEM_REJEICAO_PREVIA;1;4;5;0.010000;0.02;1.07;0;1;FAIXA_RENDA__RENDA_MEDIA + FAIXA_IDADE__IDADE_50_A_59 + POSSE_CARRO__SEM_CARRO + FAIXA_CREDITOS_ATIVOS__UM_A_DOIS_CREDITOS_ATIVOS + FAIXA_TAXA_REJEICAO__SEM_REJEICAO_PREVIA;100;0.010000
922;FAIXA_RENDA__RENDA_MEDIA + FAIXA_IDADE__IDADE_50_A_59 + FAIXA_CREDITOS_ATIVOS__UM_A_DOIS_CREDITOS_ATIVOS + FAIXA_TAXA_REJEICAO__SEM_REJEICAO_PREVIA;POSSE_CARRO__SEM_CARRO;4;1;5;0.010000;0.71;1.07;0;1.14;FAIXA_RENDA__RENDA_MEDIA + FAIXA_IDADE__IDADE_50_A_59 + POSSE_CARRO__SEM_CARRO + FAIXA_CREDITOS_ATIVOS__UM_A_DOIS_CREDITOS_ATIVOS + FAIXA_TAXA_REJEICAO__SEM_REJEICAO_PREVIA;100;0.010000
923;POSSE_CARRO__SEM_CARRO;FAIXA_IDADE__IDADE_50_A_59 + CATEGORIA_FILHOS__SEM_FILHOS + FAIXA_CREDITOS_ATIVOS__TRES_OU_MAIS_CREDITOS_ATIVOS + FAIXA_TAXA_REJEICAO__REJEICAO_PREVIA_ACIMA_25_PCT;1;4;5;0.010000;0.02;1.07;0;1;FAIXA_IDADE__IDADE_50_A_59 + CATEGORIA_FILHOS__SEM_FILHOS + POSSE_CARRO__SEM_CARRO + FAIXA_CREDITOS_ATIVOS__TRES_OU_MAIS_CREDITOS_ATIVOS + FAIXA_TAXA_REJEICAO__REJEICAO_PREVIA_ACIMA_25_PCT;100;0.010000
924;FAIXA_IDADE__IDADE_50_A_59 + CATEGORIA_FILHOS__SEM_FILHOS + FAIXA_CREDITOS_ATIVOS__TRES_OU_MAIS_CREDITOS_ATIVOS + FAIXA_TAXA_REJEICAO__REJEICAO_PREVIA_ACIMA_25_PCT;POSSE_CARRO__SEM_CARRO;4;1;5;0.010000;0.71;1.07;0;1.14;FAIXA_IDADE__IDADE_50_A_59 + CATEGORIA_FILHOS__SEM_FILHOS + POSSE_CARRO__SEM_CARRO + FAIXA_CREDITOS_ATIVOS__TRES_OU_MAIS_CREDITOS_ATIVOS + FAIXA_TAXA_REJEICAO__REJEICAO_PREVIA_ACIMA_25_PCT;100;0.010000
925;FAIXA_IDADE__IDADE_50_A_59 + CATEGORIA_FILHOS__SEM_FILHOS + POSSE_CARRO__SEM_CARRO + FAIXA_CREDITOS_ATIVOS__UM_A_DOIS_CREDITOS_ATIVOS;FAIXA_CREDITO__CREDITO_MEDIO + FAIXA_TAXA_REJEICAO__SEM_REJEICAO_PREVIA;4;2;6;0.010000;0.17;1.07;0;1.01;FAIXA_CREDITO__CREDITO_MEDIO + FAIXA_IDADE__IDADE_50_A_59 + CATEGORIA_FILHOS__SEM_FILHOS + POSSE_CARRO__SEM_CARRO + FAIXA_CREDITOS_ATIVOS__UM_A_DOIS_CREDITOS_ATIVOS + FAIXA_TAXA_REJEICAO__SEM_REJEICAO_PREVIA;100;0.010000
926;FAIXA_CREDITO__CREDITO_MEDIO + FAIXA_TAXA_REJEICAO__SEM_REJEICAO_PREVIA;FAIXA_IDADE__IDADE_50_A_59 + CATEGORIA_FILHOS__SEM_FILHOS + POSSE_CARRO__SEM_CARRO + FAIXA_CREDITOS_ATIVOS__UM_A_DOIS_CREDITOS_ATIVOS;2;4;6;0.010000;0.06;1.07;0;1;FAIXA_CREDITO__CREDITO_MEDIO + FAIXA_IDADE__IDADE_50_A_59 + CATEGORIA_FILHOS__SEM_FILHOS + POSSE_CARRO__SEM_CARRO + FAIXA_CREDITOS_ATIVOS__UM_A_DOIS_CREDITOS_ATIVOS + FAIXA_TAXA_REJEICAO__SEM_REJEICAO_PREVIA;100;0.010000
927;FAIXA_IDADE__IDADE_21_A_29 + SITUACAO_FAMILIAR__CASADO_OU_UNIAO_CIVIL + FAIXA_CREDITOS_ATIVOS__UM_A_DOIS_CREDITOS_ATIVOS;FAIXA_RENDA__RENDA_BAIXA + POSSE_CARRO__SEM_CARRO;3;2;5;0.010000;0.27;1.07;0;1.02;FAIXA_RENDA__RENDA_BAIXA + FAIXA_IDADE__IDADE_21_A_29 + POSSE_CARRO__SEM_CARRO + SITUACAO_FAMILIAR__CASADO_OU_UNIAO_CIVIL + FAIXA_CREDITOS_ATIVOS__UM_A_DOIS_CREDITOS_ATIVOS;100;0.010000
928;FAIXA_RENDA__RENDA_BAIXA + POSSE_CARRO__SEM_CARRO;FAIXA_IDADE__IDADE_21_A_29 + SITUACAO_FAMILIAR__CASADO_OU_UNIAO_CIVIL + FAIXA_CREDITOS_ATIVOS__UM_A_DOIS_CREDITOS_ATIVOS;2;3;5;0.010000;0.04;1.07;0;1;FAIXA_RENDA__RENDA_BAIXA + FAIXA_IDADE__IDADE_21_A_29 + POSSE_CARRO__SEM_CARRO + SITUACAO_FAMILIAR__CASADO_OU_UNIAO_CIVIL + FAIXA_CREDITOS_ATIVOS__UM_A_DOIS_CREDITOS_ATIVOS;100;0.010000
931;FAIXA_RENDA__RENDA_BAIXA + SITUACAO_FAMILIAR__CASADO_OU_UNIAO_CIVIL;FAIXA_CREDITO__CREDITO_ALTO + FAIXA_IDADE__IDADE_50_A_59 + CATEGORIA_FILHOS__SEM_FILHOS + FAIXA_TAXA_REJEICAO__SEM_REJEICAO_PREVIA;2;4;6;0.010000;0.04;1.07;0;1;FAIXA_CREDITO__CREDITO_ALTO + FAIXA_RENDA__RENDA_BAIXA + FAIXA_IDADE__IDADE_50_A_59 + CATEGORIA_FILHOS__SEM_FILHOS + SITUACAO_FAMILIAR__CASADO_OU_UNIAO_CIVIL + FAIXA_TAXA_REJEICAO__SEM_REJEICAO_PREVIA;100;0.010000
932;FAIXA_CREDITO__CREDITO_ALTO + FAIXA_IDADE__IDADE_50_A_59 + CATEGORIA_FILHOS__SEM_FILHOS + FAIXA_TAXA_REJEICAO__SEM_REJEICAO_PREVIA;FAIXA_RENDA__RENDA_BAIXA + SITUACAO_FAMILIAR__CASADO_OU_UNIAO_CIVIL;4;2;6;0.010000;0.25;1.07;0;1.02;FAIXA_CREDITO__CREDITO_ALTO + FAIXA_RENDA__RENDA_BAIXA + FAIXA_IDADE__IDADE_50_A_59 + CATEGORIA_FILHOS__SEM_FILHOS + SITUACAO_FAMILIAR__CASADO_OU_UNIAO_CIVIL + FAIXA_TAXA_REJEICAO__SEM_REJEICAO_PREVIA;100;0.010000
933;FAIXA_IDADE__IDADE_50_A_59 + POSSE_CARRO__COM_CARRO + SITUACAO_FAMILIAR__CASADO_OU_UNIAO_CIVIL;FAIXA_RENDA__RENDA_ALTA + FAIXA_TAXA_REJEICAO__SEM_REJEICAO_PREVIA;3;2;5;0.010000;0.18;1.07;0;1.01;FAIXA_RENDA__RENDA_ALTA + FAIXA_IDADE__IDADE_50_A_59 + POSSE_CARRO__COM_CARRO + SITUACAO_FAMILIAR__CASADO_OU_UNIAO_CIVIL + FAIXA_TAXA_REJEICAO__SEM_REJEICAO_PREVIA;100;0.010000
934;FAIXA_RENDA__RENDA_ALTA + FAIXA_TAXA_REJEICAO__SEM_REJEICAO_PREVIA;FAIXA_IDADE__IDADE_50_A_59 + POSSE_CARRO__COM_CARRO + SITUACAO_FAMILIAR__CASADO_OU_UNIAO_CIVIL;2;3;5;0.010000;0.06;1.07;0;1;FAIXA_RENDA__RENDA_ALTA + FAIXA_IDADE__IDADE_50_A_59 + POSSE_CARRO__COM_CARRO + SITUACAO_FAMILIAR__CASADO_OU_UNIAO_CIVIL + FAIXA_TAXA_REJEICAO__SEM_REJEICAO_PREVIA;100;0.010000
935;SITUACAO_FAMILIAR__CASADO_OU_UNIAO_CIVIL;FAIXA_RENDA__RENDA_MUITO_ALTA + FAIXA_IDADE__IDADE_40_A_49 + CATEGORIA_FILHOS__SEM_FILHOS + FAIXA_CREDITOS_ATIVOS__UM_A_DOIS_CREDITOS_ATIVOS + FAIXA_TAXA_REJEICAO__SEM_REJEICAO_PREVIA;1;5;6;0.010000;0.01;1.07;0;1;FAIXA_RENDA__RENDA_MUITO_ALTA + FAIXA_IDADE__IDADE_40_A_49 + CATEGORIA_FILHOS__SEM_FILHOS + SITUACAO_FAMILIAR__CASADO_OU_UNIAO_CIVIL + FAIXA_CREDITOS_ATIVOS__UM_A_DOIS_CREDITOS_ATIVOS + FAIXA_TAXA_REJEICAO__SEM_REJEICAO_PREVIA;100;0.010000
936;FAIXA_RENDA__RENDA_MUITO_ALTA + FAIXA_IDADE__IDADE_40_A_49 + CATEGORIA_FILHOS__SEM_FILHOS + FAIXA_CREDITOS_ATIVOS__UM_A_DOIS_CREDITOS_ATIVOS + FAIXA_TAXA_REJEICAO__SEM_REJEICAO_PREVIA;SITUACAO_FAMILIAR__CASADO_OU_UNIAO_CIVIL;5;1;6;0.010000;0.78;1.07;0;1.19;FAIXA_RENDA__RENDA_MUITO_ALTA + FAIXA_IDADE__IDADE_40_A_49 + CATEGORIA_FILHOS__SEM_FILHOS + SITUACAO_FAMILIAR__CASADO_OU_UNIAO_CIVIL + FAIXA_CREDITOS_ATIVOS__UM_A_DOIS_CREDITOS_ATIVOS + FAIXA_TAXA_REJEICAO__SEM_REJEICAO_PREVIA;100;0.010000
937;FAIXA_RENDA__RENDA_BAIXA + FAIXA_IDADE__IDADE_30_A_39;SITUACAO_FAMILIAR__CASADO_OU_UNIAO_CIVIL + FAIXA_TAXA_REJEICAO__REJEICAO_PREVIA_ACIMA_25_PCT;2;2;4;0.010000;0.13;1.07;0;1.01;FAIXA_RENDA__RENDA_BAIXA + FAIXA_IDADE__IDADE_30_A_39 + SITUACAO_FAMILIAR__CASADO_OU_UNIAO_CIVIL + FAIXA_TAXA_REJEICAO__REJEICAO_PREVIA_ACIMA_25_PCT;100;0.010000
938;SITUACAO_FAMILIAR__CASADO_OU_UNIAO_CIVIL + FAIXA_TAXA_REJEICAO__REJEICAO_PREVIA_ACIMA_25_PCT;FAIXA_RENDA__RENDA_BAIXA + FAIXA_IDADE__IDADE_30_A_39;2;2;4;0.010000;0.08;1.07;0;1;FAIXA_RENDA__RENDA_BAIXA + FAIXA_IDADE__IDADE_30_A_39 + SITUACAO_FAMILIAR__CASADO_OU_UNIAO_CIVIL + FAIXA_TAXA_REJEICAO__REJEICAO_PREVIA_ACIMA_25_PCT;100;0.010000
939;FAIXA_CREDITO__CREDITO_MUITO_ALTO + FAIXA_IDADE__IDADE_30_A_39 + POSSE_CARRO__SEM_CARRO;FAIXA_CREDITOS_ATIVOS__TRES_OU_MAIS_CREDITOS_ATIVOS;3;1;4;0.010000;0.29;1.07;0;1.02;FAIXA_CREDITO__CREDITO_MUITO_ALTO + FAIXA_IDADE__IDADE_30_A_39 + POSSE_CARRO__SEM_CARRO + FAIXA_CREDITOS_ATIVOS__TRES_OU_MAIS_CREDITOS_ATIVOS;100;0.010000
940;FAIXA_CREDITOS_ATIVOS__TRES_OU_MAIS_CREDITOS_ATIVOS;FAIXA_CREDITO__CREDITO_MUITO_ALTO + FAIXA_IDADE__IDADE_30_A_39 + POSSE_CARRO__SEM_CARRO;1;3;4;0.010000;0.04;1.07;0;1;FAIXA_CREDITO__CREDITO_MUITO_ALTO + FAIXA_IDADE__IDADE_30_A_39 + POSSE_CARRO__SEM_CARRO + FAIXA_CREDITOS_ATIVOS__TRES_OU_MAIS_CREDITOS_ATIVOS;100;0.010000
941;FAIXA_CREDITO__CREDITO_BAIXO + FAIXA_RENDA__RENDA_BAIXA + CATEGORIA_FILHOS__SEM_FILHOS + POSSE_CARRO__SEM_CARRO;FAIXA_IDADE__IDADE_21_A_29;4;1;5;0.010000;0.13;1.07;0;1.01;FAIXA_CREDITO__CREDITO_BAIXO + FAIXA_RENDA__RENDA_BAIXA + FAIXA_IDADE__IDADE_21_A_29 + CATEGORIA_FILHOS__SEM_FILHOS + POSSE_CARRO__SEM_CARRO;100;0.010000
942;FAIXA_IDADE__IDADE_21_A_29;FAIXA_CREDITO__CREDITO_BAIXO + FAIXA_RENDA__RENDA_BAIXA + CATEGORIA_FILHOS__SEM_FILHOS + POSSE_CARRO__SEM_CARRO;1;4;5;0.010000;0.08;1.07;0;1;FAIXA_CREDITO__CREDITO_BAIXO + FAIXA_RENDA__RENDA_BAIXA + FAIXA_IDADE__IDADE_21_A_29 + CATEGORIA_FILHOS__SEM_FILHOS + POSSE_CARRO__SEM_CARRO;100;0.010000
943;FAIXA_CREDITO__CREDITO_BAIXO + FAIXA_RENDA__RENDA_BAIXA + SITUACAO_FAMILIAR__CASADO_OU_UNIAO_CIVIL;FAIXA_IDADE__IDADE_40_A_49 + POSSE_CARRO__SEM_CARRO + FAIXA_TAXA_REJEICAO__SEM_REJEICAO_PREVIA;3;3;6;0.010000;0.11;1.07;0;1.01;FAIXA_CREDITO__CREDITO_BAIXO + FAIXA_RENDA__RENDA_BAIXA + FAIXA_IDADE__IDADE_40_A_49 + POSSE_CARRO__SEM_CARRO + SITUACAO_FAMILIAR__CASADO_OU_UNIAO_CIVIL + FAIXA_TAXA_REJEICAO__SEM_REJEICAO_PREVIA;100;0.010000
944;FAIXA_IDADE__IDADE_40_A_49 + POSSE_CARRO__SEM_CARRO + FAIXA_TAXA_REJEICAO__SEM_REJEICAO_PREVIA;FAIXA_CREDITO__CREDITO_BAIXO + FAIXA_RENDA__RENDA_BAIXA + SITUACAO_FAMILIAR__CASADO_OU_UNIAO_CIVIL;3;3;6;0.010000;0.1;1.07;0;1.01;FAIXA_CREDITO__CREDITO_BAIXO + FAIXA_RENDA__RENDA_BAIXA + FAIXA_IDADE__IDADE_40_A_49 + POSSE_CARRO__SEM_CARRO + SITUACAO_FAMILIAR__CASADO_OU_UNIAO_CIVIL + FAIXA_TAXA_REJEICAO__SEM_REJEICAO_PREVIA;100;0.010000
945;FAIXA_IDADE__IDADE_40_A_49;FAIXA_CREDITO__CREDITO_ALTO + POSSE_CARRO__COM_CARRO + FAIXA_CREDITOS_ATIVOS__UM_A_DOIS_CREDITOS_ATIVOS;1;3;4;0.010000;0.04;1.07;0;1;FAIXA_CREDITO__CREDITO_ALTO + FAIXA_IDADE__IDADE_40_A_49 + POSSE_CARRO__COM_CARRO + FAIXA_CREDITOS_ATIVOS__UM_A_DOIS_CREDITOS_ATIVOS;100;0.010000
946;FAIXA_CREDITO__CREDITO_ALTO + POSSE_CARRO__COM_CARRO + FAIXA_CREDITOS_ATIVOS__UM_A_DOIS_CREDITOS_ATIVOS;FAIXA_IDADE__IDADE_40_A_49;3;1;4;0.010000;0.27;1.07;0;1.02;FAIXA_CREDITO__CREDITO_ALTO + FAIXA_IDADE__IDADE_40_A_49 + POSSE_CARRO__COM_CARRO + FAIXA_CREDITOS_ATIVOS__UM_A_DOIS_CREDITOS_ATIVOS;100;0.010000
947;FAIXA_RENDA__RENDA_ALTA + CATEGORIA_FILHOS__UM_FILHO;FAIXA_CREDITO__CREDITO_ALTO + FAIXA_TAXA_REJEICAO__SEM_REJEICAO_PREVIA;2;2;4;0.010000;0.18;1.07;0;1.01;FAIXA_CREDITO__CREDITO_ALTO + FAIXA_RENDA__RENDA_ALTA + CATEGORIA_FILHOS__UM_FILHO + FAIXA_TAXA_REJEICAO__SEM_REJEICAO_PREVIA;100;0.010000
948;FAIXA_CREDITO__CREDITO_ALTO + FAIXA_TAXA_REJEICAO__SEM_REJEICAO_PREVIA;FAIXA_RENDA__RENDA_ALTA + CATEGORIA_FILHOS__UM_FILHO;2;2;4;0.010000;0.06;1.07;0;1;FAIXA_CREDITO__CREDITO_ALTO + FAIXA_RENDA__RENDA_ALTA + CATEGORIA_FILHOS__UM_FILHO + FAIXA_TAXA_REJEICAO__SEM_REJEICAO_PREVIA;100;0.010000
949;FAIXA_RENDA__RENDA_MUITO_ALTA;FAIXA_IDADE__IDADE_30_A_39 + FAIXA_TAXA_REJEICAO__REJEICAO_PREVIA_ATE_25_PCT;1;2;3;0.010000;0.04;1.07;0;1;FAIXA_RENDA__RENDA_MUITO_ALTA + FAIXA_IDADE__IDADE_30_A_39 + FAIXA_TAXA_REJEICAO__REJEICAO_PREVIA_ATE_25_PCT;100;0.010000
950;FAIXA_IDADE__IDADE_30_A_39 + FAIXA_TAXA_REJEICAO__REJEICAO_PREVIA_ATE_25_PCT;FAIXA_RENDA__RENDA_MUITO_ALTA;2;1;3;0.010000;0.26;1.07;0;1.02;FAIXA_RENDA__RENDA_MUITO_ALTA + FAIXA_IDADE__IDADE_30_A_39 + FAIXA_TAXA_REJEICAO__REJEICAO_PREVIA_ATE_25_PCT;100;0.010000
951;FAIXA_TAXA_REJEICAO__SEM_REJEICAO_PREVIA;FAIXA_CREDITO__CREDITO_BAIXO + FAIXA_RENDA__RENDA_BAIXA + FAIXA_IDADE__IDADE_40_A_49 + POSSE_CARRO__SEM_CARRO + SITUACAO_FAMILIAR__CASADO_OU_UNIAO_CIVIL;1;5;6;0.010000;0.01;1.06;0;1;FAIXA_CREDITO__CREDITO_BAIXO + FAIXA_RENDA__RENDA_BAIXA + FAIXA_IDADE__IDADE_40_A_49 + POSSE_CARRO__SEM_CARRO + SITUACAO_FAMILIAR__CASADO_OU_UNIAO_CIVIL + FAIXA_TAXA_REJEICAO__SEM_REJEICAO_PREVIA;100;0.010000
952;FAIXA_CREDITO__CREDITO_BAIXO + FAIXA_RENDA__RENDA_BAIXA + FAIXA_IDADE__IDADE_40_A_49 + POSSE_CARRO__SEM_CARRO + SITUACAO_FAMILIAR__CASADO_OU_UNIAO_CIVIL;FAIXA_TAXA_REJEICAO__SEM_REJEICAO_PREVIA;5;1;6;0.010000;0.72;1.06;0;1.12;FAIXA_CREDITO__CREDITO_BAIXO + FAIXA_RENDA__RENDA_BAIXA + FAIXA_IDADE__IDADE_40_A_49 + POSSE_CARRO__SEM_CARRO + SITUACAO_FAMILIAR__CASADO_OU_UNIAO_CIVIL + FAIXA_TAXA_REJEICAO__SEM_REJEICAO_PREVIA;100;0.010000
953;POSSE_CARRO__SEM_CARRO + SITUACAO_FAMILIAR__CASADO_OU_UNIAO_CIVIL;FAIXA_RENDA__RENDA_BAIXA + FAIXA_IDADE__IDADE_60_OU_MAIS + CATEGORIA_FILHOS__SEM_FILHOS + FAIXA_CREDITOS_ATIVOS__UM_A_DOIS_CREDITOS_ATIVOS + FAIXA_TAXA_REJEICAO__SEM_REJEICAO_PREVIA;2;5;7;0.010000;0.02;1.06;0;1;FAIXA_RENDA__RENDA_BAIXA + FAIXA_IDADE__IDADE_60_OU_MAIS + CATEGORIA_FILHOS__SEM_FILHOS + POSSE_CARRO__SEM_CARRO + SITUACAO_FAMILIAR__CASADO_OU_UNIAO_CIVIL + FAIXA_CREDITOS_ATIVOS__UM_A_DOIS_CREDITOS_ATIVOS + FAIXA_TAXA_REJEICAO__SEM_REJEICAO_PREVIA;100;0.010000
954;FAIXA_RENDA__RENDA_BAIXA + FAIXA_IDADE__IDADE_60_OU_MAIS + CATEGORIA_FILHOS__SEM_FILHOS + FAIXA_CREDITOS_ATIVOS__UM_A_DOIS_CREDITOS_ATIVOS + FAIXA_TAXA_REJEICAO__SEM_REJEICAO_PREVIA;POSSE_CARRO__SEM_CARRO + SITUACAO_FAMILIAR__CASADO_OU_UNIAO_CIVIL;5;2;7;0.010000;0.48;1.06;0;1.04;FAIXA_RENDA__RENDA_BAIXA + FAIXA_IDADE__IDADE_60_OU_MAIS + CATEGORIA_FILHOS__SEM_FILHOS + POSSE_CARRO__SEM_CARRO + SITUACAO_FAMILIAR__CASADO_OU_UNIAO_CIVIL + FAIXA_CREDITOS_ATIVOS__UM_A_DOIS_CREDITOS_ATIVOS + FAIXA_TAXA_REJEICAO__SEM_REJEICAO_PREVIA;100;0.010000
955;FAIXA_IDADE__IDADE_30_A_39;FAIXA_RENDA__RENDA_BAIXA + SITUACAO_FAMILIAR__CASADO_OU_UNIAO_CIVIL + FAIXA_TAXA_REJEICAO__REJEICAO_PREVIA_ACIMA_25_PCT;1;3;4;0.010000;0.04;1.06;0;1;FAIXA_RENDA__RENDA_BAIXA + FAIXA_IDADE__IDADE_30_A_39 + SITUACAO_FAMILIAR__CASADO_OU_UNIAO_CIVIL + FAIXA_TAXA_REJEICAO__REJEICAO_PREVIA_ACIMA_25_PCT;100;0.010000
956;FAIXA_RENDA__RENDA_BAIXA + SITUACAO_FAMILIAR__CASADO_OU_UNIAO_CIVIL + FAIXA_TAXA_REJEICAO__REJEICAO_PREVIA_ACIMA_25_PCT;FAIXA_IDADE__IDADE_30_A_39;3;1;4;0.010000;0.28;1.06;0;1.02;FAIXA_RENDA__RENDA_BAIXA + FAIXA_IDADE__IDADE_30_A_39 + SITUACAO_FAMILIAR__CASADO_OU_UNIAO_CIVIL + FAIXA_TAXA_REJEICAO__REJEICAO_PREVIA_ACIMA_25_PCT;100;0.010000
957;FAIXA_IDADE__IDADE_50_A_59 + CATEGORIA_FILHOS__SEM_FILHOS;FAIXA_CREDITO__CREDITO_ALTO + FAIXA_RENDA__RENDA_ALTA + POSSE_CARRO__SEM_CARRO;2;3;5;0.010000;0.05;1.06;0;1;FAIXA_CREDITO__CREDITO_ALTO + FAIXA_RENDA__RENDA_ALTA + FAIXA_IDADE__IDADE_50_A_59 + CATEGORIA_FILHOS__SEM_FILHOS + POSSE_CARRO__SEM_CARRO;100;0.010000
958;FAIXA_CREDITO__CREDITO_ALTO + FAIXA_RENDA__RENDA_ALTA + POSSE_CARRO__SEM_CARRO;FAIXA_IDADE__IDADE_50_A_59 + CATEGORIA_FILHOS__SEM_FILHOS;3;2;5;0.010000;0.21;1.06;0;1.01;FAIXA_CREDITO__CREDITO_ALTO + FAIXA_RENDA__RENDA_ALTA + FAIXA_IDADE__IDADE_50_A_59 + CATEGORIA_FILHOS__SEM_FILHOS + POSSE_CARRO__SEM_CARRO;100;0.010000
959;FAIXA_RENDA__RENDA_MEDIA + POSSE_CARRO__SEM_CARRO;FAIXA_CREDITO__CREDITO_ALTO + SITUACAO_FAMILIAR__CASADO_OU_UNIAO_CIVIL + FAIXA_CREDITOS_ATIVOS__UM_A_DOIS_CREDITOS_ATIVOS;2;3;5;0.010000;0.08;1.06;0;1;FAIXA_CREDITO__CREDITO_ALTO + FAIXA_RENDA__RENDA_MEDIA + POSSE_CARRO__SEM_CARRO + SITUACAO_FAMILIAR__CASADO_OU_UNIAO_CIVIL + FAIXA_CREDITOS_ATIVOS__UM_A_DOIS_CREDITOS_ATIVOS;100;0.010000
960;FAIXA_CREDITO__CREDITO_ALTO + SITUACAO_FAMILIAR__CASADO_OU_UNIAO_CIVIL + FAIXA_CREDITOS_ATIVOS__UM_A_DOIS_CREDITOS_ATIVOS;FAIXA_RENDA__RENDA_MEDIA + POSSE_CARRO__SEM_CARRO;3;2;5;0.010000;0.13;1.06;0;1.01;FAIXA_CREDITO__CREDITO_ALTO + FAIXA_RENDA__RENDA_MEDIA + POSSE_CARRO__SEM_CARRO + SITUACAO_FAMILIAR__CASADO_OU_UNIAO_CIVIL + FAIXA_CREDITOS_ATIVOS__UM_A_DOIS_CREDITOS_ATIVOS;100;0.010000
961;FAIXA_CREDITO__CREDITO_ALTO + FAIXA_RENDA__RENDA_MEDIA + POSSE_CARRO__SEM_CARRO + SITUACAO_FAMILIAR__CASADO_OU_UNIAO_CIVIL;FAIXA_CREDITOS_ATIVOS__UM_A_DOIS_CREDITOS_ATIVOS;4;1;5;0.010000;0.46;1.06;0;1.04;FAIXA_CREDITO__CREDITO_ALTO + FAIXA_RENDA__RENDA_MEDIA + POSSE_CARRO__SEM_CARRO + SITUACAO_FAMILIAR__CASADO_OU_UNIAO_CIVIL + FAIXA_CREDITOS_ATIVOS__UM_A_DOIS_CREDITOS_ATIVOS;100;0.010000
962;FAIXA_CREDITOS_ATIVOS__UM_A_DOIS_CREDITOS_ATIVOS;FAIXA_CREDITO__CREDITO_ALTO + FAIXA_RENDA__RENDA_MEDIA + POSSE_CARRO__SEM_CARRO + SITUACAO_FAMILIAR__CASADO_OU_UNIAO_CIVIL;1;4;5;0.010000;0.02;1.06;0;1;FAIXA_CREDITO__CREDITO_ALTO + FAIXA_RENDA__RENDA_MEDIA + POSSE_CARRO__SEM_CARRO + SITUACAO_FAMILIAR__CASADO_OU_UNIAO_CIVIL + FAIXA_CREDITOS_ATIVOS__UM_A_DOIS_CREDITOS_ATIVOS;100;0.010000
963;FAIXA_RENDA__RENDA_BAIXA + FAIXA_IDADE__IDADE_40_A_49 + CATEGORIA_FILHOS__SEM_FILHOS + POSSE_CARRO__SEM_CARRO + FAIXA_CREDITOS_ATIVOS__UM_A_DOIS_CREDITOS_ATIVOS;FAIXA_TAXA_REJEICAO__SEM_REJEICAO_PREVIA;5;1;6;0.010000;0.71;1.05;0;1.1;FAIXA_RENDA__RENDA_BAIXA + FAIXA_IDADE__IDADE_40_A_49 + CATEGORIA_FILHOS__SEM_FILHOS + POSSE_CARRO__SEM_CARRO + FAIXA_CREDITOS_ATIVOS__UM_A_DOIS_CREDITOS_ATIVOS + FAIXA_TAXA_REJEICAO__SEM_REJEICAO_PREVIA;100;0.010000
964;FAIXA_TAXA_REJEICAO__SEM_REJEICAO_PREVIA;FAIXA_RENDA__RENDA_BAIXA + FAIXA_IDADE__IDADE_40_A_49 + CATEGORIA_FILHOS__SEM_FILHOS + POSSE_CARRO__SEM_CARRO + FAIXA_CREDITOS_ATIVOS__UM_A_DOIS_CREDITOS_ATIVOS;1;5;6;0.010000;0.01;1.05;0;1;FAIXA_RENDA__RENDA_BAIXA + FAIXA_IDADE__IDADE_40_A_49 + CATEGORIA_FILHOS__SEM_FILHOS + POSSE_CARRO__SEM_CARRO + FAIXA_CREDITOS_ATIVOS__UM_A_DOIS_CREDITOS_ATIVOS + FAIXA_TAXA_REJEICAO__SEM_REJEICAO_PREVIA;100;0.010000
965;FAIXA_RENDA__RENDA_MUITO_ALTA + POSSE_CARRO__SEM_CARRO;FAIXA_CREDITO__CREDITO_ALTO + FAIXA_CREDITOS_ATIVOS__UM_A_DOIS_CREDITOS_ATIVOS + FAIXA_TAXA_REJEICAO__SEM_REJEICAO_PREVIA;2;3;5;0.010000;0.08;1.05;0;1;FAIXA_CREDITO__CREDITO_ALTO + FAIXA_RENDA__RENDA_MUITO_ALTA + POSSE_CARRO__SEM_CARRO + FAIXA_CREDITOS_ATIVOS__UM_A_DOIS_CREDITOS_ATIVOS + FAIXA_TAXA_REJEICAO__SEM_REJEICAO_PREVIA;100;0.010000
966;FAIXA_CREDITO__CREDITO_ALTO + FAIXA_CREDITOS_ATIVOS__UM_A_DOIS_CREDITOS_ATIVOS + FAIXA_TAXA_REJEICAO__SEM_REJEICAO_PREVIA;FAIXA_RENDA__RENDA_MUITO_ALTA + POSSE_CARRO__SEM_CARRO;3;2;5;0.010000;0.13;1.05;0;1.01;FAIXA_CREDITO__CREDITO_ALTO + FAIXA_RENDA__RENDA_MUITO_ALTA + POSSE_CARRO__SEM_CARRO + FAIXA_CREDITOS_ATIVOS__UM_A_DOIS_CREDITOS_ATIVOS + FAIXA_TAXA_REJEICAO__SEM_REJEICAO_PREVIA;100;0.010000
967;FAIXA_CREDITO__CREDITO_ALTO + POSSE_CARRO__COM_CARRO;FAIXA_IDADE__IDADE_40_A_49 + FAIXA_CREDITOS_ATIVOS__UM_A_DOIS_CREDITOS_ATIVOS;2;2;4;0.010000;0.12;1.05;0;1.01;FAIXA_CREDITO__CREDITO_ALTO + FAIXA_IDADE__IDADE_40_A_49 + POSSE_CARRO__COM_CARRO + FAIXA_CREDITOS_ATIVOS__UM_A_DOIS_CREDITOS_ATIVOS;100;0.010000
968;FAIXA_IDADE__IDADE_40_A_49 + FAIXA_CREDITOS_ATIVOS__UM_A_DOIS_CREDITOS_ATIVOS;FAIXA_CREDITO__CREDITO_ALTO + POSSE_CARRO__COM_CARRO;2;2;4;0.010000;0.09;1.05;0;1;FAIXA_CREDITO__CREDITO_ALTO + FAIXA_IDADE__IDADE_40_A_49 + POSSE_CARRO__COM_CARRO + FAIXA_CREDITOS_ATIVOS__UM_A_DOIS_CREDITOS_ATIVOS;100;0.010000
969;FAIXA_CREDITO__CREDITO_ALTO + FAIXA_IDADE__IDADE_40_A_49;POSSE_CARRO__COM_CARRO + FAIXA_CREDITOS_ATIVOS__UM_A_DOIS_CREDITOS_ATIVOS;2;2;4;0.010000;0.16;1.05;0;1.01;FAIXA_CREDITO__CREDITO_ALTO + FAIXA_IDADE__IDADE_40_A_49 + POSSE_CARRO__COM_CARRO + FAIXA_CREDITOS_ATIVOS__UM_A_DOIS_CREDITOS_ATIVOS;100;0.010000
970;POSSE_CARRO__COM_CARRO + FAIXA_CREDITOS_ATIVOS__UM_A_DOIS_CREDITOS_ATIVOS;FAIXA_CREDITO__CREDITO_ALTO + FAIXA_IDADE__IDADE_40_A_49;2;2;4;0.010000;0.07;1.05;0;1;FAIXA_CREDITO__CREDITO_ALTO + FAIXA_IDADE__IDADE_40_A_49 + POSSE_CARRO__COM_CARRO + FAIXA_CREDITOS_ATIVOS__UM_A_DOIS_CREDITOS_ATIVOS;100;0.010000
971;FAIXA_CREDITOS_ATIVOS__UM_A_DOIS_CREDITOS_ATIVOS + FAIXA_TAXA_REJEICAO__SEM_REJEICAO_PREVIA;FAIXA_RENDA__RENDA_BAIXA + FAIXA_IDADE__IDADE_60_OU_MAIS + CATEGORIA_FILHOS__SEM_FILHOS + POSSE_CARRO__SEM_CARRO + SITUACAO_FAMILIAR__CASADO_OU_UNIAO_CIVIL;2;5;7;0.010000;0.03;1.05;0;1;FAIXA_RENDA__RENDA_BAIXA + FAIXA_IDADE__IDADE_60_OU_MAIS + CATEGORIA_FILHOS__SEM_FILHOS + POSSE_CARRO__SEM_CARRO + SITUACAO_FAMILIAR__CASADO_OU_UNIAO_CIVIL + FAIXA_CREDITOS_ATIVOS__UM_A_DOIS_CREDITOS_ATIVOS + FAIXA_TAXA_REJEICAO__SEM_REJEICAO_PREVIA;100;0.010000
972;FAIXA_RENDA__RENDA_BAIXA + FAIXA_IDADE__IDADE_60_OU_MAIS + CATEGORIA_FILHOS__SEM_FILHOS + POSSE_CARRO__SEM_CARRO + SITUACAO_FAMILIAR__CASADO_OU_UNIAO_CIVIL;FAIXA_CREDITOS_ATIVOS__UM_A_DOIS_CREDITOS_ATIVOS + FAIXA_TAXA_REJEICAO__SEM_REJEICAO_PREVIA;5;2;7;0.010000;0.32;1.05;0;1.02;FAIXA_RENDA__RENDA_BAIXA + FAIXA_IDADE__IDADE_60_OU_MAIS + CATEGORIA_FILHOS__SEM_FILHOS + POSSE_CARRO__SEM_CARRO + SITUACAO_FAMILIAR__CASADO_OU_UNIAO_CIVIL + FAIXA_CREDITOS_ATIVOS__UM_A_DOIS_CREDITOS_ATIVOS + FAIXA_TAXA_REJEICAO__SEM_REJEICAO_PREVIA;100;0.010000
973;FAIXA_RENDA__RENDA_BAIXA;FAIXA_IDADE__IDADE_40_A_49 + CATEGORIA_FILHOS__SEM_FILHOS + POSSE_CARRO__SEM_CARRO + FAIXA_CREDITOS_ATIVOS__UM_A_DOIS_CREDITOS_ATIVOS + FAIXA_TAXA_REJEICAO__SEM_REJEICAO_PREVIA;1;5;6;0.010000;0.03;1.05;0;1;FAIXA_RENDA__RENDA_BAIXA + FAIXA_IDADE__IDADE_40_A_49 + CATEGORIA_FILHOS__SEM_FILHOS + POSSE_CARRO__SEM_CARRO + FAIXA_CREDITOS_ATIVOS__UM_A_DOIS_CREDITOS_ATIVOS + FAIXA_TAXA_REJEICAO__SEM_REJEICAO_PREVIA;100;0.010000
974;FAIXA_IDADE__IDADE_40_A_49 + CATEGORIA_FILHOS__SEM_FILHOS + POSSE_CARRO__SEM_CARRO + FAIXA_CREDITOS_ATIVOS__UM_A_DOIS_CREDITOS_ATIVOS + FAIXA_TAXA_REJEICAO__SEM_REJEICAO_PREVIA;FAIXA_RENDA__RENDA_BAIXA;5;1;6;0.010000;0.34;1.05;0;1.02;FAIXA_RENDA__RENDA_BAIXA + FAIXA_IDADE__IDADE_40_A_49 + CATEGORIA_FILHOS__SEM_FILHOS + POSSE_CARRO__SEM_CARRO + FAIXA_CREDITOS_ATIVOS__UM_A_DOIS_CREDITOS_ATIVOS + FAIXA_TAXA_REJEICAO__SEM_REJEICAO_PREVIA;100;0.010000
975;FAIXA_CREDITO__CREDITO_MEDIO + FAIXA_RENDA__RENDA_ALTA;SITUACAO_FAMILIAR__SOLTEIRO;2;1;3;0.010000;0.16;1.05;0;1.01;FAIXA_CREDITO__CREDITO_MEDIO + FAIXA_RENDA__RENDA_ALTA + SITUACAO_FAMILIAR__SOLTEIRO;100;0.010000
976;SITUACAO_FAMILIAR__SOLTEIRO;FAIXA_CREDITO__CREDITO_MEDIO + FAIXA_RENDA__RENDA_ALTA;1;2;3;0.010000;0.07;1.05;0;1;FAIXA_CREDITO__CREDITO_MEDIO + FAIXA_RENDA__RENDA_ALTA + SITUACAO_FAMILIAR__SOLTEIRO;100;0.010000
977;FAIXA_CREDITO__CREDITO_MEDIO + FAIXA_RENDA__RENDA_BAIXA + FAIXA_IDADE__IDADE_60_OU_MAIS + POSSE_CARRO__SEM_CARRO;FAIXA_TAXA_REJEICAO__SEM_REJEICAO_PREVIA;4;1;5;0.010000;0.71;1.05;0;1.08;FAIXA_CREDITO__CREDITO_MEDIO + FAIXA_RENDA__RENDA_BAIXA + FAIXA_IDADE__IDADE_60_OU_MAIS + POSSE_CARRO__SEM_CARRO + FAIXA_TAXA_REJEICAO__SEM_REJEICAO_PREVIA;100;0.010000
978;FAIXA_TAXA_REJEICAO__SEM_REJEICAO_PREVIA;FAIXA_CREDITO__CREDITO_MEDIO + FAIXA_RENDA__RENDA_BAIXA + FAIXA_IDADE__IDADE_60_OU_MAIS + POSSE_CARRO__SEM_CARRO;1;4;5;0.010000;0.01;1.05;0;1;FAIXA_CREDITO__CREDITO_MEDIO + FAIXA_RENDA__RENDA_BAIXA + FAIXA_IDADE__IDADE_60_OU_MAIS + POSSE_CARRO__SEM_CARRO + FAIXA_TAXA_REJEICAO__SEM_REJEICAO_PREVIA;100;0.010000
981;FAIXA_CREDITOS_ATIVOS__UM_A_DOIS_CREDITOS_ATIVOS;FAIXA_CREDITO__CREDITO_BAIXO + FAIXA_RENDA__RENDA_BAIXA + FAIXA_IDADE__IDADE_50_A_59 + CATEGORIA_FILHOS__SEM_FILHOS;1;4;5;0.010000;0.02;1.05;0;1;FAIXA_CREDITO__CREDITO_BAIXO + FAIXA_RENDA__RENDA_BAIXA + FAIXA_IDADE__IDADE_50_A_59 + CATEGORIA_FILHOS__SEM_FILHOS + FAIXA_CREDITOS_ATIVOS__UM_A_DOIS_CREDITOS_ATIVOS;100;0.010000
982;FAIXA_CREDITO__CREDITO_BAIXO + FAIXA_RENDA__RENDA_BAIXA + FAIXA_IDADE__IDADE_50_A_59 + CATEGORIA_FILHOS__SEM_FILHOS;FAIXA_CREDITOS_ATIVOS__UM_A_DOIS_CREDITOS_ATIVOS;4;1;5;0.010000;0.45;1.05;0;1.03;FAIXA_CREDITO__CREDITO_BAIXO + FAIXA_RENDA__RENDA_BAIXA + FAIXA_IDADE__IDADE_50_A_59 + CATEGORIA_FILHOS__SEM_FILHOS + FAIXA_CREDITOS_ATIVOS__UM_A_DOIS_CREDITOS_ATIVOS;100;0.010000
983;FAIXA_CREDITO__CREDITO_MEDIO + FAIXA_IDADE__IDADE_50_A_59 + CATEGORIA_FILHOS__SEM_FILHOS;POSSE_CARRO__SEM_CARRO + FAIXA_CREDITOS_ATIVOS__UM_A_DOIS_CREDITOS_ATIVOS + FAIXA_TAXA_REJEICAO__SEM_REJEICAO_PREVIA;3;3;6;0.010000;0.21;1.04;0;1.01;FAIXA_CREDITO__CREDITO_MEDIO + FAIXA_IDADE__IDADE_50_A_59 + CATEGORIA_FILHOS__SEM_FILHOS + POSSE_CARRO__SEM_CARRO + FAIXA_CREDITOS_ATIVOS__UM_A_DOIS_CREDITOS_ATIVOS + FAIXA_TAXA_REJEICAO__SEM_REJEICAO_PREVIA;100;0.010000
984;POSSE_CARRO__SEM_CARRO + FAIXA_CREDITOS_ATIVOS__UM_A_DOIS_CREDITOS_ATIVOS + FAIXA_TAXA_REJEICAO__SEM_REJEICAO_PREVIA;FAIXA_CREDITO__CREDITO_MEDIO + FAIXA_IDADE__IDADE_50_A_59 + CATEGORIA_FILHOS__SEM_FILHOS;3;3;6;0.010000;0.05;1.04;0;1;FAIXA_CREDITO__CREDITO_MEDIO + FAIXA_IDADE__IDADE_50_A_59 + CATEGORIA_FILHOS__SEM_FILHOS + POSSE_CARRO__SEM_CARRO + FAIXA_CREDITOS_ATIVOS__UM_A_DOIS_CREDITOS_ATIVOS + FAIXA_TAXA_REJEICAO__SEM_REJEICAO_PREVIA;100;0.010000
985;FAIXA_IDADE__IDADE_21_A_29;FAIXA_RENDA__RENDA_BAIXA + POSSE_CARRO__SEM_CARRO + FAIXA_CREDITOS_ATIVOS__UM_A_DOIS_CREDITOS_ATIVOS + FAIXA_TAXA_REJEICAO__SEM_REJEICAO_PREVIA;1;4;5;0.010000;0.08;1.04;0;1;FAIXA_RENDA__RENDA_BAIXA + FAIXA_IDADE__IDADE_21_A_29 + POSSE_CARRO__SEM_CARRO + FAIXA_CREDITOS_ATIVOS__UM_A_DOIS_CREDITOS_ATIVOS + FAIXA_TAXA_REJEICAO__SEM_REJEICAO_PREVIA;100;0.010000
986;FAIXA_RENDA__RENDA_BAIXA + POSSE_CARRO__SEM_CARRO + FAIXA_CREDITOS_ATIVOS__UM_A_DOIS_CREDITOS_ATIVOS + FAIXA_TAXA_REJEICAO__SEM_REJEICAO_PREVIA;FAIXA_IDADE__IDADE_21_A_29;4;1;5;0.010000;0.13;1.04;0;1;FAIXA_RENDA__RENDA_BAIXA + FAIXA_IDADE__IDADE_21_A_29 + POSSE_CARRO__SEM_CARRO + FAIXA_CREDITOS_ATIVOS__UM_A_DOIS_CREDITOS_ATIVOS + FAIXA_TAXA_REJEICAO__SEM_REJEICAO_PREVIA;100;0.010000
987;FAIXA_RENDA__RENDA_MUITO_ALTA + FAIXA_IDADE__IDADE_40_A_49 + CATEGORIA_FILHOS__SEM_FILHOS;SITUACAO_FAMILIAR__CASADO_OU_UNIAO_CIVIL + FAIXA_CREDITOS_ATIVOS__UM_A_DOIS_CREDITOS_ATIVOS + FAIXA_TAXA_REJEICAO__SEM_REJEICAO_PREVIA;3;3;6;0.010000;0.23;1.04;0;1.01;FAIXA_RENDA__RENDA_MUITO_ALTA + FAIXA_IDADE__IDADE_40_A_49 + CATEGORIA_FILHOS__SEM_FILHOS + SITUACAO_FAMILIAR__CASADO_OU_UNIAO_CIVIL + FAIXA_CREDITOS_ATIVOS__UM_A_DOIS_CREDITOS_ATIVOS + FAIXA_TAXA_REJEICAO__SEM_REJEICAO_PREVIA;100;0.010000
988;SITUACAO_FAMILIAR__CASADO_OU_UNIAO_CIVIL + FAIXA_CREDITOS_ATIVOS__UM_A_DOIS_CREDITOS_ATIVOS + FAIXA_TAXA_REJEICAO__SEM_REJEICAO_PREVIA;FAIXA_RENDA__RENDA_MUITO_ALTA + FAIXA_IDADE__IDADE_40_A_49 + CATEGORIA_FILHOS__SEM_FILHOS;3;3;6;0.010000;0.05;1.04;0;1;FAIXA_RENDA__RENDA_MUITO_ALTA + FAIXA_IDADE__IDADE_40_A_49 + CATEGORIA_FILHOS__SEM_FILHOS + SITUACAO_FAMILIAR__CASADO_OU_UNIAO_CIVIL + FAIXA_CREDITOS_ATIVOS__UM_A_DOIS_CREDITOS_ATIVOS + FAIXA_TAXA_REJEICAO__SEM_REJEICAO_PREVIA;100;0.010000
989;FAIXA_IDADE__IDADE_40_A_49 + SITUACAO_FAMILIAR__CASADO_OU_UNIAO_CIVIL;FAIXA_RENDA__RENDA_MUITO_ALTA + CATEGORIA_FILHOS__SEM_FILHOS + FAIXA_CREDITOS_ATIVOS__UM_A_DOIS_CREDITOS_ATIVOS + FAIXA_TAXA_REJEICAO__SEM_REJEICAO_PREVIA;2;4;6;0.010000;0.05;1.04;0;1;FAIXA_RENDA__RENDA_MUITO_ALTA + FAIXA_IDADE__IDADE_40_A_49 + CATEGORIA_FILHOS__SEM_FILHOS + SITUACAO_FAMILIAR__CASADO_OU_UNIAO_CIVIL + FAIXA_CREDITOS_ATIVOS__UM_A_DOIS_CREDITOS_ATIVOS + FAIXA_TAXA_REJEICAO__SEM_REJEICAO_PREVIA;100;0.010000
990;FAIXA_RENDA__RENDA_MUITO_ALTA + CATEGORIA_FILHOS__SEM_FILHOS + FAIXA_CREDITOS_ATIVOS__UM_A_DOIS_CREDITOS_ATIVOS + FAIXA_TAXA_REJEICAO__SEM_REJEICAO_PREVIA;FAIXA_IDADE__IDADE_40_A_49 + SITUACAO_FAMILIAR__CASADO_OU_UNIAO_CIVIL;4;2;6;0.010000;0.21;1.04;0;1.01;FAIXA_RENDA__RENDA_MUITO_ALTA + FAIXA_IDADE__IDADE_40_A_49 + CATEGORIA_FILHOS__SEM_FILHOS + SITUACAO_FAMILIAR__CASADO_OU_UNIAO_CIVIL + FAIXA_CREDITOS_ATIVOS__UM_A_DOIS_CREDITOS_ATIVOS + FAIXA_TAXA_REJEICAO__SEM_REJEICAO_PREVIA;100;0.010000
993;SITUACAO_FAMILIAR__CASADO_OU_UNIAO_CIVIL + FAIXA_CREDITOS_ATIVOS__TRES_OU_MAIS_CREDITOS_ATIVOS;FAIXA_RENDA__RENDA_ALTA + FAIXA_IDADE__IDADE_30_A_39 + FAIXA_TAXA_REJEICAO__SEM_REJEICAO_PREVIA;2;3;5;0.010000;0.05;1.04;0;1;FAIXA_RENDA__RENDA_ALTA + FAIXA_IDADE__IDADE_30_A_39 + SITUACAO_FAMILIAR__CASADO_OU_UNIAO_CIVIL + FAIXA_CREDITOS_ATIVOS__TRES_OU_MAIS_CREDITOS_ATIVOS + FAIXA_TAXA_REJEICAO__SEM_REJEICAO_PREVIA;100;0.010000
994;FAIXA_RENDA__RENDA_ALTA + FAIXA_IDADE__IDADE_30_A_39 + FAIXA_TAXA_REJEICAO__SEM_REJEICAO_PREVIA;SITUACAO_FAMILIAR__CASADO_OU_UNIAO_CIVIL + FAIXA_CREDITOS_ATIVOS__TRES_OU_MAIS_CREDITOS_ATIVOS;3;2;5;0.010000;0.21;1.04;0;1.01;FAIXA_RENDA__RENDA_ALTA + FAIXA_IDADE__IDADE_30_A_39 + SITUACAO_FAMILIAR__CASADO_OU_UNIAO_CIVIL + FAIXA_CREDITOS_ATIVOS__TRES_OU_MAIS_CREDITOS_ATIVOS + FAIXA_TAXA_REJEICAO__SEM_REJEICAO_PREVIA;100;0.010000
995;POSSE_CARRO__SEM_CARRO + SITUACAO_FAMILIAR__CASADO_OU_UNIAO_CIVIL + FAIXA_CREDITOS_ATIVOS__UM_A_DOIS_CREDITOS_ATIVOS;FAIXA_RENDA__RENDA_BAIXA + FAIXA_IDADE__IDADE_60_OU_MAIS + CATEGORIA_FILHOS__SEM_FILHOS + FAIXA_TAXA_REJEICAO__SEM_REJEICAO_PREVIA;3;4;7;0.010000;0.05;1.04;0;1;FAIXA_RENDA__RENDA_BAIXA + FAIXA_IDADE__IDADE_60_OU_MAIS + CATEGORIA_FILHOS__SEM_FILHOS + POSSE_CARRO__SEM_CARRO + SITUACAO_FAMILIAR__CASADO_OU_UNIAO_CIVIL + FAIXA_CREDITOS_ATIVOS__UM_A_DOIS_CREDITOS_ATIVOS + FAIXA_TAXA_REJEICAO__SEM_REJEICAO_PREVIA;100;0.010000
996;FAIXA_RENDA__RENDA_BAIXA + FAIXA_IDADE__IDADE_60_OU_MAIS + CATEGORIA_FILHOS__SEM_FILHOS + FAIXA_TAXA_REJEICAO__SEM_REJEICAO_PREVIA;POSSE_CARRO__SEM_CARRO + SITUACAO_FAMILIAR__CASADO_OU_UNIAO_CIVIL + FAIXA_CREDITOS_ATIVOS__UM_A_DOIS_CREDITOS_ATIVOS;4;3;7;0.010000;0.2;1.04;0;1.01;FAIXA_RENDA__RENDA_BAIXA + FAIXA_IDADE__IDADE_60_OU_MAIS + CATEGORIA_FILHOS__SEM_FILHOS + POSSE_CARRO__SEM_CARRO + SITUACAO_FAMILIAR__CASADO_OU_UNIAO_CIVIL + FAIXA_CREDITOS_ATIVOS__UM_A_DOIS_CREDITOS_ATIVOS + FAIXA_TAXA_REJEICAO__SEM_REJEICAO_PREVIA;100;0.010000
997;FAIXA_IDADE__IDADE_30_A_39 + FAIXA_CREDITOS_ATIVOS__TRES_OU_MAIS_CREDITOS_ATIVOS;FAIXA_RENDA__RENDA_ALTA + SITUACAO_FAMILIAR__CASADO_OU_UNIAO_CIVIL + FAIXA_TAXA_REJEICAO__SEM_REJEICAO_PREVIA;2;3;5;0.010000;0.13;1.04;0;1;FAIXA_RENDA__RENDA_ALTA + FAIXA_IDADE__IDADE_30_A_39 + SITUACAO_FAMILIAR__CASADO_OU_UNIAO_CIVIL + FAIXA_CREDITOS_ATIVOS__TRES_OU_MAIS_CREDITOS_ATIVOS + FAIXA_TAXA_REJEICAO__SEM_REJEICAO_PREVIA;100;0.010000
998;FAIXA_RENDA__RENDA_ALTA + SITUACAO_FAMILIAR__CASADO_OU_UNIAO_CIVIL + FAIXA_TAXA_REJEICAO__SEM_REJEICAO_PREVIA;FAIXA_IDADE__IDADE_30_A_39 + FAIXA_CREDITOS_ATIVOS__TRES_OU_MAIS_CREDITOS_ATIVOS;3;2;5;0.010000;0.08;1.04;0;1;FAIXA_RENDA__RENDA_ALTA + FAIXA_IDADE__IDADE_30_A_39 + SITUACAO_FAMILIAR__CASADO_OU_UNIAO_CIVIL + FAIXA_CREDITOS_ATIVOS__TRES_OU_MAIS_CREDITOS_ATIVOS + FAIXA_TAXA_REJEICAO__SEM_REJEICAO_PREVIA;100;0.010000
999;SITUACAO_FAMILIAR__CASADO_OU_UNIAO_CIVIL;FAIXA_CREDITO__CREDITO_BAIXO + POSSE_CARRO__COM_CARRO + FAIXA_TAXA_REJEICAO__REJEICAO_PREVIA_ACIMA_25_PCT;1;3;4;0.010000;0.01;1.04;0;1;FAIXA_CREDITO__CREDITO_BAIXO + POSSE_CARRO__COM_CARRO + SITUACAO_FAMILIAR__CASADO_OU_UNIAO_CIVIL + FAIXA_TAXA_REJEICAO__REJEICAO_PREVIA_ACIMA_25_PCT;100;0.010000
1000;FAIXA_CREDITO__CREDITO_BAIXO + POSSE_CARRO__COM_CARRO + FAIXA_TAXA_REJEICAO__REJEICAO_PREVIA_ACIMA_25_PCT;SITUACAO_FAMILIAR__CASADO_OU_UNIAO_CIVIL;3;1;4;0.010000;0.76;1.04;0;1.08;FAIXA_CREDITO__CREDITO_BAIXO + POSSE_CARRO__COM_CARRO + SITUACAO_FAMILIAR__CASADO_OU_UNIAO_CIVIL + FAIXA_TAXA_REJEICAO__REJEICAO_PREVIA_ACIMA_25_PCT;100;0.010000
1001;POSSE_CARRO__COM_CARRO;FAIXA_IDADE__IDADE_21_A_29 + CATEGORIA_FILHOS__SEM_FILHOS + SITUACAO_FAMILIAR__SOLTEIRO + FAIXA_TAXA_REJEICAO__SEM_REJEICAO_PREVIA;1;4;5;0.010000;0.03;1.04;0;1;FAIXA_IDADE__IDADE_21_A_29 + CATEGORIA_FILHOS__SEM_FILHOS + POSSE_CARRO__COM_CARRO + SITUACAO_FAMILIAR__SOLTEIRO + FAIXA_TAXA_REJEICAO__SEM_REJEICAO_PREVIA;100;0.010000
1002;FAIXA_IDADE__IDADE_21_A_29 + CATEGORIA_FILHOS__SEM_FILHOS + SITUACAO_FAMILIAR__SOLTEIRO + FAIXA_TAXA_REJEICAO__SEM_REJEICAO_PREVIA;POSSE_CARRO__COM_CARRO;4;1;5;0.010000;0.35;1.04;0;1.01;FAIXA_IDADE__IDADE_21_A_29 + CATEGORIA_FILHOS__SEM_FILHOS + POSSE_CARRO__COM_CARRO + SITUACAO_FAMILIAR__SOLTEIRO + FAIXA_TAXA_REJEICAO__SEM_REJEICAO_PREVIA;100;0.010000
1003;FAIXA_IDADE__IDADE_21_A_29 + CATEGORIA_FILHOS__SEM_FILHOS;FAIXA_RENDA__RENDA_MEDIA + POSSE_CARRO__SEM_CARRO;2;2;4;0.010000;0.12;1.03;0;1;FAIXA_RENDA__RENDA_MEDIA + FAIXA_IDADE__IDADE_21_A_29 + CATEGORIA_FILHOS__SEM_FILHOS + POSSE_CARRO__SEM_CARRO;100;0.010000
1004;FAIXA_RENDA__RENDA_MEDIA + POSSE_CARRO__SEM_CARRO;FAIXA_IDADE__IDADE_21_A_29 + CATEGORIA_FILHOS__SEM_FILHOS;2;2;4;0.010000;0.08;1.03;0;1;FAIXA_RENDA__RENDA_MEDIA + FAIXA_IDADE__IDADE_21_A_29 + CATEGORIA_FILHOS__SEM_FILHOS + POSSE_CARRO__SEM_CARRO;100;0.010000
1005;FAIXA_TAXA_REJEICAO__SEM_REJEICAO_PREVIA;FAIXA_RENDA__RENDA_ALTA + FAIXA_IDADE__IDADE_50_A_59 + POSSE_CARRO__COM_CARRO + SITUACAO_FAMILIAR__CASADO_OU_UNIAO_CIVIL;1;4;5;0.010000;0.01;1.03;0;1;FAIXA_RENDA__RENDA_ALTA + FAIXA_IDADE__IDADE_50_A_59 + POSSE_CARRO__COM_CARRO + SITUACAO_FAMILIAR__CASADO_OU_UNIAO_CIVIL + FAIXA_TAXA_REJEICAO__SEM_REJEICAO_PREVIA;100;0.010000
1006;FAIXA_RENDA__RENDA_ALTA + FAIXA_IDADE__IDADE_50_A_59 + POSSE_CARRO__COM_CARRO + SITUACAO_FAMILIAR__CASADO_OU_UNIAO_CIVIL;FAIXA_TAXA_REJEICAO__SEM_REJEICAO_PREVIA;4;1;5;0.010000;0.7;1.03;0;1.05;FAIXA_RENDA__RENDA_ALTA + FAIXA_IDADE__IDADE_50_A_59 + POSSE_CARRO__COM_CARRO + SITUACAO_FAMILIAR__CASADO_OU_UNIAO_CIVIL + FAIXA_TAXA_REJEICAO__SEM_REJEICAO_PREVIA;100;0.010000
1007;POSSE_CARRO__SEM_CARRO + SITUACAO_FAMILIAR__CASADO_OU_UNIAO_CIVIL;FAIXA_CREDITO__CREDITO_ALTO + FAIXA_RENDA__RENDA_MEDIA + FAIXA_CREDITOS_ATIVOS__UM_A_DOIS_CREDITOS_ATIVOS;2;3;5;0.010000;0.02;1.03;0;1;FAIXA_CREDITO__CREDITO_ALTO + FAIXA_RENDA__RENDA_MEDIA + POSSE_CARRO__SEM_CARRO + SITUACAO_FAMILIAR__CASADO_OU_UNIAO_CIVIL + FAIXA_CREDITOS_ATIVOS__UM_A_DOIS_CREDITOS_ATIVOS;100;0.010000
1008;FAIXA_CREDITO__CREDITO_ALTO + FAIXA_RENDA__RENDA_MEDIA + FAIXA_CREDITOS_ATIVOS__UM_A_DOIS_CREDITOS_ATIVOS;POSSE_CARRO__SEM_CARRO + SITUACAO_FAMILIAR__CASADO_OU_UNIAO_CIVIL;3;2;5;0.010000;0.47;1.03;0;1.02;FAIXA_CREDITO__CREDITO_ALTO + FAIXA_RENDA__RENDA_MEDIA + POSSE_CARRO__SEM_CARRO + SITUACAO_FAMILIAR__CASADO_OU_UNIAO_CIVIL + FAIXA_CREDITOS_ATIVOS__UM_A_DOIS_CREDITOS_ATIVOS;100;0.010000
1009;FAIXA_CREDITOS_ATIVOS__UM_A_DOIS_CREDITOS_ATIVOS + FAIXA_TAXA_REJEICAO__SEM_REJEICAO_PREVIA;FAIXA_RENDA__RENDA_BAIXA + FAIXA_IDADE__IDADE_21_A_29 + POSSE_CARRO__SEM_CARRO;2;3;5;0.010000;0.03;1.03;0;1;FAIXA_RENDA__RENDA_BAIXA + FAIXA_IDADE__IDADE_21_A_29 + POSSE_CARRO__SEM_CARRO + FAIXA_CREDITOS_ATIVOS__UM_A_DOIS_CREDITOS_ATIVOS + FAIXA_TAXA_REJEICAO__SEM_REJEICAO_PREVIA;100;0.010000
1010;FAIXA_RENDA__RENDA_BAIXA + FAIXA_IDADE__IDADE_21_A_29 + POSSE_CARRO__SEM_CARRO;FAIXA_CREDITOS_ATIVOS__UM_A_DOIS_CREDITOS_ATIVOS + FAIXA_TAXA_REJEICAO__SEM_REJEICAO_PREVIA;3;2;5;0.010000;0.31;1.03;0;1.01;FAIXA_RENDA__RENDA_BAIXA + FAIXA_IDADE__IDADE_21_A_29 + POSSE_CARRO__SEM_CARRO + FAIXA_CREDITOS_ATIVOS__UM_A_DOIS_CREDITOS_ATIVOS + FAIXA_TAXA_REJEICAO__SEM_REJEICAO_PREVIA;100;0.010000
1013;FAIXA_CREDITO__CREDITO_ALTO + FAIXA_RENDA__RENDA_MEDIA + SITUACAO_FAMILIAR__CASADO_OU_UNIAO_CIVIL;POSSE_CARRO__SEM_CARRO + FAIXA_CREDITOS_ATIVOS__UM_A_DOIS_CREDITOS_ATIVOS;3;2;5;0.010000;0.29;1.03;0;1.01;FAIXA_CREDITO__CREDITO_ALTO + FAIXA_RENDA__RENDA_MEDIA + POSSE_CARRO__SEM_CARRO + SITUACAO_FAMILIAR__CASADO_OU_UNIAO_CIVIL + FAIXA_CREDITOS_ATIVOS__UM_A_DOIS_CREDITOS_ATIVOS;100;0.010000
1014;POSSE_CARRO__SEM_CARRO + FAIXA_CREDITOS_ATIVOS__UM_A_DOIS_CREDITOS_ATIVOS;FAIXA_CREDITO__CREDITO_ALTO + FAIXA_RENDA__RENDA_MEDIA + SITUACAO_FAMILIAR__CASADO_OU_UNIAO_CIVIL;2;3;5;0.010000;0.04;1.03;0;1;FAIXA_CREDITO__CREDITO_ALTO + FAIXA_RENDA__RENDA_MEDIA + POSSE_CARRO__SEM_CARRO + SITUACAO_FAMILIAR__CASADO_OU_UNIAO_CIVIL + FAIXA_CREDITOS_ATIVOS__UM_A_DOIS_CREDITOS_ATIVOS;100;0.010000
1015;FAIXA_RENDA__RENDA_MUITO_ALTA + FAIXA_IDADE__IDADE_40_A_49 + FAIXA_CREDITOS_ATIVOS__UM_A_DOIS_CREDITOS_ATIVOS + FAIXA_TAXA_REJEICAO__SEM_REJEICAO_PREVIA;CATEGORIA_FILHOS__SEM_FILHOS + SITUACAO_FAMILIAR__CASADO_OU_UNIAO_CIVIL;4;2;6;0.010000;0.49;1.03;0;1.02;FAIXA_RENDA__RENDA_MUITO_ALTA + FAIXA_IDADE__IDADE_40_A_49 + CATEGORIA_FILHOS__SEM_FILHOS + SITUACAO_FAMILIAR__CASADO_OU_UNIAO_CIVIL + FAIXA_CREDITOS_ATIVOS__UM_A_DOIS_CREDITOS_ATIVOS + FAIXA_TAXA_REJEICAO__SEM_REJEICAO_PREVIA;100;0.010000
1016;CATEGORIA_FILHOS__SEM_FILHOS + SITUACAO_FAMILIAR__CASADO_OU_UNIAO_CIVIL;FAIXA_RENDA__RENDA_MUITO_ALTA + FAIXA_IDADE__IDADE_40_A_49 + FAIXA_CREDITOS_ATIVOS__UM_A_DOIS_CREDITOS_ATIVOS + FAIXA_TAXA_REJEICAO__SEM_REJEICAO_PREVIA;2;4;6;0.010000;0.02;1.03;0;1;FAIXA_RENDA__RENDA_MUITO_ALTA + FAIXA_IDADE__IDADE_40_A_49 + CATEGORIA_FILHOS__SEM_FILHOS + SITUACAO_FAMILIAR__CASADO_OU_UNIAO_CIVIL + FAIXA_CREDITOS_ATIVOS__UM_A_DOIS_CREDITOS_ATIVOS + FAIXA_TAXA_REJEICAO__SEM_REJEICAO_PREVIA;100;0.010000
1017;POSSE_CARRO__COM_CARRO;FAIXA_CREDITO__CREDITO_BAIXO + SITUACAO_FAMILIAR__CASADO_OU_UNIAO_CIVIL + FAIXA_TAXA_REJEICAO__REJEICAO_PREVIA_ACIMA_25_PCT;1;3;4;0.010000;0.03;1.03;0;1;FAIXA_CREDITO__CREDITO_BAIXO + POSSE_CARRO__COM_CARRO + SITUACAO_FAMILIAR__CASADO_OU_UNIAO_CIVIL + FAIXA_TAXA_REJEICAO__REJEICAO_PREVIA_ACIMA_25_PCT;100;0.010000
1018;FAIXA_CREDITO__CREDITO_BAIXO + SITUACAO_FAMILIAR__CASADO_OU_UNIAO_CIVIL + FAIXA_TAXA_REJEICAO__REJEICAO_PREVIA_ACIMA_25_PCT;POSSE_CARRO__COM_CARRO;3;1;4;0.010000;0.35;1.03;0;1.01;FAIXA_CREDITO__CREDITO_BAIXO + POSSE_CARRO__COM_CARRO + SITUACAO_FAMILIAR__CASADO_OU_UNIAO_CIVIL + FAIXA_TAXA_REJEICAO__REJEICAO_PREVIA_ACIMA_25_PCT;100;0.010000
1019;FAIXA_CREDITO__CREDITO_ALTO + SITUACAO_FAMILIAR__CASADO_OU_UNIAO_CIVIL;FAIXA_RENDA__RENDA_MEDIA + POSSE_CARRO__SEM_CARRO + FAIXA_CREDITOS_ATIVOS__UM_A_DOIS_CREDITOS_ATIVOS;2;3;5;0.010000;0.05;1.03;0;1;FAIXA_CREDITO__CREDITO_ALTO + FAIXA_RENDA__RENDA_MEDIA + POSSE_CARRO__SEM_CARRO + SITUACAO_FAMILIAR__CASADO_OU_UNIAO_CIVIL + FAIXA_CREDITOS_ATIVOS__UM_A_DOIS_CREDITOS_ATIVOS;100;0.010000
1020;FAIXA_RENDA__RENDA_MEDIA + POSSE_CARRO__SEM_CARRO + FAIXA_CREDITOS_ATIVOS__UM_A_DOIS_CREDITOS_ATIVOS;FAIXA_CREDITO__CREDITO_ALTO + SITUACAO_FAMILIAR__CASADO_OU_UNIAO_CIVIL;3;2;5;0.010000;0.19;1.03;0;1;FAIXA_CREDITO__CREDITO_ALTO + FAIXA_RENDA__RENDA_MEDIA + POSSE_CARRO__SEM_CARRO + SITUACAO_FAMILIAR__CASADO_OU_UNIAO_CIVIL + FAIXA_CREDITOS_ATIVOS__UM_A_DOIS_CREDITOS_ATIVOS;100;0.010000
1021;FAIXA_CREDITO__CREDITO_MEDIO + FAIXA_RENDA__RENDA_MUITO_ALTA + FAIXA_IDADE__IDADE_30_A_39;SITUACAO_FAMILIAR__CASADO_OU_UNIAO_CIVIL;3;1;4;0.010000;0.75;1.02;0;1.03;FAIXA_CREDITO__CREDITO_MEDIO + FAIXA_RENDA__RENDA_MUITO_ALTA + FAIXA_IDADE__IDADE_30_A_39 + SITUACAO_FAMILIAR__CASADO_OU_UNIAO_CIVIL;100;0.010000
1022;SITUACAO_FAMILIAR__CASADO_OU_UNIAO_CIVIL;FAIXA_CREDITO__CREDITO_MEDIO + FAIXA_RENDA__RENDA_MUITO_ALTA + FAIXA_IDADE__IDADE_30_A_39;1;3;4;0.010000;0.01;1.02;0;1;FAIXA_CREDITO__CREDITO_MEDIO + FAIXA_RENDA__RENDA_MUITO_ALTA + FAIXA_IDADE__IDADE_30_A_39 + SITUACAO_FAMILIAR__CASADO_OU_UNIAO_CIVIL;100;0.010000
1023;SITUACAO_FAMILIAR__CASADO_OU_UNIAO_CIVIL;FAIXA_RENDA__RENDA_BAIXA + FAIXA_IDADE__IDADE_30_A_39 + FAIXA_TAXA_REJEICAO__REJEICAO_PREVIA_ACIMA_25_PCT;1;3;4;0.010000;0.01;1.02;0;1;FAIXA_RENDA__RENDA_BAIXA + FAIXA_IDADE__IDADE_30_A_39 + SITUACAO_FAMILIAR__CASADO_OU_UNIAO_CIVIL + FAIXA_TAXA_REJEICAO__REJEICAO_PREVIA_ACIMA_25_PCT;100;0.010000
1024;FAIXA_RENDA__RENDA_BAIXA + FAIXA_IDADE__IDADE_30_A_39 + FAIXA_TAXA_REJEICAO__REJEICAO_PREVIA_ACIMA_25_PCT;SITUACAO_FAMILIAR__CASADO_OU_UNIAO_CIVIL;3;1;4;0.010000;0.75;1.02;0;1.03;FAIXA_RENDA__RENDA_BAIXA + FAIXA_IDADE__IDADE_30_A_39 + SITUACAO_FAMILIAR__CASADO_OU_UNIAO_CIVIL + FAIXA_TAXA_REJEICAO__REJEICAO_PREVIA_ACIMA_25_PCT;100;0.010000
1025;SITUACAO_FAMILIAR__CASADO_OU_UNIAO_CIVIL;FAIXA_CREDITO__CREDITO_BAIXO + FAIXA_RENDA__RENDA_BAIXA + FAIXA_IDADE__IDADE_40_A_49 + POSSE_CARRO__SEM_CARRO + FAIXA_TAXA_REJEICAO__SEM_REJEICAO_PREVIA;1;5;6;0.010000;0.01;1.02;0;1;FAIXA_CREDITO__CREDITO_BAIXO + FAIXA_RENDA__RENDA_BAIXA + FAIXA_IDADE__IDADE_40_A_49 + POSSE_CARRO__SEM_CARRO + SITUACAO_FAMILIAR__CASADO_OU_UNIAO_CIVIL + FAIXA_TAXA_REJEICAO__SEM_REJEICAO_PREVIA;100;0.010000
1026;FAIXA_CREDITO__CREDITO_BAIXO + FAIXA_RENDA__RENDA_BAIXA + FAIXA_IDADE__IDADE_40_A_49 + POSSE_CARRO__SEM_CARRO + FAIXA_TAXA_REJEICAO__SEM_REJEICAO_PREVIA;SITUACAO_FAMILIAR__CASADO_OU_UNIAO_CIVIL;5;1;6;0.010000;0.75;1.02;0;1.03;FAIXA_CREDITO__CREDITO_BAIXO + FAIXA_RENDA__RENDA_BAIXA + FAIXA_IDADE__IDADE_40_A_49 + POSSE_CARRO__SEM_CARRO + SITUACAO_FAMILIAR__CASADO_OU_UNIAO_CIVIL + FAIXA_TAXA_REJEICAO__SEM_REJEICAO_PREVIA;100;0.010000
1027;FAIXA_IDADE__IDADE_30_A_39 + POSSE_CARRO__COM_CARRO + SITUACAO_FAMILIAR__CASADO_OU_UNIAO_CIVIL + FAIXA_TAXA_REJEICAO__SEM_REJEICAO_PREVIA;FAIXA_RENDA__RENDA_MEDIA;4;1;5;0.010000;0.18;1.02;0;1;FAIXA_RENDA__RENDA_MEDIA + FAIXA_IDADE__IDADE_30_A_39 + POSSE_CARRO__COM_CARRO + SITUACAO_FAMILIAR__CASADO_OU_UNIAO_CIVIL + FAIXA_TAXA_REJEICAO__SEM_REJEICAO_PREVIA;100;0.010000
1028;FAIXA_RENDA__RENDA_MEDIA;FAIXA_IDADE__IDADE_30_A_39 + POSSE_CARRO__COM_CARRO + SITUACAO_FAMILIAR__CASADO_OU_UNIAO_CIVIL + FAIXA_TAXA_REJEICAO__SEM_REJEICAO_PREVIA;1;4;5;0.010000;0.06;1.02;0;1;FAIXA_RENDA__RENDA_MEDIA + FAIXA_IDADE__IDADE_30_A_39 + POSSE_CARRO__COM_CARRO + SITUACAO_FAMILIAR__CASADO_OU_UNIAO_CIVIL + FAIXA_TAXA_REJEICAO__SEM_REJEICAO_PREVIA;100;0.010000
1029;FAIXA_IDADE__IDADE_21_A_29 + CATEGORIA_FILHOS__UM_FILHO;FAIXA_CREDITOS_ATIVOS__UM_A_DOIS_CREDITOS_ATIVOS + FAIXA_TAXA_REJEICAO__SEM_REJEICAO_PREVIA;2;2;4;0.010000;0.31;1.02;0;1;FAIXA_IDADE__IDADE_21_A_29 + CATEGORIA_FILHOS__UM_FILHO + FAIXA_CREDITOS_ATIVOS__UM_A_DOIS_CREDITOS_ATIVOS + FAIXA_TAXA_REJEICAO__SEM_REJEICAO_PREVIA;100;0.010000
1030;FAIXA_CREDITOS_ATIVOS__UM_A_DOIS_CREDITOS_ATIVOS + FAIXA_TAXA_REJEICAO__SEM_REJEICAO_PREVIA;FAIXA_IDADE__IDADE_21_A_29 + CATEGORIA_FILHOS__UM_FILHO;2;2;4;0.010000;0.03;1.02;0;1;FAIXA_IDADE__IDADE_21_A_29 + CATEGORIA_FILHOS__UM_FILHO + FAIXA_CREDITOS_ATIVOS__UM_A_DOIS_CREDITOS_ATIVOS + FAIXA_TAXA_REJEICAO__SEM_REJEICAO_PREVIA;100;0.010000
1031;FAIXA_IDADE__IDADE_40_A_49 + POSSE_CARRO__SEM_CARRO;FAIXA_CREDITO__CREDITO_BAIXO + FAIXA_RENDA__RENDA_BAIXA + SITUACAO_FAMILIAR__CASADO_OU_UNIAO_CIVIL + FAIXA_TAXA_REJEICAO__SEM_REJEICAO_PREVIA;2;4;6;0.010000;0.06;1.02;0;1;FAIXA_CREDITO__CREDITO_BAIXO + FAIXA_RENDA__RENDA_BAIXA + FAIXA_IDADE__IDADE_40_A_49 + POSSE_CARRO__SEM_CARRO + SITUACAO_FAMILIAR__CASADO_OU_UNIAO_CIVIL + FAIXA_TAXA_REJEICAO__SEM_REJEICAO_PREVIA;100;0.010000
1032;FAIXA_CREDITO__CREDITO_BAIXO + FAIXA_RENDA__RENDA_BAIXA + SITUACAO_FAMILIAR__CASADO_OU_UNIAO_CIVIL + FAIXA_TAXA_REJEICAO__SEM_REJEICAO_PREVIA;FAIXA_IDADE__IDADE_40_A_49 + POSSE_CARRO__SEM_CARRO;4;2;6;0.010000;0.16;1.02;0;1;FAIXA_CREDITO__CREDITO_BAIXO + FAIXA_RENDA__RENDA_BAIXA + FAIXA_IDADE__IDADE_40_A_49 + POSSE_CARRO__SEM_CARRO + SITUACAO_FAMILIAR__CASADO_OU_UNIAO_CIVIL + FAIXA_TAXA_REJEICAO__SEM_REJEICAO_PREVIA;100;0.010000
1033;FAIXA_RENDA__RENDA_MUITO_ALTA + CATEGORIA_FILHOS__SEM_FILHOS + FAIXA_CREDITOS_ATIVOS__UM_A_DOIS_CREDITOS_ATIVOS;FAIXA_IDADE__IDADE_40_A_49 + SITUACAO_FAMILIAR__CASADO_OU_UNIAO_CIVIL + FAIXA_TAXA_REJEICAO__SEM_REJEICAO_PREVIA;3;3;6;0.010000;0.14;1.02;0;1;FAIXA_RENDA__RENDA_MUITO_ALTA + FAIXA_IDADE__IDADE_40_A_49 + CATEGORIA_FILHOS__SEM_FILHOS + SITUACAO_FAMILIAR__CASADO_OU_UNIAO_CIVIL + FAIXA_CREDITOS_ATIVOS__UM_A_DOIS_CREDITOS_ATIVOS + FAIXA_TAXA_REJEICAO__SEM_REJEICAO_PREVIA;100;0.010000
1034;FAIXA_IDADE__IDADE_40_A_49 + SITUACAO_FAMILIAR__CASADO_OU_UNIAO_CIVIL + FAIXA_TAXA_REJEICAO__SEM_REJEICAO_PREVIA;FAIXA_RENDA__RENDA_MUITO_ALTA + CATEGORIA_FILHOS__SEM_FILHOS + FAIXA_CREDITOS_ATIVOS__UM_A_DOIS_CREDITOS_ATIVOS;3;3;6;0.010000;0.07;1.02;0;1;FAIXA_RENDA__RENDA_MUITO_ALTA + FAIXA_IDADE__IDADE_40_A_49 + CATEGORIA_FILHOS__SEM_FILHOS + SITUACAO_FAMILIAR__CASADO_OU_UNIAO_CIVIL + FAIXA_CREDITOS_ATIVOS__UM_A_DOIS_CREDITOS_ATIVOS + FAIXA_TAXA_REJEICAO__SEM_REJEICAO_PREVIA;100;0.010000
1035;CATEGORIA_FILHOS__UM_FILHO;FAIXA_CREDITO__CREDITO_ALTO + FAIXA_RENDA__RENDA_ALTA + FAIXA_TAXA_REJEICAO__SEM_REJEICAO_PREVIA;1;3;4;0.010000;0.05;1.02;0;1;FAIXA_CREDITO__CREDITO_ALTO + FAIXA_RENDA__RENDA_ALTA + CATEGORIA_FILHOS__UM_FILHO + FAIXA_TAXA_REJEICAO__SEM_REJEICAO_PREVIA;100;0.010000
1036;FAIXA_CREDITO__CREDITO_ALTO + FAIXA_RENDA__RENDA_ALTA + FAIXA_TAXA_REJEICAO__SEM_REJEICAO_PREVIA;CATEGORIA_FILHOS__UM_FILHO;3;1;4;0.010000;0.2;1.02;0;1;FAIXA_CREDITO__CREDITO_ALTO + FAIXA_RENDA__RENDA_ALTA + CATEGORIA_FILHOS__UM_FILHO + FAIXA_TAXA_REJEICAO__SEM_REJEICAO_PREVIA;100;0.010000
1037;FAIXA_CREDITO__CREDITO_MEDIO + POSSE_CARRO__SEM_CARRO;FAIXA_IDADE__IDADE_50_A_59 + CATEGORIA_FILHOS__SEM_FILHOS + FAIXA_CREDITOS_ATIVOS__TRES_OU_MAIS_CREDITOS_ATIVOS;2;3;5;0.010000;0.06;1.02;0;1;FAIXA_CREDITO__CREDITO_MEDIO + FAIXA_IDADE__IDADE_50_A_59 + CATEGORIA_FILHOS__SEM_FILHOS + POSSE_CARRO__SEM_CARRO + FAIXA_CREDITOS_ATIVOS__TRES_OU_MAIS_CREDITOS_ATIVOS;100;0.010000
1038;FAIXA_IDADE__IDADE_50_A_59 + CATEGORIA_FILHOS__SEM_FILHOS + FAIXA_CREDITOS_ATIVOS__TRES_OU_MAIS_CREDITOS_ATIVOS;FAIXA_CREDITO__CREDITO_MEDIO + POSSE_CARRO__SEM_CARRO;3;2;5;0.010000;0.17;1.02;0;1;FAIXA_CREDITO__CREDITO_MEDIO + FAIXA_IDADE__IDADE_50_A_59 + CATEGORIA_FILHOS__SEM_FILHOS + POSSE_CARRO__SEM_CARRO + FAIXA_CREDITOS_ATIVOS__TRES_OU_MAIS_CREDITOS_ATIVOS;100;0.010000
1039;FAIXA_CREDITO__CREDITO_BAIXO + SITUACAO_FAMILIAR__CASADO_OU_UNIAO_CIVIL;POSSE_CARRO__COM_CARRO + FAIXA_TAXA_REJEICAO__REJEICAO_PREVIA_ACIMA_25_PCT;2;2;4;0.010000;0.06;1.02;0;1;FAIXA_CREDITO__CREDITO_BAIXO + POSSE_CARRO__COM_CARRO + SITUACAO_FAMILIAR__CASADO_OU_UNIAO_CIVIL + FAIXA_TAXA_REJEICAO__REJEICAO_PREVIA_ACIMA_25_PCT;100;0.010000
1040;POSSE_CARRO__COM_CARRO + FAIXA_TAXA_REJEICAO__REJEICAO_PREVIA_ACIMA_25_PCT;FAIXA_CREDITO__CREDITO_BAIXO + SITUACAO_FAMILIAR__CASADO_OU_UNIAO_CIVIL;2;2;4;0.010000;0.17;1.02;0;1;FAIXA_CREDITO__CREDITO_BAIXO + POSSE_CARRO__COM_CARRO + SITUACAO_FAMILIAR__CASADO_OU_UNIAO_CIVIL + FAIXA_TAXA_REJEICAO__REJEICAO_PREVIA_ACIMA_25_PCT;100;0.010000
1041;FAIXA_CREDITOS_ATIVOS__UM_A_DOIS_CREDITOS_ATIVOS;FAIXA_RENDA__RENDA_BAIXA + FAIXA_IDADE__IDADE_21_A_29 + POSSE_CARRO__SEM_CARRO + FAIXA_TAXA_REJEICAO__SEM_REJEICAO_PREVIA;1;4;5;0.010000;0.02;1.01;0;1;FAIXA_RENDA__RENDA_BAIXA + FAIXA_IDADE__IDADE_21_A_29 + POSSE_CARRO__SEM_CARRO + FAIXA_CREDITOS_ATIVOS__UM_A_DOIS_CREDITOS_ATIVOS + FAIXA_TAXA_REJEICAO__SEM_REJEICAO_PREVIA;100;0.010000
1042;FAIXA_RENDA__RENDA_BAIXA + FAIXA_IDADE__IDADE_21_A_29 + POSSE_CARRO__SEM_CARRO + FAIXA_TAXA_REJEICAO__SEM_REJEICAO_PREVIA;FAIXA_CREDITOS_ATIVOS__UM_A_DOIS_CREDITOS_ATIVOS;4;1;5;0.010000;0.44;1.01;0;1;FAIXA_RENDA__RENDA_BAIXA + FAIXA_IDADE__IDADE_21_A_29 + POSSE_CARRO__SEM_CARRO + FAIXA_CREDITOS_ATIVOS__UM_A_DOIS_CREDITOS_ATIVOS + FAIXA_TAXA_REJEICAO__SEM_REJEICAO_PREVIA;100;0.010000
1043;FAIXA_CREDITO__CREDITO_MEDIO + FAIXA_IDADE__IDADE_50_A_59 + CATEGORIA_FILHOS__SEM_FILHOS + POSSE_CARRO__SEM_CARRO;FAIXA_CREDITOS_ATIVOS__TRES_OU_MAIS_CREDITOS_ATIVOS;4;1;5;0.010000;0.27;1.01;0;1;FAIXA_CREDITO__CREDITO_MEDIO + FAIXA_IDADE__IDADE_50_A_59 + CATEGORIA_FILHOS__SEM_FILHOS + POSSE_CARRO__SEM_CARRO + FAIXA_CREDITOS_ATIVOS__TRES_OU_MAIS_CREDITOS_ATIVOS;100;0.010000
1044;FAIXA_RENDA__RENDA_ALTA + FAIXA_IDADE__IDADE_30_A_39 + SITUACAO_FAMILIAR__CASADO_OU_UNIAO_CIVIL + FAIXA_TAXA_REJEICAO__SEM_REJEICAO_PREVIA;FAIXA_CREDITOS_ATIVOS__TRES_OU_MAIS_CREDITOS_ATIVOS;4;1;5;0.010000;0.27;1.01;0;1;FAIXA_RENDA__RENDA_ALTA + FAIXA_IDADE__IDADE_30_A_39 + SITUACAO_FAMILIAR__CASADO_OU_UNIAO_CIVIL + FAIXA_CREDITOS_ATIVOS__TRES_OU_MAIS_CREDITOS_ATIVOS + FAIXA_TAXA_REJEICAO__SEM_REJEICAO_PREVIA;100;0.010000
1045;FAIXA_CREDITOS_ATIVOS__TRES_OU_MAIS_CREDITOS_ATIVOS;FAIXA_CREDITO__CREDITO_MEDIO + FAIXA_IDADE__IDADE_50_A_59 + CATEGORIA_FILHOS__SEM_FILHOS + POSSE_CARRO__SEM_CARRO;1;4;5;0.010000;0.04;1.01;0;1;FAIXA_CREDITO__CREDITO_MEDIO + FAIXA_IDADE__IDADE_50_A_59 + CATEGORIA_FILHOS__SEM_FILHOS + POSSE_CARRO__SEM_CARRO + FAIXA_CREDITOS_ATIVOS__TRES_OU_MAIS_CREDITOS_ATIVOS;100;0.010000
1046;FAIXA_CREDITOS_ATIVOS__TRES_OU_MAIS_CREDITOS_ATIVOS;FAIXA_RENDA__RENDA_ALTA + FAIXA_IDADE__IDADE_30_A_39 + SITUACAO_FAMILIAR__CASADO_OU_UNIAO_CIVIL + FAIXA_TAXA_REJEICAO__SEM_REJEICAO_PREVIA;1;4;5;0.010000;0.04;1.01;0;1;FAIXA_RENDA__RENDA_ALTA + FAIXA_IDADE__IDADE_30_A_39 + SITUACAO_FAMILIAR__CASADO_OU_UNIAO_CIVIL + FAIXA_CREDITOS_ATIVOS__TRES_OU_MAIS_CREDITOS_ATIVOS + FAIXA_TAXA_REJEICAO__SEM_REJEICAO_PREVIA;100;0.010000
1047;FAIXA_CREDITO__CREDITO_ALTO + FAIXA_RENDA__RENDA_MEDIA + POSSE_CARRO__SEM_CARRO;SITUACAO_FAMILIAR__CASADO_OU_UNIAO_CIVIL + FAIXA_CREDITOS_ATIVOS__UM_A_DOIS_CREDITOS_ATIVOS;3;2;5;0.010000;0.32;1.01;0;1;FAIXA_CREDITO__CREDITO_ALTO + FAIXA_RENDA__RENDA_MEDIA + POSSE_CARRO__SEM_CARRO + SITUACAO_FAMILIAR__CASADO_OU_UNIAO_CIVIL + FAIXA_CREDITOS_ATIVOS__UM_A_DOIS_CREDITOS_ATIVOS;100;0.010000
1048;SITUACAO_FAMILIAR__CASADO_OU_UNIAO_CIVIL + FAIXA_CREDITOS_ATIVOS__UM_A_DOIS_CREDITOS_ATIVOS;FAIXA_CREDITO__CREDITO_ALTO + FAIXA_RENDA__RENDA_MEDIA + POSSE_CARRO__SEM_CARRO;2;3;5;0.010000;0.03;1.01;0;1;FAIXA_CREDITO__CREDITO_ALTO + FAIXA_RENDA__RENDA_MEDIA + POSSE_CARRO__SEM_CARRO + SITUACAO_FAMILIAR__CASADO_OU_UNIAO_CIVIL + FAIXA_CREDITOS_ATIVOS__UM_A_DOIS_CREDITOS_ATIVOS;100;0.010000
1049;FAIXA_CREDITO__CREDITO_MEDIO + FAIXA_IDADE__IDADE_50_A_59 + CATEGORIA_FILHOS__SEM_FILHOS + POSSE_CARRO__SEM_CARRO + FAIXA_CREDITOS_ATIVOS__UM_A_DOIS_CREDITOS_ATIVOS;FAIXA_TAXA_REJEICAO__SEM_REJEICAO_PREVIA;5;1;6;0.010000;0.68;1.01;0;1;FAIXA_CREDITO__CREDITO_MEDIO + FAIXA_IDADE__IDADE_50_A_59 + CATEGORIA_FILHOS__SEM_FILHOS + POSSE_CARRO__SEM_CARRO + FAIXA_CREDITOS_ATIVOS__UM_A_DOIS_CREDITOS_ATIVOS + FAIXA_TAXA_REJEICAO__SEM_REJEICAO_PREVIA;100;0.010000
1050;FAIXA_TAXA_REJEICAO__SEM_REJEICAO_PREVIA;FAIXA_CREDITO__CREDITO_MEDIO + FAIXA_IDADE__IDADE_50_A_59 + CATEGORIA_FILHOS__SEM_FILHOS + POSSE_CARRO__SEM_CARRO + FAIXA_CREDITOS_ATIVOS__UM_A_DOIS_CREDITOS_ATIVOS;1;5;6;0.010000;0.01;1.01;0;1;FAIXA_CREDITO__CREDITO_MEDIO + FAIXA_IDADE__IDADE_50_A_59 + CATEGORIA_FILHOS__SEM_FILHOS + POSSE_CARRO__SEM_CARRO + FAIXA_CREDITOS_ATIVOS__UM_A_DOIS_CREDITOS_ATIVOS + FAIXA_TAXA_REJEICAO__SEM_REJEICAO_PREVIA;100;0.010000
1051;FAIXA_RENDA__RENDA_ALTA;FAIXA_IDADE__IDADE_50_A_59 + POSSE_CARRO__COM_CARRO + SITUACAO_FAMILIAR__CASADO_OU_UNIAO_CIVIL + FAIXA_TAXA_REJEICAO__SEM_REJEICAO_PREVIA;1;4;5;0.010000;0.04;1.01;0;1;FAIXA_RENDA__RENDA_ALTA + FAIXA_IDADE__IDADE_50_A_59 + POSSE_CARRO__COM_CARRO + SITUACAO_FAMILIAR__CASADO_OU_UNIAO_CIVIL + FAIXA_TAXA_REJEICAO__SEM_REJEICAO_PREVIA;100;0.010000
1052;FAIXA_IDADE__IDADE_50_A_59 + POSSE_CARRO__COM_CARRO + SITUACAO_FAMILIAR__CASADO_OU_UNIAO_CIVIL + FAIXA_TAXA_REJEICAO__SEM_REJEICAO_PREVIA;FAIXA_RENDA__RENDA_ALTA;4;1;5;0.010000;0.26;1.01;0;1;FAIXA_RENDA__RENDA_ALTA + FAIXA_IDADE__IDADE_50_A_59 + POSSE_CARRO__COM_CARRO + SITUACAO_FAMILIAR__CASADO_OU_UNIAO_CIVIL + FAIXA_TAXA_REJEICAO__SEM_REJEICAO_PREVIA;100;0.010000
1053;FAIXA_RENDA__RENDA_MUITO_ALTA + FAIXA_IDADE__IDADE_40_A_49 + CATEGORIA_FILHOS__SEM_FILHOS + FAIXA_CREDITOS_ATIVOS__UM_A_DOIS_CREDITOS_ATIVOS;SITUACAO_FAMILIAR__CASADO_OU_UNIAO_CIVIL + FAIXA_TAXA_REJEICAO__SEM_REJEICAO_PREVIA;4;2;6;0.010000;0.5;1.01;0;1;FAIXA_RENDA__RENDA_MUITO_ALTA + FAIXA_IDADE__IDADE_40_A_49 + CATEGORIA_FILHOS__SEM_FILHOS + SITUACAO_FAMILIAR__CASADO_OU_UNIAO_CIVIL + FAIXA_CREDITOS_ATIVOS__UM_A_DOIS_CREDITOS_ATIVOS + FAIXA_TAXA_REJEICAO__SEM_REJEICAO_PREVIA;100;0.010000
1054;SITUACAO_FAMILIAR__CASADO_OU_UNIAO_CIVIL + FAIXA_TAXA_REJEICAO__SEM_REJEICAO_PREVIA;FAIXA_RENDA__RENDA_MUITO_ALTA + FAIXA_IDADE__IDADE_40_A_49 + CATEGORIA_FILHOS__SEM_FILHOS + FAIXA_CREDITOS_ATIVOS__UM_A_DOIS_CREDITOS_ATIVOS;2;4;6;0.010000;0.02;1.01;0;1;FAIXA_RENDA__RENDA_MUITO_ALTA + FAIXA_IDADE__IDADE_40_A_49 + CATEGORIA_FILHOS__SEM_FILHOS + SITUACAO_FAMILIAR__CASADO_OU_UNIAO_CIVIL + FAIXA_CREDITOS_ATIVOS__UM_A_DOIS_CREDITOS_ATIVOS + FAIXA_TAXA_REJEICAO__SEM_REJEICAO_PREVIA;100;0.010000
1055;FAIXA_CREDITO__CREDITO_MUITO_ALTO;POSSE_CARRO__SEM_CARRO + FAIXA_CREDITOS_ATIVOS__TRES_OU_MAIS_CREDITOS_ATIVOS + FAIXA_TAXA_REJEICAO__REJEICAO_PREVIA_ACIMA_25_PCT;1;3;4;0.010000;0.04;1.01;0;1;FAIXA_CREDITO__CREDITO_MUITO_ALTO + POSSE_CARRO__SEM_CARRO + FAIXA_CREDITOS_ATIVOS__TRES_OU_MAIS_CREDITOS_ATIVOS + FAIXA_TAXA_REJEICAO__REJEICAO_PREVIA_ACIMA_25_PCT;100;0.010000
1056;POSSE_CARRO__SEM_CARRO + FAIXA_CREDITOS_ATIVOS__TRES_OU_MAIS_CREDITOS_ATIVOS + FAIXA_TAXA_REJEICAO__REJEICAO_PREVIA_ACIMA_25_PCT;FAIXA_CREDITO__CREDITO_MUITO_ALTO;3;1;4;0.010000;0.25;1.01;0;1;FAIXA_CREDITO__CREDITO_MUITO_ALTO + POSSE_CARRO__SEM_CARRO + FAIXA_CREDITOS_ATIVOS__TRES_OU_MAIS_CREDITOS_ATIVOS + FAIXA_TAXA_REJEICAO__REJEICAO_PREVIA_ACIMA_25_PCT;100;0.010000
1057;SITUACAO_FAMILIAR__CASADO_OU_UNIAO_CIVIL;FAIXA_RENDA__RENDA_MUITO_ALTA + FAIXA_IDADE__IDADE_40_A_49 + FAIXA_TAXA_REJEICAO__REJEICAO_PREVIA_ATE_25_PCT;1;3;4;0.010000;0.01;1.01;0;1;FAIXA_RENDA__RENDA_MUITO_ALTA + FAIXA_IDADE__IDADE_40_A_49 + SITUACAO_FAMILIAR__CASADO_OU_UNIAO_CIVIL + FAIXA_TAXA_REJEICAO__REJEICAO_PREVIA_ATE_25_PCT;100;0.010000
1058;FAIXA_RENDA__RENDA_MUITO_ALTA + FAIXA_IDADE__IDADE_40_A_49 + FAIXA_TAXA_REJEICAO__REJEICAO_PREVIA_ATE_25_PCT;SITUACAO_FAMILIAR__CASADO_OU_UNIAO_CIVIL;3;1;4;0.010000;0.74;1.01;0;0.99;FAIXA_RENDA__RENDA_MUITO_ALTA + FAIXA_IDADE__IDADE_40_A_49 + SITUACAO_FAMILIAR__CASADO_OU_UNIAO_CIVIL + FAIXA_TAXA_REJEICAO__REJEICAO_PREVIA_ATE_25_PCT;100;0.010000
1059;FAIXA_CREDITO__CREDITO_MEDIO + POSSE_CARRO__SEM_CARRO;FAIXA_IDADE__IDADE_50_A_59 + CATEGORIA_FILHOS__SEM_FILHOS + FAIXA_CREDITOS_ATIVOS__UM_A_DOIS_CREDITOS_ATIVOS + FAIXA_TAXA_REJEICAO__SEM_REJEICAO_PREVIA;2;4;6;0.010000;0.06;1.01;0;1;FAIXA_CREDITO__CREDITO_MEDIO + FAIXA_IDADE__IDADE_50_A_59 + CATEGORIA_FILHOS__SEM_FILHOS + POSSE_CARRO__SEM_CARRO + FAIXA_CREDITOS_ATIVOS__UM_A_DOIS_CREDITOS_ATIVOS + FAIXA_TAXA_REJEICAO__SEM_REJEICAO_PREVIA;100;0.010000
1060;FAIXA_IDADE__IDADE_50_A_59 + CATEGORIA_FILHOS__SEM_FILHOS + FAIXA_CREDITOS_ATIVOS__UM_A_DOIS_CREDITOS_ATIVOS + FAIXA_TAXA_REJEICAO__SEM_REJEICAO_PREVIA;FAIXA_CREDITO__CREDITO_MEDIO + POSSE_CARRO__SEM_CARRO;4;2;6;0.010000;0.17;1.01;0;1;FAIXA_CREDITO__CREDITO_MEDIO + FAIXA_IDADE__IDADE_50_A_59 + CATEGORIA_FILHOS__SEM_FILHOS + POSSE_CARRO__SEM_CARRO + FAIXA_CREDITOS_ATIVOS__UM_A_DOIS_CREDITOS_ATIVOS + FAIXA_TAXA_REJEICAO__SEM_REJEICAO_PREVIA;100;0.010000
1061;FAIXA_TAXA_REJEICAO__SEM_REJEICAO_PREVIA;FAIXA_RENDA__RENDA_MEDIA + FAIXA_IDADE__IDADE_30_A_39 + POSSE_CARRO__COM_CARRO + SITUACAO_FAMILIAR__CASADO_OU_UNIAO_CIVIL;1;4;5;0.010000;0.01;1;0;1;FAIXA_RENDA__RENDA_MEDIA + FAIXA_IDADE__IDADE_30_A_39 + POSSE_CARRO__COM_CARRO + SITUACAO_FAMILIAR__CASADO_OU_UNIAO_CIVIL + FAIXA_TAXA_REJEICAO__SEM_REJEICAO_PREVIA;100;0.010000
1062;FAIXA_RENDA__RENDA_MEDIA + FAIXA_IDADE__IDADE_30_A_39 + POSSE_CARRO__COM_CARRO + SITUACAO_FAMILIAR__CASADO_OU_UNIAO_CIVIL;FAIXA_TAXA_REJEICAO__SEM_REJEICAO_PREVIA;4;1;5;0.010000;0.68;1;0;0.99;FAIXA_RENDA__RENDA_MEDIA + FAIXA_IDADE__IDADE_30_A_39 + POSSE_CARRO__COM_CARRO + SITUACAO_FAMILIAR__CASADO_OU_UNIAO_CIVIL + FAIXA_TAXA_REJEICAO__SEM_REJEICAO_PREVIA;100;0.010000
1063;FAIXA_RENDA__RENDA_BAIXA + FAIXA_IDADE__IDADE_40_A_49 + CATEGORIA_FILHOS__SEM_FILHOS + POSSE_CARRO__SEM_CARRO;FAIXA_CREDITOS_ATIVOS__UM_A_DOIS_CREDITOS_ATIVOS + FAIXA_TAXA_REJEICAO__SEM_REJEICAO_PREVIA;4;2;6;0.010000;0.3;1;0;1;FAIXA_RENDA__RENDA_BAIXA + FAIXA_IDADE__IDADE_40_A_49 + CATEGORIA_FILHOS__SEM_FILHOS + POSSE_CARRO__SEM_CARRO + FAIXA_CREDITOS_ATIVOS__UM_A_DOIS_CREDITOS_ATIVOS + FAIXA_TAXA_REJEICAO__SEM_REJEICAO_PREVIA;100;0.010000
1064;FAIXA_CREDITOS_ATIVOS__UM_A_DOIS_CREDITOS_ATIVOS + FAIXA_TAXA_REJEICAO__SEM_REJEICAO_PREVIA;FAIXA_RENDA__RENDA_BAIXA + FAIXA_IDADE__IDADE_40_A_49 + CATEGORIA_FILHOS__SEM_FILHOS + POSSE_CARRO__SEM_CARRO;2;4;6;0.010000;0.03;1;0;1;FAIXA_RENDA__RENDA_BAIXA + FAIXA_IDADE__IDADE_40_A_49 + CATEGORIA_FILHOS__SEM_FILHOS + POSSE_CARRO__SEM_CARRO + FAIXA_CREDITOS_ATIVOS__UM_A_DOIS_CREDITOS_ATIVOS + FAIXA_TAXA_REJEICAO__SEM_REJEICAO_PREVIA;100;0.010000
1065;FAIXA_IDADE__IDADE_40_A_49 + CATEGORIA_FILHOS__SEM_FILHOS + POSSE_CARRO__SEM_CARRO;FAIXA_RENDA__RENDA_BAIXA + FAIXA_CREDITOS_ATIVOS__UM_A_DOIS_CREDITOS_ATIVOS + FAIXA_TAXA_REJEICAO__SEM_REJEICAO_PREVIA;3;3;6;0.010000;0.1;1;0;1;FAIXA_RENDA__RENDA_BAIXA + FAIXA_IDADE__IDADE_40_A_49 + CATEGORIA_FILHOS__SEM_FILHOS + POSSE_CARRO__SEM_CARRO + FAIXA_CREDITOS_ATIVOS__UM_A_DOIS_CREDITOS_ATIVOS + FAIXA_TAXA_REJEICAO__SEM_REJEICAO_PREVIA;100;0.010000
1066;FAIXA_RENDA__RENDA_BAIXA + FAIXA_CREDITOS_ATIVOS__UM_A_DOIS_CREDITOS_ATIVOS + FAIXA_TAXA_REJEICAO__SEM_REJEICAO_PREVIA;FAIXA_IDADE__IDADE_40_A_49 + CATEGORIA_FILHOS__SEM_FILHOS + POSSE_CARRO__SEM_CARRO;3;3;6;0.010000;0.1;1;0;1;FAIXA_RENDA__RENDA_BAIXA + FAIXA_IDADE__IDADE_40_A_49 + CATEGORIA_FILHOS__SEM_FILHOS + POSSE_CARRO__SEM_CARRO + FAIXA_CREDITOS_ATIVOS__UM_A_DOIS_CREDITOS_ATIVOS + FAIXA_TAXA_REJEICAO__SEM_REJEICAO_PREVIA;100;0.010000
1067;FAIXA_RENDA__RENDA_ALTA + FAIXA_IDADE__IDADE_50_A_59 + FAIXA_TAXA_REJEICAO__SEM_REJEICAO_PREVIA;POSSE_CARRO__COM_CARRO + SITUACAO_FAMILIAR__CASADO_OU_UNIAO_CIVIL;3;2;5;0.010000;0.28;1;0;1;FAIXA_RENDA__RENDA_ALTA + FAIXA_IDADE__IDADE_50_A_59 + POSSE_CARRO__COM_CARRO + SITUACAO_FAMILIAR__CASADO_OU_UNIAO_CIVIL + FAIXA_TAXA_REJEICAO__SEM_REJEICAO_PREVIA;100;0.010000
1068;POSSE_CARRO__COM_CARRO + SITUACAO_FAMILIAR__CASADO_OU_UNIAO_CIVIL;FAIXA_RENDA__RENDA_ALTA + FAIXA_IDADE__IDADE_50_A_59 + FAIXA_TAXA_REJEICAO__SEM_REJEICAO_PREVIA;2;3;5;0.010000;0.04;1;0;1;FAIXA_RENDA__RENDA_ALTA + FAIXA_IDADE__IDADE_50_A_59 + POSSE_CARRO__COM_CARRO + SITUACAO_FAMILIAR__CASADO_OU_UNIAO_CIVIL + FAIXA_TAXA_REJEICAO__SEM_REJEICAO_PREVIA;100;0.010000
1069;POSSE_CARRO__COM_CARRO + SITUACAO_FAMILIAR__CASADO_OU_UNIAO_CIVIL + FAIXA_TAXA_REJEICAO__SEM_REJEICAO_PREVIA;FAIXA_RENDA__RENDA_ALTA + FAIXA_IDADE__IDADE_50_A_59;3;2;5;0.010000;0.05;1;0;1;FAIXA_RENDA__RENDA_ALTA + FAIXA_IDADE__IDADE_50_A_59 + POSSE_CARRO__COM_CARRO + SITUACAO_FAMILIAR__CASADO_OU_UNIAO_CIVIL + FAIXA_TAXA_REJEICAO__SEM_REJEICAO_PREVIA;100;0.010000
1070;FAIXA_RENDA__RENDA_ALTA + FAIXA_IDADE__IDADE_50_A_59;POSSE_CARRO__COM_CARRO + SITUACAO_FAMILIAR__CASADO_OU_UNIAO_CIVIL + FAIXA_TAXA_REJEICAO__SEM_REJEICAO_PREVIA;2;3;5;0.010000;0.19;1;0;1;FAIXA_RENDA__RENDA_ALTA + FAIXA_IDADE__IDADE_50_A_59 + POSSE_CARRO__COM_CARRO + SITUACAO_FAMILIAR__CASADO_OU_UNIAO_CIVIL + FAIXA_TAXA_REJEICAO__SEM_REJEICAO_PREVIA;100;0.010000
1071;FAIXA_CREDITOS_ATIVOS__UM_A_DOIS_CREDITOS_ATIVOS + FAIXA_TAXA_REJEICAO__SEM_REJEICAO_PREVIA;FAIXA_RENDA__RENDA_MUITO_ALTA + FAIXA_IDADE__IDADE_40_A_49 + CATEGORIA_FILHOS__SEM_FILHOS + SITUACAO_FAMILIAR__CASADO_OU_UNIAO_CIVIL;2;4;6;0.010000;0.03;1;0;1;FAIXA_RENDA__RENDA_MUITO_ALTA + FAIXA_IDADE__IDADE_40_A_49 + CATEGORIA_FILHOS__SEM_FILHOS + SITUACAO_FAMILIAR__CASADO_OU_UNIAO_CIVIL + FAIXA_CREDITOS_ATIVOS__UM_A_DOIS_CREDITOS_ATIVOS + FAIXA_TAXA_REJEICAO__SEM_REJEICAO_PREVIA;100;0.010000
1072;FAIXA_RENDA__RENDA_MUITO_ALTA + FAIXA_IDADE__IDADE_40_A_49 + CATEGORIA_FILHOS__SEM_FILHOS + SITUACAO_FAMILIAR__CASADO_OU_UNIAO_CIVIL;FAIXA_CREDITOS_ATIVOS__UM_A_DOIS_CREDITOS_ATIVOS + FAIXA_TAXA_REJEICAO__SEM_REJEICAO_PREVIA;4;2;6;0.010000;0.3;1;0;1;FAIXA_RENDA__RENDA_MUITO_ALTA + FAIXA_IDADE__IDADE_40_A_49 + CATEGORIA_FILHOS__SEM_FILHOS + SITUACAO_FAMILIAR__CASADO_OU_UNIAO_CIVIL + FAIXA_CREDITOS_ATIVOS__UM_A_DOIS_CREDITOS_ATIVOS + FAIXA_TAXA_REJEICAO__SEM_REJEICAO_PREVIA;100;0.010000
1073;FAIXA_RENDA__RENDA_MUITO_ALTA + FAIXA_IDADE__IDADE_40_A_49;CATEGORIA_FILHOS__SEM_FILHOS + SITUACAO_FAMILIAR__CASADO_OU_UNIAO_CIVIL + FAIXA_CREDITOS_ATIVOS__UM_A_DOIS_CREDITOS_ATIVOS + FAIXA_TAXA_REJEICAO__SEM_REJEICAO_PREVIA;2;4;6;0.010000;0.14;1;0;1;FAIXA_RENDA__RENDA_MUITO_ALTA + FAIXA_IDADE__IDADE_40_A_49 + CATEGORIA_FILHOS__SEM_FILHOS + SITUACAO_FAMILIAR__CASADO_OU_UNIAO_CIVIL + FAIXA_CREDITOS_ATIVOS__UM_A_DOIS_CREDITOS_ATIVOS + FAIXA_TAXA_REJEICAO__SEM_REJEICAO_PREVIA;100;0.010000
1074;CATEGORIA_FILHOS__SEM_FILHOS + SITUACAO_FAMILIAR__CASADO_OU_UNIAO_CIVIL + FAIXA_CREDITOS_ATIVOS__UM_A_DOIS_CREDITOS_ATIVOS + FAIXA_TAXA_REJEICAO__SEM_REJEICAO_PREVIA;FAIXA_RENDA__RENDA_MUITO_ALTA + FAIXA_IDADE__IDADE_40_A_49;4;2;6;0.010000;0.07;1;0;1;FAIXA_RENDA__RENDA_MUITO_ALTA + FAIXA_IDADE__IDADE_40_A_49 + CATEGORIA_FILHOS__SEM_FILHOS + SITUACAO_FAMILIAR__CASADO_OU_UNIAO_CIVIL + FAIXA_CREDITOS_ATIVOS__UM_A_DOIS_CREDITOS_ATIVOS + FAIXA_TAXA_REJEICAO__SEM_REJEICAO_PREVIA;100;0.010000
1075;FAIXA_IDADE__IDADE_40_A_49 + CATEGORIA_FILHOS__SEM_FILHOS + POSSE_CARRO__SEM_CARRO + FAIXA_CREDITOS_ATIVOS__UM_A_DOIS_CREDITOS_ATIVOS;FAIXA_RENDA__RENDA_BAIXA + FAIXA_TAXA_REJEICAO__SEM_REJEICAO_PREVIA;4;2;6;0.010000;0.23;1;-0;1;FAIXA_RENDA__RENDA_BAIXA + FAIXA_IDADE__IDADE_40_A_49 + CATEGORIA_FILHOS__SEM_FILHOS + POSSE_CARRO__SEM_CARRO + FAIXA_CREDITOS_ATIVOS__UM_A_DOIS_CREDITOS_ATIVOS + FAIXA_TAXA_REJEICAO__SEM_REJEICAO_PREVIA;100;0.010000
1076;FAIXA_RENDA__RENDA_BAIXA + FAIXA_TAXA_REJEICAO__SEM_REJEICAO_PREVIA;FAIXA_IDADE__IDADE_40_A_49 + CATEGORIA_FILHOS__SEM_FILHOS + POSSE_CARRO__SEM_CARRO + FAIXA_CREDITOS_ATIVOS__UM_A_DOIS_CREDITOS_ATIVOS;2;4;6;0.010000;0.04;1;-0;1;FAIXA_RENDA__RENDA_BAIXA + FAIXA_IDADE__IDADE_40_A_49 + CATEGORIA_FILHOS__SEM_FILHOS + POSSE_CARRO__SEM_CARRO + FAIXA_CREDITOS_ATIVOS__UM_A_DOIS_CREDITOS_ATIVOS + FAIXA_TAXA_REJEICAO__SEM_REJEICAO_PREVIA;100;0.010000
1077;FAIXA_RENDA__RENDA_MUITO_ALTA + CATEGORIA_FILHOS__SEM_FILHOS;FAIXA_IDADE__IDADE_40_A_49 + SITUACAO_FAMILIAR__CASADO_OU_UNIAO_CIVIL + FAIXA_CREDITOS_ATIVOS__UM_A_DOIS_CREDITOS_ATIVOS + FAIXA_TAXA_REJEICAO__SEM_REJEICAO_PREVIA;2;4;6;0.010000;0.06;1;-0;1;FAIXA_RENDA__RENDA_MUITO_ALTA + FAIXA_IDADE__IDADE_40_A_49 + CATEGORIA_FILHOS__SEM_FILHOS + SITUACAO_FAMILIAR__CASADO_OU_UNIAO_CIVIL + FAIXA_CREDITOS_ATIVOS__UM_A_DOIS_CREDITOS_ATIVOS + FAIXA_TAXA_REJEICAO__SEM_REJEICAO_PREVIA;100;0.010000
1078;FAIXA_IDADE__IDADE_40_A_49 + SITUACAO_FAMILIAR__CASADO_OU_UNIAO_CIVIL + FAIXA_CREDITOS_ATIVOS__UM_A_DOIS_CREDITOS_ATIVOS + FAIXA_TAXA_REJEICAO__SEM_REJEICAO_PREVIA;FAIXA_RENDA__RENDA_MUITO_ALTA + CATEGORIA_FILHOS__SEM_FILHOS;4;2;6;0.010000;0.17;1;-0;1;FAIXA_RENDA__RENDA_MUITO_ALTA + FAIXA_IDADE__IDADE_40_A_49 + CATEGORIA_FILHOS__SEM_FILHOS + SITUACAO_FAMILIAR__CASADO_OU_UNIAO_CIVIL + FAIXA_CREDITOS_ATIVOS__UM_A_DOIS_CREDITOS_ATIVOS + FAIXA_TAXA_REJEICAO__SEM_REJEICAO_PREVIA;100;0.010000
1079;FAIXA_RENDA__RENDA_MUITO_ALTA + FAIXA_IDADE__IDADE_40_A_49 + FAIXA_CREDITOS_ATIVOS__UM_A_DOIS_CREDITOS_ATIVOS;CATEGORIA_FILHOS__SEM_FILHOS + SITUACAO_FAMILIAR__CASADO_OU_UNIAO_CIVIL + FAIXA_TAXA_REJEICAO__SEM_REJEICAO_PREVIA;3;3;6;0.010000;0.32;1;-0;0.99;FAIXA_RENDA__RENDA_MUITO_ALTA + FAIXA_IDADE__IDADE_40_A_49 + CATEGORIA_FILHOS__SEM_FILHOS + SITUACAO_FAMILIAR__CASADO_OU_UNIAO_CIVIL + FAIXA_CREDITOS_ATIVOS__UM_A_DOIS_CREDITOS_ATIVOS + FAIXA_TAXA_REJEICAO__SEM_REJEICAO_PREVIA;100;0.010000
1080;CATEGORIA_FILHOS__SEM_FILHOS + SITUACAO_FAMILIAR__CASADO_OU_UNIAO_CIVIL + FAIXA_TAXA_REJEICAO__SEM_REJEICAO_PREVIA;FAIXA_RENDA__RENDA_MUITO_ALTA + FAIXA_IDADE__IDADE_40_A_49 + FAIXA_CREDITOS_ATIVOS__UM_A_DOIS_CREDITOS_ATIVOS;3;3;6;0.010000;0.03;1;-0;1;FAIXA_RENDA__RENDA_MUITO_ALTA + FAIXA_IDADE__IDADE_40_A_49 + CATEGORIA_FILHOS__SEM_FILHOS + SITUACAO_FAMILIAR__CASADO_OU_UNIAO_CIVIL + FAIXA_CREDITOS_ATIVOS__UM_A_DOIS_CREDITOS_ATIVOS + FAIXA_TAXA_REJEICAO__SEM_REJEICAO_PREVIA;100;0.010000
1081;FAIXA_TAXA_REJEICAO__SEM_REJEICAO_PREVIA;FAIXA_CREDITO__CREDITO_ALTO + FAIXA_RENDA__RENDA_ALTA + CATEGORIA_FILHOS__UM_FILHO;1;3;4;0.010000;0.01;1;-0;1;FAIXA_CREDITO__CREDITO_ALTO + FAIXA_RENDA__RENDA_ALTA + CATEGORIA_FILHOS__UM_FILHO + FAIXA_TAXA_REJEICAO__SEM_REJEICAO_PREVIA;100;0.010000
1082;FAIXA_TAXA_REJEICAO__SEM_REJEICAO_PREVIA;FAIXA_CREDITO__CREDITO_ALTO + FAIXA_RENDA__RENDA_MUITO_ALTA + POSSE_CARRO__SEM_CARRO + FAIXA_CREDITOS_ATIVOS__UM_A_DOIS_CREDITOS_ATIVOS;1;4;5;0.010000;0.01;1;-0;1;FAIXA_CREDITO__CREDITO_ALTO + FAIXA_RENDA__RENDA_MUITO_ALTA + POSSE_CARRO__SEM_CARRO + FAIXA_CREDITOS_ATIVOS__UM_A_DOIS_CREDITOS_ATIVOS + FAIXA_TAXA_REJEICAO__SEM_REJEICAO_PREVIA;100;0.010000
1083;FAIXA_CREDITO__CREDITO_ALTO + FAIXA_RENDA__RENDA_ALTA + CATEGORIA_FILHOS__UM_FILHO;FAIXA_TAXA_REJEICAO__SEM_REJEICAO_PREVIA;3;1;4;0.010000;0.68;1;-0;0.98;FAIXA_CREDITO__CREDITO_ALTO + FAIXA_RENDA__RENDA_ALTA + CATEGORIA_FILHOS__UM_FILHO + FAIXA_TAXA_REJEICAO__SEM_REJEICAO_PREVIA;100;0.010000
1084;FAIXA_CREDITO__CREDITO_ALTO + FAIXA_RENDA__RENDA_MUITO_ALTA + POSSE_CARRO__SEM_CARRO + FAIXA_CREDITOS_ATIVOS__UM_A_DOIS_CREDITOS_ATIVOS;FAIXA_TAXA_REJEICAO__SEM_REJEICAO_PREVIA;4;1;5;0.010000;0.68;1;-0;0.98;FAIXA_CREDITO__CREDITO_ALTO + FAIXA_RENDA__RENDA_MUITO_ALTA + POSSE_CARRO__SEM_CARRO + FAIXA_CREDITOS_ATIVOS__UM_A_DOIS_CREDITOS_ATIVOS + FAIXA_TAXA_REJEICAO__SEM_REJEICAO_PREVIA;100;0.010000
1085;CATEGORIA_FILHOS__SEM_FILHOS;FAIXA_RENDA__RENDA_MEDIA + FAIXA_IDADE__IDADE_21_A_29 + POSSE_CARRO__SEM_CARRO;1;3;4;0.010000;0.01;1;-0;1;FAIXA_RENDA__RENDA_MEDIA + FAIXA_IDADE__IDADE_21_A_29 + CATEGORIA_FILHOS__SEM_FILHOS + POSSE_CARRO__SEM_CARRO;100;0.010000
1086;FAIXA_RENDA__RENDA_MEDIA + FAIXA_IDADE__IDADE_21_A_29 + POSSE_CARRO__SEM_CARRO;CATEGORIA_FILHOS__SEM_FILHOS;3;1;4;0.010000;0.69;1;-0;0.97;FAIXA_RENDA__RENDA_MEDIA + FAIXA_IDADE__IDADE_21_A_29 + CATEGORIA_FILHOS__SEM_FILHOS + POSSE_CARRO__SEM_CARRO;100;0.010000
1087;FAIXA_RENDA__RENDA_BAIXA + POSSE_CARRO__SEM_CARRO + SITUACAO_FAMILIAR__CASADO_OU_UNIAO_CIVIL;FAIXA_IDADE__IDADE_21_A_29 + FAIXA_CREDITOS_ATIVOS__UM_A_DOIS_CREDITOS_ATIVOS;3;2;5;0.010000;0.06;1;-0;1;FAIXA_RENDA__RENDA_BAIXA + FAIXA_IDADE__IDADE_21_A_29 + POSSE_CARRO__SEM_CARRO + SITUACAO_FAMILIAR__CASADO_OU_UNIAO_CIVIL + FAIXA_CREDITOS_ATIVOS__UM_A_DOIS_CREDITOS_ATIVOS;100;0.010000
1088;FAIXA_IDADE__IDADE_21_A_29 + FAIXA_CREDITOS_ATIVOS__UM_A_DOIS_CREDITOS_ATIVOS;FAIXA_RENDA__RENDA_BAIXA + POSSE_CARRO__SEM_CARRO + SITUACAO_FAMILIAR__CASADO_OU_UNIAO_CIVIL;2;3;5;0.010000;0.17;1;-0;1;FAIXA_RENDA__RENDA_BAIXA + FAIXA_IDADE__IDADE_21_A_29 + POSSE_CARRO__SEM_CARRO + SITUACAO_FAMILIAR__CASADO_OU_UNIAO_CIVIL + FAIXA_CREDITOS_ATIVOS__UM_A_DOIS_CREDITOS_ATIVOS;100;0.010000
1089;FAIXA_CREDITOS_ATIVOS__UM_A_DOIS_CREDITOS_ATIVOS;FAIXA_RENDA__RENDA_BAIXA + FAIXA_IDADE__IDADE_60_OU_MAIS + CATEGORIA_FILHOS__SEM_FILHOS + POSSE_CARRO__SEM_CARRO + SITUACAO_FAMILIAR__CASADO_OU_UNIAO_CIVIL + FAIXA_TAXA_REJEICAO__SEM_REJEICAO_PREVIA;1;6;7;0.010000;0.02;1;-0;1;FAIXA_RENDA__RENDA_BAIXA + FAIXA_IDADE__IDADE_60_OU_MAIS + CATEGORIA_FILHOS__SEM_FILHOS + POSSE_CARRO__SEM_CARRO + SITUACAO_FAMILIAR__CASADO_OU_UNIAO_CIVIL + FAIXA_CREDITOS_ATIVOS__UM_A_DOIS_CREDITOS_ATIVOS + FAIXA_TAXA_REJEICAO__SEM_REJEICAO_PREVIA;100;0.010000
1090;FAIXA_RENDA__RENDA_BAIXA + FAIXA_IDADE__IDADE_60_OU_MAIS + CATEGORIA_FILHOS__SEM_FILHOS + POSSE_CARRO__SEM_CARRO + SITUACAO_FAMILIAR__CASADO_OU_UNIAO_CIVIL + FAIXA_TAXA_REJEICAO__SEM_REJEICAO_PREVIA;FAIXA_CREDITOS_ATIVOS__UM_A_DOIS_CREDITOS_ATIVOS;6;1;7;0.010000;0.43;1;-0;0.99;FAIXA_RENDA__RENDA_BAIXA + FAIXA_IDADE__IDADE_60_OU_MAIS + CATEGORIA_FILHOS__SEM_FILHOS + POSSE_CARRO__SEM_CARRO + SITUACAO_FAMILIAR__CASADO_OU_UNIAO_CIVIL + FAIXA_CREDITOS_ATIVOS__UM_A_DOIS_CREDITOS_ATIVOS + FAIXA_TAXA_REJEICAO__SEM_REJEICAO_PREVIA;100;0.010000
1091;FAIXA_RENDA__RENDA_ALTA + POSSE_CARRO__COM_CARRO + FAIXA_TAXA_REJEICAO__SEM_REJEICAO_PREVIA;FAIXA_IDADE__IDADE_50_A_59 + SITUACAO_FAMILIAR__CASADO_OU_UNIAO_CIVIL;3;2;5;0.010000;0.16;1;-0;1;FAIXA_RENDA__RENDA_ALTA + FAIXA_IDADE__IDADE_50_A_59 + POSSE_CARRO__COM_CARRO + SITUACAO_FAMILIAR__CASADO_OU_UNIAO_CIVIL + FAIXA_TAXA_REJEICAO__SEM_REJEICAO_PREVIA;100;0.010000
1092;FAIXA_IDADE__IDADE_50_A_59 + SITUACAO_FAMILIAR__CASADO_OU_UNIAO_CIVIL;FAIXA_RENDA__RENDA_ALTA + POSSE_CARRO__COM_CARRO + FAIXA_TAXA_REJEICAO__SEM_REJEICAO_PREVIA;2;3;5;0.010000;0.06;1;-0;1;FAIXA_RENDA__RENDA_ALTA + FAIXA_IDADE__IDADE_50_A_59 + POSSE_CARRO__COM_CARRO + SITUACAO_FAMILIAR__CASADO_OU_UNIAO_CIVIL + FAIXA_TAXA_REJEICAO__SEM_REJEICAO_PREVIA;100;0.010000
1093;CATEGORIA_FILHOS__UM_FILHO + FAIXA_TAXA_REJEICAO__SEM_REJEICAO_PREVIA;FAIXA_CREDITO__CREDITO_ALTO + FAIXA_RENDA__RENDA_ALTA;2;2;4;0.010000;0.07;0.99;-0;1;FAIXA_CREDITO__CREDITO_ALTO + FAIXA_RENDA__RENDA_ALTA + CATEGORIA_FILHOS__UM_FILHO + FAIXA_TAXA_REJEICAO__SEM_REJEICAO_PREVIA;100;0.010000
1094;FAIXA_CREDITO__CREDITO_ALTO + FAIXA_RENDA__RENDA_ALTA;CATEGORIA_FILHOS__UM_FILHO + FAIXA_TAXA_REJEICAO__SEM_REJEICAO_PREVIA;2;2;4;0.010000;0.14;0.99;-0;1;FAIXA_CREDITO__CREDITO_ALTO + FAIXA_RENDA__RENDA_ALTA + CATEGORIA_FILHOS__UM_FILHO + FAIXA_TAXA_REJEICAO__SEM_REJEICAO_PREVIA;100;0.010000
1095;FAIXA_RENDA__RENDA_MEDIA;POSSE_CARRO__COM_CARRO + FAIXA_CREDITOS_ATIVOS__TRES_OU_MAIS_CREDITOS_ATIVOS + FAIXA_TAXA_REJEICAO__SEM_REJEICAO_PREVIA;1;3;4;0.010000;0.06;0.99;-0;1;FAIXA_RENDA__RENDA_MEDIA + POSSE_CARRO__COM_CARRO + FAIXA_CREDITOS_ATIVOS__TRES_OU_MAIS_CREDITOS_ATIVOS + FAIXA_TAXA_REJEICAO__SEM_REJEICAO_PREVIA;100;0.010000
1096;POSSE_CARRO__COM_CARRO + FAIXA_CREDITOS_ATIVOS__TRES_OU_MAIS_CREDITOS_ATIVOS + FAIXA_TAXA_REJEICAO__SEM_REJEICAO_PREVIA;FAIXA_RENDA__RENDA_MEDIA;3;1;4;0.010000;0.17;0.99;-0;1;FAIXA_RENDA__RENDA_MEDIA + POSSE_CARRO__COM_CARRO + FAIXA_CREDITOS_ATIVOS__TRES_OU_MAIS_CREDITOS_ATIVOS + FAIXA_TAXA_REJEICAO__SEM_REJEICAO_PREVIA;100;0.010000
1099;FAIXA_CREDITO__CREDITO_MEDIO;POSSE_CARRO__COM_CARRO + SITUACAO_FAMILIAR__SOLTEIRO;1;2;3;0.010000;0.04;0.99;-0;1;FAIXA_CREDITO__CREDITO_MEDIO + POSSE_CARRO__COM_CARRO + SITUACAO_FAMILIAR__SOLTEIRO;100;0.010000
1100;POSSE_CARRO__COM_CARRO + SITUACAO_FAMILIAR__SOLTEIRO;FAIXA_CREDITO__CREDITO_MEDIO;2;1;3;0.010000;0.24;0.99;-0;0.99;FAIXA_CREDITO__CREDITO_MEDIO + POSSE_CARRO__COM_CARRO + SITUACAO_FAMILIAR__SOLTEIRO;100;0.010000
1101;CATEGORIA_FILHOS__DOIS_OU_MAIS_FILHOS + SITUACAO_FAMILIAR__CASADO_OU_UNIAO_CIVIL;FAIXA_CREDITO__CREDITO_MEDIO + FAIXA_CREDITOS_ATIVOS__UM_A_DOIS_CREDITOS_ATIVOS;2;2;4;0.010000;0.11;0.99;-0;1;FAIXA_CREDITO__CREDITO_MEDIO + CATEGORIA_FILHOS__DOIS_OU_MAIS_FILHOS + SITUACAO_FAMILIAR__CASADO_OU_UNIAO_CIVIL + FAIXA_CREDITOS_ATIVOS__UM_A_DOIS_CREDITOS_ATIVOS;100;0.010000
1102;FAIXA_CREDITO__CREDITO_MEDIO + FAIXA_CREDITOS_ATIVOS__UM_A_DOIS_CREDITOS_ATIVOS;CATEGORIA_FILHOS__DOIS_OU_MAIS_FILHOS + SITUACAO_FAMILIAR__CASADO_OU_UNIAO_CIVIL;2;2;4;0.010000;0.09;0.99;-0;1;FAIXA_CREDITO__CREDITO_MEDIO + CATEGORIA_FILHOS__DOIS_OU_MAIS_FILHOS + SITUACAO_FAMILIAR__CASADO_OU_UNIAO_CIVIL + FAIXA_CREDITOS_ATIVOS__UM_A_DOIS_CREDITOS_ATIVOS;100;0.010000
1103;FAIXA_RENDA__RENDA_BAIXA + POSSE_CARRO__SEM_CARRO;FAIXA_IDADE__IDADE_21_A_29 + FAIXA_CREDITOS_ATIVOS__UM_A_DOIS_CREDITOS_ATIVOS + FAIXA_TAXA_REJEICAO__SEM_REJEICAO_PREVIA;2;3;5;0.010000;0.04;0.99;-0;1;FAIXA_RENDA__RENDA_BAIXA + FAIXA_IDADE__IDADE_21_A_29 + POSSE_CARRO__SEM_CARRO + FAIXA_CREDITOS_ATIVOS__UM_A_DOIS_CREDITOS_ATIVOS + FAIXA_TAXA_REJEICAO__SEM_REJEICAO_PREVIA;100;0.010000
1104;FAIXA_IDADE__IDADE_21_A_29 + FAIXA_CREDITOS_ATIVOS__UM_A_DOIS_CREDITOS_ATIVOS + FAIXA_TAXA_REJEICAO__SEM_REJEICAO_PREVIA;FAIXA_RENDA__RENDA_BAIXA + POSSE_CARRO__SEM_CARRO;3;2;5;0.010000;0.25;0.99;-0;0.99;FAIXA_RENDA__RENDA_BAIXA + FAIXA_IDADE__IDADE_21_A_29 + POSSE_CARRO__SEM_CARRO + FAIXA_CREDITOS_ATIVOS__UM_A_DOIS_CREDITOS_ATIVOS + FAIXA_TAXA_REJEICAO__SEM_REJEICAO_PREVIA;100;0.010000
1105;FAIXA_RENDA__RENDA_BAIXA + FAIXA_IDADE__IDADE_40_A_49;CATEGORIA_FILHOS__SEM_FILHOS + POSSE_CARRO__SEM_CARRO + FAIXA_CREDITOS_ATIVOS__UM_A_DOIS_CREDITOS_ATIVOS + FAIXA_TAXA_REJEICAO__SEM_REJEICAO_PREVIA;2;4;6;0.010000;0.14;0.99;-0;1;FAIXA_RENDA__RENDA_BAIXA + FAIXA_IDADE__IDADE_40_A_49 + CATEGORIA_FILHOS__SEM_FILHOS + POSSE_CARRO__SEM_CARRO + FAIXA_CREDITOS_ATIVOS__UM_A_DOIS_CREDITOS_ATIVOS + FAIXA_TAXA_REJEICAO__SEM_REJEICAO_PREVIA;100;0.010000
1106;CATEGORIA_FILHOS__SEM_FILHOS + POSSE_CARRO__SEM_CARRO + FAIXA_CREDITOS_ATIVOS__UM_A_DOIS_CREDITOS_ATIVOS + FAIXA_TAXA_REJEICAO__SEM_REJEICAO_PREVIA;FAIXA_RENDA__RENDA_BAIXA + FAIXA_IDADE__IDADE_40_A_49;4;2;6;0.010000;0.07;0.99;-0;1;FAIXA_RENDA__RENDA_BAIXA + FAIXA_IDADE__IDADE_40_A_49 + CATEGORIA_FILHOS__SEM_FILHOS + POSSE_CARRO__SEM_CARRO + FAIXA_CREDITOS_ATIVOS__UM_A_DOIS_CREDITOS_ATIVOS + FAIXA_TAXA_REJEICAO__SEM_REJEICAO_PREVIA;100;0.010000
1107;FAIXA_RENDA__RENDA_BAIXA + POSSE_CARRO__COM_CARRO + SITUACAO_FAMILIAR__CASADO_OU_UNIAO_CIVIL;FAIXA_TAXA_REJEICAO__REJEICAO_PREVIA_ACIMA_25_PCT;3;1;4;0.010000;0.17;0.99;-0;1;FAIXA_RENDA__RENDA_BAIXA + POSSE_CARRO__COM_CARRO + SITUACAO_FAMILIAR__CASADO_OU_UNIAO_CIVIL + FAIXA_TAXA_REJEICAO__REJEICAO_PREVIA_ACIMA_25_PCT;100;0.010000
1108;FAIXA_TAXA_REJEICAO__REJEICAO_PREVIA_ACIMA_25_PCT;FAIXA_RENDA__RENDA_BAIXA + POSSE_CARRO__COM_CARRO + SITUACAO_FAMILIAR__CASADO_OU_UNIAO_CIVIL;1;3;4;0.010000;0.06;0.99;-0;1;FAIXA_RENDA__RENDA_BAIXA + POSSE_CARRO__COM_CARRO + SITUACAO_FAMILIAR__CASADO_OU_UNIAO_CIVIL + FAIXA_TAXA_REJEICAO__REJEICAO_PREVIA_ACIMA_25_PCT;100;0.010000
1109;FAIXA_TAXA_REJEICAO__SEM_REJEICAO_PREVIA;FAIXA_RENDA__RENDA_MUITO_ALTA + FAIXA_IDADE__IDADE_40_A_49 + CATEGORIA_FILHOS__SEM_FILHOS + SITUACAO_FAMILIAR__CASADO_OU_UNIAO_CIVIL + FAIXA_CREDITOS_ATIVOS__UM_A_DOIS_CREDITOS_ATIVOS;1;5;6;0.010000;0.01;0.98;-0;1;FAIXA_RENDA__RENDA_MUITO_ALTA + FAIXA_IDADE__IDADE_40_A_49 + CATEGORIA_FILHOS__SEM_FILHOS + SITUACAO_FAMILIAR__CASADO_OU_UNIAO_CIVIL + FAIXA_CREDITOS_ATIVOS__UM_A_DOIS_CREDITOS_ATIVOS + FAIXA_TAXA_REJEICAO__SEM_REJEICAO_PREVIA;100;0.010000
1110;FAIXA_RENDA__RENDA_MUITO_ALTA + FAIXA_IDADE__IDADE_40_A_49 + CATEGORIA_FILHOS__SEM_FILHOS + SITUACAO_FAMILIAR__CASADO_OU_UNIAO_CIVIL + FAIXA_CREDITOS_ATIVOS__UM_A_DOIS_CREDITOS_ATIVOS;FAIXA_TAXA_REJEICAO__SEM_REJEICAO_PREVIA;5;1;6;0.010000;0.67;0.98;-0;0.95;FAIXA_RENDA__RENDA_MUITO_ALTA + FAIXA_IDADE__IDADE_40_A_49 + CATEGORIA_FILHOS__SEM_FILHOS + SITUACAO_FAMILIAR__CASADO_OU_UNIAO_CIVIL + FAIXA_CREDITOS_ATIVOS__UM_A_DOIS_CREDITOS_ATIVOS + FAIXA_TAXA_REJEICAO__SEM_REJEICAO_PREVIA;100;0.010000
1111;FAIXA_CREDITO__CREDITO_MEDIO + POSSE_CARRO__SEM_CARRO + FAIXA_CREDITOS_ATIVOS__UM_A_DOIS_CREDITOS_ATIVOS;FAIXA_IDADE__IDADE_50_A_59 + CATEGORIA_FILHOS__SEM_FILHOS + FAIXA_TAXA_REJEICAO__SEM_REJEICAO_PREVIA;3;3;6;0.010000;0.14;0.98;-0;1;FAIXA_CREDITO__CREDITO_MEDIO + FAIXA_IDADE__IDADE_50_A_59 + CATEGORIA_FILHOS__SEM_FILHOS + POSSE_CARRO__SEM_CARRO + FAIXA_CREDITOS_ATIVOS__UM_A_DOIS_CREDITOS_ATIVOS + FAIXA_TAXA_REJEICAO__SEM_REJEICAO_PREVIA;100;0.010000
1112;FAIXA_IDADE__IDADE_50_A_59 + CATEGORIA_FILHOS__SEM_FILHOS + FAIXA_TAXA_REJEICAO__SEM_REJEICAO_PREVIA;FAIXA_CREDITO__CREDITO_MEDIO + POSSE_CARRO__SEM_CARRO + FAIXA_CREDITOS_ATIVOS__UM_A_DOIS_CREDITOS_ATIVOS;3;3;6;0.010000;0.07;0.98;-0;1;FAIXA_CREDITO__CREDITO_MEDIO + FAIXA_IDADE__IDADE_50_A_59 + CATEGORIA_FILHOS__SEM_FILHOS + POSSE_CARRO__SEM_CARRO + FAIXA_CREDITOS_ATIVOS__UM_A_DOIS_CREDITOS_ATIVOS + FAIXA_TAXA_REJEICAO__SEM_REJEICAO_PREVIA;100;0.010000
1113;FAIXA_CREDITO__CREDITO_ALTO + FAIXA_RENDA__RENDA_MUITO_ALTA + POSSE_CARRO__SEM_CARRO;FAIXA_CREDITOS_ATIVOS__UM_A_DOIS_CREDITOS_ATIVOS + FAIXA_TAXA_REJEICAO__SEM_REJEICAO_PREVIA;3;2;5;0.010000;0.3;0.98;-0;0.99;FAIXA_CREDITO__CREDITO_ALTO + FAIXA_RENDA__RENDA_MUITO_ALTA + POSSE_CARRO__SEM_CARRO + FAIXA_CREDITOS_ATIVOS__UM_A_DOIS_CREDITOS_ATIVOS + FAIXA_TAXA_REJEICAO__SEM_REJEICAO_PREVIA;100;0.010000
1114;FAIXA_CREDITOS_ATIVOS__UM_A_DOIS_CREDITOS_ATIVOS + FAIXA_TAXA_REJEICAO__SEM_REJEICAO_PREVIA;FAIXA_CREDITO__CREDITO_ALTO + FAIXA_RENDA__RENDA_MUITO_ALTA + POSSE_CARRO__SEM_CARRO;2;3;5;0.010000;0.03;0.98;-0;1;FAIXA_CREDITO__CREDITO_ALTO + FAIXA_RENDA__RENDA_MUITO_ALTA + POSSE_CARRO__SEM_CARRO + FAIXA_CREDITOS_ATIVOS__UM_A_DOIS_CREDITOS_ATIVOS + FAIXA_TAXA_REJEICAO__SEM_REJEICAO_PREVIA;100;0.010000
1115;FAIXA_RENDA__RENDA_MEDIA + FAIXA_IDADE__IDADE_21_A_29 + CATEGORIA_FILHOS__SEM_FILHOS;POSSE_CARRO__SEM_CARRO;3;1;4;0.010000;0.65;0.98;-0;0.95;FAIXA_RENDA__RENDA_MEDIA + FAIXA_IDADE__IDADE_21_A_29 + CATEGORIA_FILHOS__SEM_FILHOS + POSSE_CARRO__SEM_CARRO;100;0.010000
1116;POSSE_CARRO__SEM_CARRO;FAIXA_RENDA__RENDA_MEDIA + FAIXA_IDADE__IDADE_21_A_29 + CATEGORIA_FILHOS__SEM_FILHOS;1;3;4;0.010000;0.02;0.98;-0;1;FAIXA_RENDA__RENDA_MEDIA + FAIXA_IDADE__IDADE_21_A_29 + CATEGORIA_FILHOS__SEM_FILHOS + POSSE_CARRO__SEM_CARRO;100;0.010000
1117;FAIXA_IDADE__IDADE_50_A_59 + CATEGORIA_FILHOS__SEM_FILHOS;FAIXA_CREDITO__CREDITO_MEDIO + POSSE_CARRO__SEM_CARRO + FAIXA_CREDITOS_ATIVOS__UM_A_DOIS_CREDITOS_ATIVOS + FAIXA_TAXA_REJEICAO__SEM_REJEICAO_PREVIA;2;4;6;0.010000;0.05;0.98;-0;1;FAIXA_CREDITO__CREDITO_MEDIO + FAIXA_IDADE__IDADE_50_A_59 + CATEGORIA_FILHOS__SEM_FILHOS + POSSE_CARRO__SEM_CARRO + FAIXA_CREDITOS_ATIVOS__UM_A_DOIS_CREDITOS_ATIVOS + FAIXA_TAXA_REJEICAO__SEM_REJEICAO_PREVIA;100;0.010000
1118;FAIXA_CREDITO__CREDITO_MEDIO + POSSE_CARRO__SEM_CARRO + FAIXA_CREDITOS_ATIVOS__UM_A_DOIS_CREDITOS_ATIVOS + FAIXA_TAXA_REJEICAO__SEM_REJEICAO_PREVIA;FAIXA_IDADE__IDADE_50_A_59 + CATEGORIA_FILHOS__SEM_FILHOS;4;2;6;0.010000;0.2;0.98;-0;0.99;FAIXA_CREDITO__CREDITO_MEDIO + FAIXA_IDADE__IDADE_50_A_59 + CATEGORIA_FILHOS__SEM_FILHOS + POSSE_CARRO__SEM_CARRO + FAIXA_CREDITOS_ATIVOS__UM_A_DOIS_CREDITOS_ATIVOS + FAIXA_TAXA_REJEICAO__SEM_REJEICAO_PREVIA;100;0.010000
1119;FAIXA_RENDA__RENDA_BAIXA + FAIXA_CREDITOS_ATIVOS__TRES_OU_MAIS_CREDITOS_ATIVOS + FAIXA_TAXA_REJEICAO__SEM_REJEICAO_PREVIA;FAIXA_IDADE__IDADE_30_A_39;3;1;4;0.010000;0.26;0.98;-0;0.99;FAIXA_RENDA__RENDA_BAIXA + FAIXA_IDADE__IDADE_30_A_39 + FAIXA_CREDITOS_ATIVOS__TRES_OU_MAIS_CREDITOS_ATIVOS + FAIXA_TAXA_REJEICAO__SEM_REJEICAO_PREVIA;100;0.010000
1120;FAIXA_IDADE__IDADE_30_A_39;FAIXA_RENDA__RENDA_BAIXA + FAIXA_CREDITOS_ATIVOS__TRES_OU_MAIS_CREDITOS_ATIVOS + FAIXA_TAXA_REJEICAO__SEM_REJEICAO_PREVIA;1;3;4;0.010000;0.04;0.98;-0;1;FAIXA_RENDA__RENDA_BAIXA + FAIXA_IDADE__IDADE_30_A_39 + FAIXA_CREDITOS_ATIVOS__TRES_OU_MAIS_CREDITOS_ATIVOS + FAIXA_TAXA_REJEICAO__SEM_REJEICAO_PREVIA;100;0.010000
1121;FAIXA_CREDITOS_ATIVOS__UM_A_DOIS_CREDITOS_ATIVOS;FAIXA_RENDA__RENDA_BAIXA + FAIXA_IDADE__IDADE_40_A_49 + CATEGORIA_FILHOS__SEM_FILHOS + POSSE_CARRO__SEM_CARRO + FAIXA_TAXA_REJEICAO__SEM_REJEICAO_PREVIA;1;5;6;0.010000;0.02;0.98;-0;1;FAIXA_RENDA__RENDA_BAIXA + FAIXA_IDADE__IDADE_40_A_49 + CATEGORIA_FILHOS__SEM_FILHOS + POSSE_CARRO__SEM_CARRO + FAIXA_CREDITOS_ATIVOS__UM_A_DOIS_CREDITOS_ATIVOS + FAIXA_TAXA_REJEICAO__SEM_REJEICAO_PREVIA;100;0.010000
1122;FAIXA_RENDA__RENDA_BAIXA + FAIXA_IDADE__IDADE_40_A_49 + CATEGORIA_FILHOS__SEM_FILHOS + POSSE_CARRO__SEM_CARRO + FAIXA_TAXA_REJEICAO__SEM_REJEICAO_PREVIA;FAIXA_CREDITOS_ATIVOS__UM_A_DOIS_CREDITOS_ATIVOS;5;1;6;0.010000;0.43;0.98;-0;0.98;FAIXA_RENDA__RENDA_BAIXA + FAIXA_IDADE__IDADE_40_A_49 + CATEGORIA_FILHOS__SEM_FILHOS + POSSE_CARRO__SEM_CARRO + FAIXA_CREDITOS_ATIVOS__UM_A_DOIS_CREDITOS_ATIVOS + FAIXA_TAXA_REJEICAO__SEM_REJEICAO_PREVIA;100;0.010000
1123;FAIXA_RENDA__RENDA_BAIXA + CATEGORIA_FILHOS__UM_FILHO + POSSE_CARRO__COM_CARRO + SITUACAO_FAMILIAR__CASADO_OU_UNIAO_CIVIL;FAIXA_TAXA_REJEICAO__SEM_REJEICAO_PREVIA;4;1;5;0.010000;0.66;0.98;-0;0.94;FAIXA_RENDA__RENDA_BAIXA + CATEGORIA_FILHOS__UM_FILHO + POSSE_CARRO__COM_CARRO + SITUACAO_FAMILIAR__CASADO_OU_UNIAO_CIVIL + FAIXA_TAXA_REJEICAO__SEM_REJEICAO_PREVIA;100;0.010000
1124;FAIXA_TAXA_REJEICAO__SEM_REJEICAO_PREVIA;FAIXA_RENDA__RENDA_BAIXA + CATEGORIA_FILHOS__UM_FILHO + POSSE_CARRO__COM_CARRO + SITUACAO_FAMILIAR__CASADO_OU_UNIAO_CIVIL;1;4;5;0.010000;0.01;0.98;-0;1;FAIXA_RENDA__RENDA_BAIXA + CATEGORIA_FILHOS__UM_FILHO + POSSE_CARRO__COM_CARRO + SITUACAO_FAMILIAR__CASADO_OU_UNIAO_CIVIL + FAIXA_TAXA_REJEICAO__SEM_REJEICAO_PREVIA;100;0.010000
1125;SITUACAO_FAMILIAR__CASADO_OU_UNIAO_CIVIL;FAIXA_IDADE__IDADE_21_A_29 + FAIXA_TAXA_REJEICAO__REJEICAO_PREVIA_ATE_25_PCT;1;2;3;0.010000;0.01;0.98;-0;1;FAIXA_IDADE__IDADE_21_A_29 + SITUACAO_FAMILIAR__CASADO_OU_UNIAO_CIVIL + FAIXA_TAXA_REJEICAO__REJEICAO_PREVIA_ATE_25_PCT;100;0.010000
1126;FAIXA_IDADE__IDADE_21_A_29 + FAIXA_TAXA_REJEICAO__REJEICAO_PREVIA_ATE_25_PCT;SITUACAO_FAMILIAR__CASADO_OU_UNIAO_CIVIL;2;1;3;0.010000;0.71;0.98;-0;0.92;FAIXA_IDADE__IDADE_21_A_29 + SITUACAO_FAMILIAR__CASADO_OU_UNIAO_CIVIL + FAIXA_TAXA_REJEICAO__REJEICAO_PREVIA_ATE_25_PCT;100;0.010000
1127;SITUACAO_FAMILIAR__CASADO_OU_UNIAO_CIVIL + FAIXA_CREDITOS_ATIVOS__UM_A_DOIS_CREDITOS_ATIVOS;FAIXA_RENDA__RENDA_BAIXA + FAIXA_IDADE__IDADE_21_A_29 + POSSE_CARRO__SEM_CARRO;2;3;5;0.010000;0.03;0.97;-0;1;FAIXA_RENDA__RENDA_BAIXA + FAIXA_IDADE__IDADE_21_A_29 + POSSE_CARRO__SEM_CARRO + SITUACAO_FAMILIAR__CASADO_OU_UNIAO_CIVIL + FAIXA_CREDITOS_ATIVOS__UM_A_DOIS_CREDITOS_ATIVOS;100;0.010000
1128;FAIXA_RENDA__RENDA_BAIXA + FAIXA_IDADE__IDADE_21_A_29 + POSSE_CARRO__SEM_CARRO;SITUACAO_FAMILIAR__CASADO_OU_UNIAO_CIVIL + FAIXA_CREDITOS_ATIVOS__UM_A_DOIS_CREDITOS_ATIVOS;3;2;5;0.010000;0.31;0.97;-0;0.98;FAIXA_RENDA__RENDA_BAIXA + FAIXA_IDADE__IDADE_21_A_29 + POSSE_CARRO__SEM_CARRO + SITUACAO_FAMILIAR__CASADO_OU_UNIAO_CIVIL + FAIXA_CREDITOS_ATIVOS__UM_A_DOIS_CREDITOS_ATIVOS;100;0.010000
1129;FAIXA_CREDITO__CREDITO_MEDIO;FAIXA_IDADE__IDADE_50_A_59 + CATEGORIA_FILHOS__SEM_FILHOS + POSSE_CARRO__SEM_CARRO + FAIXA_CREDITOS_ATIVOS__UM_A_DOIS_CREDITOS_ATIVOS + FAIXA_TAXA_REJEICAO__SEM_REJEICAO_PREVIA;1;5;6;0.010000;0.04;0.97;-0;1;FAIXA_CREDITO__CREDITO_MEDIO + FAIXA_IDADE__IDADE_50_A_59 + CATEGORIA_FILHOS__SEM_FILHOS + POSSE_CARRO__SEM_CARRO + FAIXA_CREDITOS_ATIVOS__UM_A_DOIS_CREDITOS_ATIVOS + FAIXA_TAXA_REJEICAO__SEM_REJEICAO_PREVIA;100;0.010000
1130;FAIXA_IDADE__IDADE_50_A_59 + CATEGORIA_FILHOS__SEM_FILHOS + POSSE_CARRO__SEM_CARRO + FAIXA_CREDITOS_ATIVOS__UM_A_DOIS_CREDITOS_ATIVOS + FAIXA_TAXA_REJEICAO__SEM_REJEICAO_PREVIA;FAIXA_CREDITO__CREDITO_MEDIO;5;1;6;0.010000;0.24;0.97;-0;0.99;FAIXA_CREDITO__CREDITO_MEDIO + FAIXA_IDADE__IDADE_50_A_59 + CATEGORIA_FILHOS__SEM_FILHOS + POSSE_CARRO__SEM_CARRO + FAIXA_CREDITOS_ATIVOS__UM_A_DOIS_CREDITOS_ATIVOS + FAIXA_TAXA_REJEICAO__SEM_REJEICAO_PREVIA;100;0.010000
1131;SITUACAO_FAMILIAR__CASADO_OU_UNIAO_CIVIL;FAIXA_CREDITO__CREDITO_ALTO + FAIXA_RENDA__RENDA_BAIXA + FAIXA_IDADE__IDADE_50_A_59 + CATEGORIA_FILHOS__SEM_FILHOS + FAIXA_TAXA_REJEICAO__SEM_REJEICAO_PREVIA;1;5;6;0.010000;0.01;0.97;-0;1;FAIXA_CREDITO__CREDITO_ALTO + FAIXA_RENDA__RENDA_BAIXA + FAIXA_IDADE__IDADE_50_A_59 + CATEGORIA_FILHOS__SEM_FILHOS + SITUACAO_FAMILIAR__CASADO_OU_UNIAO_CIVIL + FAIXA_TAXA_REJEICAO__SEM_REJEICAO_PREVIA;100;0.010000
1132;FAIXA_CREDITO__CREDITO_ALTO + FAIXA_RENDA__RENDA_BAIXA + FAIXA_IDADE__IDADE_50_A_59 + CATEGORIA_FILHOS__SEM_FILHOS + FAIXA_TAXA_REJEICAO__SEM_REJEICAO_PREVIA;SITUACAO_FAMILIAR__CASADO_OU_UNIAO_CIVIL;5;1;6;0.010000;0.71;0.97;-0;0.91;FAIXA_CREDITO__CREDITO_ALTO + FAIXA_RENDA__RENDA_BAIXA + FAIXA_IDADE__IDADE_50_A_59 + CATEGORIA_FILHOS__SEM_FILHOS + SITUACAO_FAMILIAR__CASADO_OU_UNIAO_CIVIL + FAIXA_TAXA_REJEICAO__SEM_REJEICAO_PREVIA;100;0.010000
1133;FAIXA_CREDITO__CREDITO_MEDIO + SITUACAO_FAMILIAR__SOLTEIRO;FAIXA_RENDA__RENDA_ALTA;2;1;3;0.010000;0.25;0.97;-0;0.99;FAIXA_CREDITO__CREDITO_MEDIO + FAIXA_RENDA__RENDA_ALTA + SITUACAO_FAMILIAR__SOLTEIRO;100;0.010000
1134;FAIXA_RENDA__RENDA_ALTA;FAIXA_CREDITO__CREDITO_MEDIO + SITUACAO_FAMILIAR__SOLTEIRO;1;2;3;0.010000;0.04;0.97;-0;1;FAIXA_CREDITO__CREDITO_MEDIO + FAIXA_RENDA__RENDA_ALTA + SITUACAO_FAMILIAR__SOLTEIRO;100;0.010000
1135;FAIXA_IDADE__IDADE_30_A_39 + SITUACAO_FAMILIAR__CASADO_OU_UNIAO_CIVIL + FAIXA_CREDITOS_ATIVOS__TRES_OU_MAIS_CREDITOS_ATIVOS;FAIXA_RENDA__RENDA_ALTA + FAIXA_TAXA_REJEICAO__SEM_REJEICAO_PREVIA;3;2;5;0.010000;0.17;0.97;-0;0.99;FAIXA_RENDA__RENDA_ALTA + FAIXA_IDADE__IDADE_30_A_39 + SITUACAO_FAMILIAR__CASADO_OU_UNIAO_CIVIL + FAIXA_CREDITOS_ATIVOS__TRES_OU_MAIS_CREDITOS_ATIVOS + FAIXA_TAXA_REJEICAO__SEM_REJEICAO_PREVIA;100;0.010000
1136;FAIXA_RENDA__RENDA_ALTA + FAIXA_TAXA_REJEICAO__SEM_REJEICAO_PREVIA;FAIXA_IDADE__IDADE_30_A_39 + SITUACAO_FAMILIAR__CASADO_OU_UNIAO_CIVIL + FAIXA_CREDITOS_ATIVOS__TRES_OU_MAIS_CREDITOS_ATIVOS;2;3;5;0.010000;0.06;0.97;-0;1;FAIXA_RENDA__RENDA_ALTA + FAIXA_IDADE__IDADE_30_A_39 + SITUACAO_FAMILIAR__CASADO_OU_UNIAO_CIVIL + FAIXA_CREDITOS_ATIVOS__TRES_OU_MAIS_CREDITOS_ATIVOS + FAIXA_TAXA_REJEICAO__SEM_REJEICAO_PREVIA;100;0.010000
1137;FAIXA_CREDITO__CREDITO_MEDIO;FAIXA_IDADE__IDADE_50_A_59 + CATEGORIA_FILHOS__SEM_FILHOS + POSSE_CARRO__SEM_CARRO + FAIXA_CREDITOS_ATIVOS__TRES_OU_MAIS_CREDITOS_ATIVOS;1;4;5;0.010000;0.04;0.97;-0;1;FAIXA_CREDITO__CREDITO_MEDIO + FAIXA_IDADE__IDADE_50_A_59 + CATEGORIA_FILHOS__SEM_FILHOS + POSSE_CARRO__SEM_CARRO + FAIXA_CREDITOS_ATIVOS__TRES_OU_MAIS_CREDITOS_ATIVOS;100;0.010000
1138;FAIXA_IDADE__IDADE_50_A_59 + CATEGORIA_FILHOS__SEM_FILHOS + POSSE_CARRO__SEM_CARRO + FAIXA_CREDITOS_ATIVOS__TRES_OU_MAIS_CREDITOS_ATIVOS;FAIXA_CREDITO__CREDITO_MEDIO;4;1;5;0.010000;0.24;0.97;-0;0.99;FAIXA_CREDITO__CREDITO_MEDIO + FAIXA_IDADE__IDADE_50_A_59 + CATEGORIA_FILHOS__SEM_FILHOS + POSSE_CARRO__SEM_CARRO + FAIXA_CREDITOS_ATIVOS__TRES_OU_MAIS_CREDITOS_ATIVOS;100;0.010000
1139;FAIXA_IDADE__IDADE_21_A_29;FAIXA_RENDA__RENDA_MEDIA + CATEGORIA_FILHOS__SEM_FILHOS + POSSE_CARRO__SEM_CARRO;1;3;4;0.010000;0.08;0.97;-0;1;FAIXA_RENDA__RENDA_MEDIA + FAIXA_IDADE__IDADE_21_A_29 + CATEGORIA_FILHOS__SEM_FILHOS + POSSE_CARRO__SEM_CARRO;100;0.010000
1140;FAIXA_RENDA__RENDA_MEDIA + CATEGORIA_FILHOS__SEM_FILHOS + POSSE_CARRO__SEM_CARRO;FAIXA_IDADE__IDADE_21_A_29;3;1;4;0.010000;0.12;0.97;-0;0.99;FAIXA_RENDA__RENDA_MEDIA + FAIXA_IDADE__IDADE_21_A_29 + CATEGORIA_FILHOS__SEM_FILHOS + POSSE_CARRO__SEM_CARRO;100;0.010000
1141;FAIXA_RENDA__RENDA_BAIXA + CATEGORIA_FILHOS__SEM_FILHOS + FAIXA_CREDITOS_ATIVOS__UM_A_DOIS_CREDITOS_ATIVOS;FAIXA_IDADE__IDADE_40_A_49 + POSSE_CARRO__SEM_CARRO + FAIXA_TAXA_REJEICAO__SEM_REJEICAO_PREVIA;3;3;6;0.010000;0.1;0.97;-0;0.99;FAIXA_RENDA__RENDA_BAIXA + FAIXA_IDADE__IDADE_40_A_49 + CATEGORIA_FILHOS__SEM_FILHOS + POSSE_CARRO__SEM_CARRO + FAIXA_CREDITOS_ATIVOS__UM_A_DOIS_CREDITOS_ATIVOS + FAIXA_TAXA_REJEICAO__SEM_REJEICAO_PREVIA;100;0.010000
1142;FAIXA_IDADE__IDADE_40_A_49 + POSSE_CARRO__SEM_CARRO + FAIXA_TAXA_REJEICAO__SEM_REJEICAO_PREVIA;FAIXA_RENDA__RENDA_BAIXA + CATEGORIA_FILHOS__SEM_FILHOS + FAIXA_CREDITOS_ATIVOS__UM_A_DOIS_CREDITOS_ATIVOS;3;3;6;0.010000;0.1;0.97;-0;1;FAIXA_RENDA__RENDA_BAIXA + FAIXA_IDADE__IDADE_40_A_49 + CATEGORIA_FILHOS__SEM_FILHOS + POSSE_CARRO__SEM_CARRO + FAIXA_CREDITOS_ATIVOS__UM_A_DOIS_CREDITOS_ATIVOS + FAIXA_TAXA_REJEICAO__SEM_REJEICAO_PREVIA;100;0.010000
1143;FAIXA_TAXA_REJEICAO__SEM_REJEICAO_PREVIA;FAIXA_IDADE__IDADE_21_A_29 + CATEGORIA_FILHOS__UM_FILHO + FAIXA_CREDITOS_ATIVOS__UM_A_DOIS_CREDITOS_ATIVOS;1;3;4;0.010000;0.01;0.97;-0;1;FAIXA_IDADE__IDADE_21_A_29 + CATEGORIA_FILHOS__UM_FILHO + FAIXA_CREDITOS_ATIVOS__UM_A_DOIS_CREDITOS_ATIVOS + FAIXA_TAXA_REJEICAO__SEM_REJEICAO_PREVIA;100;0.010000
1144;FAIXA_IDADE__IDADE_21_A_29 + CATEGORIA_FILHOS__UM_FILHO + FAIXA_CREDITOS_ATIVOS__UM_A_DOIS_CREDITOS_ATIVOS;FAIXA_TAXA_REJEICAO__SEM_REJEICAO_PREVIA;3;1;4;0.010000;0.65;0.97;-0;0.91;FAIXA_IDADE__IDADE_21_A_29 + CATEGORIA_FILHOS__UM_FILHO + FAIXA_CREDITOS_ATIVOS__UM_A_DOIS_CREDITOS_ATIVOS + FAIXA_TAXA_REJEICAO__SEM_REJEICAO_PREVIA;100;0.010000
1145;FAIXA_RENDA__RENDA_BAIXA + FAIXA_IDADE__IDADE_40_A_49 + FAIXA_CREDITOS_ATIVOS__UM_A_DOIS_CREDITOS_ATIVOS;CATEGORIA_FILHOS__SEM_FILHOS + POSSE_CARRO__SEM_CARRO + FAIXA_TAXA_REJEICAO__SEM_REJEICAO_PREVIA;3;3;6;0.010000;0.31;0.96;-0;0.98;FAIXA_RENDA__RENDA_BAIXA + FAIXA_IDADE__IDADE_40_A_49 + CATEGORIA_FILHOS__SEM_FILHOS + POSSE_CARRO__SEM_CARRO + FAIXA_CREDITOS_ATIVOS__UM_A_DOIS_CREDITOS_ATIVOS + FAIXA_TAXA_REJEICAO__SEM_REJEICAO_PREVIA;100;0.010000
1146;CATEGORIA_FILHOS__SEM_FILHOS + POSSE_CARRO__SEM_CARRO + FAIXA_TAXA_REJEICAO__SEM_REJEICAO_PREVIA;FAIXA_RENDA__RENDA_BAIXA + FAIXA_IDADE__IDADE_40_A_49 + FAIXA_CREDITOS_ATIVOS__UM_A_DOIS_CREDITOS_ATIVOS;3;3;6;0.010000;0.03;0.96;-0;1;FAIXA_RENDA__RENDA_BAIXA + FAIXA_IDADE__IDADE_40_A_49 + CATEGORIA_FILHOS__SEM_FILHOS + POSSE_CARRO__SEM_CARRO + FAIXA_CREDITOS_ATIVOS__UM_A_DOIS_CREDITOS_ATIVOS + FAIXA_TAXA_REJEICAO__SEM_REJEICAO_PREVIA;100;0.010000
1147;FAIXA_IDADE__IDADE_30_A_39 + POSSE_CARRO__COM_CARRO + SITUACAO_FAMILIAR__CASADO_OU_UNIAO_CIVIL;FAIXA_RENDA__RENDA_MEDIA + FAIXA_TAXA_REJEICAO__SEM_REJEICAO_PREVIA;3;2;5;0.010000;0.12;0.96;-0;0.99;FAIXA_RENDA__RENDA_MEDIA + FAIXA_IDADE__IDADE_30_A_39 + POSSE_CARRO__COM_CARRO + SITUACAO_FAMILIAR__CASADO_OU_UNIAO_CIVIL + FAIXA_TAXA_REJEICAO__SEM_REJEICAO_PREVIA;100;0.010000
1148;FAIXA_RENDA__RENDA_MEDIA + FAIXA_TAXA_REJEICAO__SEM_REJEICAO_PREVIA;FAIXA_IDADE__IDADE_30_A_39 + POSSE_CARRO__COM_CARRO + SITUACAO_FAMILIAR__CASADO_OU_UNIAO_CIVIL;2;3;5;0.010000;0.08;0.96;-0;1;FAIXA_RENDA__RENDA_MEDIA + FAIXA_IDADE__IDADE_30_A_39 + POSSE_CARRO__COM_CARRO + SITUACAO_FAMILIAR__CASADO_OU_UNIAO_CIVIL + FAIXA_TAXA_REJEICAO__SEM_REJEICAO_PREVIA;100;0.010000
1149;FAIXA_CREDITO__CREDITO_ALTO + FAIXA_IDADE__IDADE_50_A_59 + CATEGORIA_FILHOS__SEM_FILHOS + POSSE_CARRO__SEM_CARRO;FAIXA_RENDA__RENDA_ALTA;4;1;5;0.010000;0.25;0.96;-0;0.98;FAIXA_CREDITO__CREDITO_ALTO + FAIXA_RENDA__RENDA_ALTA + FAIXA_IDADE__IDADE_50_A_59 + CATEGORIA_FILHOS__SEM_FILHOS + POSSE_CARRO__SEM_CARRO;100;0.010000
1150;FAIXA_RENDA__RENDA_ALTA;FAIXA_CREDITO__CREDITO_ALTO + FAIXA_IDADE__IDADE_50_A_59 + CATEGORIA_FILHOS__SEM_FILHOS + POSSE_CARRO__SEM_CARRO;1;4;5;0.010000;0.04;0.96;-0;1;FAIXA_CREDITO__CREDITO_ALTO + FAIXA_RENDA__RENDA_ALTA + FAIXA_IDADE__IDADE_50_A_59 + CATEGORIA_FILHOS__SEM_FILHOS + POSSE_CARRO__SEM_CARRO;100;0.010000
1151;FAIXA_RENDA__RENDA_BAIXA + FAIXA_IDADE__IDADE_30_A_39 + SITUACAO_FAMILIAR__CASADO_OU_UNIAO_CIVIL;FAIXA_TAXA_REJEICAO__REJEICAO_PREVIA_ACIMA_25_PCT;3;1;4;0.010000;0.16;0.96;-0;0.99;FAIXA_RENDA__RENDA_BAIXA + FAIXA_IDADE__IDADE_30_A_39 + SITUACAO_FAMILIAR__CASADO_OU_UNIAO_CIVIL + FAIXA_TAXA_REJEICAO__REJEICAO_PREVIA_ACIMA_25_PCT;100;0.010000
1152;FAIXA_TAXA_REJEICAO__REJEICAO_PREVIA_ACIMA_25_PCT;FAIXA_RENDA__RENDA_BAIXA + FAIXA_IDADE__IDADE_30_A_39 + SITUACAO_FAMILIAR__CASADO_OU_UNIAO_CIVIL;1;3;4;0.010000;0.06;0.96;-0;1;FAIXA_RENDA__RENDA_BAIXA + FAIXA_IDADE__IDADE_30_A_39 + SITUACAO_FAMILIAR__CASADO_OU_UNIAO_CIVIL + FAIXA_TAXA_REJEICAO__REJEICAO_PREVIA_ACIMA_25_PCT;100;0.010000
1153;FAIXA_CREDITOS_ATIVOS__TRES_OU_MAIS_CREDITOS_ATIVOS;FAIXA_RENDA__RENDA_MEDIA + POSSE_CARRO__COM_CARRO + FAIXA_TAXA_REJEICAO__SEM_REJEICAO_PREVIA;1;3;4;0.010000;0.04;0.96;-0;1;FAIXA_RENDA__RENDA_MEDIA + POSSE_CARRO__COM_CARRO + FAIXA_CREDITOS_ATIVOS__TRES_OU_MAIS_CREDITOS_ATIVOS + FAIXA_TAXA_REJEICAO__SEM_REJEICAO_PREVIA;100;0.010000
1154;FAIXA_RENDA__RENDA_MEDIA + POSSE_CARRO__COM_CARRO + FAIXA_TAXA_REJEICAO__SEM_REJEICAO_PREVIA;FAIXA_CREDITOS_ATIVOS__TRES_OU_MAIS_CREDITOS_ATIVOS;3;1;4;0.010000;0.26;0.96;-0;0.98;FAIXA_RENDA__RENDA_MEDIA + POSSE_CARRO__COM_CARRO + FAIXA_CREDITOS_ATIVOS__TRES_OU_MAIS_CREDITOS_ATIVOS + FAIXA_TAXA_REJEICAO__SEM_REJEICAO_PREVIA;100;0.010000
1155;FAIXA_IDADE__IDADE_50_A_59 + CATEGORIA_FILHOS__SEM_FILHOS;FAIXA_CREDITO__CREDITO_ALTO + SITUACAO_FAMILIAR__CASADO_OU_UNIAO_CIVIL + FAIXA_CREDITOS_ATIVOS__SEM_CREDITOS_ATIVOS;2;3;5;0.010000;0.05;0.96;-0;1;FAIXA_CREDITO__CREDITO_ALTO + FAIXA_IDADE__IDADE_50_A_59 + CATEGORIA_FILHOS__SEM_FILHOS + SITUACAO_FAMILIAR__CASADO_OU_UNIAO_CIVIL + FAIXA_CREDITOS_ATIVOS__SEM_CREDITOS_ATIVOS;100;0.010000
1156;FAIXA_CREDITO__CREDITO_ALTO + SITUACAO_FAMILIAR__CASADO_OU_UNIAO_CIVIL + FAIXA_CREDITOS_ATIVOS__SEM_CREDITOS_ATIVOS;FAIXA_IDADE__IDADE_50_A_59 + CATEGORIA_FILHOS__SEM_FILHOS;3;2;5;0.010000;0.19;0.96;-0;0.99;FAIXA_CREDITO__CREDITO_ALTO + FAIXA_IDADE__IDADE_50_A_59 + CATEGORIA_FILHOS__SEM_FILHOS + SITUACAO_FAMILIAR__CASADO_OU_UNIAO_CIVIL + FAIXA_CREDITOS_ATIVOS__SEM_CREDITOS_ATIVOS;100;0.010000
1157;SITUACAO_FAMILIAR__CASADO_OU_UNIAO_CIVIL;FAIXA_CREDITO__CREDITO_ALTO + FAIXA_RENDA__RENDA_MEDIA + POSSE_CARRO__SEM_CARRO + FAIXA_CREDITOS_ATIVOS__UM_A_DOIS_CREDITOS_ATIVOS;1;4;5;0.010000;0.01;0.96;-0;1;FAIXA_CREDITO__CREDITO_ALTO + FAIXA_RENDA__RENDA_MEDIA + POSSE_CARRO__SEM_CARRO + SITUACAO_FAMILIAR__CASADO_OU_UNIAO_CIVIL + FAIXA_CREDITOS_ATIVOS__UM_A_DOIS_CREDITOS_ATIVOS;100;0.010000
1158;SITUACAO_FAMILIAR__CASADO_OU_UNIAO_CIVIL;FAIXA_CREDITO__CREDITO_ALTO + FAIXA_IDADE__IDADE_50_A_59 + CATEGORIA_FILHOS__SEM_FILHOS + FAIXA_CREDITOS_ATIVOS__SEM_CREDITOS_ATIVOS;1;4;5;0.010000;0.01;0.96;-0;1;FAIXA_CREDITO__CREDITO_ALTO + FAIXA_IDADE__IDADE_50_A_59 + CATEGORIA_FILHOS__SEM_FILHOS + SITUACAO_FAMILIAR__CASADO_OU_UNIAO_CIVIL + FAIXA_CREDITOS_ATIVOS__SEM_CREDITOS_ATIVOS;100;0.010000
1159;FAIXA_CREDITO__CREDITO_ALTO + FAIXA_RENDA__RENDA_MEDIA + POSSE_CARRO__SEM_CARRO + FAIXA_CREDITOS_ATIVOS__UM_A_DOIS_CREDITOS_ATIVOS;SITUACAO_FAMILIAR__CASADO_OU_UNIAO_CIVIL;4;1;5;0.010000;0.7;0.96;-0;0.88;FAIXA_CREDITO__CREDITO_ALTO + FAIXA_RENDA__RENDA_MEDIA + POSSE_CARRO__SEM_CARRO + SITUACAO_FAMILIAR__CASADO_OU_UNIAO_CIVIL + FAIXA_CREDITOS_ATIVOS__UM_A_DOIS_CREDITOS_ATIVOS;100;0.010000
1160;FAIXA_CREDITO__CREDITO_ALTO + FAIXA_IDADE__IDADE_50_A_59 + CATEGORIA_FILHOS__SEM_FILHOS + FAIXA_CREDITOS_ATIVOS__SEM_CREDITOS_ATIVOS;SITUACAO_FAMILIAR__CASADO_OU_UNIAO_CIVIL;4;1;5;0.010000;0.7;0.96;-0;0.88;FAIXA_CREDITO__CREDITO_ALTO + FAIXA_IDADE__IDADE_50_A_59 + CATEGORIA_FILHOS__SEM_FILHOS + SITUACAO_FAMILIAR__CASADO_OU_UNIAO_CIVIL + FAIXA_CREDITOS_ATIVOS__SEM_CREDITOS_ATIVOS;100;0.010000
1161;FAIXA_CREDITO__CREDITO_MUITO_ALTO;FAIXA_IDADE__IDADE_30_A_39 + POSSE_CARRO__SEM_CARRO + FAIXA_CREDITOS_ATIVOS__TRES_OU_MAIS_CREDITOS_ATIVOS;1;3;4;0.010000;0.04;0.96;-0;1;FAIXA_CREDITO__CREDITO_MUITO_ALTO + FAIXA_IDADE__IDADE_30_A_39 + POSSE_CARRO__SEM_CARRO + FAIXA_CREDITOS_ATIVOS__TRES_OU_MAIS_CREDITOS_ATIVOS;100;0.010000
1162;FAIXA_IDADE__IDADE_30_A_39 + POSSE_CARRO__SEM_CARRO + FAIXA_CREDITOS_ATIVOS__TRES_OU_MAIS_CREDITOS_ATIVOS;FAIXA_CREDITO__CREDITO_MUITO_ALTO;3;1;4;0.010000;0.24;0.96;-0;0.98;FAIXA_CREDITO__CREDITO_MUITO_ALTO + FAIXA_IDADE__IDADE_30_A_39 + POSSE_CARRO__SEM_CARRO + FAIXA_CREDITOS_ATIVOS__TRES_OU_MAIS_CREDITOS_ATIVOS;100;0.010000
1163;FAIXA_CREDITO__CREDITO_ALTO + FAIXA_IDADE__IDADE_30_A_39 + POSSE_CARRO__SEM_CARRO;FAIXA_CREDITOS_ATIVOS__TRES_OU_MAIS_CREDITOS_ATIVOS;3;1;4;0.010000;0.26;0.96;-0;0.98;FAIXA_CREDITO__CREDITO_ALTO + FAIXA_IDADE__IDADE_30_A_39 + POSSE_CARRO__SEM_CARRO + FAIXA_CREDITOS_ATIVOS__TRES_OU_MAIS_CREDITOS_ATIVOS;100;0.010000
1164;FAIXA_CREDITOS_ATIVOS__TRES_OU_MAIS_CREDITOS_ATIVOS;FAIXA_CREDITO__CREDITO_ALTO + FAIXA_IDADE__IDADE_30_A_39 + POSSE_CARRO__SEM_CARRO;1;3;4;0.010000;0.04;0.96;-0;1;FAIXA_CREDITO__CREDITO_ALTO + FAIXA_IDADE__IDADE_30_A_39 + POSSE_CARRO__SEM_CARRO + FAIXA_CREDITOS_ATIVOS__TRES_OU_MAIS_CREDITOS_ATIVOS;100;0.010000
1165;FAIXA_IDADE__IDADE_40_A_49 + POSSE_CARRO__COM_CARRO;FAIXA_CREDITO__CREDITO_ALTO + FAIXA_CREDITOS_ATIVOS__UM_A_DOIS_CREDITOS_ATIVOS;2;2;4;0.010000;0.1;0.95;-0;0.99;FAIXA_CREDITO__CREDITO_ALTO + FAIXA_IDADE__IDADE_40_A_49 + POSSE_CARRO__COM_CARRO + FAIXA_CREDITOS_ATIVOS__UM_A_DOIS_CREDITOS_ATIVOS;100;0.010000
1166;FAIXA_CREDITO__CREDITO_ALTO + FAIXA_CREDITOS_ATIVOS__UM_A_DOIS_CREDITOS_ATIVOS;FAIXA_IDADE__IDADE_40_A_49 + POSSE_CARRO__COM_CARRO;2;2;4;0.010000;0.09;0.95;-0;0.99;FAIXA_CREDITO__CREDITO_ALTO + FAIXA_IDADE__IDADE_40_A_49 + POSSE_CARRO__COM_CARRO + FAIXA_CREDITOS_ATIVOS__UM_A_DOIS_CREDITOS_ATIVOS;100;0.010000
1167;FAIXA_CREDITO__CREDITO_ALTO + FAIXA_IDADE__IDADE_40_A_49 + POSSE_CARRO__COM_CARRO;FAIXA_CREDITOS_ATIVOS__UM_A_DOIS_CREDITOS_ATIVOS;3;1;4;0.010000;0.41;0.95;-0;0.96;FAIXA_CREDITO__CREDITO_ALTO + FAIXA_IDADE__IDADE_40_A_49 + POSSE_CARRO__COM_CARRO + FAIXA_CREDITOS_ATIVOS__UM_A_DOIS_CREDITOS_ATIVOS;100;0.010000
1168;FAIXA_CREDITO__CREDITO_MEDIO + FAIXA_IDADE__IDADE_50_A_59 + CATEGORIA_FILHOS__SEM_FILHOS + POSSE_CARRO__SEM_CARRO + FAIXA_TAXA_REJEICAO__SEM_REJEICAO_PREVIA;FAIXA_CREDITOS_ATIVOS__UM_A_DOIS_CREDITOS_ATIVOS;5;1;6;0.010000;0.41;0.95;-0;0.96;FAIXA_CREDITO__CREDITO_MEDIO + FAIXA_IDADE__IDADE_50_A_59 + CATEGORIA_FILHOS__SEM_FILHOS + POSSE_CARRO__SEM_CARRO + FAIXA_CREDITOS_ATIVOS__UM_A_DOIS_CREDITOS_ATIVOS + FAIXA_TAXA_REJEICAO__SEM_REJEICAO_PREVIA;100;0.010000
1169;FAIXA_CREDITOS_ATIVOS__UM_A_DOIS_CREDITOS_ATIVOS;FAIXA_CREDITO__CREDITO_ALTO + FAIXA_IDADE__IDADE_40_A_49 + POSSE_CARRO__COM_CARRO;1;3;4;0.010000;0.02;0.95;-0;1;FAIXA_CREDITO__CREDITO_ALTO + FAIXA_IDADE__IDADE_40_A_49 + POSSE_CARRO__COM_CARRO + FAIXA_CREDITOS_ATIVOS__UM_A_DOIS_CREDITOS_ATIVOS;100;0.010000
1170;FAIXA_CREDITOS_ATIVOS__UM_A_DOIS_CREDITOS_ATIVOS;FAIXA_CREDITO__CREDITO_MEDIO + FAIXA_IDADE__IDADE_50_A_59 + CATEGORIA_FILHOS__SEM_FILHOS + POSSE_CARRO__SEM_CARRO + FAIXA_TAXA_REJEICAO__SEM_REJEICAO_PREVIA;1;5;6;0.010000;0.02;0.95;-0;1;FAIXA_CREDITO__CREDITO_MEDIO + FAIXA_IDADE__IDADE_50_A_59 + CATEGORIA_FILHOS__SEM_FILHOS + POSSE_CARRO__SEM_CARRO + FAIXA_CREDITOS_ATIVOS__UM_A_DOIS_CREDITOS_ATIVOS + FAIXA_TAXA_REJEICAO__SEM_REJEICAO_PREVIA;100;0.010000
1171;FAIXA_CREDITO__CREDITO_MEDIO + FAIXA_CREDITOS_ATIVOS__UM_A_DOIS_CREDITOS_ATIVOS + FAIXA_TAXA_REJEICAO__SEM_REJEICAO_PREVIA;FAIXA_IDADE__IDADE_50_A_59 + CATEGORIA_FILHOS__SEM_FILHOS + POSSE_CARRO__SEM_CARRO;3;3;6;0.010000;0.14;0.95;-0;0.99;FAIXA_CREDITO__CREDITO_MEDIO + FAIXA_IDADE__IDADE_50_A_59 + CATEGORIA_FILHOS__SEM_FILHOS + POSSE_CARRO__SEM_CARRO + FAIXA_CREDITOS_ATIVOS__UM_A_DOIS_CREDITOS_ATIVOS + FAIXA_TAXA_REJEICAO__SEM_REJEICAO_PREVIA;100;0.010000
1172;FAIXA_IDADE__IDADE_50_A_59 + CATEGORIA_FILHOS__SEM_FILHOS + POSSE_CARRO__SEM_CARRO;FAIXA_CREDITO__CREDITO_MEDIO + FAIXA_CREDITOS_ATIVOS__UM_A_DOIS_CREDITOS_ATIVOS + FAIXA_TAXA_REJEICAO__SEM_REJEICAO_PREVIA;3;3;6;0.010000;0.07;0.95;-0;1;FAIXA_CREDITO__CREDITO_MEDIO + FAIXA_IDADE__IDADE_50_A_59 + CATEGORIA_FILHOS__SEM_FILHOS + POSSE_CARRO__SEM_CARRO + FAIXA_CREDITOS_ATIVOS__UM_A_DOIS_CREDITOS_ATIVOS + FAIXA_TAXA_REJEICAO__SEM_REJEICAO_PREVIA;100;0.010000
1173;FAIXA_RENDA__RENDA_MEDIA + FAIXA_CREDITOS_ATIVOS__TRES_OU_MAIS_CREDITOS_ATIVOS;POSSE_CARRO__COM_CARRO + FAIXA_TAXA_REJEICAO__SEM_REJEICAO_PREVIA;2;2;4;0.010000;0.22;0.95;-0;0.98;FAIXA_RENDA__RENDA_MEDIA + POSSE_CARRO__COM_CARRO + FAIXA_CREDITOS_ATIVOS__TRES_OU_MAIS_CREDITOS_ATIVOS + FAIXA_TAXA_REJEICAO__SEM_REJEICAO_PREVIA;100;0.010000
1174;POSSE_CARRO__COM_CARRO + FAIXA_TAXA_REJEICAO__SEM_REJEICAO_PREVIA;FAIXA_RENDA__RENDA_MEDIA + FAIXA_CREDITOS_ATIVOS__TRES_OU_MAIS_CREDITOS_ATIVOS;2;2;4;0.010000;0.04;0.95;-0;1;FAIXA_RENDA__RENDA_MEDIA + POSSE_CARRO__COM_CARRO + FAIXA_CREDITOS_ATIVOS__TRES_OU_MAIS_CREDITOS_ATIVOS + FAIXA_TAXA_REJEICAO__SEM_REJEICAO_PREVIA;100;0.010000
1175;FAIXA_CREDITO__CREDITO_ALTO + FAIXA_CREDITOS_ATIVOS__SEM_CREDITOS_ATIVOS;FAIXA_IDADE__IDADE_50_A_59 + CATEGORIA_FILHOS__SEM_FILHOS + SITUACAO_FAMILIAR__CASADO_OU_UNIAO_CIVIL;2;3;5;0.010000;0.14;0.95;-0;0.99;FAIXA_CREDITO__CREDITO_ALTO + FAIXA_IDADE__IDADE_50_A_59 + CATEGORIA_FILHOS__SEM_FILHOS + SITUACAO_FAMILIAR__CASADO_OU_UNIAO_CIVIL + FAIXA_CREDITOS_ATIVOS__SEM_CREDITOS_ATIVOS;100;0.010000
1176;FAIXA_IDADE__IDADE_50_A_59 + CATEGORIA_FILHOS__SEM_FILHOS + SITUACAO_FAMILIAR__CASADO_OU_UNIAO_CIVIL;FAIXA_CREDITO__CREDITO_ALTO + FAIXA_CREDITOS_ATIVOS__SEM_CREDITOS_ATIVOS;3;2;5;0.010000;0.07;0.95;-0;1;FAIXA_CREDITO__CREDITO_ALTO + FAIXA_IDADE__IDADE_50_A_59 + CATEGORIA_FILHOS__SEM_FILHOS + SITUACAO_FAMILIAR__CASADO_OU_UNIAO_CIVIL + FAIXA_CREDITOS_ATIVOS__SEM_CREDITOS_ATIVOS;100;0.010000
1177;FAIXA_CREDITO__CREDITO_MUITO_ALTO + FAIXA_CREDITOS_ATIVOS__TRES_OU_MAIS_CREDITOS_ATIVOS + FAIXA_TAXA_REJEICAO__REJEICAO_PREVIA_ACIMA_25_PCT;POSSE_CARRO__SEM_CARRO;3;1;4;0.010000;0.63;0.95;-0;0.9;FAIXA_CREDITO__CREDITO_MUITO_ALTO + POSSE_CARRO__SEM_CARRO + FAIXA_CREDITOS_ATIVOS__TRES_OU_MAIS_CREDITOS_ATIVOS + FAIXA_TAXA_REJEICAO__REJEICAO_PREVIA_ACIMA_25_PCT;100;0.010000
1178;FAIXA_CREDITO__CREDITO_ALTO + FAIXA_RENDA__RENDA_MEDIA + SITUACAO_FAMILIAR__CASADO_OU_UNIAO_CIVIL + FAIXA_CREDITOS_ATIVOS__UM_A_DOIS_CREDITOS_ATIVOS;POSSE_CARRO__SEM_CARRO;4;1;5;0.010000;0.63;0.95;-0;0.9;FAIXA_CREDITO__CREDITO_ALTO + FAIXA_RENDA__RENDA_MEDIA + POSSE_CARRO__SEM_CARRO + SITUACAO_FAMILIAR__CASADO_OU_UNIAO_CIVIL + FAIXA_CREDITOS_ATIVOS__UM_A_DOIS_CREDITOS_ATIVOS;100;0.010000
1179;POSSE_CARRO__SEM_CARRO;FAIXA_CREDITO__CREDITO_MUITO_ALTO + FAIXA_CREDITOS_ATIVOS__TRES_OU_MAIS_CREDITOS_ATIVOS + FAIXA_TAXA_REJEICAO__REJEICAO_PREVIA_ACIMA_25_PCT;1;3;4;0.010000;0.02;0.95;-0;1;FAIXA_CREDITO__CREDITO_MUITO_ALTO + POSSE_CARRO__SEM_CARRO + FAIXA_CREDITOS_ATIVOS__TRES_OU_MAIS_CREDITOS_ATIVOS + FAIXA_TAXA_REJEICAO__REJEICAO_PREVIA_ACIMA_25_PCT;100;0.010000
1180;POSSE_CARRO__SEM_CARRO;FAIXA_CREDITO__CREDITO_ALTO + FAIXA_RENDA__RENDA_MEDIA + SITUACAO_FAMILIAR__CASADO_OU_UNIAO_CIVIL + FAIXA_CREDITOS_ATIVOS__UM_A_DOIS_CREDITOS_ATIVOS;1;4;5;0.010000;0.02;0.95;-0;1;FAIXA_CREDITO__CREDITO_ALTO + FAIXA_RENDA__RENDA_MEDIA + POSSE_CARRO__SEM_CARRO + SITUACAO_FAMILIAR__CASADO_OU_UNIAO_CIVIL + FAIXA_CREDITOS_ATIVOS__UM_A_DOIS_CREDITOS_ATIVOS;100;0.010000
1181;FAIXA_CREDITO__CREDITO_MEDIO + FAIXA_CREDITOS_ATIVOS__UM_A_DOIS_CREDITOS_ATIVOS;FAIXA_IDADE__IDADE_50_A_59 + CATEGORIA_FILHOS__SEM_FILHOS + POSSE_CARRO__SEM_CARRO + FAIXA_TAXA_REJEICAO__SEM_REJEICAO_PREVIA;2;4;6;0.010000;0.09;0.95;-0;0.99;FAIXA_CREDITO__CREDITO_MEDIO + FAIXA_IDADE__IDADE_50_A_59 + CATEGORIA_FILHOS__SEM_FILHOS + POSSE_CARRO__SEM_CARRO + FAIXA_CREDITOS_ATIVOS__UM_A_DOIS_CREDITOS_ATIVOS + FAIXA_TAXA_REJEICAO__SEM_REJEICAO_PREVIA;100;0.010000
1182;FAIXA_IDADE__IDADE_50_A_59 + CATEGORIA_FILHOS__SEM_FILHOS + POSSE_CARRO__SEM_CARRO + FAIXA_TAXA_REJEICAO__SEM_REJEICAO_PREVIA;FAIXA_CREDITO__CREDITO_MEDIO + FAIXA_CREDITOS_ATIVOS__UM_A_DOIS_CREDITOS_ATIVOS;4;2;6;0.010000;0.1;0.95;-0;0.99;FAIXA_CREDITO__CREDITO_MEDIO + FAIXA_IDADE__IDADE_50_A_59 + CATEGORIA_FILHOS__SEM_FILHOS + POSSE_CARRO__SEM_CARRO + FAIXA_CREDITOS_ATIVOS__UM_A_DOIS_CREDITOS_ATIVOS + FAIXA_TAXA_REJEICAO__SEM_REJEICAO_PREVIA;100;0.010000
1183;FAIXA_RENDA__RENDA_BAIXA + POSSE_CARRO__SEM_CARRO + FAIXA_TAXA_REJEICAO__SEM_REJEICAO_PREVIA;FAIXA_IDADE__IDADE_21_A_29 + FAIXA_CREDITOS_ATIVOS__UM_A_DOIS_CREDITOS_ATIVOS;3;2;5;0.010000;0.05;0.95;-0;1;FAIXA_RENDA__RENDA_BAIXA + FAIXA_IDADE__IDADE_21_A_29 + POSSE_CARRO__SEM_CARRO + FAIXA_CREDITOS_ATIVOS__UM_A_DOIS_CREDITOS_ATIVOS + FAIXA_TAXA_REJEICAO__SEM_REJEICAO_PREVIA;100;0.010000
1184;FAIXA_IDADE__IDADE_21_A_29 + FAIXA_CREDITOS_ATIVOS__UM_A_DOIS_CREDITOS_ATIVOS;FAIXA_RENDA__RENDA_BAIXA + POSSE_CARRO__SEM_CARRO + FAIXA_TAXA_REJEICAO__SEM_REJEICAO_PREVIA;2;3;5;0.010000;0.17;0.95;-0;0.99;FAIXA_RENDA__RENDA_BAIXA + FAIXA_IDADE__IDADE_21_A_29 + POSSE_CARRO__SEM_CARRO + FAIXA_CREDITOS_ATIVOS__UM_A_DOIS_CREDITOS_ATIVOS + FAIXA_TAXA_REJEICAO__SEM_REJEICAO_PREVIA;100;0.010000
1185;FAIXA_TAXA_REJEICAO__REJEICAO_PREVIA_ATE_25_PCT;FAIXA_RENDA__RENDA_MUITO_ALTA + FAIXA_IDADE__IDADE_30_A_39;1;2;3;0.010000;0.07;0.95;-0;1;FAIXA_RENDA__RENDA_MUITO_ALTA + FAIXA_IDADE__IDADE_30_A_39 + FAIXA_TAXA_REJEICAO__REJEICAO_PREVIA_ATE_25_PCT;100;0.010000
1186;FAIXA_RENDA__RENDA_MUITO_ALTA + FAIXA_IDADE__IDADE_30_A_39;FAIXA_TAXA_REJEICAO__REJEICAO_PREVIA_ATE_25_PCT;2;1;3;0.010000;0.15;0.95;-0;0.99;FAIXA_RENDA__RENDA_MUITO_ALTA + FAIXA_IDADE__IDADE_30_A_39 + FAIXA_TAXA_REJEICAO__REJEICAO_PREVIA_ATE_25_PCT;100;0.010000
1187;CATEGORIA_FILHOS__SEM_FILHOS + POSSE_CARRO__SEM_CARRO + FAIXA_CREDITOS_ATIVOS__UM_A_DOIS_CREDITOS_ATIVOS;FAIXA_RENDA__RENDA_BAIXA + FAIXA_IDADE__IDADE_40_A_49 + FAIXA_TAXA_REJEICAO__SEM_REJEICAO_PREVIA;3;3;6;0.010000;0.05;0.95;-0;1;FAIXA_RENDA__RENDA_BAIXA + FAIXA_IDADE__IDADE_40_A_49 + CATEGORIA_FILHOS__SEM_FILHOS + POSSE_CARRO__SEM_CARRO + FAIXA_CREDITOS_ATIVOS__UM_A_DOIS_CREDITOS_ATIVOS + FAIXA_TAXA_REJEICAO__SEM_REJEICAO_PREVIA;100;0.010000
1188;FAIXA_RENDA__RENDA_BAIXA + FAIXA_IDADE__IDADE_40_A_49 + FAIXA_TAXA_REJEICAO__SEM_REJEICAO_PREVIA;CATEGORIA_FILHOS__SEM_FILHOS + POSSE_CARRO__SEM_CARRO + FAIXA_CREDITOS_ATIVOS__UM_A_DOIS_CREDITOS_ATIVOS;3;3;6;0.010000;0.19;0.95;-0;0.99;FAIXA_RENDA__RENDA_BAIXA + FAIXA_IDADE__IDADE_40_A_49 + CATEGORIA_FILHOS__SEM_FILHOS + POSSE_CARRO__SEM_CARRO + FAIXA_CREDITOS_ATIVOS__UM_A_DOIS_CREDITOS_ATIVOS + FAIXA_TAXA_REJEICAO__SEM_REJEICAO_PREVIA;100;0.010000
1189;FAIXA_RENDA__RENDA_ALTA + FAIXA_IDADE__IDADE_30_A_39 + FAIXA_CREDITOS_ATIVOS__TRES_OU_MAIS_CREDITOS_ATIVOS;SITUACAO_FAMILIAR__CASADO_OU_UNIAO_CIVIL + FAIXA_TAXA_REJEICAO__SEM_REJEICAO_PREVIA;3;2;5;0.010000;0.47;0.95;-0;0.94;FAIXA_RENDA__RENDA_ALTA + FAIXA_IDADE__IDADE_30_A_39 + SITUACAO_FAMILIAR__CASADO_OU_UNIAO_CIVIL + FAIXA_CREDITOS_ATIVOS__TRES_OU_MAIS_CREDITOS_ATIVOS + FAIXA_TAXA_REJEICAO__SEM_REJEICAO_PREVIA;100;0.010000
1190;SITUACAO_FAMILIAR__CASADO_OU_UNIAO_CIVIL + FAIXA_TAXA_REJEICAO__SEM_REJEICAO_PREVIA;FAIXA_RENDA__RENDA_ALTA + FAIXA_IDADE__IDADE_30_A_39 + FAIXA_CREDITOS_ATIVOS__TRES_OU_MAIS_CREDITOS_ATIVOS;2;3;5;0.010000;0.02;0.95;-0;1;FAIXA_RENDA__RENDA_ALTA + FAIXA_IDADE__IDADE_30_A_39 + SITUACAO_FAMILIAR__CASADO_OU_UNIAO_CIVIL + FAIXA_CREDITOS_ATIVOS__TRES_OU_MAIS_CREDITOS_ATIVOS + FAIXA_TAXA_REJEICAO__SEM_REJEICAO_PREVIA;100;0.010000
1191;FAIXA_IDADE__IDADE_30_A_39 + SITUACAO_FAMILIAR__CASADO_OU_UNIAO_CIVIL;FAIXA_RENDA__RENDA_BAIXA + FAIXA_TAXA_REJEICAO__REJEICAO_PREVIA_ACIMA_25_PCT;2;2;4;0.010000;0.05;0.95;-0;1;FAIXA_RENDA__RENDA_BAIXA + FAIXA_IDADE__IDADE_30_A_39 + SITUACAO_FAMILIAR__CASADO_OU_UNIAO_CIVIL + FAIXA_TAXA_REJEICAO__REJEICAO_PREVIA_ACIMA_25_PCT;100;0.010000
1192;FAIXA_RENDA__RENDA_BAIXA + FAIXA_TAXA_REJEICAO__REJEICAO_PREVIA_ACIMA_25_PCT;FAIXA_IDADE__IDADE_30_A_39 + SITUACAO_FAMILIAR__CASADO_OU_UNIAO_CIVIL;2;2;4;0.010000;0.2;0.95;-0;0.98;FAIXA_RENDA__RENDA_BAIXA + FAIXA_IDADE__IDADE_30_A_39 + SITUACAO_FAMILIAR__CASADO_OU_UNIAO_CIVIL + FAIXA_TAXA_REJEICAO__REJEICAO_PREVIA_ACIMA_25_PCT;100;0.010000
1193;CATEGORIA_FILHOS__SEM_FILHOS + FAIXA_CREDITOS_ATIVOS__UM_A_DOIS_CREDITOS_ATIVOS;FAIXA_RENDA__RENDA_MUITO_ALTA + FAIXA_IDADE__IDADE_40_A_49 + SITUACAO_FAMILIAR__CASADO_OU_UNIAO_CIVIL + FAIXA_TAXA_REJEICAO__SEM_REJEICAO_PREVIA;2;4;6;0.010000;0.03;0.95;-0;1;FAIXA_RENDA__RENDA_MUITO_ALTA + FAIXA_IDADE__IDADE_40_A_49 + CATEGORIA_FILHOS__SEM_FILHOS + SITUACAO_FAMILIAR__CASADO_OU_UNIAO_CIVIL + FAIXA_CREDITOS_ATIVOS__UM_A_DOIS_CREDITOS_ATIVOS + FAIXA_TAXA_REJEICAO__SEM_REJEICAO_PREVIA;100;0.010000
1194;FAIXA_RENDA__RENDA_MUITO_ALTA + FAIXA_IDADE__IDADE_40_A_49 + SITUACAO_FAMILIAR__CASADO_OU_UNIAO_CIVIL + FAIXA_TAXA_REJEICAO__SEM_REJEICAO_PREVIA;CATEGORIA_FILHOS__SEM_FILHOS + FAIXA_CREDITOS_ATIVOS__UM_A_DOIS_CREDITOS_ATIVOS;4;2;6;0.010000;0.28;0.95;-0;0.97;FAIXA_RENDA__RENDA_MUITO_ALTA + FAIXA_IDADE__IDADE_40_A_49 + CATEGORIA_FILHOS__SEM_FILHOS + SITUACAO_FAMILIAR__CASADO_OU_UNIAO_CIVIL + FAIXA_CREDITOS_ATIVOS__UM_A_DOIS_CREDITOS_ATIVOS + FAIXA_TAXA_REJEICAO__SEM_REJEICAO_PREVIA;100;0.010000
1197;FAIXA_CREDITOS_ATIVOS__UM_A_DOIS_CREDITOS_ATIVOS;FAIXA_IDADE__IDADE_60_OU_MAIS + CATEGORIA_FILHOS__SEM_FILHOS + POSSE_CARRO__SEM_CARRO + SITUACAO_FAMILIAR__SEPARADO_VIUVO_OU_NAO_INFORMADO + FAIXA_TAXA_REJEICAO__SEM_REJEICAO_PREVIA;1;5;6;0.010000;0.02;0.95;-0;1;FAIXA_IDADE__IDADE_60_OU_MAIS + CATEGORIA_FILHOS__SEM_FILHOS + POSSE_CARRO__SEM_CARRO + SITUACAO_FAMILIAR__SEPARADO_VIUVO_OU_NAO_INFORMADO + FAIXA_CREDITOS_ATIVOS__UM_A_DOIS_CREDITOS_ATIVOS + FAIXA_TAXA_REJEICAO__SEM_REJEICAO_PREVIA;100;0.010000
1198;FAIXA_IDADE__IDADE_60_OU_MAIS + CATEGORIA_FILHOS__SEM_FILHOS + POSSE_CARRO__SEM_CARRO + SITUACAO_FAMILIAR__SEPARADO_VIUVO_OU_NAO_INFORMADO + FAIXA_TAXA_REJEICAO__SEM_REJEICAO_PREVIA;FAIXA_CREDITOS_ATIVOS__UM_A_DOIS_CREDITOS_ATIVOS;5;1;6;0.010000;0.41;0.95;-0;0.95;FAIXA_IDADE__IDADE_60_OU_MAIS + CATEGORIA_FILHOS__SEM_FILHOS + POSSE_CARRO__SEM_CARRO + SITUACAO_FAMILIAR__SEPARADO_VIUVO_OU_NAO_INFORMADO + FAIXA_CREDITOS_ATIVOS__UM_A_DOIS_CREDITOS_ATIVOS + FAIXA_TAXA_REJEICAO__SEM_REJEICAO_PREVIA;100;0.010000
1199;FAIXA_CREDITO__CREDITO_MEDIO;CATEGORIA_FILHOS__DOIS_OU_MAIS_FILHOS + SITUACAO_FAMILIAR__CASADO_OU_UNIAO_CIVIL + FAIXA_CREDITOS_ATIVOS__UM_A_DOIS_CREDITOS_ATIVOS;1;3;4;0.010000;0.04;0.95;-0;1;FAIXA_CREDITO__CREDITO_MEDIO + CATEGORIA_FILHOS__DOIS_OU_MAIS_FILHOS + SITUACAO_FAMILIAR__CASADO_OU_UNIAO_CIVIL + FAIXA_CREDITOS_ATIVOS__UM_A_DOIS_CREDITOS_ATIVOS;100;0.010000
1200;CATEGORIA_FILHOS__DOIS_OU_MAIS_FILHOS + SITUACAO_FAMILIAR__CASADO_OU_UNIAO_CIVIL + FAIXA_CREDITOS_ATIVOS__UM_A_DOIS_CREDITOS_ATIVOS;FAIXA_CREDITO__CREDITO_MEDIO;3;1;4;0.010000;0.23;0.95;-0;0.98;FAIXA_CREDITO__CREDITO_MEDIO + CATEGORIA_FILHOS__DOIS_OU_MAIS_FILHOS + SITUACAO_FAMILIAR__CASADO_OU_UNIAO_CIVIL + FAIXA_CREDITOS_ATIVOS__UM_A_DOIS_CREDITOS_ATIVOS;100;0.010000
1201;FAIXA_CREDITO__CREDITO_MEDIO;FAIXA_RENDA__RENDA_BAIXA + FAIXA_IDADE__IDADE_60_OU_MAIS + POSSE_CARRO__SEM_CARRO + FAIXA_TAXA_REJEICAO__SEM_REJEICAO_PREVIA;1;4;5;0.010000;0.04;0.95;-0;1;FAIXA_CREDITO__CREDITO_MEDIO + FAIXA_RENDA__RENDA_BAIXA + FAIXA_IDADE__IDADE_60_OU_MAIS + POSSE_CARRO__SEM_CARRO + FAIXA_TAXA_REJEICAO__SEM_REJEICAO_PREVIA;100;0.010000
1202;FAIXA_RENDA__RENDA_BAIXA + FAIXA_IDADE__IDADE_60_OU_MAIS + POSSE_CARRO__SEM_CARRO + FAIXA_TAXA_REJEICAO__SEM_REJEICAO_PREVIA;FAIXA_CREDITO__CREDITO_MEDIO;4;1;5;0.010000;0.23;0.95;-0;0.98;FAIXA_CREDITO__CREDITO_MEDIO + FAIXA_RENDA__RENDA_BAIXA + FAIXA_IDADE__IDADE_60_OU_MAIS + POSSE_CARRO__SEM_CARRO + FAIXA_TAXA_REJEICAO__SEM_REJEICAO_PREVIA;100;0.010000
1203;FAIXA_IDADE__IDADE_50_A_59 + CATEGORIA_FILHOS__SEM_FILHOS + POSSE_CARRO__SEM_CARRO;FAIXA_CREDITO__CREDITO_ALTO + FAIXA_RENDA__RENDA_ALTA;3;2;5;0.010000;0.07;0.95;-0;0.99;FAIXA_CREDITO__CREDITO_ALTO + FAIXA_RENDA__RENDA_ALTA + FAIXA_IDADE__IDADE_50_A_59 + CATEGORIA_FILHOS__SEM_FILHOS + POSSE_CARRO__SEM_CARRO;100;0.010000
1204;FAIXA_CREDITO__CREDITO_ALTO + FAIXA_RENDA__RENDA_ALTA;FAIXA_IDADE__IDADE_50_A_59 + CATEGORIA_FILHOS__SEM_FILHOS + POSSE_CARRO__SEM_CARRO;2;3;5;0.010000;0.14;0.95;-0;0.99;FAIXA_CREDITO__CREDITO_ALTO + FAIXA_RENDA__RENDA_ALTA + FAIXA_IDADE__IDADE_50_A_59 + CATEGORIA_FILHOS__SEM_FILHOS + POSSE_CARRO__SEM_CARRO;100;0.010000
1205;FAIXA_RENDA__RENDA_ALTA + SITUACAO_FAMILIAR__CASADO_OU_UNIAO_CIVIL + FAIXA_CREDITOS_ATIVOS__TRES_OU_MAIS_CREDITOS_ATIVOS;FAIXA_IDADE__IDADE_30_A_39 + FAIXA_TAXA_REJEICAO__SEM_REJEICAO_PREVIA;3;2;5;0.010000;0.17;0.94;-0;0.99;FAIXA_RENDA__RENDA_ALTA + FAIXA_IDADE__IDADE_30_A_39 + SITUACAO_FAMILIAR__CASADO_OU_UNIAO_CIVIL + FAIXA_CREDITOS_ATIVOS__TRES_OU_MAIS_CREDITOS_ATIVOS + FAIXA_TAXA_REJEICAO__SEM_REJEICAO_PREVIA;100;0.010000
1206;FAIXA_IDADE__IDADE_30_A_39 + FAIXA_TAXA_REJEICAO__SEM_REJEICAO_PREVIA;FAIXA_RENDA__RENDA_ALTA + SITUACAO_FAMILIAR__CASADO_OU_UNIAO_CIVIL + FAIXA_CREDITOS_ATIVOS__TRES_OU_MAIS_CREDITOS_ATIVOS;2;3;5;0.010000;0.06;0.94;-0;1;FAIXA_RENDA__RENDA_ALTA + FAIXA_IDADE__IDADE_30_A_39 + SITUACAO_FAMILIAR__CASADO_OU_UNIAO_CIVIL + FAIXA_CREDITOS_ATIVOS__TRES_OU_MAIS_CREDITOS_ATIVOS + FAIXA_TAXA_REJEICAO__SEM_REJEICAO_PREVIA;100;0.010000
1207;FAIXA_CREDITO__CREDITO_MUITO_ALTO + FAIXA_IDADE__IDADE_30_A_39 + CATEGORIA_FILHOS__SEM_FILHOS + POSSE_CARRO__SEM_CARRO;SITUACAO_FAMILIAR__CASADO_OU_UNIAO_CIVIL;4;1;5;0.010000;0.69;0.94;-0;0.85;FAIXA_CREDITO__CREDITO_MUITO_ALTO + FAIXA_IDADE__IDADE_30_A_39 + CATEGORIA_FILHOS__SEM_FILHOS + POSSE_CARRO__SEM_CARRO + SITUACAO_FAMILIAR__CASADO_OU_UNIAO_CIVIL;100;0.010000
1208;SITUACAO_FAMILIAR__CASADO_OU_UNIAO_CIVIL;FAIXA_CREDITO__CREDITO_MUITO_ALTO + FAIXA_IDADE__IDADE_30_A_39 + CATEGORIA_FILHOS__SEM_FILHOS + POSSE_CARRO__SEM_CARRO;1;4;5;0.010000;0.01;0.94;-0;1;FAIXA_CREDITO__CREDITO_MUITO_ALTO + FAIXA_IDADE__IDADE_30_A_39 + CATEGORIA_FILHOS__SEM_FILHOS + POSSE_CARRO__SEM_CARRO + SITUACAO_FAMILIAR__CASADO_OU_UNIAO_CIVIL;100;0.010000
1209;FAIXA_CREDITO__CREDITO_ALTO;FAIXA_IDADE__IDADE_30_A_39 + POSSE_CARRO__SEM_CARRO + FAIXA_CREDITOS_ATIVOS__TRES_OU_MAIS_CREDITOS_ATIVOS;1;3;4;0.010000;0.04;0.94;-0;1;FAIXA_CREDITO__CREDITO_ALTO + FAIXA_IDADE__IDADE_30_A_39 + POSSE_CARRO__SEM_CARRO + FAIXA_CREDITOS_ATIVOS__TRES_OU_MAIS_CREDITOS_ATIVOS;100;0.010000
1210;FAIXA_IDADE__IDADE_30_A_39 + POSSE_CARRO__SEM_CARRO + FAIXA_CREDITOS_ATIVOS__TRES_OU_MAIS_CREDITOS_ATIVOS;FAIXA_CREDITO__CREDITO_ALTO;3;1;4;0.010000;0.24;0.94;-0;0.98;FAIXA_CREDITO__CREDITO_ALTO + FAIXA_IDADE__IDADE_30_A_39 + POSSE_CARRO__SEM_CARRO + FAIXA_CREDITOS_ATIVOS__TRES_OU_MAIS_CREDITOS_ATIVOS;100;0.010000
1211;FAIXA_IDADE__IDADE_50_A_59 + SITUACAO_FAMILIAR__CASADO_OU_UNIAO_CIVIL + FAIXA_TAXA_REJEICAO__SEM_REJEICAO_PREVIA;FAIXA_RENDA__RENDA_ALTA + POSSE_CARRO__COM_CARRO;3;2;5;0.010000;0.09;0.94;-0;0.99;FAIXA_RENDA__RENDA_ALTA + FAIXA_IDADE__IDADE_50_A_59 + POSSE_CARRO__COM_CARRO + SITUACAO_FAMILIAR__CASADO_OU_UNIAO_CIVIL + FAIXA_TAXA_REJEICAO__SEM_REJEICAO_PREVIA;100;0.010000
1212;FAIXA_RENDA__RENDA_ALTA + POSSE_CARRO__COM_CARRO;FAIXA_IDADE__IDADE_50_A_59 + SITUACAO_FAMILIAR__CASADO_OU_UNIAO_CIVIL + FAIXA_TAXA_REJEICAO__SEM_REJEICAO_PREVIA;2;3;5;0.010000;0.1;0.94;-0;0.99;FAIXA_RENDA__RENDA_ALTA + FAIXA_IDADE__IDADE_50_A_59 + POSSE_CARRO__COM_CARRO + SITUACAO_FAMILIAR__CASADO_OU_UNIAO_CIVIL + FAIXA_TAXA_REJEICAO__SEM_REJEICAO_PREVIA;100;0.010000
1213;CATEGORIA_FILHOS__SEM_FILHOS + FAIXA_TAXA_REJEICAO__SEM_REJEICAO_PREVIA;FAIXA_RENDA__RENDA_BAIXA + FAIXA_IDADE__IDADE_40_A_49 + POSSE_CARRO__SEM_CARRO + FAIXA_CREDITOS_ATIVOS__UM_A_DOIS_CREDITOS_ATIVOS;2;4;6;0.010000;0.02;0.94;-0;1;FAIXA_RENDA__RENDA_BAIXA + FAIXA_IDADE__IDADE_40_A_49 + CATEGORIA_FILHOS__SEM_FILHOS + POSSE_CARRO__SEM_CARRO + FAIXA_CREDITOS_ATIVOS__UM_A_DOIS_CREDITOS_ATIVOS + FAIXA_TAXA_REJEICAO__SEM_REJEICAO_PREVIA;100;0.010000
1214;FAIXA_RENDA__RENDA_BAIXA + FAIXA_IDADE__IDADE_40_A_49 + POSSE_CARRO__SEM_CARRO + FAIXA_CREDITOS_ATIVOS__UM_A_DOIS_CREDITOS_ATIVOS;CATEGORIA_FILHOS__SEM_FILHOS + FAIXA_TAXA_REJEICAO__SEM_REJEICAO_PREVIA;4;2;6;0.010000;0.44;0.94;-0;0.94;FAIXA_RENDA__RENDA_BAIXA + FAIXA_IDADE__IDADE_40_A_49 + CATEGORIA_FILHOS__SEM_FILHOS + POSSE_CARRO__SEM_CARRO + FAIXA_CREDITOS_ATIVOS__UM_A_DOIS_CREDITOS_ATIVOS + FAIXA_TAXA_REJEICAO__SEM_REJEICAO_PREVIA;100;0.010000
1215;FAIXA_CREDITO__CREDITO_MUITO_ALTO + FAIXA_IDADE__IDADE_30_A_39;POSSE_CARRO__SEM_CARRO + FAIXA_CREDITOS_ATIVOS__TRES_OU_MAIS_CREDITOS_ATIVOS;2;2;4;0.010000;0.16;0.94;-0;0.99;FAIXA_CREDITO__CREDITO_MUITO_ALTO + FAIXA_IDADE__IDADE_30_A_39 + POSSE_CARRO__SEM_CARRO + FAIXA_CREDITOS_ATIVOS__TRES_OU_MAIS_CREDITOS_ATIVOS;100;0.010000
1216;POSSE_CARRO__SEM_CARRO + FAIXA_CREDITOS_ATIVOS__TRES_OU_MAIS_CREDITOS_ATIVOS;FAIXA_CREDITO__CREDITO_MUITO_ALTO + FAIXA_IDADE__IDADE_30_A_39;2;2;4;0.010000;0.06;0.94;-0;1;FAIXA_CREDITO__CREDITO_MUITO_ALTO + FAIXA_IDADE__IDADE_30_A_39 + POSSE_CARRO__SEM_CARRO + FAIXA_CREDITOS_ATIVOS__TRES_OU_MAIS_CREDITOS_ATIVOS;100;0.010000
1217;FAIXA_RENDA__RENDA_MUITO_ALTA + FAIXA_TAXA_REJEICAO__SEM_REJEICAO_PREVIA;FAIXA_CREDITO__CREDITO_ALTO + POSSE_CARRO__SEM_CARRO + FAIXA_CREDITOS_ATIVOS__UM_A_DOIS_CREDITOS_ATIVOS;2;3;5;0.010000;0.07;0.94;-0;0.99;FAIXA_CREDITO__CREDITO_ALTO + FAIXA_RENDA__RENDA_MUITO_ALTA + POSSE_CARRO__SEM_CARRO + FAIXA_CREDITOS_ATIVOS__UM_A_DOIS_CREDITOS_ATIVOS + FAIXA_TAXA_REJEICAO__SEM_REJEICAO_PREVIA;100;0.010000
1218;FAIXA_CREDITO__CREDITO_ALTO + POSSE_CARRO__SEM_CARRO + FAIXA_CREDITOS_ATIVOS__UM_A_DOIS_CREDITOS_ATIVOS;FAIXA_RENDA__RENDA_MUITO_ALTA + FAIXA_TAXA_REJEICAO__SEM_REJEICAO_PREVIA;3;2;5;0.010000;0.14;0.94;-0;0.99;FAIXA_CREDITO__CREDITO_ALTO + FAIXA_RENDA__RENDA_MUITO_ALTA + POSSE_CARRO__SEM_CARRO + FAIXA_CREDITOS_ATIVOS__UM_A_DOIS_CREDITOS_ATIVOS + FAIXA_TAXA_REJEICAO__SEM_REJEICAO_PREVIA;100;0.010000
1219;FAIXA_CREDITO__CREDITO_ALTO;FAIXA_IDADE__IDADE_50_A_59 + CATEGORIA_FILHOS__SEM_FILHOS + SITUACAO_FAMILIAR__CASADO_OU_UNIAO_CIVIL + FAIXA_CREDITOS_ATIVOS__SEM_CREDITOS_ATIVOS;1;4;5;0.010000;0.04;0.93;-0;1;FAIXA_CREDITO__CREDITO_ALTO + FAIXA_IDADE__IDADE_50_A_59 + CATEGORIA_FILHOS__SEM_FILHOS + SITUACAO_FAMILIAR__CASADO_OU_UNIAO_CIVIL + FAIXA_CREDITOS_ATIVOS__SEM_CREDITOS_ATIVOS;100;0.010000
1220;FAIXA_IDADE__IDADE_50_A_59 + CATEGORIA_FILHOS__SEM_FILHOS + SITUACAO_FAMILIAR__CASADO_OU_UNIAO_CIVIL + FAIXA_CREDITOS_ATIVOS__SEM_CREDITOS_ATIVOS;FAIXA_CREDITO__CREDITO_ALTO;4;1;5;0.010000;0.23;0.93;-0;0.97;FAIXA_CREDITO__CREDITO_ALTO + FAIXA_IDADE__IDADE_50_A_59 + CATEGORIA_FILHOS__SEM_FILHOS + SITUACAO_FAMILIAR__CASADO_OU_UNIAO_CIVIL + FAIXA_CREDITOS_ATIVOS__SEM_CREDITOS_ATIVOS;100;0.010000
1221;FAIXA_RENDA__RENDA_BAIXA + FAIXA_IDADE__IDADE_21_A_29 + POSSE_CARRO__SEM_CARRO + FAIXA_CREDITOS_ATIVOS__UM_A_DOIS_CREDITOS_ATIVOS;FAIXA_TAXA_REJEICAO__SEM_REJEICAO_PREVIA;4;1;5;0.010000;0.63;0.93;-0;0.86;FAIXA_RENDA__RENDA_BAIXA + FAIXA_IDADE__IDADE_21_A_29 + POSSE_CARRO__SEM_CARRO + FAIXA_CREDITOS_ATIVOS__UM_A_DOIS_CREDITOS_ATIVOS + FAIXA_TAXA_REJEICAO__SEM_REJEICAO_PREVIA;100;0.010000
1222;FAIXA_TAXA_REJEICAO__SEM_REJEICAO_PREVIA;FAIXA_RENDA__RENDA_BAIXA + FAIXA_IDADE__IDADE_21_A_29 + POSSE_CARRO__SEM_CARRO + FAIXA_CREDITOS_ATIVOS__UM_A_DOIS_CREDITOS_ATIVOS;1;4;5;0.010000;0.01;0.93;-0;1;FAIXA_RENDA__RENDA_BAIXA + FAIXA_IDADE__IDADE_21_A_29 + POSSE_CARRO__SEM_CARRO + FAIXA_CREDITOS_ATIVOS__UM_A_DOIS_CREDITOS_ATIVOS + FAIXA_TAXA_REJEICAO__SEM_REJEICAO_PREVIA;100;0.010000
1223;FAIXA_CREDITOS_ATIVOS__UM_A_DOIS_CREDITOS_ATIVOS;FAIXA_IDADE__IDADE_60_OU_MAIS + FAIXA_TAXA_REJEICAO__REJEICAO_PREVIA_ATE_25_PCT;1;2;3;0.010000;0.02;0.93;-0;1;FAIXA_IDADE__IDADE_60_OU_MAIS + FAIXA_CREDITOS_ATIVOS__UM_A_DOIS_CREDITOS_ATIVOS + FAIXA_TAXA_REJEICAO__REJEICAO_PREVIA_ATE_25_PCT;100;0.010000
1224;FAIXA_IDADE__IDADE_60_OU_MAIS + FAIXA_TAXA_REJEICAO__REJEICAO_PREVIA_ATE_25_PCT;FAIXA_CREDITOS_ATIVOS__UM_A_DOIS_CREDITOS_ATIVOS;2;1;3;0.010000;0.4;0.93;-0;0.94;FAIXA_IDADE__IDADE_60_OU_MAIS + FAIXA_CREDITOS_ATIVOS__UM_A_DOIS_CREDITOS_ATIVOS + FAIXA_TAXA_REJEICAO__REJEICAO_PREVIA_ATE_25_PCT;100;0.010000
1225;FAIXA_RENDA__RENDA_MEDIA + FAIXA_IDADE__IDADE_21_A_29;CATEGORIA_FILHOS__SEM_FILHOS + POSSE_CARRO__SEM_CARRO;2;2;4;0.010000;0.45;0.93;-0;0.93;FAIXA_RENDA__RENDA_MEDIA + FAIXA_IDADE__IDADE_21_A_29 + CATEGORIA_FILHOS__SEM_FILHOS + POSSE_CARRO__SEM_CARRO;100;0.010000
1226;CATEGORIA_FILHOS__SEM_FILHOS + POSSE_CARRO__SEM_CARRO;FAIXA_RENDA__RENDA_MEDIA + FAIXA_IDADE__IDADE_21_A_29;2;2;4;0.010000;0.02;0.93;-0;1;FAIXA_RENDA__RENDA_MEDIA + FAIXA_IDADE__IDADE_21_A_29 + CATEGORIA_FILHOS__SEM_FILHOS + POSSE_CARRO__SEM_CARRO;100;0.010000
1227;FAIXA_CREDITO__CREDITO_BAIXO + FAIXA_RENDA__RENDA_BAIXA;FAIXA_IDADE__IDADE_40_A_49 + POSSE_CARRO__SEM_CARRO + SITUACAO_FAMILIAR__CASADO_OU_UNIAO_CIVIL + FAIXA_TAXA_REJEICAO__SEM_REJEICAO_PREVIA;2;4;6;0.010000;0.07;0.92;-0;0.99;FAIXA_CREDITO__CREDITO_BAIXO + FAIXA_RENDA__RENDA_BAIXA + FAIXA_IDADE__IDADE_40_A_49 + POSSE_CARRO__SEM_CARRO + SITUACAO_FAMILIAR__CASADO_OU_UNIAO_CIVIL + FAIXA_TAXA_REJEICAO__SEM_REJEICAO_PREVIA;100;0.010000
1228;FAIXA_IDADE__IDADE_40_A_49 + POSSE_CARRO__SEM_CARRO + SITUACAO_FAMILIAR__CASADO_OU_UNIAO_CIVIL + FAIXA_TAXA_REJEICAO__SEM_REJEICAO_PREVIA;FAIXA_CREDITO__CREDITO_BAIXO + FAIXA_RENDA__RENDA_BAIXA;4;2;6;0.010000;0.13;0.92;-0;0.99;FAIXA_CREDITO__CREDITO_BAIXO + FAIXA_RENDA__RENDA_BAIXA + FAIXA_IDADE__IDADE_40_A_49 + POSSE_CARRO__SEM_CARRO + SITUACAO_FAMILIAR__CASADO_OU_UNIAO_CIVIL + FAIXA_TAXA_REJEICAO__SEM_REJEICAO_PREVIA;100;0.010000
1229;FAIXA_RENDA__RENDA_BAIXA + CATEGORIA_FILHOS__SEM_FILHOS;FAIXA_IDADE__IDADE_40_A_49 + POSSE_CARRO__SEM_CARRO + FAIXA_CREDITOS_ATIVOS__UM_A_DOIS_CREDITOS_ATIVOS + FAIXA_TAXA_REJEICAO__SEM_REJEICAO_PREVIA;2;4;6;0.010000;0.04;0.92;-0;1;FAIXA_RENDA__RENDA_BAIXA + FAIXA_IDADE__IDADE_40_A_49 + CATEGORIA_FILHOS__SEM_FILHOS + POSSE_CARRO__SEM_CARRO + FAIXA_CREDITOS_ATIVOS__UM_A_DOIS_CREDITOS_ATIVOS + FAIXA_TAXA_REJEICAO__SEM_REJEICAO_PREVIA;100;0.010000
1230;FAIXA_IDADE__IDADE_40_A_49 + POSSE_CARRO__SEM_CARRO + FAIXA_CREDITOS_ATIVOS__UM_A_DOIS_CREDITOS_ATIVOS + FAIXA_TAXA_REJEICAO__SEM_REJEICAO_PREVIA;FAIXA_RENDA__RENDA_BAIXA + CATEGORIA_FILHOS__SEM_FILHOS;4;2;6;0.010000;0.22;0.92;-0;0.97;FAIXA_RENDA__RENDA_BAIXA + FAIXA_IDADE__IDADE_40_A_49 + CATEGORIA_FILHOS__SEM_FILHOS + POSSE_CARRO__SEM_CARRO + FAIXA_CREDITOS_ATIVOS__UM_A_DOIS_CREDITOS_ATIVOS + FAIXA_TAXA_REJEICAO__SEM_REJEICAO_PREVIA;100;0.010000
1231;CATEGORIA_FILHOS__SEM_FILHOS + POSSE_CARRO__SEM_CARRO;FAIXA_CREDITO__CREDITO_BAIXO + FAIXA_RENDA__RENDA_BAIXA + FAIXA_IDADE__IDADE_21_A_29;2;3;5;0.010000;0.02;0.92;-0;1;FAIXA_CREDITO__CREDITO_BAIXO + FAIXA_RENDA__RENDA_BAIXA + FAIXA_IDADE__IDADE_21_A_29 + CATEGORIA_FILHOS__SEM_FILHOS + POSSE_CARRO__SEM_CARRO;100;0.010000
1232;FAIXA_CREDITO__CREDITO_BAIXO + FAIXA_RENDA__RENDA_BAIXA + FAIXA_IDADE__IDADE_21_A_29;CATEGORIA_FILHOS__SEM_FILHOS + POSSE_CARRO__SEM_CARRO;3;2;5;0.010000;0.44;0.92;-0;0.93;FAIXA_CREDITO__CREDITO_BAIXO + FAIXA_RENDA__RENDA_BAIXA + FAIXA_IDADE__IDADE_21_A_29 + CATEGORIA_FILHOS__SEM_FILHOS + POSSE_CARRO__SEM_CARRO;100;0.010000
1233;FAIXA_IDADE__IDADE_30_A_39 + SITUACAO_FAMILIAR__CASADO_OU_UNIAO_CIVIL + FAIXA_TAXA_REJEICAO__SEM_REJEICAO_PREVIA;FAIXA_RENDA__RENDA_ALTA + FAIXA_CREDITOS_ATIVOS__TRES_OU_MAIS_CREDITOS_ATIVOS;3;2;5;0.010000;0.07;0.92;-0;0.99;FAIXA_RENDA__RENDA_ALTA + FAIXA_IDADE__IDADE_30_A_39 + SITUACAO_FAMILIAR__CASADO_OU_UNIAO_CIVIL + FAIXA_CREDITOS_ATIVOS__TRES_OU_MAIS_CREDITOS_ATIVOS + FAIXA_TAXA_REJEICAO__SEM_REJEICAO_PREVIA;100;0.010000
1234;FAIXA_RENDA__RENDA_ALTA + FAIXA_CREDITOS_ATIVOS__TRES_OU_MAIS_CREDITOS_ATIVOS;FAIXA_IDADE__IDADE_30_A_39 + SITUACAO_FAMILIAR__CASADO_OU_UNIAO_CIVIL + FAIXA_TAXA_REJEICAO__SEM_REJEICAO_PREVIA;2;3;5;0.010000;0.13;0.92;-0;0.99;FAIXA_RENDA__RENDA_ALTA + FAIXA_IDADE__IDADE_30_A_39 + SITUACAO_FAMILIAR__CASADO_OU_UNIAO_CIVIL + FAIXA_CREDITOS_ATIVOS__TRES_OU_MAIS_CREDITOS_ATIVOS + FAIXA_TAXA_REJEICAO__SEM_REJEICAO_PREVIA;100;0.010000
1235;FAIXA_RENDA__RENDA_BAIXA + FAIXA_CREDITOS_ATIVOS__TRES_OU_MAIS_CREDITOS_ATIVOS;FAIXA_IDADE__IDADE_30_A_39 + FAIXA_TAXA_REJEICAO__SEM_REJEICAO_PREVIA;2;2;4;0.010000;0.16;0.92;-0;0.98;FAIXA_RENDA__RENDA_BAIXA + FAIXA_IDADE__IDADE_30_A_39 + FAIXA_CREDITOS_ATIVOS__TRES_OU_MAIS_CREDITOS_ATIVOS + FAIXA_TAXA_REJEICAO__SEM_REJEICAO_PREVIA;100;0.010000
1236;FAIXA_IDADE__IDADE_30_A_39 + FAIXA_TAXA_REJEICAO__SEM_REJEICAO_PREVIA;FAIXA_RENDA__RENDA_BAIXA + FAIXA_CREDITOS_ATIVOS__TRES_OU_MAIS_CREDITOS_ATIVOS;2;2;4;0.010000;0.06;0.92;-0;0.99;FAIXA_RENDA__RENDA_BAIXA + FAIXA_IDADE__IDADE_30_A_39 + FAIXA_CREDITOS_ATIVOS__TRES_OU_MAIS_CREDITOS_ATIVOS + FAIXA_TAXA_REJEICAO__SEM_REJEICAO_PREVIA;100;0.010000
1237;FAIXA_IDADE__IDADE_60_OU_MAIS + CATEGORIA_FILHOS__SEM_FILHOS + POSSE_CARRO__SEM_CARRO + SITUACAO_FAMILIAR__SEPARADO_VIUVO_OU_NAO_INFORMADO;FAIXA_CREDITOS_ATIVOS__UM_A_DOIS_CREDITOS_ATIVOS + FAIXA_TAXA_REJEICAO__SEM_REJEICAO_PREVIA;4;2;6;0.010000;0.28;0.92;-0;0.96;FAIXA_IDADE__IDADE_60_OU_MAIS + CATEGORIA_FILHOS__SEM_FILHOS + POSSE_CARRO__SEM_CARRO + SITUACAO_FAMILIAR__SEPARADO_VIUVO_OU_NAO_INFORMADO + FAIXA_CREDITOS_ATIVOS__UM_A_DOIS_CREDITOS_ATIVOS + FAIXA_TAXA_REJEICAO__SEM_REJEICAO_PREVIA;100;0.010000
1238;FAIXA_CREDITOS_ATIVOS__UM_A_DOIS_CREDITOS_ATIVOS + FAIXA_TAXA_REJEICAO__SEM_REJEICAO_PREVIA;FAIXA_IDADE__IDADE_60_OU_MAIS + CATEGORIA_FILHOS__SEM_FILHOS + POSSE_CARRO__SEM_CARRO + SITUACAO_FAMILIAR__SEPARADO_VIUVO_OU_NAO_INFORMADO;2;4;6;0.010000;0.03;0.92;-0;1;FAIXA_IDADE__IDADE_60_OU_MAIS + CATEGORIA_FILHOS__SEM_FILHOS + POSSE_CARRO__SEM_CARRO + SITUACAO_FAMILIAR__SEPARADO_VIUVO_OU_NAO_INFORMADO + FAIXA_CREDITOS_ATIVOS__UM_A_DOIS_CREDITOS_ATIVOS + FAIXA_TAXA_REJEICAO__SEM_REJEICAO_PREVIA;100;0.010000
1239;FAIXA_IDADE__IDADE_30_A_39 + FAIXA_CREDITOS_ATIVOS__TRES_OU_MAIS_CREDITOS_ATIVOS;FAIXA_CREDITO__CREDITO_MUITO_ALTO + POSSE_CARRO__SEM_CARRO;2;2;4;0.010000;0.13;0.91;-0;0.98;FAIXA_CREDITO__CREDITO_MUITO_ALTO + FAIXA_IDADE__IDADE_30_A_39 + POSSE_CARRO__SEM_CARRO + FAIXA_CREDITOS_ATIVOS__TRES_OU_MAIS_CREDITOS_ATIVOS;100;0.010000
1240;FAIXA_CREDITO__CREDITO_MUITO_ALTO + POSSE_CARRO__SEM_CARRO;FAIXA_IDADE__IDADE_30_A_39 + FAIXA_CREDITOS_ATIVOS__TRES_OU_MAIS_CREDITOS_ATIVOS;2;2;4;0.010000;0.07;0.91;-0;0.99;FAIXA_CREDITO__CREDITO_MUITO_ALTO + FAIXA_IDADE__IDADE_30_A_39 + POSSE_CARRO__SEM_CARRO + FAIXA_CREDITOS_ATIVOS__TRES_OU_MAIS_CREDITOS_ATIVOS;100;0.010000
1241;FAIXA_CREDITO__CREDITO_ALTO + SITUACAO_FAMILIAR__CASADO_OU_UNIAO_CIVIL;FAIXA_IDADE__IDADE_50_A_59 + CATEGORIA_FILHOS__SEM_FILHOS + FAIXA_CREDITOS_ATIVOS__SEM_CREDITOS_ATIVOS;2;3;5;0.010000;0.05;0.91;-0;0.99;FAIXA_CREDITO__CREDITO_ALTO + FAIXA_IDADE__IDADE_50_A_59 + CATEGORIA_FILHOS__SEM_FILHOS + SITUACAO_FAMILIAR__CASADO_OU_UNIAO_CIVIL + FAIXA_CREDITOS_ATIVOS__SEM_CREDITOS_ATIVOS;100;0.010000
1242;FAIXA_IDADE__IDADE_50_A_59 + CATEGORIA_FILHOS__SEM_FILHOS + FAIXA_CREDITOS_ATIVOS__SEM_CREDITOS_ATIVOS;FAIXA_CREDITO__CREDITO_ALTO + SITUACAO_FAMILIAR__CASADO_OU_UNIAO_CIVIL;3;2;5;0.010000;0.17;0.91;-0;0.98;FAIXA_CREDITO__CREDITO_ALTO + FAIXA_IDADE__IDADE_50_A_59 + CATEGORIA_FILHOS__SEM_FILHOS + SITUACAO_FAMILIAR__CASADO_OU_UNIAO_CIVIL + FAIXA_CREDITOS_ATIVOS__SEM_CREDITOS_ATIVOS;100;0.010000
1243;POSSE_CARRO__COM_CARRO + SITUACAO_FAMILIAR__CASADO_OU_UNIAO_CIVIL + FAIXA_TAXA_REJEICAO__SEM_REJEICAO_PREVIA;FAIXA_RENDA__RENDA_BAIXA + CATEGORIA_FILHOS__UM_FILHO;3;2;5;0.010000;0.05;0.91;-0;0.99;FAIXA_RENDA__RENDA_BAIXA + CATEGORIA_FILHOS__UM_FILHO + POSSE_CARRO__COM_CARRO + SITUACAO_FAMILIAR__CASADO_OU_UNIAO_CIVIL + FAIXA_TAXA_REJEICAO__SEM_REJEICAO_PREVIA;100;0.010000
1244;FAIXA_RENDA__RENDA_BAIXA + CATEGORIA_FILHOS__UM_FILHO;POSSE_CARRO__COM_CARRO + SITUACAO_FAMILIAR__CASADO_OU_UNIAO_CIVIL + FAIXA_TAXA_REJEICAO__SEM_REJEICAO_PREVIA;2;3;5;0.010000;0.17;0.91;-0;0.98;FAIXA_RENDA__RENDA_BAIXA + CATEGORIA_FILHOS__UM_FILHO + POSSE_CARRO__COM_CARRO + SITUACAO_FAMILIAR__CASADO_OU_UNIAO_CIVIL + FAIXA_TAXA_REJEICAO__SEM_REJEICAO_PREVIA;100;0.010000
1247;CATEGORIA_FILHOS__SEM_FILHOS + POSSE_CARRO__SEM_CARRO;FAIXA_RENDA__RENDA_BAIXA + FAIXA_IDADE__IDADE_40_A_49 + FAIXA_CREDITOS_ATIVOS__UM_A_DOIS_CREDITOS_ATIVOS + FAIXA_TAXA_REJEICAO__SEM_REJEICAO_PREVIA;2;4;6;0.010000;0.02;0.91;-0;1;FAIXA_RENDA__RENDA_BAIXA + FAIXA_IDADE__IDADE_40_A_49 + CATEGORIA_FILHOS__SEM_FILHOS + POSSE_CARRO__SEM_CARRO + FAIXA_CREDITOS_ATIVOS__UM_A_DOIS_CREDITOS_ATIVOS + FAIXA_TAXA_REJEICAO__SEM_REJEICAO_PREVIA;100;0.010000
1248;FAIXA_RENDA__RENDA_BAIXA + FAIXA_IDADE__IDADE_40_A_49 + FAIXA_CREDITOS_ATIVOS__UM_A_DOIS_CREDITOS_ATIVOS + FAIXA_TAXA_REJEICAO__SEM_REJEICAO_PREVIA;CATEGORIA_FILHOS__SEM_FILHOS + POSSE_CARRO__SEM_CARRO;4;2;6;0.010000;0.44;0.91;-0;0.91;FAIXA_RENDA__RENDA_BAIXA + FAIXA_IDADE__IDADE_40_A_49 + CATEGORIA_FILHOS__SEM_FILHOS + POSSE_CARRO__SEM_CARRO + FAIXA_CREDITOS_ATIVOS__UM_A_DOIS_CREDITOS_ATIVOS + FAIXA_TAXA_REJEICAO__SEM_REJEICAO_PREVIA;100;0.010000
1249;POSSE_CARRO__COM_CARRO;FAIXA_CREDITO__CREDITO_BAIXO + FAIXA_CREDITOS_ATIVOS__TRES_OU_MAIS_CREDITOS_ATIVOS + FAIXA_TAXA_REJEICAO__SEM_REJEICAO_PREVIA;1;3;4;0.010000;0.03;0.91;-0;1;FAIXA_CREDITO__CREDITO_BAIXO + POSSE_CARRO__COM_CARRO + FAIXA_CREDITOS_ATIVOS__TRES_OU_MAIS_CREDITOS_ATIVOS + FAIXA_TAXA_REJEICAO__SEM_REJEICAO_PREVIA;100;0.010000
1250;FAIXA_CREDITO__CREDITO_BAIXO + FAIXA_CREDITOS_ATIVOS__TRES_OU_MAIS_CREDITOS_ATIVOS + FAIXA_TAXA_REJEICAO__SEM_REJEICAO_PREVIA;POSSE_CARRO__COM_CARRO;3;1;4;0.010000;0.31;0.91;-0;0.95;FAIXA_CREDITO__CREDITO_BAIXO + POSSE_CARRO__COM_CARRO + FAIXA_CREDITOS_ATIVOS__TRES_OU_MAIS_CREDITOS_ATIVOS + FAIXA_TAXA_REJEICAO__SEM_REJEICAO_PREVIA;100;0.010000
1251;FAIXA_CREDITO__CREDITO_MEDIO + FAIXA_IDADE__IDADE_50_A_59 + CATEGORIA_FILHOS__SEM_FILHOS + POSSE_CARRO__SEM_CARRO;FAIXA_CREDITOS_ATIVOS__UM_A_DOIS_CREDITOS_ATIVOS + FAIXA_TAXA_REJEICAO__SEM_REJEICAO_PREVIA;4;2;6;0.010000;0.27;0.91;-0;0.96;FAIXA_CREDITO__CREDITO_MEDIO + FAIXA_IDADE__IDADE_50_A_59 + CATEGORIA_FILHOS__SEM_FILHOS + POSSE_CARRO__SEM_CARRO + FAIXA_CREDITOS_ATIVOS__UM_A_DOIS_CREDITOS_ATIVOS + FAIXA_TAXA_REJEICAO__SEM_REJEICAO_PREVIA;100;0.010000
1252;FAIXA_CREDITOS_ATIVOS__UM_A_DOIS_CREDITOS_ATIVOS + FAIXA_TAXA_REJEICAO__SEM_REJEICAO_PREVIA;FAIXA_CREDITO__CREDITO_MEDIO + FAIXA_IDADE__IDADE_50_A_59 + CATEGORIA_FILHOS__SEM_FILHOS + POSSE_CARRO__SEM_CARRO;2;4;6;0.010000;0.03;0.91;-0;1;FAIXA_CREDITO__CREDITO_MEDIO + FAIXA_IDADE__IDADE_50_A_59 + CATEGORIA_FILHOS__SEM_FILHOS + POSSE_CARRO__SEM_CARRO + FAIXA_CREDITOS_ATIVOS__UM_A_DOIS_CREDITOS_ATIVOS + FAIXA_TAXA_REJEICAO__SEM_REJEICAO_PREVIA;100;0.010000
1253;POSSE_CARRO__SEM_CARRO + FAIXA_CREDITOS_ATIVOS__UM_A_DOIS_CREDITOS_ATIVOS;FAIXA_CREDITO__CREDITO_ALTO + FAIXA_RENDA__RENDA_MUITO_ALTA + FAIXA_TAXA_REJEICAO__SEM_REJEICAO_PREVIA;2;3;5;0.010000;0.04;0.9;-0;1;FAIXA_CREDITO__CREDITO_ALTO + FAIXA_RENDA__RENDA_MUITO_ALTA + POSSE_CARRO__SEM_CARRO + FAIXA_CREDITOS_ATIVOS__UM_A_DOIS_CREDITOS_ATIVOS + FAIXA_TAXA_REJEICAO__SEM_REJEICAO_PREVIA;100;0.010000
1254;FAIXA_CREDITO__CREDITO_ALTO + FAIXA_RENDA__RENDA_MUITO_ALTA + FAIXA_TAXA_REJEICAO__SEM_REJEICAO_PREVIA;POSSE_CARRO__SEM_CARRO + FAIXA_CREDITOS_ATIVOS__UM_A_DOIS_CREDITOS_ATIVOS;3;2;5;0.010000;0.26;0.9;-0;0.96;FAIXA_CREDITO__CREDITO_ALTO + FAIXA_RENDA__RENDA_MUITO_ALTA + POSSE_CARRO__SEM_CARRO + FAIXA_CREDITOS_ATIVOS__UM_A_DOIS_CREDITOS_ATIVOS + FAIXA_TAXA_REJEICAO__SEM_REJEICAO_PREVIA;100;0.010000
1255;FAIXA_RENDA__RENDA_BAIXA + FAIXA_IDADE__IDADE_40_A_49 + POSSE_CARRO__SEM_CARRO;CATEGORIA_FILHOS__SEM_FILHOS + FAIXA_CREDITOS_ATIVOS__UM_A_DOIS_CREDITOS_ATIVOS + FAIXA_TAXA_REJEICAO__SEM_REJEICAO_PREVIA;3;3;6;0.010000;0.19;0.9;-0;0.97;FAIXA_RENDA__RENDA_BAIXA + FAIXA_IDADE__IDADE_40_A_49 + CATEGORIA_FILHOS__SEM_FILHOS + POSSE_CARRO__SEM_CARRO + FAIXA_CREDITOS_ATIVOS__UM_A_DOIS_CREDITOS_ATIVOS + FAIXA_TAXA_REJEICAO__SEM_REJEICAO_PREVIA;100;0.010000
1256;CATEGORIA_FILHOS__SEM_FILHOS + FAIXA_CREDITOS_ATIVOS__UM_A_DOIS_CREDITOS_ATIVOS + FAIXA_TAXA_REJEICAO__SEM_REJEICAO_PREVIA;FAIXA_RENDA__RENDA_BAIXA + FAIXA_IDADE__IDADE_40_A_49 + POSSE_CARRO__SEM_CARRO;3;3;6;0.010000;0.05;0.9;-0;0.99;FAIXA_RENDA__RENDA_BAIXA + FAIXA_IDADE__IDADE_40_A_49 + CATEGORIA_FILHOS__SEM_FILHOS + POSSE_CARRO__SEM_CARRO + FAIXA_CREDITOS_ATIVOS__UM_A_DOIS_CREDITOS_ATIVOS + FAIXA_TAXA_REJEICAO__SEM_REJEICAO_PREVIA;100;0.010000
1257;FAIXA_IDADE__IDADE_40_A_49 + POSSE_CARRO__SEM_CARRO;FAIXA_RENDA__RENDA_BAIXA + CATEGORIA_FILHOS__SEM_FILHOS + FAIXA_CREDITOS_ATIVOS__UM_A_DOIS_CREDITOS_ATIVOS + FAIXA_TAXA_REJEICAO__SEM_REJEICAO_PREVIA;2;4;6;0.010000;0.06;0.9;-0;0.99;FAIXA_RENDA__RENDA_BAIXA + FAIXA_IDADE__IDADE_40_A_49 + CATEGORIA_FILHOS__SEM_FILHOS + POSSE_CARRO__SEM_CARRO + FAIXA_CREDITOS_ATIVOS__UM_A_DOIS_CREDITOS_ATIVOS + FAIXA_TAXA_REJEICAO__SEM_REJEICAO_PREVIA;100;0.010000
1258;FAIXA_RENDA__RENDA_BAIXA + CATEGORIA_FILHOS__SEM_FILHOS + FAIXA_CREDITOS_ATIVOS__UM_A_DOIS_CREDITOS_ATIVOS + FAIXA_TAXA_REJEICAO__SEM_REJEICAO_PREVIA;FAIXA_IDADE__IDADE_40_A_49 + POSSE_CARRO__SEM_CARRO;4;2;6;0.010000;0.14;0.9;-0;0.98;FAIXA_RENDA__RENDA_BAIXA + FAIXA_IDADE__IDADE_40_A_49 + CATEGORIA_FILHOS__SEM_FILHOS + POSSE_CARRO__SEM_CARRO + FAIXA_CREDITOS_ATIVOS__UM_A_DOIS_CREDITOS_ATIVOS + FAIXA_TAXA_REJEICAO__SEM_REJEICAO_PREVIA;100;0.010000
1259;FAIXA_CREDITO__CREDITO_BAIXO + POSSE_CARRO__COM_CARRO;FAIXA_CREDITOS_ATIVOS__TRES_OU_MAIS_CREDITOS_ATIVOS + FAIXA_TAXA_REJEICAO__SEM_REJEICAO_PREVIA;2;2;4;0.010000;0.14;0.9;-0;0.98;FAIXA_CREDITO__CREDITO_BAIXO + POSSE_CARRO__COM_CARRO + FAIXA_CREDITOS_ATIVOS__TRES_OU_MAIS_CREDITOS_ATIVOS + FAIXA_TAXA_REJEICAO__SEM_REJEICAO_PREVIA;100;0.010000
1260;FAIXA_CREDITOS_ATIVOS__TRES_OU_MAIS_CREDITOS_ATIVOS + FAIXA_TAXA_REJEICAO__SEM_REJEICAO_PREVIA;FAIXA_CREDITO__CREDITO_BAIXO + POSSE_CARRO__COM_CARRO;2;2;4;0.010000;0.06;0.9;-0;0.99;FAIXA_CREDITO__CREDITO_BAIXO + POSSE_CARRO__COM_CARRO + FAIXA_CREDITOS_ATIVOS__TRES_OU_MAIS_CREDITOS_ATIVOS + FAIXA_TAXA_REJEICAO__SEM_REJEICAO_PREVIA;100;0.010000
1261;FAIXA_CREDITO__CREDITO_ALTO;FAIXA_IDADE__IDADE_40_A_49 + POSSE_CARRO__COM_CARRO + FAIXA_CREDITOS_ATIVOS__UM_A_DOIS_CREDITOS_ATIVOS;1;3;4;0.010000;0.04;0.9;-0;1;FAIXA_CREDITO__CREDITO_ALTO + FAIXA_IDADE__IDADE_40_A_49 + POSSE_CARRO__COM_CARRO + FAIXA_CREDITOS_ATIVOS__UM_A_DOIS_CREDITOS_ATIVOS;100;0.010000
1262;FAIXA_IDADE__IDADE_40_A_49 + POSSE_CARRO__COM_CARRO + FAIXA_CREDITOS_ATIVOS__UM_A_DOIS_CREDITOS_ATIVOS;FAIXA_CREDITO__CREDITO_ALTO;3;1;4;0.010000;0.23;0.9;-0;0.96;FAIXA_CREDITO__CREDITO_ALTO + FAIXA_IDADE__IDADE_40_A_49 + POSSE_CARRO__COM_CARRO + FAIXA_CREDITOS_ATIVOS__UM_A_DOIS_CREDITOS_ATIVOS;100;0.010000
1263;FAIXA_IDADE__IDADE_30_A_39;FAIXA_RENDA__RENDA_MUITO_ALTA + FAIXA_TAXA_REJEICAO__REJEICAO_PREVIA_ATE_25_PCT;1;2;3;0.010000;0.04;0.9;-0;1;FAIXA_RENDA__RENDA_MUITO_ALTA + FAIXA_IDADE__IDADE_30_A_39 + FAIXA_TAXA_REJEICAO__REJEICAO_PREVIA_ATE_25_PCT;100;0.010000
1264;FAIXA_RENDA__RENDA_MUITO_ALTA + FAIXA_TAXA_REJEICAO__REJEICAO_PREVIA_ATE_25_PCT;FAIXA_IDADE__IDADE_30_A_39;2;1;3;0.010000;0.24;0.9;-0;0.96;FAIXA_RENDA__RENDA_MUITO_ALTA + FAIXA_IDADE__IDADE_30_A_39 + FAIXA_TAXA_REJEICAO__REJEICAO_PREVIA_ATE_25_PCT;100;0.010000
1265;FAIXA_RENDA__RENDA_ALTA + FAIXA_CREDITOS_ATIVOS__SEM_CREDITOS_ATIVOS;FAIXA_IDADE__IDADE_30_A_39 + POSSE_CARRO__SEM_CARRO;2;2;4;0.010000;0.14;0.9;-0;0.98;FAIXA_RENDA__RENDA_ALTA + FAIXA_IDADE__IDADE_30_A_39 + POSSE_CARRO__SEM_CARRO + FAIXA_CREDITOS_ATIVOS__SEM_CREDITOS_ATIVOS;100;0.010000
1266;FAIXA_IDADE__IDADE_30_A_39 + POSSE_CARRO__SEM_CARRO;FAIXA_RENDA__RENDA_ALTA + FAIXA_CREDITOS_ATIVOS__SEM_CREDITOS_ATIVOS;2;2;4;0.010000;0.06;0.9;-0;0.99;FAIXA_RENDA__RENDA_ALTA + FAIXA_IDADE__IDADE_30_A_39 + POSSE_CARRO__SEM_CARRO + FAIXA_CREDITOS_ATIVOS__SEM_CREDITOS_ATIVOS;100;0.010000
1267;FAIXA_RENDA__RENDA_MEDIA + POSSE_CARRO__COM_CARRO + FAIXA_CREDITOS_ATIVOS__TRES_OU_MAIS_CREDITOS_ATIVOS;FAIXA_TAXA_REJEICAO__SEM_REJEICAO_PREVIA;3;1;4;0.010000;0.61;0.9;-0;0.81;FAIXA_RENDA__RENDA_MEDIA + POSSE_CARRO__COM_CARRO + FAIXA_CREDITOS_ATIVOS__TRES_OU_MAIS_CREDITOS_ATIVOS + FAIXA_TAXA_REJEICAO__SEM_REJEICAO_PREVIA;100;0.010000
1268;FAIXA_TAXA_REJEICAO__SEM_REJEICAO_PREVIA;FAIXA_RENDA__RENDA_MEDIA + POSSE_CARRO__COM_CARRO + FAIXA_CREDITOS_ATIVOS__TRES_OU_MAIS_CREDITOS_ATIVOS;1;3;4;0.010000;0.01;0.9;-0;1;FAIXA_RENDA__RENDA_MEDIA + POSSE_CARRO__COM_CARRO + FAIXA_CREDITOS_ATIVOS__TRES_OU_MAIS_CREDITOS_ATIVOS + FAIXA_TAXA_REJEICAO__SEM_REJEICAO_PREVIA;100;0.010000
1269;FAIXA_RENDA__RENDA_BAIXA + CATEGORIA_FILHOS__UM_FILHO + SITUACAO_FAMILIAR__CASADO_OU_UNIAO_CIVIL;POSSE_CARRO__COM_CARRO + FAIXA_TAXA_REJEICAO__SEM_REJEICAO_PREVIA;3;2;5;0.010000;0.2;0.89;-0;0.97;FAIXA_RENDA__RENDA_BAIXA + CATEGORIA_FILHOS__UM_FILHO + POSSE_CARRO__COM_CARRO + SITUACAO_FAMILIAR__CASADO_OU_UNIAO_CIVIL + FAIXA_TAXA_REJEICAO__SEM_REJEICAO_PREVIA;100;0.010000
1270;POSSE_CARRO__COM_CARRO + FAIXA_TAXA_REJEICAO__SEM_REJEICAO_PREVIA;FAIXA_RENDA__RENDA_BAIXA + CATEGORIA_FILHOS__UM_FILHO + SITUACAO_FAMILIAR__CASADO_OU_UNIAO_CIVIL;2;3;5;0.010000;0.04;0.89;-0;0.99;FAIXA_RENDA__RENDA_BAIXA + CATEGORIA_FILHOS__UM_FILHO + POSSE_CARRO__COM_CARRO + SITUACAO_FAMILIAR__CASADO_OU_UNIAO_CIVIL + FAIXA_TAXA_REJEICAO__SEM_REJEICAO_PREVIA;100;0.010000
1271;FAIXA_IDADE__IDADE_40_A_49 + POSSE_CARRO__SEM_CARRO + SITUACAO_FAMILIAR__CASADO_OU_UNIAO_CIVIL;FAIXA_CREDITO__CREDITO_BAIXO + FAIXA_RENDA__RENDA_BAIXA + FAIXA_TAXA_REJEICAO__SEM_REJEICAO_PREVIA;3;3;6;0.010000;0.09;0.89;-0;0.99;FAIXA_CREDITO__CREDITO_BAIXO + FAIXA_RENDA__RENDA_BAIXA + FAIXA_IDADE__IDADE_40_A_49 + POSSE_CARRO__SEM_CARRO + SITUACAO_FAMILIAR__CASADO_OU_UNIAO_CIVIL + FAIXA_TAXA_REJEICAO__SEM_REJEICAO_PREVIA;100;0.010000
1272;FAIXA_CREDITO__CREDITO_BAIXO + FAIXA_RENDA__RENDA_BAIXA + FAIXA_TAXA_REJEICAO__SEM_REJEICAO_PREVIA;FAIXA_IDADE__IDADE_40_A_49 + POSSE_CARRO__SEM_CARRO + SITUACAO_FAMILIAR__CASADO_OU_UNIAO_CIVIL;3;3;6;0.010000;0.1;0.89;-0;0.98;FAIXA_CREDITO__CREDITO_BAIXO + FAIXA_RENDA__RENDA_BAIXA + FAIXA_IDADE__IDADE_40_A_49 + POSSE_CARRO__SEM_CARRO + SITUACAO_FAMILIAR__CASADO_OU_UNIAO_CIVIL + FAIXA_TAXA_REJEICAO__SEM_REJEICAO_PREVIA;100;0.010000
1273;FAIXA_RENDA__RENDA_BAIXA + POSSE_CARRO__SEM_CARRO + FAIXA_CREDITOS_ATIVOS__UM_A_DOIS_CREDITOS_ATIVOS;FAIXA_IDADE__IDADE_40_A_49 + CATEGORIA_FILHOS__SEM_FILHOS + FAIXA_TAXA_REJEICAO__SEM_REJEICAO_PREVIA;3;3;6;0.010000;0.09;0.89;-0;0.99;FAIXA_RENDA__RENDA_BAIXA + FAIXA_IDADE__IDADE_40_A_49 + CATEGORIA_FILHOS__SEM_FILHOS + POSSE_CARRO__SEM_CARRO + FAIXA_CREDITOS_ATIVOS__UM_A_DOIS_CREDITOS_ATIVOS + FAIXA_TAXA_REJEICAO__SEM_REJEICAO_PREVIA;100;0.010000
1274;FAIXA_IDADE__IDADE_40_A_49 + CATEGORIA_FILHOS__SEM_FILHOS + FAIXA_TAXA_REJEICAO__SEM_REJEICAO_PREVIA;FAIXA_RENDA__RENDA_BAIXA + POSSE_CARRO__SEM_CARRO + FAIXA_CREDITOS_ATIVOS__UM_A_DOIS_CREDITOS_ATIVOS;3;3;6;0.010000;0.1;0.89;-0;0.99;FAIXA_RENDA__RENDA_BAIXA + FAIXA_IDADE__IDADE_40_A_49 + CATEGORIA_FILHOS__SEM_FILHOS + POSSE_CARRO__SEM_CARRO + FAIXA_CREDITOS_ATIVOS__UM_A_DOIS_CREDITOS_ATIVOS + FAIXA_TAXA_REJEICAO__SEM_REJEICAO_PREVIA;100;0.010000
1275;FAIXA_IDADE__IDADE_30_A_39 + CATEGORIA_FILHOS__SEM_FILHOS + SITUACAO_FAMILIAR__CASADO_OU_UNIAO_CIVIL;FAIXA_CREDITO__CREDITO_MUITO_ALTO + POSSE_CARRO__SEM_CARRO;3;2;5;0.010000;0.13;0.89;-0;0.98;FAIXA_CREDITO__CREDITO_MUITO_ALTO + FAIXA_IDADE__IDADE_30_A_39 + CATEGORIA_FILHOS__SEM_FILHOS + POSSE_CARRO__SEM_CARRO + SITUACAO_FAMILIAR__CASADO_OU_UNIAO_CIVIL;100;0.010000
1276;FAIXA_CREDITO__CREDITO_MUITO_ALTO + POSSE_CARRO__SEM_CARRO;FAIXA_IDADE__IDADE_30_A_39 + CATEGORIA_FILHOS__SEM_FILHOS + SITUACAO_FAMILIAR__CASADO_OU_UNIAO_CIVIL;2;3;5;0.010000;0.07;0.89;-0;0.99;FAIXA_CREDITO__CREDITO_MUITO_ALTO + FAIXA_IDADE__IDADE_30_A_39 + CATEGORIA_FILHOS__SEM_FILHOS + POSSE_CARRO__SEM_CARRO + SITUACAO_FAMILIAR__CASADO_OU_UNIAO_CIVIL;100;0.010000
1277;FAIXA_RENDA__RENDA_BAIXA + FAIXA_IDADE__IDADE_30_A_39 + FAIXA_CREDITOS_ATIVOS__TRES_OU_MAIS_CREDITOS_ATIVOS;FAIXA_TAXA_REJEICAO__SEM_REJEICAO_PREVIA;3;1;4;0.010000;0.6;0.89;-0;0.8;FAIXA_RENDA__RENDA_BAIXA + FAIXA_IDADE__IDADE_30_A_39 + FAIXA_CREDITOS_ATIVOS__TRES_OU_MAIS_CREDITOS_ATIVOS + FAIXA_TAXA_REJEICAO__SEM_REJEICAO_PREVIA;100;0.010000
1278;FAIXA_TAXA_REJEICAO__SEM_REJEICAO_PREVIA;FAIXA_RENDA__RENDA_BAIXA + FAIXA_IDADE__IDADE_30_A_39 + FAIXA_CREDITOS_ATIVOS__TRES_OU_MAIS_CREDITOS_ATIVOS;1;3;4;0.010000;0.01;0.89;-0;1;FAIXA_RENDA__RENDA_BAIXA + FAIXA_IDADE__IDADE_30_A_39 + FAIXA_CREDITOS_ATIVOS__TRES_OU_MAIS_CREDITOS_ATIVOS + FAIXA_TAXA_REJEICAO__SEM_REJEICAO_PREVIA;100;0.010000
1279;FAIXA_IDADE__IDADE_40_A_49 + POSSE_CARRO__SEM_CARRO + FAIXA_CREDITOS_ATIVOS__UM_A_DOIS_CREDITOS_ATIVOS;FAIXA_RENDA__RENDA_BAIXA + CATEGORIA_FILHOS__SEM_FILHOS + FAIXA_TAXA_REJEICAO__SEM_REJEICAO_PREVIA;3;3;6;0.010000;0.15;0.89;-0;0.98;FAIXA_RENDA__RENDA_BAIXA + FAIXA_IDADE__IDADE_40_A_49 + CATEGORIA_FILHOS__SEM_FILHOS + POSSE_CARRO__SEM_CARRO + FAIXA_CREDITOS_ATIVOS__UM_A_DOIS_CREDITOS_ATIVOS + FAIXA_TAXA_REJEICAO__SEM_REJEICAO_PREVIA;100;0.010000
1280;FAIXA_RENDA__RENDA_BAIXA + CATEGORIA_FILHOS__SEM_FILHOS + FAIXA_TAXA_REJEICAO__SEM_REJEICAO_PREVIA;FAIXA_IDADE__IDADE_40_A_49 + POSSE_CARRO__SEM_CARRO + FAIXA_CREDITOS_ATIVOS__UM_A_DOIS_CREDITOS_ATIVOS;3;3;6;0.010000;0.06;0.89;-0;0.99;FAIXA_RENDA__RENDA_BAIXA + FAIXA_IDADE__IDADE_40_A_49 + CATEGORIA_FILHOS__SEM_FILHOS + POSSE_CARRO__SEM_CARRO + FAIXA_CREDITOS_ATIVOS__UM_A_DOIS_CREDITOS_ATIVOS + FAIXA_TAXA_REJEICAO__SEM_REJEICAO_PREVIA;100;0.010000
1281;FAIXA_CREDITO__CREDITO_ALTO + FAIXA_IDADE__IDADE_30_A_39;POSSE_CARRO__SEM_CARRO + FAIXA_CREDITOS_ATIVOS__TRES_OU_MAIS_CREDITOS_ATIVOS;2;2;4;0.010000;0.15;0.88;-0;0.98;FAIXA_CREDITO__CREDITO_ALTO + FAIXA_IDADE__IDADE_30_A_39 + POSSE_CARRO__SEM_CARRO + FAIXA_CREDITOS_ATIVOS__TRES_OU_MAIS_CREDITOS_ATIVOS;100;0.010000
1282;POSSE_CARRO__SEM_CARRO + FAIXA_CREDITOS_ATIVOS__TRES_OU_MAIS_CREDITOS_ATIVOS;FAIXA_CREDITO__CREDITO_ALTO + FAIXA_IDADE__IDADE_30_A_39;2;2;4;0.010000;0.06;0.88;-0;0.99;FAIXA_CREDITO__CREDITO_ALTO + FAIXA_IDADE__IDADE_30_A_39 + POSSE_CARRO__SEM_CARRO + FAIXA_CREDITOS_ATIVOS__TRES_OU_MAIS_CREDITOS_ATIVOS;100;0.010000
1283;SITUACAO_FAMILIAR__CASADO_OU_UNIAO_CIVIL;FAIXA_CREDITO__CREDITO_BAIXO + FAIXA_RENDA__RENDA_MUITO_ALTA + FAIXA_TAXA_REJEICAO__SEM_REJEICAO_PREVIA;1;3;4;0.010000;0.01;0.88;-0;1;FAIXA_CREDITO__CREDITO_BAIXO + FAIXA_RENDA__RENDA_MUITO_ALTA + SITUACAO_FAMILIAR__CASADO_OU_UNIAO_CIVIL + FAIXA_TAXA_REJEICAO__SEM_REJEICAO_PREVIA;100;0.010000
1284;FAIXA_CREDITO__CREDITO_BAIXO + FAIXA_RENDA__RENDA_MUITO_ALTA + FAIXA_TAXA_REJEICAO__SEM_REJEICAO_PREVIA;SITUACAO_FAMILIAR__CASADO_OU_UNIAO_CIVIL;3;1;4;0.010000;0.65;0.88;-0;0.75;FAIXA_CREDITO__CREDITO_BAIXO + FAIXA_RENDA__RENDA_MUITO_ALTA + SITUACAO_FAMILIAR__CASADO_OU_UNIAO_CIVIL + FAIXA_TAXA_REJEICAO__SEM_REJEICAO_PREVIA;100;0.010000
1285;FAIXA_IDADE__IDADE_30_A_39 + CATEGORIA_FILHOS__DOIS_OU_MAIS_FILHOS + POSSE_CARRO__SEM_CARRO;FAIXA_CREDITOS_ATIVOS__SEM_CREDITOS_ATIVOS;3;1;4;0.010000;0.26;0.88;-0;0.95;FAIXA_IDADE__IDADE_30_A_39 + CATEGORIA_FILHOS__DOIS_OU_MAIS_FILHOS + POSSE_CARRO__SEM_CARRO + FAIXA_CREDITOS_ATIVOS__SEM_CREDITOS_ATIVOS;100;0.010000
1286;FAIXA_CREDITOS_ATIVOS__SEM_CREDITOS_ATIVOS;FAIXA_IDADE__IDADE_30_A_39 + CATEGORIA_FILHOS__DOIS_OU_MAIS_FILHOS + POSSE_CARRO__SEM_CARRO;1;3;4;0.010000;0.03;0.88;-0;1;FAIXA_IDADE__IDADE_30_A_39 + CATEGORIA_FILHOS__DOIS_OU_MAIS_FILHOS + POSSE_CARRO__SEM_CARRO + FAIXA_CREDITOS_ATIVOS__SEM_CREDITOS_ATIVOS;100;0.010000
1287;CATEGORIA_FILHOS__SEM_FILHOS;FAIXA_CREDITO__CREDITO_BAIXO + FAIXA_RENDA__RENDA_BAIXA + FAIXA_IDADE__IDADE_21_A_29 + POSSE_CARRO__SEM_CARRO;1;4;5;0.010000;0.01;0.88;-0;1;FAIXA_CREDITO__CREDITO_BAIXO + FAIXA_RENDA__RENDA_BAIXA + FAIXA_IDADE__IDADE_21_A_29 + CATEGORIA_FILHOS__SEM_FILHOS + POSSE_CARRO__SEM_CARRO;100;0.010000
1288;FAIXA_CREDITO__CREDITO_BAIXO + FAIXA_RENDA__RENDA_BAIXA + FAIXA_IDADE__IDADE_21_A_29 + POSSE_CARRO__SEM_CARRO;CATEGORIA_FILHOS__SEM_FILHOS;4;1;5;0.010000;0.61;0.88;-0;0.77;FAIXA_CREDITO__CREDITO_BAIXO + FAIXA_RENDA__RENDA_BAIXA + FAIXA_IDADE__IDADE_21_A_29 + CATEGORIA_FILHOS__SEM_FILHOS + POSSE_CARRO__SEM_CARRO;100;0.010000
1289;POSSE_CARRO__COM_CARRO + SITUACAO_FAMILIAR__CASADO_OU_UNIAO_CIVIL;FAIXA_RENDA__RENDA_BAIXA + CATEGORIA_FILHOS__UM_FILHO + FAIXA_TAXA_REJEICAO__SEM_REJEICAO_PREVIA;2;3;5;0.010000;0.04;0.88;-0;0.99;FAIXA_RENDA__RENDA_BAIXA + CATEGORIA_FILHOS__UM_FILHO + POSSE_CARRO__COM_CARRO + SITUACAO_FAMILIAR__CASADO_OU_UNIAO_CIVIL + FAIXA_TAXA_REJEICAO__SEM_REJEICAO_PREVIA;100;0.010000
1290;FAIXA_RENDA__RENDA_BAIXA + CATEGORIA_FILHOS__UM_FILHO + FAIXA_TAXA_REJEICAO__SEM_REJEICAO_PREVIA;POSSE_CARRO__COM_CARRO + SITUACAO_FAMILIAR__CASADO_OU_UNIAO_CIVIL;3;2;5;0.010000;0.24;0.88;-0;0.95;FAIXA_RENDA__RENDA_BAIXA + CATEGORIA_FILHOS__UM_FILHO + POSSE_CARRO__COM_CARRO + SITUACAO_FAMILIAR__CASADO_OU_UNIAO_CIVIL + FAIXA_TAXA_REJEICAO__SEM_REJEICAO_PREVIA;100;0.010000
1291;FAIXA_CREDITO__CREDITO_BAIXO + FAIXA_RENDA__RENDA_BAIXA;FAIXA_IDADE__IDADE_50_A_59 + CATEGORIA_FILHOS__SEM_FILHOS + FAIXA_CREDITOS_ATIVOS__UM_A_DOIS_CREDITOS_ATIVOS;2;3;5;0.010000;0.07;0.88;-0;0.99;FAIXA_CREDITO__CREDITO_BAIXO + FAIXA_RENDA__RENDA_BAIXA + FAIXA_IDADE__IDADE_50_A_59 + CATEGORIA_FILHOS__SEM_FILHOS + FAIXA_CREDITOS_ATIVOS__UM_A_DOIS_CREDITOS_ATIVOS;100;0.010000
1292;FAIXA_IDADE__IDADE_50_A_59 + CATEGORIA_FILHOS__SEM_FILHOS + FAIXA_CREDITOS_ATIVOS__UM_A_DOIS_CREDITOS_ATIVOS;FAIXA_CREDITO__CREDITO_BAIXO + FAIXA_RENDA__RENDA_BAIXA;3;2;5;0.010000;0.12;0.88;-0;0.98;FAIXA_CREDITO__CREDITO_BAIXO + FAIXA_RENDA__RENDA_BAIXA + FAIXA_IDADE__IDADE_50_A_59 + CATEGORIA_FILHOS__SEM_FILHOS + FAIXA_CREDITOS_ATIVOS__UM_A_DOIS_CREDITOS_ATIVOS;100;0.010000
1293;FAIXA_IDADE__IDADE_30_A_39 + CATEGORIA_FILHOS__SEM_FILHOS + POSSE_CARRO__SEM_CARRO + SITUACAO_FAMILIAR__CASADO_OU_UNIAO_CIVIL;FAIXA_CREDITO__CREDITO_MUITO_ALTO;4;1;5;0.010000;0.22;0.88;-0;0.96;FAIXA_CREDITO__CREDITO_MUITO_ALTO + FAIXA_IDADE__IDADE_30_A_39 + CATEGORIA_FILHOS__SEM_FILHOS + POSSE_CARRO__SEM_CARRO + SITUACAO_FAMILIAR__CASADO_OU_UNIAO_CIVIL;100;0.010000
1294;FAIXA_CREDITO__CREDITO_MUITO_ALTO;FAIXA_IDADE__IDADE_30_A_39 + CATEGORIA_FILHOS__SEM_FILHOS + POSSE_CARRO__SEM_CARRO + SITUACAO_FAMILIAR__CASADO_OU_UNIAO_CIVIL;1;4;5;0.010000;0.04;0.88;-0;0.99;FAIXA_CREDITO__CREDITO_MUITO_ALTO + FAIXA_IDADE__IDADE_30_A_39 + CATEGORIA_FILHOS__SEM_FILHOS + POSSE_CARRO__SEM_CARRO + SITUACAO_FAMILIAR__CASADO_OU_UNIAO_CIVIL;100;0.010000
1295;FAIXA_IDADE__IDADE_30_A_39 + CATEGORIA_FILHOS__DOIS_OU_MAIS_FILHOS + FAIXA_CREDITOS_ATIVOS__SEM_CREDITOS_ATIVOS;POSSE_CARRO__SEM_CARRO;3;1;4;0.010000;0.58;0.88;-0;0.79;FAIXA_IDADE__IDADE_30_A_39 + CATEGORIA_FILHOS__DOIS_OU_MAIS_FILHOS + POSSE_CARRO__SEM_CARRO + FAIXA_CREDITOS_ATIVOS__SEM_CREDITOS_ATIVOS;100;0.010000
1296;POSSE_CARRO__SEM_CARRO;FAIXA_IDADE__IDADE_30_A_39 + CATEGORIA_FILHOS__DOIS_OU_MAIS_FILHOS + FAIXA_CREDITOS_ATIVOS__SEM_CREDITOS_ATIVOS;1;3;4;0.010000;0.02;0.88;-0;1;FAIXA_IDADE__IDADE_30_A_39 + CATEGORIA_FILHOS__DOIS_OU_MAIS_FILHOS + POSSE_CARRO__SEM_CARRO + FAIXA_CREDITOS_ATIVOS__SEM_CREDITOS_ATIVOS;100;0.010000
1297;FAIXA_RENDA__RENDA_BAIXA + SITUACAO_FAMILIAR__CASADO_OU_UNIAO_CIVIL;FAIXA_IDADE__IDADE_30_A_39 + FAIXA_TAXA_REJEICAO__REJEICAO_PREVIA_ACIMA_25_PCT;2;2;4;0.010000;0.04;0.87;-0;0.99;FAIXA_RENDA__RENDA_BAIXA + FAIXA_IDADE__IDADE_30_A_39 + SITUACAO_FAMILIAR__CASADO_OU_UNIAO_CIVIL + FAIXA_TAXA_REJEICAO__REJEICAO_PREVIA_ACIMA_25_PCT;100;0.010000
1298;FAIXA_IDADE__IDADE_30_A_39 + FAIXA_TAXA_REJEICAO__REJEICAO_PREVIA_ACIMA_25_PCT;FAIXA_RENDA__RENDA_BAIXA + SITUACAO_FAMILIAR__CASADO_OU_UNIAO_CIVIL;2;2;4;0.010000;0.2;0.87;-0;0.96;FAIXA_RENDA__RENDA_BAIXA + FAIXA_IDADE__IDADE_30_A_39 + SITUACAO_FAMILIAR__CASADO_OU_UNIAO_CIVIL + FAIXA_TAXA_REJEICAO__REJEICAO_PREVIA_ACIMA_25_PCT;100;0.010000
1299;FAIXA_RENDA__RENDA_ALTA + POSSE_CARRO__COM_CARRO + SITUACAO_FAMILIAR__CASADO_OU_UNIAO_CIVIL + FAIXA_TAXA_REJEICAO__SEM_REJEICAO_PREVIA;FAIXA_IDADE__IDADE_50_A_59;4;1;5;0.010000;0.19;0.87;-0;0.96;FAIXA_RENDA__RENDA_ALTA + FAIXA_IDADE__IDADE_50_A_59 + POSSE_CARRO__COM_CARRO + SITUACAO_FAMILIAR__CASADO_OU_UNIAO_CIVIL + FAIXA_TAXA_REJEICAO__SEM_REJEICAO_PREVIA;100;0.010000
1300;FAIXA_IDADE__IDADE_50_A_59;FAIXA_RENDA__RENDA_ALTA + POSSE_CARRO__COM_CARRO + SITUACAO_FAMILIAR__CASADO_OU_UNIAO_CIVIL + FAIXA_TAXA_REJEICAO__SEM_REJEICAO_PREVIA;1;4;5;0.010000;0.05;0.87;-0;0.99;FAIXA_RENDA__RENDA_ALTA + FAIXA_IDADE__IDADE_50_A_59 + POSSE_CARRO__COM_CARRO + SITUACAO_FAMILIAR__CASADO_OU_UNIAO_CIVIL + FAIXA_TAXA_REJEICAO__SEM_REJEICAO_PREVIA;100;0.010000
1301;CATEGORIA_FILHOS__SEM_FILHOS;FAIXA_RENDA__RENDA_MUITO_ALTA + FAIXA_IDADE__IDADE_40_A_49 + SITUACAO_FAMILIAR__CASADO_OU_UNIAO_CIVIL + FAIXA_CREDITOS_ATIVOS__UM_A_DOIS_CREDITOS_ATIVOS + FAIXA_TAXA_REJEICAO__SEM_REJEICAO_PREVIA;1;5;6;0.010000;0.01;0.87;-0;1;FAIXA_RENDA__RENDA_MUITO_ALTA + FAIXA_IDADE__IDADE_40_A_49 + CATEGORIA_FILHOS__SEM_FILHOS + SITUACAO_FAMILIAR__CASADO_OU_UNIAO_CIVIL + FAIXA_CREDITOS_ATIVOS__UM_A_DOIS_CREDITOS_ATIVOS + FAIXA_TAXA_REJEICAO__SEM_REJEICAO_PREVIA;100;0.010000
1302;FAIXA_RENDA__RENDA_MUITO_ALTA + FAIXA_IDADE__IDADE_40_A_49 + SITUACAO_FAMILIAR__CASADO_OU_UNIAO_CIVIL + FAIXA_CREDITOS_ATIVOS__UM_A_DOIS_CREDITOS_ATIVOS + FAIXA_TAXA_REJEICAO__SEM_REJEICAO_PREVIA;CATEGORIA_FILHOS__SEM_FILHOS;5;1;6;0.010000;0.6;0.87;-0;0.75;FAIXA_RENDA__RENDA_MUITO_ALTA + FAIXA_IDADE__IDADE_40_A_49 + CATEGORIA_FILHOS__SEM_FILHOS + SITUACAO_FAMILIAR__CASADO_OU_UNIAO_CIVIL + FAIXA_CREDITOS_ATIVOS__UM_A_DOIS_CREDITOS_ATIVOS + FAIXA_TAXA_REJEICAO__SEM_REJEICAO_PREVIA;100;0.010000
1303;FAIXA_CREDITO__CREDITO_ALTO + FAIXA_IDADE__IDADE_50_A_59 + CATEGORIA_FILHOS__SEM_FILHOS + SITUACAO_FAMILIAR__CASADO_OU_UNIAO_CIVIL;FAIXA_CREDITOS_ATIVOS__SEM_CREDITOS_ATIVOS;4;1;5;0.010000;0.26;0.87;-0;0.94;FAIXA_CREDITO__CREDITO_ALTO + FAIXA_IDADE__IDADE_50_A_59 + CATEGORIA_FILHOS__SEM_FILHOS + SITUACAO_FAMILIAR__CASADO_OU_UNIAO_CIVIL + FAIXA_CREDITOS_ATIVOS__SEM_CREDITOS_ATIVOS;100;0.010000
1304;FAIXA_CREDITOS_ATIVOS__SEM_CREDITOS_ATIVOS;FAIXA_CREDITO__CREDITO_ALTO + FAIXA_IDADE__IDADE_50_A_59 + CATEGORIA_FILHOS__SEM_FILHOS + SITUACAO_FAMILIAR__CASADO_OU_UNIAO_CIVIL;1;4;5;0.010000;0.03;0.87;-0;0.99;FAIXA_CREDITO__CREDITO_ALTO + FAIXA_IDADE__IDADE_50_A_59 + CATEGORIA_FILHOS__SEM_FILHOS + SITUACAO_FAMILIAR__CASADO_OU_UNIAO_CIVIL + FAIXA_CREDITOS_ATIVOS__SEM_CREDITOS_ATIVOS;100;0.010000
1305;FAIXA_CREDITO__CREDITO_ALTO + FAIXA_IDADE__IDADE_50_A_59 + CATEGORIA_FILHOS__SEM_FILHOS;SITUACAO_FAMILIAR__CASADO_OU_UNIAO_CIVIL + FAIXA_CREDITOS_ATIVOS__SEM_CREDITOS_ATIVOS;3;2;5;0.010000;0.18;0.86;-0;0.96;FAIXA_CREDITO__CREDITO_ALTO + FAIXA_IDADE__IDADE_50_A_59 + CATEGORIA_FILHOS__SEM_FILHOS + SITUACAO_FAMILIAR__CASADO_OU_UNIAO_CIVIL + FAIXA_CREDITOS_ATIVOS__SEM_CREDITOS_ATIVOS;100;0.010000
1306;SITUACAO_FAMILIAR__CASADO_OU_UNIAO_CIVIL + FAIXA_CREDITOS_ATIVOS__SEM_CREDITOS_ATIVOS;FAIXA_CREDITO__CREDITO_ALTO + FAIXA_IDADE__IDADE_50_A_59 + CATEGORIA_FILHOS__SEM_FILHOS;2;3;5;0.010000;0.05;0.86;-0;0.99;FAIXA_CREDITO__CREDITO_ALTO + FAIXA_IDADE__IDADE_50_A_59 + CATEGORIA_FILHOS__SEM_FILHOS + SITUACAO_FAMILIAR__CASADO_OU_UNIAO_CIVIL + FAIXA_CREDITOS_ATIVOS__SEM_CREDITOS_ATIVOS;100;0.010000
1307;FAIXA_CREDITO__CREDITO_BAIXO + FAIXA_RENDA__RENDA_BAIXA + POSSE_CARRO__SEM_CARRO + SITUACAO_FAMILIAR__CASADO_OU_UNIAO_CIVIL;FAIXA_IDADE__IDADE_40_A_49 + FAIXA_TAXA_REJEICAO__SEM_REJEICAO_PREVIA;4;2;6;0.010000;0.15;0.86;-0;0.97;FAIXA_CREDITO__CREDITO_BAIXO + FAIXA_RENDA__RENDA_BAIXA + FAIXA_IDADE__IDADE_40_A_49 + POSSE_CARRO__SEM_CARRO + SITUACAO_FAMILIAR__CASADO_OU_UNIAO_CIVIL + FAIXA_TAXA_REJEICAO__SEM_REJEICAO_PREVIA;100;0.010000
1308;FAIXA_IDADE__IDADE_40_A_49 + FAIXA_TAXA_REJEICAO__SEM_REJEICAO_PREVIA;FAIXA_CREDITO__CREDITO_BAIXO + FAIXA_RENDA__RENDA_BAIXA + POSSE_CARRO__SEM_CARRO + SITUACAO_FAMILIAR__CASADO_OU_UNIAO_CIVIL;2;4;6;0.010000;0.06;0.86;-0;0.99;FAIXA_CREDITO__CREDITO_BAIXO + FAIXA_RENDA__RENDA_BAIXA + FAIXA_IDADE__IDADE_40_A_49 + POSSE_CARRO__SEM_CARRO + SITUACAO_FAMILIAR__CASADO_OU_UNIAO_CIVIL + FAIXA_TAXA_REJEICAO__SEM_REJEICAO_PREVIA;100;0.010000
1309;SITUACAO_FAMILIAR__CASADO_OU_UNIAO_CIVIL;FAIXA_RENDA__RENDA_BAIXA + FAIXA_IDADE__IDADE_21_A_29 + POSSE_CARRO__SEM_CARRO + FAIXA_CREDITOS_ATIVOS__UM_A_DOIS_CREDITOS_ATIVOS;1;4;5;0.010000;0.01;0.86;-0;1;FAIXA_RENDA__RENDA_BAIXA + FAIXA_IDADE__IDADE_21_A_29 + POSSE_CARRO__SEM_CARRO + SITUACAO_FAMILIAR__CASADO_OU_UNIAO_CIVIL + FAIXA_CREDITOS_ATIVOS__UM_A_DOIS_CREDITOS_ATIVOS;100;0.010000
1310;FAIXA_RENDA__RENDA_BAIXA + FAIXA_IDADE__IDADE_21_A_29 + POSSE_CARRO__SEM_CARRO + FAIXA_CREDITOS_ATIVOS__UM_A_DOIS_CREDITOS_ATIVOS;SITUACAO_FAMILIAR__CASADO_OU_UNIAO_CIVIL;4;1;5;0.010000;0.63;0.86;-0;0.71;FAIXA_RENDA__RENDA_BAIXA + FAIXA_IDADE__IDADE_21_A_29 + POSSE_CARRO__SEM_CARRO + SITUACAO_FAMILIAR__CASADO_OU_UNIAO_CIVIL + FAIXA_CREDITOS_ATIVOS__UM_A_DOIS_CREDITOS_ATIVOS;100;0.010000
1311;CATEGORIA_FILHOS__SEM_FILHOS + FAIXA_TAXA_REJEICAO__SEM_REJEICAO_PREVIA;FAIXA_RENDA__RENDA_MUITO_ALTA + FAIXA_IDADE__IDADE_40_A_49 + SITUACAO_FAMILIAR__CASADO_OU_UNIAO_CIVIL + FAIXA_CREDITOS_ATIVOS__UM_A_DOIS_CREDITOS_ATIVOS;2;4;6;0.010000;0.02;0.86;-0;1;FAIXA_RENDA__RENDA_MUITO_ALTA + FAIXA_IDADE__IDADE_40_A_49 + CATEGORIA_FILHOS__SEM_FILHOS + SITUACAO_FAMILIAR__CASADO_OU_UNIAO_CIVIL + FAIXA_CREDITOS_ATIVOS__UM_A_DOIS_CREDITOS_ATIVOS + FAIXA_TAXA_REJEICAO__SEM_REJEICAO_PREVIA;100;0.010000
1312;FAIXA_RENDA__RENDA_MUITO_ALTA + FAIXA_IDADE__IDADE_40_A_49 + SITUACAO_FAMILIAR__CASADO_OU_UNIAO_CIVIL + FAIXA_CREDITOS_ATIVOS__UM_A_DOIS_CREDITOS_ATIVOS;CATEGORIA_FILHOS__SEM_FILHOS + FAIXA_TAXA_REJEICAO__SEM_REJEICAO_PREVIA;4;2;6;0.010000;0.4;0.86;-0;0.88;FAIXA_RENDA__RENDA_MUITO_ALTA + FAIXA_IDADE__IDADE_40_A_49 + CATEGORIA_FILHOS__SEM_FILHOS + SITUACAO_FAMILIAR__CASADO_OU_UNIAO_CIVIL + FAIXA_CREDITOS_ATIVOS__UM_A_DOIS_CREDITOS_ATIVOS + FAIXA_TAXA_REJEICAO__SEM_REJEICAO_PREVIA;100;0.010000
1313;FAIXA_RENDA__RENDA_MUITO_ALTA + FAIXA_IDADE__IDADE_40_A_49 + SITUACAO_FAMILIAR__CASADO_OU_UNIAO_CIVIL;CATEGORIA_FILHOS__SEM_FILHOS + FAIXA_CREDITOS_ATIVOS__UM_A_DOIS_CREDITOS_ATIVOS + FAIXA_TAXA_REJEICAO__SEM_REJEICAO_PREVIA;3;3;6;0.010000;0.18;0.86;-0;0.96;FAIXA_RENDA__RENDA_MUITO_ALTA + FAIXA_IDADE__IDADE_40_A_49 + CATEGORIA_FILHOS__SEM_FILHOS + SITUACAO_FAMILIAR__CASADO_OU_UNIAO_CIVIL + FAIXA_CREDITOS_ATIVOS__UM_A_DOIS_CREDITOS_ATIVOS + FAIXA_TAXA_REJEICAO__SEM_REJEICAO_PREVIA;100;0.010000
1314;CATEGORIA_FILHOS__SEM_FILHOS + FAIXA_CREDITOS_ATIVOS__UM_A_DOIS_CREDITOS_ATIVOS + FAIXA_TAXA_REJEICAO__SEM_REJEICAO_PREVIA;FAIXA_RENDA__RENDA_MUITO_ALTA + FAIXA_IDADE__IDADE_40_A_49 + SITUACAO_FAMILIAR__CASADO_OU_UNIAO_CIVIL;3;3;6;0.010000;0.05;0.86;-0;0.99;FAIXA_RENDA__RENDA_MUITO_ALTA + FAIXA_IDADE__IDADE_40_A_49 + CATEGORIA_FILHOS__SEM_FILHOS + SITUACAO_FAMILIAR__CASADO_OU_UNIAO_CIVIL + FAIXA_CREDITOS_ATIVOS__UM_A_DOIS_CREDITOS_ATIVOS + FAIXA_TAXA_REJEICAO__SEM_REJEICAO_PREVIA;100;0.010000
1315;FAIXA_RENDA__RENDA_ALTA + POSSE_CARRO__SEM_CARRO + FAIXA_CREDITOS_ATIVOS__SEM_CREDITOS_ATIVOS;FAIXA_IDADE__IDADE_30_A_39;3;1;4;0.010000;0.23;0.86;-0;0.95;FAIXA_RENDA__RENDA_ALTA + FAIXA_IDADE__IDADE_30_A_39 + POSSE_CARRO__SEM_CARRO + FAIXA_CREDITOS_ATIVOS__SEM_CREDITOS_ATIVOS;100;0.010000
1316;FAIXA_IDADE__IDADE_30_A_39;FAIXA_RENDA__RENDA_ALTA + POSSE_CARRO__SEM_CARRO + FAIXA_CREDITOS_ATIVOS__SEM_CREDITOS_ATIVOS;1;3;4;0.010000;0.04;0.86;-0;0.99;FAIXA_RENDA__RENDA_ALTA + FAIXA_IDADE__IDADE_30_A_39 + POSSE_CARRO__SEM_CARRO + FAIXA_CREDITOS_ATIVOS__SEM_CREDITOS_ATIVOS;100;0.010000
1317;CATEGORIA_FILHOS__SEM_FILHOS;FAIXA_RENDA__RENDA_BAIXA + FAIXA_IDADE__IDADE_40_A_49 + POSSE_CARRO__SEM_CARRO + FAIXA_CREDITOS_ATIVOS__UM_A_DOIS_CREDITOS_ATIVOS + FAIXA_TAXA_REJEICAO__SEM_REJEICAO_PREVIA;1;5;6;0.010000;0.01;0.86;-0;1;FAIXA_RENDA__RENDA_BAIXA + FAIXA_IDADE__IDADE_40_A_49 + CATEGORIA_FILHOS__SEM_FILHOS + POSSE_CARRO__SEM_CARRO + FAIXA_CREDITOS_ATIVOS__UM_A_DOIS_CREDITOS_ATIVOS + FAIXA_TAXA_REJEICAO__SEM_REJEICAO_PREVIA;100;0.010000
1318;FAIXA_RENDA__RENDA_BAIXA + FAIXA_IDADE__IDADE_40_A_49 + POSSE_CARRO__SEM_CARRO + FAIXA_CREDITOS_ATIVOS__UM_A_DOIS_CREDITOS_ATIVOS + FAIXA_TAXA_REJEICAO__SEM_REJEICAO_PREVIA;CATEGORIA_FILHOS__SEM_FILHOS;5;1;6;0.010000;0.6;0.86;-0;0.75;FAIXA_RENDA__RENDA_BAIXA + FAIXA_IDADE__IDADE_40_A_49 + CATEGORIA_FILHOS__SEM_FILHOS + POSSE_CARRO__SEM_CARRO + FAIXA_CREDITOS_ATIVOS__UM_A_DOIS_CREDITOS_ATIVOS + FAIXA_TAXA_REJEICAO__SEM_REJEICAO_PREVIA;100;0.010000
1319;POSSE_CARRO__COM_CARRO;FAIXA_RENDA__RENDA_BAIXA + CATEGORIA_FILHOS__UM_FILHO + SITUACAO_FAMILIAR__CASADO_OU_UNIAO_CIVIL + FAIXA_TAXA_REJEICAO__SEM_REJEICAO_PREVIA;1;4;5;0.010000;0.03;0.86;-0;0.99;FAIXA_RENDA__RENDA_BAIXA + CATEGORIA_FILHOS__UM_FILHO + POSSE_CARRO__COM_CARRO + SITUACAO_FAMILIAR__CASADO_OU_UNIAO_CIVIL + FAIXA_TAXA_REJEICAO__SEM_REJEICAO_PREVIA;100;0.010000
1320;FAIXA_RENDA__RENDA_BAIXA + CATEGORIA_FILHOS__UM_FILHO + SITUACAO_FAMILIAR__CASADO_OU_UNIAO_CIVIL + FAIXA_TAXA_REJEICAO__SEM_REJEICAO_PREVIA;POSSE_CARRO__COM_CARRO;4;1;5;0.010000;0.29;0.86;-0;0.93;FAIXA_RENDA__RENDA_BAIXA + CATEGORIA_FILHOS__UM_FILHO + POSSE_CARRO__COM_CARRO + SITUACAO_FAMILIAR__CASADO_OU_UNIAO_CIVIL + FAIXA_TAXA_REJEICAO__SEM_REJEICAO_PREVIA;100;0.010000
1321;FAIXA_IDADE__IDADE_30_A_39 + POSSE_CARRO__SEM_CARRO;FAIXA_CREDITO__CREDITO_ALTO + FAIXA_CREDITOS_ATIVOS__TRES_OU_MAIS_CREDITOS_ATIVOS;2;2;4;0.010000;0.06;0.86;-0;0.99;FAIXA_CREDITO__CREDITO_ALTO + FAIXA_IDADE__IDADE_30_A_39 + POSSE_CARRO__SEM_CARRO + FAIXA_CREDITOS_ATIVOS__TRES_OU_MAIS_CREDITOS_ATIVOS;100;0.010000
1322;FAIXA_CREDITO__CREDITO_ALTO + FAIXA_CREDITOS_ATIVOS__TRES_OU_MAIS_CREDITOS_ATIVOS;FAIXA_IDADE__IDADE_30_A_39 + POSSE_CARRO__SEM_CARRO;2;2;4;0.010000;0.14;0.86;-0;0.97;FAIXA_CREDITO__CREDITO_ALTO + FAIXA_IDADE__IDADE_30_A_39 + POSSE_CARRO__SEM_CARRO + FAIXA_CREDITOS_ATIVOS__TRES_OU_MAIS_CREDITOS_ATIVOS;100;0.010000
1323;CATEGORIA_FILHOS__SEM_FILHOS + FAIXA_CREDITOS_ATIVOS__UM_A_DOIS_CREDITOS_ATIVOS;FAIXA_RENDA__RENDA_BAIXA + FAIXA_IDADE__IDADE_40_A_49 + POSSE_CARRO__SEM_CARRO + FAIXA_TAXA_REJEICAO__SEM_REJEICAO_PREVIA;2;4;6;0.010000;0.03;0.86;-0;0.99;FAIXA_RENDA__RENDA_BAIXA + FAIXA_IDADE__IDADE_40_A_49 + CATEGORIA_FILHOS__SEM_FILHOS + POSSE_CARRO__SEM_CARRO + FAIXA_CREDITOS_ATIVOS__UM_A_DOIS_CREDITOS_ATIVOS + FAIXA_TAXA_REJEICAO__SEM_REJEICAO_PREVIA;100;0.010000
1324;FAIXA_RENDA__RENDA_BAIXA + FAIXA_IDADE__IDADE_40_A_49 + POSSE_CARRO__SEM_CARRO + FAIXA_TAXA_REJEICAO__SEM_REJEICAO_PREVIA;CATEGORIA_FILHOS__SEM_FILHOS + FAIXA_CREDITOS_ATIVOS__UM_A_DOIS_CREDITOS_ATIVOS;4;2;6;0.010000;0.26;0.86;-0;0.94;FAIXA_RENDA__RENDA_BAIXA + FAIXA_IDADE__IDADE_40_A_49 + CATEGORIA_FILHOS__SEM_FILHOS + POSSE_CARRO__SEM_CARRO + FAIXA_CREDITOS_ATIVOS__UM_A_DOIS_CREDITOS_ATIVOS + FAIXA_TAXA_REJEICAO__SEM_REJEICAO_PREVIA;100;0.010000
1325;FAIXA_RENDA__RENDA_BAIXA + POSSE_CARRO__SEM_CARRO;FAIXA_IDADE__IDADE_40_A_49 + CATEGORIA_FILHOS__SEM_FILHOS + FAIXA_CREDITOS_ATIVOS__UM_A_DOIS_CREDITOS_ATIVOS + FAIXA_TAXA_REJEICAO__SEM_REJEICAO_PREVIA;2;4;6;0.010000;0.04;0.85;-0;0.99;FAIXA_RENDA__RENDA_BAIXA + FAIXA_IDADE__IDADE_40_A_49 + CATEGORIA_FILHOS__SEM_FILHOS + POSSE_CARRO__SEM_CARRO + FAIXA_CREDITOS_ATIVOS__UM_A_DOIS_CREDITOS_ATIVOS + FAIXA_TAXA_REJEICAO__SEM_REJEICAO_PREVIA;100;0.010000
1326;FAIXA_IDADE__IDADE_40_A_49 + CATEGORIA_FILHOS__SEM_FILHOS + FAIXA_CREDITOS_ATIVOS__UM_A_DOIS_CREDITOS_ATIVOS + FAIXA_TAXA_REJEICAO__SEM_REJEICAO_PREVIA;FAIXA_RENDA__RENDA_BAIXA + POSSE_CARRO__SEM_CARRO;4;2;6;0.010000;0.22;0.85;-0;0.95;FAIXA_RENDA__RENDA_BAIXA + FAIXA_IDADE__IDADE_40_A_49 + CATEGORIA_FILHOS__SEM_FILHOS + POSSE_CARRO__SEM_CARRO + FAIXA_CREDITOS_ATIVOS__UM_A_DOIS_CREDITOS_ATIVOS + FAIXA_TAXA_REJEICAO__SEM_REJEICAO_PREVIA;100;0.010000
1327;FAIXA_IDADE__IDADE_30_A_39;FAIXA_CREDITO__CREDITO_MUITO_ALTO + POSSE_CARRO__SEM_CARRO + FAIXA_CREDITOS_ATIVOS__TRES_OU_MAIS_CREDITOS_ATIVOS;1;3;4;0.010000;0.04;0.85;-0;0.99;FAIXA_CREDITO__CREDITO_MUITO_ALTO + FAIXA_IDADE__IDADE_30_A_39 + POSSE_CARRO__SEM_CARRO + FAIXA_CREDITOS_ATIVOS__TRES_OU_MAIS_CREDITOS_ATIVOS;100;0.010000
1328;FAIXA_CREDITO__CREDITO_MUITO_ALTO + POSSE_CARRO__SEM_CARRO + FAIXA_CREDITOS_ATIVOS__TRES_OU_MAIS_CREDITOS_ATIVOS;FAIXA_IDADE__IDADE_30_A_39;3;1;4;0.010000;0.23;0.85;-0;0.95;FAIXA_CREDITO__CREDITO_MUITO_ALTO + FAIXA_IDADE__IDADE_30_A_39 + POSSE_CARRO__SEM_CARRO + FAIXA_CREDITOS_ATIVOS__TRES_OU_MAIS_CREDITOS_ATIVOS;100;0.010000
1329;FAIXA_CREDITO__CREDITO_MEDIO + POSSE_CARRO__COM_CARRO;SITUACAO_FAMILIAR__SOLTEIRO;2;1;3;0.010000;0.13;0.85;-0;0.97;FAIXA_CREDITO__CREDITO_MEDIO + POSSE_CARRO__COM_CARRO + SITUACAO_FAMILIAR__SOLTEIRO;100;0.010000
1330;SITUACAO_FAMILIAR__SOLTEIRO;FAIXA_CREDITO__CREDITO_MEDIO + POSSE_CARRO__COM_CARRO;1;2;3;0.010000;0.07;0.85;-0;0.99;FAIXA_CREDITO__CREDITO_MEDIO + POSSE_CARRO__COM_CARRO + SITUACAO_FAMILIAR__SOLTEIRO;100;0.010000
1331;FAIXA_RENDA__RENDA_MUITO_ALTA + FAIXA_CREDITOS_ATIVOS__UM_A_DOIS_CREDITOS_ATIVOS + FAIXA_TAXA_REJEICAO__SEM_REJEICAO_PREVIA;FAIXA_CREDITO__CREDITO_ALTO + POSSE_CARRO__SEM_CARRO;3;2;5;0.010000;0.14;0.85;-0;0.97;FAIXA_CREDITO__CREDITO_ALTO + FAIXA_RENDA__RENDA_MUITO_ALTA + POSSE_CARRO__SEM_CARRO + FAIXA_CREDITOS_ATIVOS__UM_A_DOIS_CREDITOS_ATIVOS + FAIXA_TAXA_REJEICAO__SEM_REJEICAO_PREVIA;100;0.010000
1332;FAIXA_CREDITO__CREDITO_ALTO + POSSE_CARRO__SEM_CARRO;FAIXA_RENDA__RENDA_MUITO_ALTA + FAIXA_CREDITOS_ATIVOS__UM_A_DOIS_CREDITOS_ATIVOS + FAIXA_TAXA_REJEICAO__SEM_REJEICAO_PREVIA;2;3;5;0.010000;0.06;0.85;-0;0.99;FAIXA_CREDITO__CREDITO_ALTO + FAIXA_RENDA__RENDA_MUITO_ALTA + POSSE_CARRO__SEM_CARRO + FAIXA_CREDITOS_ATIVOS__UM_A_DOIS_CREDITOS_ATIVOS + FAIXA_TAXA_REJEICAO__SEM_REJEICAO_PREVIA;100;0.010000
1333;FAIXA_RENDA__RENDA_MUITO_ALTA + SITUACAO_FAMILIAR__CASADO_OU_UNIAO_CIVIL;FAIXA_CREDITO__CREDITO_MEDIO + FAIXA_IDADE__IDADE_30_A_39;2;2;4;0.010000;0.06;0.85;-0;0.99;FAIXA_CREDITO__CREDITO_MEDIO + FAIXA_RENDA__RENDA_MUITO_ALTA + FAIXA_IDADE__IDADE_30_A_39 + SITUACAO_FAMILIAR__CASADO_OU_UNIAO_CIVIL;100;0.010000
1334;FAIXA_CREDITO__CREDITO_MEDIO + FAIXA_IDADE__IDADE_30_A_39;FAIXA_RENDA__RENDA_MUITO_ALTA + SITUACAO_FAMILIAR__CASADO_OU_UNIAO_CIVIL;2;2;4;0.010000;0.15;0.85;-0;0.97;FAIXA_CREDITO__CREDITO_MEDIO + FAIXA_RENDA__RENDA_MUITO_ALTA + FAIXA_IDADE__IDADE_30_A_39 + SITUACAO_FAMILIAR__CASADO_OU_UNIAO_CIVIL;100;0.010000
1335;FAIXA_RENDA__RENDA_BAIXA + FAIXA_IDADE__IDADE_60_OU_MAIS + CATEGORIA_FILHOS__SEM_FILHOS + POSSE_CARRO__SEM_CARRO + FAIXA_CREDITOS_ATIVOS__UM_A_DOIS_CREDITOS_ATIVOS;SITUACAO_FAMILIAR__CASADO_OU_UNIAO_CIVIL + FAIXA_TAXA_REJEICAO__SEM_REJEICAO_PREVIA;5;2;7;0.010000;0.42;0.85;-0;0.87;FAIXA_RENDA__RENDA_BAIXA + FAIXA_IDADE__IDADE_60_OU_MAIS + CATEGORIA_FILHOS__SEM_FILHOS + POSSE_CARRO__SEM_CARRO + SITUACAO_FAMILIAR__CASADO_OU_UNIAO_CIVIL + FAIXA_CREDITOS_ATIVOS__UM_A_DOIS_CREDITOS_ATIVOS + FAIXA_TAXA_REJEICAO__SEM_REJEICAO_PREVIA;100;0.010000
1336;SITUACAO_FAMILIAR__CASADO_OU_UNIAO_CIVIL + FAIXA_TAXA_REJEICAO__SEM_REJEICAO_PREVIA;FAIXA_RENDA__RENDA_BAIXA + FAIXA_IDADE__IDADE_60_OU_MAIS + CATEGORIA_FILHOS__SEM_FILHOS + POSSE_CARRO__SEM_CARRO + FAIXA_CREDITOS_ATIVOS__UM_A_DOIS_CREDITOS_ATIVOS;2;5;7;0.010000;0.02;0.85;-0;1;FAIXA_RENDA__RENDA_BAIXA + FAIXA_IDADE__IDADE_60_OU_MAIS + CATEGORIA_FILHOS__SEM_FILHOS + POSSE_CARRO__SEM_CARRO + SITUACAO_FAMILIAR__CASADO_OU_UNIAO_CIVIL + FAIXA_CREDITOS_ATIVOS__UM_A_DOIS_CREDITOS_ATIVOS + FAIXA_TAXA_REJEICAO__SEM_REJEICAO_PREVIA;100;0.010000
1337;FAIXA_TAXA_REJEICAO__SEM_REJEICAO_PREVIA;FAIXA_RENDA__RENDA_ALTA + FAIXA_IDADE__IDADE_30_A_39 + SITUACAO_FAMILIAR__CASADO_OU_UNIAO_CIVIL + FAIXA_CREDITOS_ATIVOS__TRES_OU_MAIS_CREDITOS_ATIVOS;1;4;5;0.010000;0.01;0.85;-0;1;FAIXA_RENDA__RENDA_ALTA + FAIXA_IDADE__IDADE_30_A_39 + SITUACAO_FAMILIAR__CASADO_OU_UNIAO_CIVIL + FAIXA_CREDITOS_ATIVOS__TRES_OU_MAIS_CREDITOS_ATIVOS + FAIXA_TAXA_REJEICAO__SEM_REJEICAO_PREVIA;100;0.010000
1338;FAIXA_RENDA__RENDA_ALTA + FAIXA_IDADE__IDADE_30_A_39 + SITUACAO_FAMILIAR__CASADO_OU_UNIAO_CIVIL + FAIXA_CREDITOS_ATIVOS__TRES_OU_MAIS_CREDITOS_ATIVOS;FAIXA_TAXA_REJEICAO__SEM_REJEICAO_PREVIA;4;1;5;0.010000;0.57;0.85;-0;0.75;FAIXA_RENDA__RENDA_ALTA + FAIXA_IDADE__IDADE_30_A_39 + SITUACAO_FAMILIAR__CASADO_OU_UNIAO_CIVIL + FAIXA_CREDITOS_ATIVOS__TRES_OU_MAIS_CREDITOS_ATIVOS + FAIXA_TAXA_REJEICAO__SEM_REJEICAO_PREVIA;100;0.010000
1339;FAIXA_TAXA_REJEICAO__REJEICAO_PREVIA_ATE_25_PCT;FAIXA_IDADE__IDADE_21_A_29 + SITUACAO_FAMILIAR__CASADO_OU_UNIAO_CIVIL;1;2;3;0.010000;0.07;0.85;-0;0.99;FAIXA_IDADE__IDADE_21_A_29 + SITUACAO_FAMILIAR__CASADO_OU_UNIAO_CIVIL + FAIXA_TAXA_REJEICAO__REJEICAO_PREVIA_ATE_25_PCT;100;0.010000
1340;FAIXA_IDADE__IDADE_21_A_29 + SITUACAO_FAMILIAR__CASADO_OU_UNIAO_CIVIL;FAIXA_TAXA_REJEICAO__REJEICAO_PREVIA_ATE_25_PCT;2;1;3;0.010000;0.13;0.85;-0;0.97;FAIXA_IDADE__IDADE_21_A_29 + SITUACAO_FAMILIAR__CASADO_OU_UNIAO_CIVIL + FAIXA_TAXA_REJEICAO__REJEICAO_PREVIA_ATE_25_PCT;100;0.010000
1341;FAIXA_RENDA__RENDA_ALTA;FAIXA_IDADE__IDADE_30_A_39 + POSSE_CARRO__SEM_CARRO + FAIXA_CREDITOS_ATIVOS__SEM_CREDITOS_ATIVOS;1;3;4;0.010000;0.04;0.85;-0;0.99;FAIXA_RENDA__RENDA_ALTA + FAIXA_IDADE__IDADE_30_A_39 + POSSE_CARRO__SEM_CARRO + FAIXA_CREDITOS_ATIVOS__SEM_CREDITOS_ATIVOS;100;0.010000
1342;FAIXA_IDADE__IDADE_30_A_39 + POSSE_CARRO__SEM_CARRO + FAIXA_CREDITOS_ATIVOS__SEM_CREDITOS_ATIVOS;FAIXA_RENDA__RENDA_ALTA;3;1;4;0.010000;0.22;0.85;-0;0.95;FAIXA_RENDA__RENDA_ALTA + FAIXA_IDADE__IDADE_30_A_39 + POSSE_CARRO__SEM_CARRO + FAIXA_CREDITOS_ATIVOS__SEM_CREDITOS_ATIVOS;100;0.010000
1343;FAIXA_RENDA__RENDA_ALTA + POSSE_CARRO__SEM_CARRO;FAIXA_IDADE__IDADE_30_A_39 + FAIXA_CREDITOS_ATIVOS__SEM_CREDITOS_ATIVOS;2;2;4;0.010000;0.06;0.85;-0;0.99;FAIXA_RENDA__RENDA_ALTA + FAIXA_IDADE__IDADE_30_A_39 + POSSE_CARRO__SEM_CARRO + FAIXA_CREDITOS_ATIVOS__SEM_CREDITOS_ATIVOS;100;0.010000
1344;FAIXA_IDADE__IDADE_30_A_39 + FAIXA_CREDITOS_ATIVOS__SEM_CREDITOS_ATIVOS;FAIXA_RENDA__RENDA_ALTA + POSSE_CARRO__SEM_CARRO;2;2;4;0.010000;0.14;0.85;-0;0.97;FAIXA_RENDA__RENDA_ALTA + FAIXA_IDADE__IDADE_30_A_39 + POSSE_CARRO__SEM_CARRO + FAIXA_CREDITOS_ATIVOS__SEM_CREDITOS_ATIVOS;100;0.010000
1345;FAIXA_CREDITOS_ATIVOS__TRES_OU_MAIS_CREDITOS_ATIVOS + FAIXA_TAXA_REJEICAO__SEM_REJEICAO_PREVIA;FAIXA_RENDA__RENDA_BAIXA + FAIXA_IDADE__IDADE_30_A_39;2;2;4;0.010000;0.06;0.84;-0;0.99;FAIXA_RENDA__RENDA_BAIXA + FAIXA_IDADE__IDADE_30_A_39 + FAIXA_CREDITOS_ATIVOS__TRES_OU_MAIS_CREDITOS_ATIVOS + FAIXA_TAXA_REJEICAO__SEM_REJEICAO_PREVIA;100;0.010000
1346;FAIXA_RENDA__RENDA_BAIXA + FAIXA_IDADE__IDADE_30_A_39;FAIXA_CREDITOS_ATIVOS__TRES_OU_MAIS_CREDITOS_ATIVOS + FAIXA_TAXA_REJEICAO__SEM_REJEICAO_PREVIA;2;2;4;0.010000;0.13;0.84;-0;0.97;FAIXA_RENDA__RENDA_BAIXA + FAIXA_IDADE__IDADE_30_A_39 + FAIXA_CREDITOS_ATIVOS__TRES_OU_MAIS_CREDITOS_ATIVOS + FAIXA_TAXA_REJEICAO__SEM_REJEICAO_PREVIA;100;0.010000
1349;FAIXA_CREDITO__CREDITO_BAIXO + POSSE_CARRO__COM_CARRO + FAIXA_CREDITOS_ATIVOS__TRES_OU_MAIS_CREDITOS_ATIVOS;FAIXA_TAXA_REJEICAO__SEM_REJEICAO_PREVIA;3;1;4;0.010000;0.57;0.84;-0;0.74;FAIXA_CREDITO__CREDITO_BAIXO + POSSE_CARRO__COM_CARRO + FAIXA_CREDITOS_ATIVOS__TRES_OU_MAIS_CREDITOS_ATIVOS + FAIXA_TAXA_REJEICAO__SEM_REJEICAO_PREVIA;100;0.010000
1350;FAIXA_TAXA_REJEICAO__SEM_REJEICAO_PREVIA;FAIXA_CREDITO__CREDITO_BAIXO + POSSE_CARRO__COM_CARRO + FAIXA_CREDITOS_ATIVOS__TRES_OU_MAIS_CREDITOS_ATIVOS;1;3;4;0.010000;0.01;0.84;-0;1;FAIXA_CREDITO__CREDITO_BAIXO + POSSE_CARRO__COM_CARRO + FAIXA_CREDITOS_ATIVOS__TRES_OU_MAIS_CREDITOS_ATIVOS + FAIXA_TAXA_REJEICAO__SEM_REJEICAO_PREVIA;100;0.010000
1351;POSSE_CARRO__COM_CARRO + FAIXA_CREDITOS_ATIVOS__TRES_OU_MAIS_CREDITOS_ATIVOS;FAIXA_RENDA__RENDA_MEDIA + FAIXA_TAXA_REJEICAO__SEM_REJEICAO_PREVIA;2;2;4;0.010000;0.1;0.83;-0;0.98;FAIXA_RENDA__RENDA_MEDIA + POSSE_CARRO__COM_CARRO + FAIXA_CREDITOS_ATIVOS__TRES_OU_MAIS_CREDITOS_ATIVOS + FAIXA_TAXA_REJEICAO__SEM_REJEICAO_PREVIA;100;0.010000
1352;FAIXA_RENDA__RENDA_MEDIA + FAIXA_TAXA_REJEICAO__SEM_REJEICAO_PREVIA;POSSE_CARRO__COM_CARRO + FAIXA_CREDITOS_ATIVOS__TRES_OU_MAIS_CREDITOS_ATIVOS;2;2;4;0.010000;0.08;0.83;-0;0.98;FAIXA_RENDA__RENDA_MEDIA + POSSE_CARRO__COM_CARRO + FAIXA_CREDITOS_ATIVOS__TRES_OU_MAIS_CREDITOS_ATIVOS + FAIXA_TAXA_REJEICAO__SEM_REJEICAO_PREVIA;100;0.010000
1353;FAIXA_RENDA__RENDA_MUITO_ALTA + FAIXA_IDADE__IDADE_30_A_39;FAIXA_CREDITO__CREDITO_MEDIO + SITUACAO_FAMILIAR__CASADO_OU_UNIAO_CIVIL;2;2;4;0.010000;0.15;0.83;-0;0.96;FAIXA_CREDITO__CREDITO_MEDIO + FAIXA_RENDA__RENDA_MUITO_ALTA + FAIXA_IDADE__IDADE_30_A_39 + SITUACAO_FAMILIAR__CASADO_OU_UNIAO_CIVIL;100;0.010000
1354;FAIXA_CREDITO__CREDITO_MEDIO + SITUACAO_FAMILIAR__CASADO_OU_UNIAO_CIVIL;FAIXA_RENDA__RENDA_MUITO_ALTA + FAIXA_IDADE__IDADE_30_A_39;2;2;4;0.010000;0.06;0.83;-0;0.99;FAIXA_CREDITO__CREDITO_MEDIO + FAIXA_RENDA__RENDA_MUITO_ALTA + FAIXA_IDADE__IDADE_30_A_39 + SITUACAO_FAMILIAR__CASADO_OU_UNIAO_CIVIL;100;0.010000
1355;FAIXA_RENDA__RENDA_ALTA + POSSE_CARRO__COM_CARRO + SITUACAO_FAMILIAR__CASADO_OU_UNIAO_CIVIL;FAIXA_IDADE__IDADE_50_A_59 + FAIXA_TAXA_REJEICAO__SEM_REJEICAO_PREVIA;3;2;5;0.010000;0.12;0.83;-0;0.97;FAIXA_RENDA__RENDA_ALTA + FAIXA_IDADE__IDADE_50_A_59 + POSSE_CARRO__COM_CARRO + SITUACAO_FAMILIAR__CASADO_OU_UNIAO_CIVIL + FAIXA_TAXA_REJEICAO__SEM_REJEICAO_PREVIA;100;0.010000
1356;FAIXA_IDADE__IDADE_50_A_59 + FAIXA_TAXA_REJEICAO__SEM_REJEICAO_PREVIA;FAIXA_RENDA__RENDA_ALTA + POSSE_CARRO__COM_CARRO + SITUACAO_FAMILIAR__CASADO_OU_UNIAO_CIVIL;2;3;5;0.010000;0.07;0.83;-0;0.98;FAIXA_RENDA__RENDA_ALTA + FAIXA_IDADE__IDADE_50_A_59 + POSSE_CARRO__COM_CARRO + SITUACAO_FAMILIAR__CASADO_OU_UNIAO_CIVIL + FAIXA_TAXA_REJEICAO__SEM_REJEICAO_PREVIA;100;0.010000
1357;POSSE_CARRO__COM_CARRO;FAIXA_RENDA__RENDA_BAIXA + SITUACAO_FAMILIAR__CASADO_OU_UNIAO_CIVIL + FAIXA_TAXA_REJEICAO__REJEICAO_PREVIA_ACIMA_25_PCT;1;3;4;0.010000;0.03;0.83;-0;0.99;FAIXA_RENDA__RENDA_BAIXA + POSSE_CARRO__COM_CARRO + SITUACAO_FAMILIAR__CASADO_OU_UNIAO_CIVIL + FAIXA_TAXA_REJEICAO__REJEICAO_PREVIA_ACIMA_25_PCT;100;0.010000
1358;FAIXA_RENDA__RENDA_BAIXA + SITUACAO_FAMILIAR__CASADO_OU_UNIAO_CIVIL + FAIXA_TAXA_REJEICAO__REJEICAO_PREVIA_ACIMA_25_PCT;POSSE_CARRO__COM_CARRO;3;1;4;0.010000;0.28;0.83;-0;0.92;FAIXA_RENDA__RENDA_BAIXA + POSSE_CARRO__COM_CARRO + SITUACAO_FAMILIAR__CASADO_OU_UNIAO_CIVIL + FAIXA_TAXA_REJEICAO__REJEICAO_PREVIA_ACIMA_25_PCT;100;0.010000
1359;FAIXA_IDADE__IDADE_30_A_39;FAIXA_CREDITO__CREDITO_ALTO + POSSE_CARRO__SEM_CARRO + FAIXA_CREDITOS_ATIVOS__TRES_OU_MAIS_CREDITOS_ATIVOS;1;3;4;0.010000;0.04;0.83;-0;0.99;FAIXA_CREDITO__CREDITO_ALTO + FAIXA_IDADE__IDADE_30_A_39 + POSSE_CARRO__SEM_CARRO + FAIXA_CREDITOS_ATIVOS__TRES_OU_MAIS_CREDITOS_ATIVOS;100;0.010000
1360;FAIXA_CREDITO__CREDITO_ALTO + POSSE_CARRO__SEM_CARRO + FAIXA_CREDITOS_ATIVOS__TRES_OU_MAIS_CREDITOS_ATIVOS;FAIXA_IDADE__IDADE_30_A_39;3;1;4;0.010000;0.22;0.83;-0;0.94;FAIXA_CREDITO__CREDITO_ALTO + FAIXA_IDADE__IDADE_30_A_39 + POSSE_CARRO__SEM_CARRO + FAIXA_CREDITOS_ATIVOS__TRES_OU_MAIS_CREDITOS_ATIVOS;100;0.010000
1361;FAIXA_TAXA_REJEICAO__SEM_REJEICAO_PREVIA;FAIXA_CREDITO__CREDITO_BAIXO + FAIXA_RENDA__RENDA_MUITO_ALTA + SITUACAO_FAMILIAR__CASADO_OU_UNIAO_CIVIL;1;3;4;0.010000;0.01;0.83;-0;1;FAIXA_CREDITO__CREDITO_BAIXO + FAIXA_RENDA__RENDA_MUITO_ALTA + SITUACAO_FAMILIAR__CASADO_OU_UNIAO_CIVIL + FAIXA_TAXA_REJEICAO__SEM_REJEICAO_PREVIA;100;0.010000
1362;FAIXA_CREDITO__CREDITO_BAIXO + FAIXA_RENDA__RENDA_MUITO_ALTA + SITUACAO_FAMILIAR__CASADO_OU_UNIAO_CIVIL;FAIXA_TAXA_REJEICAO__SEM_REJEICAO_PREVIA;3;1;4;0.010000;0.56;0.83;-0;0.72;FAIXA_CREDITO__CREDITO_BAIXO + FAIXA_RENDA__RENDA_MUITO_ALTA + SITUACAO_FAMILIAR__CASADO_OU_UNIAO_CIVIL + FAIXA_TAXA_REJEICAO__SEM_REJEICAO_PREVIA;100;0.010000
1363;FAIXA_CREDITO__CREDITO_MUITO_ALTO + FAIXA_CREDITOS_ATIVOS__TRES_OU_MAIS_CREDITOS_ATIVOS;FAIXA_IDADE__IDADE_30_A_39 + POSSE_CARRO__SEM_CARRO;2;2;4;0.010000;0.13;0.82;-0;0.97;FAIXA_CREDITO__CREDITO_MUITO_ALTO + FAIXA_IDADE__IDADE_30_A_39 + POSSE_CARRO__SEM_CARRO + FAIXA_CREDITOS_ATIVOS__TRES_OU_MAIS_CREDITOS_ATIVOS;100;0.010000
1364;FAIXA_IDADE__IDADE_30_A_39 + POSSE_CARRO__SEM_CARRO;FAIXA_CREDITO__CREDITO_MUITO_ALTO + FAIXA_CREDITOS_ATIVOS__TRES_OU_MAIS_CREDITOS_ATIVOS;2;2;4;0.010000;0.06;0.82;-0;0.99;FAIXA_CREDITO__CREDITO_MUITO_ALTO + FAIXA_IDADE__IDADE_30_A_39 + POSSE_CARRO__SEM_CARRO + FAIXA_CREDITOS_ATIVOS__TRES_OU_MAIS_CREDITOS_ATIVOS;100;0.010000
1365;FAIXA_CREDITO__CREDITO_MUITO_ALTO + FAIXA_IDADE__IDADE_30_A_39 + CATEGORIA_FILHOS__SEM_FILHOS;POSSE_CARRO__SEM_CARRO + SITUACAO_FAMILIAR__CASADO_OU_UNIAO_CIVIL;3;2;5;0.010000;0.37;0.82;-0;0.87;FAIXA_CREDITO__CREDITO_MUITO_ALTO + FAIXA_IDADE__IDADE_30_A_39 + CATEGORIA_FILHOS__SEM_FILHOS + POSSE_CARRO__SEM_CARRO + SITUACAO_FAMILIAR__CASADO_OU_UNIAO_CIVIL;100;0.010000
1366;POSSE_CARRO__SEM_CARRO + SITUACAO_FAMILIAR__CASADO_OU_UNIAO_CIVIL;FAIXA_CREDITO__CREDITO_MUITO_ALTO + FAIXA_IDADE__IDADE_30_A_39 + CATEGORIA_FILHOS__SEM_FILHOS;2;3;5;0.010000;0.02;0.82;-0;0.99;FAIXA_CREDITO__CREDITO_MUITO_ALTO + FAIXA_IDADE__IDADE_30_A_39 + CATEGORIA_FILHOS__SEM_FILHOS + POSSE_CARRO__SEM_CARRO + SITUACAO_FAMILIAR__CASADO_OU_UNIAO_CIVIL;100;0.010000
1367;POSSE_CARRO__SEM_CARRO;FAIXA_CREDITO__CREDITO_ALTO + FAIXA_RENDA__RENDA_MUITO_ALTA + FAIXA_CREDITOS_ATIVOS__UM_A_DOIS_CREDITOS_ATIVOS + FAIXA_TAXA_REJEICAO__SEM_REJEICAO_PREVIA;1;4;5;0.010000;0.02;0.82;-0;1;FAIXA_CREDITO__CREDITO_ALTO + FAIXA_RENDA__RENDA_MUITO_ALTA + POSSE_CARRO__SEM_CARRO + FAIXA_CREDITOS_ATIVOS__UM_A_DOIS_CREDITOS_ATIVOS + FAIXA_TAXA_REJEICAO__SEM_REJEICAO_PREVIA;100;0.010000
1368;FAIXA_CREDITO__CREDITO_ALTO + FAIXA_RENDA__RENDA_MUITO_ALTA + FAIXA_CREDITOS_ATIVOS__UM_A_DOIS_CREDITOS_ATIVOS + FAIXA_TAXA_REJEICAO__SEM_REJEICAO_PREVIA;POSSE_CARRO__SEM_CARRO;4;1;5;0.010000;0.54;0.82;-0;0.73;FAIXA_CREDITO__CREDITO_ALTO + FAIXA_RENDA__RENDA_MUITO_ALTA + POSSE_CARRO__SEM_CARRO + FAIXA_CREDITOS_ATIVOS__UM_A_DOIS_CREDITOS_ATIVOS + FAIXA_TAXA_REJEICAO__SEM_REJEICAO_PREVIA;100;0.010000
1369;FAIXA_IDADE__IDADE_50_A_59 + CATEGORIA_FILHOS__SEM_FILHOS;FAIXA_CREDITO__CREDITO_BAIXO + FAIXA_RENDA__RENDA_BAIXA + FAIXA_CREDITOS_ATIVOS__UM_A_DOIS_CREDITOS_ATIVOS;2;3;5;0.010000;0.05;0.82;-0;0.99;FAIXA_CREDITO__CREDITO_BAIXO + FAIXA_RENDA__RENDA_BAIXA + FAIXA_IDADE__IDADE_50_A_59 + CATEGORIA_FILHOS__SEM_FILHOS + FAIXA_CREDITOS_ATIVOS__UM_A_DOIS_CREDITOS_ATIVOS;100;0.010000
1370;FAIXA_CREDITO__CREDITO_BAIXO + FAIXA_RENDA__RENDA_BAIXA + FAIXA_CREDITOS_ATIVOS__UM_A_DOIS_CREDITOS_ATIVOS;FAIXA_IDADE__IDADE_50_A_59 + CATEGORIA_FILHOS__SEM_FILHOS;3;2;5;0.010000;0.17;0.82;-0;0.95;FAIXA_CREDITO__CREDITO_BAIXO + FAIXA_RENDA__RENDA_BAIXA + FAIXA_IDADE__IDADE_50_A_59 + CATEGORIA_FILHOS__SEM_FILHOS + FAIXA_CREDITOS_ATIVOS__UM_A_DOIS_CREDITOS_ATIVOS;100;0.010000
1371;FAIXA_RENDA__RENDA_MUITO_ALTA;FAIXA_CREDITO__CREDITO_MEDIO + FAIXA_IDADE__IDADE_30_A_39 + SITUACAO_FAMILIAR__CASADO_OU_UNIAO_CIVIL;1;3;4;0.010000;0.04;0.82;-0;0.99;FAIXA_CREDITO__CREDITO_MEDIO + FAIXA_RENDA__RENDA_MUITO_ALTA + FAIXA_IDADE__IDADE_30_A_39 + SITUACAO_FAMILIAR__CASADO_OU_UNIAO_CIVIL;100;0.010000
1372;FAIXA_CREDITO__CREDITO_MEDIO + FAIXA_IDADE__IDADE_30_A_39 + SITUACAO_FAMILIAR__CASADO_OU_UNIAO_CIVIL;FAIXA_RENDA__RENDA_MUITO_ALTA;3;1;4;0.010000;0.2;0.82;-0;0.94;FAIXA_CREDITO__CREDITO_MEDIO + FAIXA_RENDA__RENDA_MUITO_ALTA + FAIXA_IDADE__IDADE_30_A_39 + SITUACAO_FAMILIAR__CASADO_OU_UNIAO_CIVIL;100;0.010000
1373;FAIXA_RENDA__RENDA_MUITO_ALTA;FAIXA_CREDITO__CREDITO_ALTO + POSSE_CARRO__SEM_CARRO + FAIXA_CREDITOS_ATIVOS__UM_A_DOIS_CREDITOS_ATIVOS + FAIXA_TAXA_REJEICAO__SEM_REJEICAO_PREVIA;1;4;5;0.010000;0.04;0.82;-0;0.99;FAIXA_CREDITO__CREDITO_ALTO + FAIXA_RENDA__RENDA_MUITO_ALTA + POSSE_CARRO__SEM_CARRO + FAIXA_CREDITOS_ATIVOS__UM_A_DOIS_CREDITOS_ATIVOS + FAIXA_TAXA_REJEICAO__SEM_REJEICAO_PREVIA;100;0.010000
1374;FAIXA_CREDITO__CREDITO_ALTO + POSSE_CARRO__SEM_CARRO + FAIXA_CREDITOS_ATIVOS__UM_A_DOIS_CREDITOS_ATIVOS + FAIXA_TAXA_REJEICAO__SEM_REJEICAO_PREVIA;FAIXA_RENDA__RENDA_MUITO_ALTA;4;1;5;0.010000;0.2;0.82;-0;0.94;FAIXA_CREDITO__CREDITO_ALTO + FAIXA_RENDA__RENDA_MUITO_ALTA + POSSE_CARRO__SEM_CARRO + FAIXA_CREDITOS_ATIVOS__UM_A_DOIS_CREDITOS_ATIVOS + FAIXA_TAXA_REJEICAO__SEM_REJEICAO_PREVIA;100;0.010000
1375;FAIXA_CREDITO__CREDITO_BAIXO + FAIXA_RENDA__RENDA_BAIXA + POSSE_CARRO__SEM_CARRO + SITUACAO_FAMILIAR__CASADO_OU_UNIAO_CIVIL + FAIXA_TAXA_REJEICAO__SEM_REJEICAO_PREVIA;FAIXA_IDADE__IDADE_40_A_49;5;1;6;0.010000;0.21;0.82;-0;0.94;FAIXA_CREDITO__CREDITO_BAIXO + FAIXA_RENDA__RENDA_BAIXA + FAIXA_IDADE__IDADE_40_A_49 + POSSE_CARRO__SEM_CARRO + SITUACAO_FAMILIAR__CASADO_OU_UNIAO_CIVIL + FAIXA_TAXA_REJEICAO__SEM_REJEICAO_PREVIA;100;0.010000
1376;FAIXA_IDADE__IDADE_40_A_49;FAIXA_CREDITO__CREDITO_BAIXO + FAIXA_RENDA__RENDA_BAIXA + POSSE_CARRO__SEM_CARRO + SITUACAO_FAMILIAR__CASADO_OU_UNIAO_CIVIL + FAIXA_TAXA_REJEICAO__SEM_REJEICAO_PREVIA;1;5;6;0.010000;0.04;0.82;-0;0.99;FAIXA_CREDITO__CREDITO_BAIXO + FAIXA_RENDA__RENDA_BAIXA + FAIXA_IDADE__IDADE_40_A_49 + POSSE_CARRO__SEM_CARRO + SITUACAO_FAMILIAR__CASADO_OU_UNIAO_CIVIL + FAIXA_TAXA_REJEICAO__SEM_REJEICAO_PREVIA;100;0.010000
1377;FAIXA_IDADE__IDADE_40_A_49 + CATEGORIA_FILHOS__SEM_FILHOS;FAIXA_RENDA__RENDA_BAIXA + POSSE_CARRO__SEM_CARRO + FAIXA_CREDITOS_ATIVOS__UM_A_DOIS_CREDITOS_ATIVOS + FAIXA_TAXA_REJEICAO__SEM_REJEICAO_PREVIA;2;4;6;0.010000;0.06;0.82;-0;0.98;FAIXA_RENDA__RENDA_BAIXA + FAIXA_IDADE__IDADE_40_A_49 + CATEGORIA_FILHOS__SEM_FILHOS + POSSE_CARRO__SEM_CARRO + FAIXA_CREDITOS_ATIVOS__UM_A_DOIS_CREDITOS_ATIVOS + FAIXA_TAXA_REJEICAO__SEM_REJEICAO_PREVIA;100;0.010000
1378;FAIXA_RENDA__RENDA_BAIXA + POSSE_CARRO__SEM_CARRO + FAIXA_CREDITOS_ATIVOS__UM_A_DOIS_CREDITOS_ATIVOS + FAIXA_TAXA_REJEICAO__SEM_REJEICAO_PREVIA;FAIXA_IDADE__IDADE_40_A_49 + CATEGORIA_FILHOS__SEM_FILHOS;4;2;6;0.010000;0.13;0.82;-0;0.97;FAIXA_RENDA__RENDA_BAIXA + FAIXA_IDADE__IDADE_40_A_49 + CATEGORIA_FILHOS__SEM_FILHOS + POSSE_CARRO__SEM_CARRO + FAIXA_CREDITOS_ATIVOS__UM_A_DOIS_CREDITOS_ATIVOS + FAIXA_TAXA_REJEICAO__SEM_REJEICAO_PREVIA;100;0.010000
1379;FAIXA_RENDA__RENDA_MUITO_ALTA + FAIXA_CREDITOS_ATIVOS__UM_A_DOIS_CREDITOS_ATIVOS;FAIXA_CREDITO__CREDITO_ALTO + POSSE_CARRO__SEM_CARRO + FAIXA_TAXA_REJEICAO__SEM_REJEICAO_PREVIA;2;3;5;0.010000;0.1;0.81;-0;0.98;FAIXA_CREDITO__CREDITO_ALTO + FAIXA_RENDA__RENDA_MUITO_ALTA + POSSE_CARRO__SEM_CARRO + FAIXA_CREDITOS_ATIVOS__UM_A_DOIS_CREDITOS_ATIVOS + FAIXA_TAXA_REJEICAO__SEM_REJEICAO_PREVIA;100;0.010000
1380;FAIXA_CREDITO__CREDITO_ALTO + POSSE_CARRO__SEM_CARRO + FAIXA_TAXA_REJEICAO__SEM_REJEICAO_PREVIA;FAIXA_RENDA__RENDA_MUITO_ALTA + FAIXA_CREDITOS_ATIVOS__UM_A_DOIS_CREDITOS_ATIVOS;3;2;5;0.010000;0.09;0.81;-0;0.98;FAIXA_CREDITO__CREDITO_ALTO + FAIXA_RENDA__RENDA_MUITO_ALTA + POSSE_CARRO__SEM_CARRO + FAIXA_CREDITOS_ATIVOS__UM_A_DOIS_CREDITOS_ATIVOS + FAIXA_TAXA_REJEICAO__SEM_REJEICAO_PREVIA;100;0.010000
1381;FAIXA_CREDITO__CREDITO_MUITO_ALTO;SITUACAO_FAMILIAR__SEPARADO_VIUVO_OU_NAO_INFORMADO + FAIXA_CREDITOS_ATIVOS__UM_A_DOIS_CREDITOS_ATIVOS;1;2;3;0.010000;0.04;0.81;-0;0.99;FAIXA_CREDITO__CREDITO_MUITO_ALTO + SITUACAO_FAMILIAR__SEPARADO_VIUVO_OU_NAO_INFORMADO + FAIXA_CREDITOS_ATIVOS__UM_A_DOIS_CREDITOS_ATIVOS;100;0.010000
1382;SITUACAO_FAMILIAR__SEPARADO_VIUVO_OU_NAO_INFORMADO + FAIXA_CREDITOS_ATIVOS__UM_A_DOIS_CREDITOS_ATIVOS;FAIXA_CREDITO__CREDITO_MUITO_ALTO;2;1;3;0.010000;0.2;0.81;-0;0.94;FAIXA_CREDITO__CREDITO_MUITO_ALTO + SITUACAO_FAMILIAR__SEPARADO_VIUVO_OU_NAO_INFORMADO + FAIXA_CREDITOS_ATIVOS__UM_A_DOIS_CREDITOS_ATIVOS;100;0.010000
1383;FAIXA_CREDITO__CREDITO_BAIXO;POSSE_CARRO__COM_CARRO + SITUACAO_FAMILIAR__CASADO_OU_UNIAO_CIVIL + FAIXA_TAXA_REJEICAO__REJEICAO_PREVIA_ACIMA_25_PCT;1;3;4;0.010000;0.04;0.81;-0;0.99;FAIXA_CREDITO__CREDITO_BAIXO + POSSE_CARRO__COM_CARRO + SITUACAO_FAMILIAR__CASADO_OU_UNIAO_CIVIL + FAIXA_TAXA_REJEICAO__REJEICAO_PREVIA_ACIMA_25_PCT;100;0.010000
1384;POSSE_CARRO__COM_CARRO + SITUACAO_FAMILIAR__CASADO_OU_UNIAO_CIVIL + FAIXA_TAXA_REJEICAO__REJEICAO_PREVIA_ACIMA_25_PCT;FAIXA_CREDITO__CREDITO_BAIXO;3;1;4;0.010000;0.21;0.81;-0;0.94;FAIXA_CREDITO__CREDITO_BAIXO + POSSE_CARRO__COM_CARRO + SITUACAO_FAMILIAR__CASADO_OU_UNIAO_CIVIL + FAIXA_TAXA_REJEICAO__REJEICAO_PREVIA_ACIMA_25_PCT;100;0.010000
1385;FAIXA_RENDA__RENDA_ALTA + FAIXA_IDADE__IDADE_30_A_39 + POSSE_CARRO__SEM_CARRO;FAIXA_CREDITOS_ATIVOS__SEM_CREDITOS_ATIVOS;3;1;4;0.010000;0.24;0.81;-0;0.92;FAIXA_RENDA__RENDA_ALTA + FAIXA_IDADE__IDADE_30_A_39 + POSSE_CARRO__SEM_CARRO + FAIXA_CREDITOS_ATIVOS__SEM_CREDITOS_ATIVOS;100;0.010000
1386;FAIXA_CREDITOS_ATIVOS__SEM_CREDITOS_ATIVOS;FAIXA_RENDA__RENDA_ALTA + FAIXA_IDADE__IDADE_30_A_39 + POSSE_CARRO__SEM_CARRO;1;3;4;0.010000;0.03;0.81;-0;0.99;FAIXA_RENDA__RENDA_ALTA + FAIXA_IDADE__IDADE_30_A_39 + POSSE_CARRO__SEM_CARRO + FAIXA_CREDITOS_ATIVOS__SEM_CREDITOS_ATIVOS;100;0.010000
1387;FAIXA_RENDA__RENDA_ALTA + FAIXA_IDADE__IDADE_30_A_39 + FAIXA_CREDITOS_ATIVOS__SEM_CREDITOS_ATIVOS;POSSE_CARRO__SEM_CARRO;3;1;4;0.010000;0.53;0.81;-0;0.72;FAIXA_RENDA__RENDA_ALTA + FAIXA_IDADE__IDADE_30_A_39 + POSSE_CARRO__SEM_CARRO + FAIXA_CREDITOS_ATIVOS__SEM_CREDITOS_ATIVOS;100;0.010000
1388;POSSE_CARRO__SEM_CARRO;FAIXA_RENDA__RENDA_ALTA + FAIXA_IDADE__IDADE_30_A_39 + FAIXA_CREDITOS_ATIVOS__SEM_CREDITOS_ATIVOS;1;3;4;0.010000;0.02;0.81;-0;1;FAIXA_RENDA__RENDA_ALTA + FAIXA_IDADE__IDADE_30_A_39 + POSSE_CARRO__SEM_CARRO + FAIXA_CREDITOS_ATIVOS__SEM_CREDITOS_ATIVOS;100;0.010000
1389;FAIXA_RENDA__RENDA_BAIXA;FAIXA_IDADE__IDADE_30_A_39 + SITUACAO_FAMILIAR__CASADO_OU_UNIAO_CIVIL + FAIXA_TAXA_REJEICAO__REJEICAO_PREVIA_ACIMA_25_PCT;1;3;4;0.010000;0.03;0.81;-0;0.99;FAIXA_RENDA__RENDA_BAIXA + FAIXA_IDADE__IDADE_30_A_39 + SITUACAO_FAMILIAR__CASADO_OU_UNIAO_CIVIL + FAIXA_TAXA_REJEICAO__REJEICAO_PREVIA_ACIMA_25_PCT;100;0.010000
1390;FAIXA_IDADE__IDADE_30_A_39 + SITUACAO_FAMILIAR__CASADO_OU_UNIAO_CIVIL + FAIXA_TAXA_REJEICAO__REJEICAO_PREVIA_ACIMA_25_PCT;FAIXA_RENDA__RENDA_BAIXA;3;1;4;0.010000;0.27;0.81;-0;0.91;FAIXA_RENDA__RENDA_BAIXA + FAIXA_IDADE__IDADE_30_A_39 + SITUACAO_FAMILIAR__CASADO_OU_UNIAO_CIVIL + FAIXA_TAXA_REJEICAO__REJEICAO_PREVIA_ACIMA_25_PCT;100;0.010000
1391;FAIXA_CREDITO__CREDITO_MEDIO + FAIXA_CREDITOS_ATIVOS__UM_A_DOIS_CREDITOS_ATIVOS;FAIXA_RENDA__RENDA_MUITO_ALTA + POSSE_CARRO__COM_CARRO;2;2;4;0.010000;0.09;0.81;-0;0.97;FAIXA_CREDITO__CREDITO_MEDIO + FAIXA_RENDA__RENDA_MUITO_ALTA + POSSE_CARRO__COM_CARRO + FAIXA_CREDITOS_ATIVOS__UM_A_DOIS_CREDITOS_ATIVOS;100;0.010000
1392;FAIXA_RENDA__RENDA_MUITO_ALTA + POSSE_CARRO__COM_CARRO;FAIXA_CREDITO__CREDITO_MEDIO + FAIXA_CREDITOS_ATIVOS__UM_A_DOIS_CREDITOS_ATIVOS;2;2;4;0.010000;0.09;0.81;-0;0.98;FAIXA_CREDITO__CREDITO_MEDIO + FAIXA_RENDA__RENDA_MUITO_ALTA + POSSE_CARRO__COM_CARRO + FAIXA_CREDITOS_ATIVOS__UM_A_DOIS_CREDITOS_ATIVOS;100;0.010000
1393;POSSE_CARRO__SEM_CARRO;FAIXA_CREDITO__CREDITO_MUITO_ALTO + FAIXA_IDADE__IDADE_30_A_39 + FAIXA_CREDITOS_ATIVOS__TRES_OU_MAIS_CREDITOS_ATIVOS;1;3;4;0.010000;0.02;0.81;-0;1;FAIXA_CREDITO__CREDITO_MUITO_ALTO + FAIXA_IDADE__IDADE_30_A_39 + POSSE_CARRO__SEM_CARRO + FAIXA_CREDITOS_ATIVOS__TRES_OU_MAIS_CREDITOS_ATIVOS;100;0.010000
1394;FAIXA_CREDITO__CREDITO_MUITO_ALTO + FAIXA_IDADE__IDADE_30_A_39 + FAIXA_CREDITOS_ATIVOS__TRES_OU_MAIS_CREDITOS_ATIVOS;POSSE_CARRO__SEM_CARRO;3;1;4;0.010000;0.53;0.81;-0;0.72;FAIXA_CREDITO__CREDITO_MUITO_ALTO + FAIXA_IDADE__IDADE_30_A_39 + POSSE_CARRO__SEM_CARRO + FAIXA_CREDITOS_ATIVOS__TRES_OU_MAIS_CREDITOS_ATIVOS;100;0.010000
1395;FAIXA_CREDITO__CREDITO_BAIXO + FAIXA_TAXA_REJEICAO__REJEICAO_PREVIA_ACIMA_25_PCT;POSSE_CARRO__COM_CARRO + SITUACAO_FAMILIAR__CASADO_OU_UNIAO_CIVIL;2;2;4;0.010000;0.22;0.8;-0;0.93;FAIXA_CREDITO__CREDITO_BAIXO + POSSE_CARRO__COM_CARRO + SITUACAO_FAMILIAR__CASADO_OU_UNIAO_CIVIL + FAIXA_TAXA_REJEICAO__REJEICAO_PREVIA_ACIMA_25_PCT;100;0.010000
1396;POSSE_CARRO__COM_CARRO + SITUACAO_FAMILIAR__CASADO_OU_UNIAO_CIVIL;FAIXA_CREDITO__CREDITO_BAIXO + FAIXA_TAXA_REJEICAO__REJEICAO_PREVIA_ACIMA_25_PCT;2;2;4;0.010000;0.04;0.8;-0;0.99;FAIXA_CREDITO__CREDITO_BAIXO + POSSE_CARRO__COM_CARRO + SITUACAO_FAMILIAR__CASADO_OU_UNIAO_CIVIL + FAIXA_TAXA_REJEICAO__REJEICAO_PREVIA_ACIMA_25_PCT;100;0.010000
1397;FAIXA_IDADE__IDADE_30_A_39 + FAIXA_CREDITOS_ATIVOS__TRES_OU_MAIS_CREDITOS_ATIVOS;FAIXA_CREDITO__CREDITO_ALTO + POSSE_CARRO__SEM_CARRO;2;2;4;0.010000;0.13;0.8;-0;0.96;FAIXA_CREDITO__CREDITO_ALTO + FAIXA_IDADE__IDADE_30_A_39 + POSSE_CARRO__SEM_CARRO + FAIXA_CREDITOS_ATIVOS__TRES_OU_MAIS_CREDITOS_ATIVOS;100;0.010000
1398;FAIXA_CREDITO__CREDITO_ALTO + POSSE_CARRO__SEM_CARRO;FAIXA_IDADE__IDADE_30_A_39 + FAIXA_CREDITOS_ATIVOS__TRES_OU_MAIS_CREDITOS_ATIVOS;2;2;4;0.010000;0.06;0.8;-0;0.98;FAIXA_CREDITO__CREDITO_ALTO + FAIXA_IDADE__IDADE_30_A_39 + POSSE_CARRO__SEM_CARRO + FAIXA_CREDITOS_ATIVOS__TRES_OU_MAIS_CREDITOS_ATIVOS;100;0.010000
1399;FAIXA_CREDITO__CREDITO_ALTO + FAIXA_RENDA__RENDA_MUITO_ALTA + FAIXA_CREDITOS_ATIVOS__UM_A_DOIS_CREDITOS_ATIVOS;POSSE_CARRO__SEM_CARRO + FAIXA_TAXA_REJEICAO__SEM_REJEICAO_PREVIA;3;2;5;0.010000;0.36;0.8;-0;0.85;FAIXA_CREDITO__CREDITO_ALTO + FAIXA_RENDA__RENDA_MUITO_ALTA + POSSE_CARRO__SEM_CARRO + FAIXA_CREDITOS_ATIVOS__UM_A_DOIS_CREDITOS_ATIVOS + FAIXA_TAXA_REJEICAO__SEM_REJEICAO_PREVIA;100;0.010000
1400;POSSE_CARRO__SEM_CARRO + FAIXA_TAXA_REJEICAO__SEM_REJEICAO_PREVIA;FAIXA_CREDITO__CREDITO_ALTO + FAIXA_RENDA__RENDA_MUITO_ALTA + FAIXA_CREDITOS_ATIVOS__UM_A_DOIS_CREDITOS_ATIVOS;2;3;5;0.010000;0.02;0.8;-0;0.99;FAIXA_CREDITO__CREDITO_ALTO + FAIXA_RENDA__RENDA_MUITO_ALTA + POSSE_CARRO__SEM_CARRO + FAIXA_CREDITOS_ATIVOS__UM_A_DOIS_CREDITOS_ATIVOS + FAIXA_TAXA_REJEICAO__SEM_REJEICAO_PREVIA;100;0.010000
1401;FAIXA_RENDA__RENDA_BAIXA + POSSE_CARRO__SEM_CARRO + FAIXA_TAXA_REJEICAO__SEM_REJEICAO_PREVIA;FAIXA_IDADE__IDADE_40_A_49 + CATEGORIA_FILHOS__SEM_FILHOS + FAIXA_CREDITOS_ATIVOS__UM_A_DOIS_CREDITOS_ATIVOS;3;3;6;0.010000;0.05;0.79;-0;0.98;FAIXA_RENDA__RENDA_BAIXA + FAIXA_IDADE__IDADE_40_A_49 + CATEGORIA_FILHOS__SEM_FILHOS + POSSE_CARRO__SEM_CARRO + FAIXA_CREDITOS_ATIVOS__UM_A_DOIS_CREDITOS_ATIVOS + FAIXA_TAXA_REJEICAO__SEM_REJEICAO_PREVIA;100;0.010000
1402;FAIXA_IDADE__IDADE_40_A_49 + CATEGORIA_FILHOS__SEM_FILHOS + FAIXA_CREDITOS_ATIVOS__UM_A_DOIS_CREDITOS_ATIVOS;FAIXA_RENDA__RENDA_BAIXA + POSSE_CARRO__SEM_CARRO + FAIXA_TAXA_REJEICAO__SEM_REJEICAO_PREVIA;3;3;6;0.010000;0.14;0.79;-0;0.95;FAIXA_RENDA__RENDA_BAIXA + FAIXA_IDADE__IDADE_40_A_49 + CATEGORIA_FILHOS__SEM_FILHOS + POSSE_CARRO__SEM_CARRO + FAIXA_CREDITOS_ATIVOS__UM_A_DOIS_CREDITOS_ATIVOS + FAIXA_TAXA_REJEICAO__SEM_REJEICAO_PREVIA;100;0.010000
1403;SITUACAO_FAMILIAR__SEPARADO_VIUVO_OU_NAO_INFORMADO;FAIXA_CREDITO__CREDITO_MUITO_ALTO + FAIXA_CREDITOS_ATIVOS__UM_A_DOIS_CREDITOS_ATIVOS;1;2;3;0.010000;0.08;0.79;-0;0.97;FAIXA_CREDITO__CREDITO_MUITO_ALTO + SITUACAO_FAMILIAR__SEPARADO_VIUVO_OU_NAO_INFORMADO + FAIXA_CREDITOS_ATIVOS__UM_A_DOIS_CREDITOS_ATIVOS;100;0.010000
1404;FAIXA_CREDITO__CREDITO_MUITO_ALTO + FAIXA_CREDITOS_ATIVOS__UM_A_DOIS_CREDITOS_ATIVOS;SITUACAO_FAMILIAR__SEPARADO_VIUVO_OU_NAO_INFORMADO;2;1;3;0.010000;0.09;0.79;-0;0.97;FAIXA_CREDITO__CREDITO_MUITO_ALTO + SITUACAO_FAMILIAR__SEPARADO_VIUVO_OU_NAO_INFORMADO + FAIXA_CREDITOS_ATIVOS__UM_A_DOIS_CREDITOS_ATIVOS;100;0.010000
1405;FAIXA_CREDITO__CREDITO_ALTO + FAIXA_RENDA__RENDA_MUITO_ALTA;POSSE_CARRO__SEM_CARRO + FAIXA_CREDITOS_ATIVOS__UM_A_DOIS_CREDITOS_ATIVOS + FAIXA_TAXA_REJEICAO__SEM_REJEICAO_PREVIA;2;3;5;0.010000;0.16;0.78;-0;0.95;FAIXA_CREDITO__CREDITO_ALTO + FAIXA_RENDA__RENDA_MUITO_ALTA + POSSE_CARRO__SEM_CARRO + FAIXA_CREDITOS_ATIVOS__UM_A_DOIS_CREDITOS_ATIVOS + FAIXA_TAXA_REJEICAO__SEM_REJEICAO_PREVIA;100;0.010000
1406;POSSE_CARRO__SEM_CARRO + FAIXA_CREDITOS_ATIVOS__UM_A_DOIS_CREDITOS_ATIVOS + FAIXA_TAXA_REJEICAO__SEM_REJEICAO_PREVIA;FAIXA_CREDITO__CREDITO_ALTO + FAIXA_RENDA__RENDA_MUITO_ALTA;3;2;5;0.010000;0.05;0.78;-0;0.98;FAIXA_CREDITO__CREDITO_ALTO + FAIXA_RENDA__RENDA_MUITO_ALTA + POSSE_CARRO__SEM_CARRO + FAIXA_CREDITOS_ATIVOS__UM_A_DOIS_CREDITOS_ATIVOS + FAIXA_TAXA_REJEICAO__SEM_REJEICAO_PREVIA;100;0.010000
1407;FAIXA_CREDITO__CREDITO_MEDIO;FAIXA_RENDA__RENDA_MUITO_ALTA + FAIXA_IDADE__IDADE_30_A_39 + SITUACAO_FAMILIAR__CASADO_OU_UNIAO_CIVIL;1;3;4;0.010000;0.04;0.78;-0;0.99;FAIXA_CREDITO__CREDITO_MEDIO + FAIXA_RENDA__RENDA_MUITO_ALTA + FAIXA_IDADE__IDADE_30_A_39 + SITUACAO_FAMILIAR__CASADO_OU_UNIAO_CIVIL;100;0.010000
1408;FAIXA_CREDITO__CREDITO_MEDIO;FAIXA_RENDA__RENDA_MUITO_ALTA + POSSE_CARRO__COM_CARRO + FAIXA_CREDITOS_ATIVOS__UM_A_DOIS_CREDITOS_ATIVOS;1;3;4;0.010000;0.04;0.78;-0;0.99;FAIXA_CREDITO__CREDITO_MEDIO + FAIXA_RENDA__RENDA_MUITO_ALTA + POSSE_CARRO__COM_CARRO + FAIXA_CREDITOS_ATIVOS__UM_A_DOIS_CREDITOS_ATIVOS;100;0.010000
1409;FAIXA_RENDA__RENDA_MUITO_ALTA + FAIXA_IDADE__IDADE_30_A_39 + SITUACAO_FAMILIAR__CASADO_OU_UNIAO_CIVIL;FAIXA_CREDITO__CREDITO_MEDIO;3;1;4;0.010000;0.19;0.78;-0;0.93;FAIXA_CREDITO__CREDITO_MEDIO + FAIXA_RENDA__RENDA_MUITO_ALTA + FAIXA_IDADE__IDADE_30_A_39 + SITUACAO_FAMILIAR__CASADO_OU_UNIAO_CIVIL;100;0.010000
1410;FAIXA_RENDA__RENDA_MUITO_ALTA + POSSE_CARRO__COM_CARRO + FAIXA_CREDITOS_ATIVOS__UM_A_DOIS_CREDITOS_ATIVOS;FAIXA_CREDITO__CREDITO_MEDIO;3;1;4;0.010000;0.19;0.78;-0;0.93;FAIXA_CREDITO__CREDITO_MEDIO + FAIXA_RENDA__RENDA_MUITO_ALTA + POSSE_CARRO__COM_CARRO + FAIXA_CREDITOS_ATIVOS__UM_A_DOIS_CREDITOS_ATIVOS;100;0.010000
1411;FAIXA_CREDITOS_ATIVOS__TRES_OU_MAIS_CREDITOS_ATIVOS;FAIXA_CREDITO__CREDITO_BAIXO + POSSE_CARRO__COM_CARRO + FAIXA_TAXA_REJEICAO__SEM_REJEICAO_PREVIA;1;3;4;0.010000;0.04;0.78;-0;0.99;FAIXA_CREDITO__CREDITO_BAIXO + POSSE_CARRO__COM_CARRO + FAIXA_CREDITOS_ATIVOS__TRES_OU_MAIS_CREDITOS_ATIVOS + FAIXA_TAXA_REJEICAO__SEM_REJEICAO_PREVIA;100;0.010000
1412;FAIXA_CREDITO__CREDITO_BAIXO + POSSE_CARRO__COM_CARRO + FAIXA_TAXA_REJEICAO__SEM_REJEICAO_PREVIA;FAIXA_CREDITOS_ATIVOS__TRES_OU_MAIS_CREDITOS_ATIVOS;3;1;4;0.010000;0.21;0.78;-0;0.92;FAIXA_CREDITO__CREDITO_BAIXO + POSSE_CARRO__COM_CARRO + FAIXA_CREDITOS_ATIVOS__TRES_OU_MAIS_CREDITOS_ATIVOS + FAIXA_TAXA_REJEICAO__SEM_REJEICAO_PREVIA;100;0.010000
1413;FAIXA_RENDA__RENDA_BAIXA + FAIXA_IDADE__IDADE_60_OU_MAIS + CATEGORIA_FILHOS__SEM_FILHOS + POSSE_CARRO__SEM_CARRO;SITUACAO_FAMILIAR__CASADO_OU_UNIAO_CIVIL + FAIXA_CREDITOS_ATIVOS__UM_A_DOIS_CREDITOS_ATIVOS + FAIXA_TAXA_REJEICAO__SEM_REJEICAO_PREVIA;4;3;7;0.010000;0.17;0.78;-0;0.94;FAIXA_RENDA__RENDA_BAIXA + FAIXA_IDADE__IDADE_60_OU_MAIS + CATEGORIA_FILHOS__SEM_FILHOS + POSSE_CARRO__SEM_CARRO + SITUACAO_FAMILIAR__CASADO_OU_UNIAO_CIVIL + FAIXA_CREDITOS_ATIVOS__UM_A_DOIS_CREDITOS_ATIVOS + FAIXA_TAXA_REJEICAO__SEM_REJEICAO_PREVIA;100;0.010000
1414;SITUACAO_FAMILIAR__CASADO_OU_UNIAO_CIVIL + FAIXA_CREDITOS_ATIVOS__UM_A_DOIS_CREDITOS_ATIVOS + FAIXA_TAXA_REJEICAO__SEM_REJEICAO_PREVIA;FAIXA_RENDA__RENDA_BAIXA + FAIXA_IDADE__IDADE_60_OU_MAIS + CATEGORIA_FILHOS__SEM_FILHOS + POSSE_CARRO__SEM_CARRO;3;4;7;0.010000;0.05;0.78;-0;0.99;FAIXA_RENDA__RENDA_BAIXA + FAIXA_IDADE__IDADE_60_OU_MAIS + CATEGORIA_FILHOS__SEM_FILHOS + POSSE_CARRO__SEM_CARRO + SITUACAO_FAMILIAR__CASADO_OU_UNIAO_CIVIL + FAIXA_CREDITOS_ATIVOS__UM_A_DOIS_CREDITOS_ATIVOS + FAIXA_TAXA_REJEICAO__SEM_REJEICAO_PREVIA;100;0.010000
1415;FAIXA_CREDITO__CREDITO_ALTO + FAIXA_IDADE__IDADE_30_A_39 + FAIXA_CREDITOS_ATIVOS__TRES_OU_MAIS_CREDITOS_ATIVOS;POSSE_CARRO__SEM_CARRO;3;1;4;0.010000;0.51;0.77;-0;0.69;FAIXA_CREDITO__CREDITO_ALTO + FAIXA_IDADE__IDADE_30_A_39 + POSSE_CARRO__SEM_CARRO + FAIXA_CREDITOS_ATIVOS__TRES_OU_MAIS_CREDITOS_ATIVOS;100;0.010000
1416;POSSE_CARRO__SEM_CARRO;FAIXA_CREDITO__CREDITO_ALTO + FAIXA_IDADE__IDADE_30_A_39 + FAIXA_CREDITOS_ATIVOS__TRES_OU_MAIS_CREDITOS_ATIVOS;1;3;4;0.010000;0.02;0.77;-0;1;FAIXA_CREDITO__CREDITO_ALTO + FAIXA_IDADE__IDADE_30_A_39 + POSSE_CARRO__SEM_CARRO + FAIXA_CREDITOS_ATIVOS__TRES_OU_MAIS_CREDITOS_ATIVOS;100;0.010000
1419;FAIXA_CREDITO__CREDITO_BAIXO + FAIXA_CREDITOS_ATIVOS__TRES_OU_MAIS_CREDITOS_ATIVOS;POSSE_CARRO__COM_CARRO + FAIXA_TAXA_REJEICAO__SEM_REJEICAO_PREVIA;2;2;4;0.010000;0.18;0.77;-0;0.93;FAIXA_CREDITO__CREDITO_BAIXO + POSSE_CARRO__COM_CARRO + FAIXA_CREDITOS_ATIVOS__TRES_OU_MAIS_CREDITOS_ATIVOS + FAIXA_TAXA_REJEICAO__SEM_REJEICAO_PREVIA;100;0.010000
1420;POSSE_CARRO__COM_CARRO + FAIXA_TAXA_REJEICAO__SEM_REJEICAO_PREVIA;FAIXA_CREDITO__CREDITO_BAIXO + FAIXA_CREDITOS_ATIVOS__TRES_OU_MAIS_CREDITOS_ATIVOS;2;2;4;0.010000;0.04;0.77;-0;0.99;FAIXA_CREDITO__CREDITO_BAIXO + POSSE_CARRO__COM_CARRO + FAIXA_CREDITOS_ATIVOS__TRES_OU_MAIS_CREDITOS_ATIVOS + FAIXA_TAXA_REJEICAO__SEM_REJEICAO_PREVIA;100;0.010000
1421;CATEGORIA_FILHOS__UM_FILHO + POSSE_CARRO__COM_CARRO + FAIXA_TAXA_REJEICAO__SEM_REJEICAO_PREVIA;FAIXA_RENDA__RENDA_BAIXA + SITUACAO_FAMILIAR__CASADO_OU_UNIAO_CIVIL;3;2;5;0.010000;0.18;0.77;-0;0.93;FAIXA_RENDA__RENDA_BAIXA + CATEGORIA_FILHOS__UM_FILHO + POSSE_CARRO__COM_CARRO + SITUACAO_FAMILIAR__CASADO_OU_UNIAO_CIVIL + FAIXA_TAXA_REJEICAO__SEM_REJEICAO_PREVIA;100;0.010000
1422;FAIXA_RENDA__RENDA_BAIXA + SITUACAO_FAMILIAR__CASADO_OU_UNIAO_CIVIL;CATEGORIA_FILHOS__UM_FILHO + POSSE_CARRO__COM_CARRO + FAIXA_TAXA_REJEICAO__SEM_REJEICAO_PREVIA;2;3;5;0.010000;0.04;0.77;-0;0.99;FAIXA_RENDA__RENDA_BAIXA + CATEGORIA_FILHOS__UM_FILHO + POSSE_CARRO__COM_CARRO + SITUACAO_FAMILIAR__CASADO_OU_UNIAO_CIVIL + FAIXA_TAXA_REJEICAO__SEM_REJEICAO_PREVIA;100;0.010000
1423;FAIXA_CREDITO__CREDITO_MUITO_ALTO + FAIXA_IDADE__IDADE_30_A_39 + CATEGORIA_FILHOS__SEM_FILHOS + SITUACAO_FAMILIAR__CASADO_OU_UNIAO_CIVIL;POSSE_CARRO__SEM_CARRO;4;1;5;0.010000;0.51;0.76;-0;0.68;FAIXA_CREDITO__CREDITO_MUITO_ALTO + FAIXA_IDADE__IDADE_30_A_39 + CATEGORIA_FILHOS__SEM_FILHOS + POSSE_CARRO__SEM_CARRO + SITUACAO_FAMILIAR__CASADO_OU_UNIAO_CIVIL;100;0.010000
1424;POSSE_CARRO__SEM_CARRO;FAIXA_CREDITO__CREDITO_MUITO_ALTO + FAIXA_IDADE__IDADE_30_A_39 + CATEGORIA_FILHOS__SEM_FILHOS + SITUACAO_FAMILIAR__CASADO_OU_UNIAO_CIVIL;1;4;5;0.010000;0.02;0.76;-0;1;FAIXA_CREDITO__CREDITO_MUITO_ALTO + FAIXA_IDADE__IDADE_30_A_39 + CATEGORIA_FILHOS__SEM_FILHOS + POSSE_CARRO__SEM_CARRO + SITUACAO_FAMILIAR__CASADO_OU_UNIAO_CIVIL;100;0.010000
1425;FAIXA_RENDA__RENDA_BAIXA + FAIXA_IDADE__IDADE_60_OU_MAIS + CATEGORIA_FILHOS__SEM_FILHOS + POSSE_CARRO__SEM_CARRO + FAIXA_CREDITOS_ATIVOS__UM_A_DOIS_CREDITOS_ATIVOS + FAIXA_TAXA_REJEICAO__SEM_REJEICAO_PREVIA;SITUACAO_FAMILIAR__CASADO_OU_UNIAO_CIVIL;6;1;7;0.010000;0.55;0.76;-0;0.6;FAIXA_RENDA__RENDA_BAIXA + FAIXA_IDADE__IDADE_60_OU_MAIS + CATEGORIA_FILHOS__SEM_FILHOS + POSSE_CARRO__SEM_CARRO + SITUACAO_FAMILIAR__CASADO_OU_UNIAO_CIVIL + FAIXA_CREDITOS_ATIVOS__UM_A_DOIS_CREDITOS_ATIVOS + FAIXA_TAXA_REJEICAO__SEM_REJEICAO_PREVIA;100;0.010000
1426;SITUACAO_FAMILIAR__CASADO_OU_UNIAO_CIVIL;FAIXA_RENDA__RENDA_BAIXA + FAIXA_IDADE__IDADE_60_OU_MAIS + CATEGORIA_FILHOS__SEM_FILHOS + POSSE_CARRO__SEM_CARRO + FAIXA_CREDITOS_ATIVOS__UM_A_DOIS_CREDITOS_ATIVOS + FAIXA_TAXA_REJEICAO__SEM_REJEICAO_PREVIA;1;6;7;0.010000;0.01;0.76;-0;1;FAIXA_RENDA__RENDA_BAIXA + FAIXA_IDADE__IDADE_60_OU_MAIS + CATEGORIA_FILHOS__SEM_FILHOS + POSSE_CARRO__SEM_CARRO + SITUACAO_FAMILIAR__CASADO_OU_UNIAO_CIVIL + FAIXA_CREDITOS_ATIVOS__UM_A_DOIS_CREDITOS_ATIVOS + FAIXA_TAXA_REJEICAO__SEM_REJEICAO_PREVIA;100;0.010000
1427;FAIXA_IDADE__IDADE_30_A_39 + CATEGORIA_FILHOS__SEM_FILHOS;FAIXA_CREDITO__CREDITO_MUITO_ALTO + POSSE_CARRO__SEM_CARRO + SITUACAO_FAMILIAR__CASADO_OU_UNIAO_CIVIL;2;3;5;0.010000;0.09;0.76;-0;0.97;FAIXA_CREDITO__CREDITO_MUITO_ALTO + FAIXA_IDADE__IDADE_30_A_39 + CATEGORIA_FILHOS__SEM_FILHOS + POSSE_CARRO__SEM_CARRO + SITUACAO_FAMILIAR__CASADO_OU_UNIAO_CIVIL;100;0.010000
1428;FAIXA_CREDITO__CREDITO_MUITO_ALTO + POSSE_CARRO__SEM_CARRO + SITUACAO_FAMILIAR__CASADO_OU_UNIAO_CIVIL;FAIXA_IDADE__IDADE_30_A_39 + CATEGORIA_FILHOS__SEM_FILHOS;3;2;5;0.010000;0.09;0.76;-0;0.97;FAIXA_CREDITO__CREDITO_MUITO_ALTO + FAIXA_IDADE__IDADE_30_A_39 + CATEGORIA_FILHOS__SEM_FILHOS + POSSE_CARRO__SEM_CARRO + SITUACAO_FAMILIAR__CASADO_OU_UNIAO_CIVIL;100;0.010000
1431;FAIXA_RENDA__RENDA_BAIXA + CATEGORIA_FILHOS__SEM_FILHOS + POSSE_CARRO__SEM_CARRO + FAIXA_CREDITOS_ATIVOS__UM_A_DOIS_CREDITOS_ATIVOS;FAIXA_IDADE__IDADE_40_A_49 + FAIXA_TAXA_REJEICAO__SEM_REJEICAO_PREVIA;4;2;6;0.010000;0.13;0.75;-0;0.95;FAIXA_RENDA__RENDA_BAIXA + FAIXA_IDADE__IDADE_40_A_49 + CATEGORIA_FILHOS__SEM_FILHOS + POSSE_CARRO__SEM_CARRO + FAIXA_CREDITOS_ATIVOS__UM_A_DOIS_CREDITOS_ATIVOS + FAIXA_TAXA_REJEICAO__SEM_REJEICAO_PREVIA;100;0.010000
1432;FAIXA_IDADE__IDADE_40_A_49 + FAIXA_TAXA_REJEICAO__SEM_REJEICAO_PREVIA;FAIXA_RENDA__RENDA_BAIXA + CATEGORIA_FILHOS__SEM_FILHOS + POSSE_CARRO__SEM_CARRO + FAIXA_CREDITOS_ATIVOS__UM_A_DOIS_CREDITOS_ATIVOS;2;4;6;0.010000;0.06;0.75;-0;0.98;FAIXA_RENDA__RENDA_BAIXA + FAIXA_IDADE__IDADE_40_A_49 + CATEGORIA_FILHOS__SEM_FILHOS + POSSE_CARRO__SEM_CARRO + FAIXA_CREDITOS_ATIVOS__UM_A_DOIS_CREDITOS_ATIVOS + FAIXA_TAXA_REJEICAO__SEM_REJEICAO_PREVIA;100;0.010000
1433;FAIXA_CREDITO__CREDITO_BAIXO + FAIXA_RENDA__RENDA_MUITO_ALTA;SITUACAO_FAMILIAR__CASADO_OU_UNIAO_CIVIL + FAIXA_TAXA_REJEICAO__SEM_REJEICAO_PREVIA;2;2;4;0.010000;0.37;0.75;-0;0.8;FAIXA_CREDITO__CREDITO_BAIXO + FAIXA_RENDA__RENDA_MUITO_ALTA + SITUACAO_FAMILIAR__CASADO_OU_UNIAO_CIVIL + FAIXA_TAXA_REJEICAO__SEM_REJEICAO_PREVIA;100;0.010000
1434;SITUACAO_FAMILIAR__CASADO_OU_UNIAO_CIVIL + FAIXA_TAXA_REJEICAO__SEM_REJEICAO_PREVIA;FAIXA_CREDITO__CREDITO_BAIXO + FAIXA_RENDA__RENDA_MUITO_ALTA;2;2;4;0.010000;0.02;0.75;-0;0.99;FAIXA_CREDITO__CREDITO_BAIXO + FAIXA_RENDA__RENDA_MUITO_ALTA + SITUACAO_FAMILIAR__CASADO_OU_UNIAO_CIVIL + FAIXA_TAXA_REJEICAO__SEM_REJEICAO_PREVIA;100;0.010000
1435;FAIXA_IDADE__IDADE_30_A_39 + CATEGORIA_FILHOS__DOIS_OU_MAIS_FILHOS;POSSE_CARRO__SEM_CARRO + FAIXA_CREDITOS_ATIVOS__SEM_CREDITOS_ATIVOS;2;2;4;0.010000;0.15;0.74;-0;0.94;FAIXA_IDADE__IDADE_30_A_39 + CATEGORIA_FILHOS__DOIS_OU_MAIS_FILHOS + POSSE_CARRO__SEM_CARRO + FAIXA_CREDITOS_ATIVOS__SEM_CREDITOS_ATIVOS;100;0.010000
1436;POSSE_CARRO__SEM_CARRO + FAIXA_CREDITOS_ATIVOS__SEM_CREDITOS_ATIVOS;FAIXA_IDADE__IDADE_30_A_39 + CATEGORIA_FILHOS__DOIS_OU_MAIS_FILHOS;2;2;4;0.010000;0.05;0.74;-0;0.98;FAIXA_IDADE__IDADE_30_A_39 + CATEGORIA_FILHOS__DOIS_OU_MAIS_FILHOS + POSSE_CARRO__SEM_CARRO + FAIXA_CREDITOS_ATIVOS__SEM_CREDITOS_ATIVOS;100;0.010000
1437;POSSE_CARRO__COM_CARRO;FAIXA_CREDITO__CREDITO_MEDIO + SITUACAO_FAMILIAR__SOLTEIRO;1;2;3;0.010000;0.03;0.74;-0;0.99;FAIXA_CREDITO__CREDITO_MEDIO + POSSE_CARRO__COM_CARRO + SITUACAO_FAMILIAR__SOLTEIRO;100;0.010000
1438;FAIXA_CREDITO__CREDITO_MEDIO + SITUACAO_FAMILIAR__SOLTEIRO;POSSE_CARRO__COM_CARRO;2;1;3;0.010000;0.25;0.74;-0;0.88;FAIXA_CREDITO__CREDITO_MEDIO + POSSE_CARRO__COM_CARRO + SITUACAO_FAMILIAR__SOLTEIRO;100;0.010000
1439;CATEGORIA_FILHOS__UM_FILHO + POSSE_CARRO__COM_CARRO;FAIXA_RENDA__RENDA_BAIXA + SITUACAO_FAMILIAR__CASADO_OU_UNIAO_CIVIL + FAIXA_TAXA_REJEICAO__SEM_REJEICAO_PREVIA;2;3;5;0.010000;0.12;0.74;-0;0.95;FAIXA_RENDA__RENDA_BAIXA + CATEGORIA_FILHOS__UM_FILHO + POSSE_CARRO__COM_CARRO + SITUACAO_FAMILIAR__CASADO_OU_UNIAO_CIVIL + FAIXA_TAXA_REJEICAO__SEM_REJEICAO_PREVIA;100;0.010000
1440;FAIXA_RENDA__RENDA_BAIXA + SITUACAO_FAMILIAR__CASADO_OU_UNIAO_CIVIL + FAIXA_TAXA_REJEICAO__SEM_REJEICAO_PREVIA;CATEGORIA_FILHOS__UM_FILHO + POSSE_CARRO__COM_CARRO;3;2;5;0.010000;0.06;0.74;-0;0.98;FAIXA_RENDA__RENDA_BAIXA + CATEGORIA_FILHOS__UM_FILHO + POSSE_CARRO__COM_CARRO + SITUACAO_FAMILIAR__CASADO_OU_UNIAO_CIVIL + FAIXA_TAXA_REJEICAO__SEM_REJEICAO_PREVIA;100;0.010000
1441;FAIXA_RENDA__RENDA_BAIXA + SITUACAO_FAMILIAR__CASADO_OU_UNIAO_CIVIL;POSSE_CARRO__COM_CARRO + FAIXA_TAXA_REJEICAO__REJEICAO_PREVIA_ACIMA_25_PCT;2;2;4;0.010000;0.04;0.73;-0;0.98;FAIXA_RENDA__RENDA_BAIXA + POSSE_CARRO__COM_CARRO + SITUACAO_FAMILIAR__CASADO_OU_UNIAO_CIVIL + FAIXA_TAXA_REJEICAO__REJEICAO_PREVIA_ACIMA_25_PCT;100;0.010000
1442;POSSE_CARRO__COM_CARRO + FAIXA_TAXA_REJEICAO__REJEICAO_PREVIA_ACIMA_25_PCT;FAIXA_RENDA__RENDA_BAIXA + SITUACAO_FAMILIAR__CASADO_OU_UNIAO_CIVIL;2;2;4;0.010000;0.17;0.73;-0;0.92;FAIXA_RENDA__RENDA_BAIXA + POSSE_CARRO__COM_CARRO + SITUACAO_FAMILIAR__CASADO_OU_UNIAO_CIVIL + FAIXA_TAXA_REJEICAO__REJEICAO_PREVIA_ACIMA_25_PCT;100;0.010000
1443;SITUACAO_FAMILIAR__CASADO_OU_UNIAO_CIVIL + FAIXA_CREDITOS_ATIVOS__UM_A_DOIS_CREDITOS_ATIVOS;FAIXA_RENDA__RENDA_BAIXA + FAIXA_IDADE__IDADE_60_OU_MAIS + CATEGORIA_FILHOS__SEM_FILHOS + POSSE_CARRO__SEM_CARRO + FAIXA_TAXA_REJEICAO__SEM_REJEICAO_PREVIA;2;5;7;0.010000;0.03;0.73;-0;0.99;FAIXA_RENDA__RENDA_BAIXA + FAIXA_IDADE__IDADE_60_OU_MAIS + CATEGORIA_FILHOS__SEM_FILHOS + POSSE_CARRO__SEM_CARRO + SITUACAO_FAMILIAR__CASADO_OU_UNIAO_CIVIL + FAIXA_CREDITOS_ATIVOS__UM_A_DOIS_CREDITOS_ATIVOS + FAIXA_TAXA_REJEICAO__SEM_REJEICAO_PREVIA;100;0.010000
1444;FAIXA_RENDA__RENDA_BAIXA + FAIXA_IDADE__IDADE_60_OU_MAIS + CATEGORIA_FILHOS__SEM_FILHOS + POSSE_CARRO__SEM_CARRO + FAIXA_TAXA_REJEICAO__SEM_REJEICAO_PREVIA;SITUACAO_FAMILIAR__CASADO_OU_UNIAO_CIVIL + FAIXA_CREDITOS_ATIVOS__UM_A_DOIS_CREDITOS_ATIVOS;5;2;7;0.010000;0.23;0.73;-0;0.88;FAIXA_RENDA__RENDA_BAIXA + FAIXA_IDADE__IDADE_60_OU_MAIS + CATEGORIA_FILHOS__SEM_FILHOS + POSSE_CARRO__SEM_CARRO + SITUACAO_FAMILIAR__CASADO_OU_UNIAO_CIVIL + FAIXA_CREDITOS_ATIVOS__UM_A_DOIS_CREDITOS_ATIVOS + FAIXA_TAXA_REJEICAO__SEM_REJEICAO_PREVIA;100;0.010000
1447;SITUACAO_FAMILIAR__CASADO_OU_UNIAO_CIVIL + FAIXA_TAXA_REJEICAO__REJEICAO_PREVIA_ATE_25_PCT;FAIXA_IDADE__IDADE_21_A_29;2;1;3;0.010000;0.09;0.72;-0;0.96;FAIXA_IDADE__IDADE_21_A_29 + SITUACAO_FAMILIAR__CASADO_OU_UNIAO_CIVIL + FAIXA_TAXA_REJEICAO__REJEICAO_PREVIA_ATE_25_PCT;100;0.010000
1448;FAIXA_IDADE__IDADE_21_A_29;SITUACAO_FAMILIAR__CASADO_OU_UNIAO_CIVIL + FAIXA_TAXA_REJEICAO__REJEICAO_PREVIA_ATE_25_PCT;1;2;3;0.010000;0.08;0.72;-0;0.96;FAIXA_IDADE__IDADE_21_A_29 + SITUACAO_FAMILIAR__CASADO_OU_UNIAO_CIVIL + FAIXA_TAXA_REJEICAO__REJEICAO_PREVIA_ATE_25_PCT;100;0.010000
1449;FAIXA_RENDA__RENDA_BAIXA + CATEGORIA_FILHOS__SEM_FILHOS + POSSE_CARRO__SEM_CARRO;FAIXA_IDADE__IDADE_40_A_49 + FAIXA_CREDITOS_ATIVOS__UM_A_DOIS_CREDITOS_ATIVOS + FAIXA_TAXA_REJEICAO__SEM_REJEICAO_PREVIA;3;3;6;0.010000;0.05;0.71;-0;0.98;FAIXA_RENDA__RENDA_BAIXA + FAIXA_IDADE__IDADE_40_A_49 + CATEGORIA_FILHOS__SEM_FILHOS + POSSE_CARRO__SEM_CARRO + FAIXA_CREDITOS_ATIVOS__UM_A_DOIS_CREDITOS_ATIVOS + FAIXA_TAXA_REJEICAO__SEM_REJEICAO_PREVIA;100;0.010000
1450;FAIXA_IDADE__IDADE_40_A_49 + FAIXA_CREDITOS_ATIVOS__UM_A_DOIS_CREDITOS_ATIVOS + FAIXA_TAXA_REJEICAO__SEM_REJEICAO_PREVIA;FAIXA_RENDA__RENDA_BAIXA + CATEGORIA_FILHOS__SEM_FILHOS + POSSE_CARRO__SEM_CARRO;3;3;6;0.010000;0.13;0.71;-0;0.94;FAIXA_RENDA__RENDA_BAIXA + FAIXA_IDADE__IDADE_40_A_49 + CATEGORIA_FILHOS__SEM_FILHOS + POSSE_CARRO__SEM_CARRO + FAIXA_CREDITOS_ATIVOS__UM_A_DOIS_CREDITOS_ATIVOS + FAIXA_TAXA_REJEICAO__SEM_REJEICAO_PREVIA;100;0.010000
1451;FAIXA_RENDA__RENDA_BAIXA + FAIXA_IDADE__IDADE_30_A_39 + FAIXA_TAXA_REJEICAO__SEM_REJEICAO_PREVIA;FAIXA_CREDITOS_ATIVOS__TRES_OU_MAIS_CREDITOS_ATIVOS;3;1;4;0.010000;0.19;0.71;-0;0.9;FAIXA_RENDA__RENDA_BAIXA + FAIXA_IDADE__IDADE_30_A_39 + FAIXA_CREDITOS_ATIVOS__TRES_OU_MAIS_CREDITOS_ATIVOS + FAIXA_TAXA_REJEICAO__SEM_REJEICAO_PREVIA;100;0.010000
1452;FAIXA_CREDITOS_ATIVOS__TRES_OU_MAIS_CREDITOS_ATIVOS;FAIXA_RENDA__RENDA_BAIXA + FAIXA_IDADE__IDADE_30_A_39 + FAIXA_TAXA_REJEICAO__SEM_REJEICAO_PREVIA;1;3;4;0.010000;0.04;0.71;-0;0.98;FAIXA_RENDA__RENDA_BAIXA + FAIXA_IDADE__IDADE_30_A_39 + FAIXA_CREDITOS_ATIVOS__TRES_OU_MAIS_CREDITOS_ATIVOS + FAIXA_TAXA_REJEICAO__SEM_REJEICAO_PREVIA;100;0.010000
1453;POSSE_CARRO__COM_CARRO + SITUACAO_FAMILIAR__CASADO_OU_UNIAO_CIVIL;FAIXA_RENDA__RENDA_BAIXA + FAIXA_TAXA_REJEICAO__REJEICAO_PREVIA_ACIMA_25_PCT;2;2;4;0.010000;0.04;0.71;-0;0.98;FAIXA_RENDA__RENDA_BAIXA + POSSE_CARRO__COM_CARRO + SITUACAO_FAMILIAR__CASADO_OU_UNIAO_CIVIL + FAIXA_TAXA_REJEICAO__REJEICAO_PREVIA_ACIMA_25_PCT;100;0.010000
1454;FAIXA_RENDA__RENDA_BAIXA + FAIXA_TAXA_REJEICAO__REJEICAO_PREVIA_ACIMA_25_PCT;POSSE_CARRO__COM_CARRO + SITUACAO_FAMILIAR__CASADO_OU_UNIAO_CIVIL;2;2;4;0.010000;0.2;0.71;-0;0.9;FAIXA_RENDA__RENDA_BAIXA + POSSE_CARRO__COM_CARRO + SITUACAO_FAMILIAR__CASADO_OU_UNIAO_CIVIL + FAIXA_TAXA_REJEICAO__REJEICAO_PREVIA_ACIMA_25_PCT;100;0.010000
1455;FAIXA_CREDITO__CREDITO_BAIXO + FAIXA_RENDA__RENDA_BAIXA + POSSE_CARRO__SEM_CARRO;FAIXA_IDADE__IDADE_40_A_49 + SITUACAO_FAMILIAR__CASADO_OU_UNIAO_CIVIL + FAIXA_TAXA_REJEICAO__SEM_REJEICAO_PREVIA;3;3;6;0.010000;0.09;0.69;-0;0.95;FAIXA_CREDITO__CREDITO_BAIXO + FAIXA_RENDA__RENDA_BAIXA + FAIXA_IDADE__IDADE_40_A_49 + POSSE_CARRO__SEM_CARRO + SITUACAO_FAMILIAR__CASADO_OU_UNIAO_CIVIL + FAIXA_TAXA_REJEICAO__SEM_REJEICAO_PREVIA;100;0.010000
1456;FAIXA_IDADE__IDADE_40_A_49 + SITUACAO_FAMILIAR__CASADO_OU_UNIAO_CIVIL + FAIXA_TAXA_REJEICAO__SEM_REJEICAO_PREVIA;FAIXA_CREDITO__CREDITO_BAIXO + FAIXA_RENDA__RENDA_BAIXA + POSSE_CARRO__SEM_CARRO;3;3;6;0.010000;0.07;0.69;-0;0.96;FAIXA_CREDITO__CREDITO_BAIXO + FAIXA_RENDA__RENDA_BAIXA + FAIXA_IDADE__IDADE_40_A_49 + POSSE_CARRO__SEM_CARRO + SITUACAO_FAMILIAR__CASADO_OU_UNIAO_CIVIL + FAIXA_TAXA_REJEICAO__SEM_REJEICAO_PREVIA;100;0.010000
1457;FAIXA_IDADE__IDADE_40_A_49;FAIXA_RENDA__RENDA_BAIXA + CATEGORIA_FILHOS__SEM_FILHOS + POSSE_CARRO__SEM_CARRO + FAIXA_CREDITOS_ATIVOS__UM_A_DOIS_CREDITOS_ATIVOS + FAIXA_TAXA_REJEICAO__SEM_REJEICAO_PREVIA;1;5;6;0.010000;0.04;0.68;-0;0.98;FAIXA_RENDA__RENDA_BAIXA + FAIXA_IDADE__IDADE_40_A_49 + CATEGORIA_FILHOS__SEM_FILHOS + POSSE_CARRO__SEM_CARRO + FAIXA_CREDITOS_ATIVOS__UM_A_DOIS_CREDITOS_ATIVOS + FAIXA_TAXA_REJEICAO__SEM_REJEICAO_PREVIA;100;0.010000
1458;FAIXA_RENDA__RENDA_BAIXA + CATEGORIA_FILHOS__SEM_FILHOS + POSSE_CARRO__SEM_CARRO + FAIXA_CREDITOS_ATIVOS__UM_A_DOIS_CREDITOS_ATIVOS + FAIXA_TAXA_REJEICAO__SEM_REJEICAO_PREVIA;FAIXA_IDADE__IDADE_40_A_49;5;1;6;0.010000;0.17;0.68;-0;0.9;FAIXA_RENDA__RENDA_BAIXA + FAIXA_IDADE__IDADE_40_A_49 + CATEGORIA_FILHOS__SEM_FILHOS + POSSE_CARRO__SEM_CARRO + FAIXA_CREDITOS_ATIVOS__UM_A_DOIS_CREDITOS_ATIVOS + FAIXA_TAXA_REJEICAO__SEM_REJEICAO_PREVIA;100;0.010000
1459;FAIXA_IDADE__IDADE_30_A_39 + CATEGORIA_FILHOS__SEM_FILHOS + POSSE_CARRO__SEM_CARRO;FAIXA_CREDITO__CREDITO_MUITO_ALTO + SITUACAO_FAMILIAR__CASADO_OU_UNIAO_CIVIL;3;2;5;0.010000;0.14;0.68;-0;0.92;FAIXA_CREDITO__CREDITO_MUITO_ALTO + FAIXA_IDADE__IDADE_30_A_39 + CATEGORIA_FILHOS__SEM_FILHOS + POSSE_CARRO__SEM_CARRO + SITUACAO_FAMILIAR__CASADO_OU_UNIAO_CIVIL;100;0.010000
1460;FAIXA_CREDITO__CREDITO_MUITO_ALTO + SITUACAO_FAMILIAR__CASADO_OU_UNIAO_CIVIL;FAIXA_IDADE__IDADE_30_A_39 + CATEGORIA_FILHOS__SEM_FILHOS + POSSE_CARRO__SEM_CARRO;2;3;5;0.010000;0.05;0.68;-0;0.98;FAIXA_CREDITO__CREDITO_MUITO_ALTO + FAIXA_IDADE__IDADE_30_A_39 + CATEGORIA_FILHOS__SEM_FILHOS + POSSE_CARRO__SEM_CARRO + SITUACAO_FAMILIAR__CASADO_OU_UNIAO_CIVIL;100;0.010000
1461;FAIXA_RENDA__RENDA_BAIXA;FAIXA_IDADE__IDADE_30_A_39 + FAIXA_CREDITOS_ATIVOS__TRES_OU_MAIS_CREDITOS_ATIVOS + FAIXA_TAXA_REJEICAO__SEM_REJEICAO_PREVIA;1;3;4;0.010000;0.03;0.68;-0;0.99;FAIXA_RENDA__RENDA_BAIXA + FAIXA_IDADE__IDADE_30_A_39 + FAIXA_CREDITOS_ATIVOS__TRES_OU_MAIS_CREDITOS_ATIVOS + FAIXA_TAXA_REJEICAO__SEM_REJEICAO_PREVIA;100;0.010000
1462;FAIXA_IDADE__IDADE_30_A_39 + FAIXA_CREDITOS_ATIVOS__TRES_OU_MAIS_CREDITOS_ATIVOS + FAIXA_TAXA_REJEICAO__SEM_REJEICAO_PREVIA;FAIXA_RENDA__RENDA_BAIXA;3;1;4;0.010000;0.22;0.68;-0;0.86;FAIXA_RENDA__RENDA_BAIXA + FAIXA_IDADE__IDADE_30_A_39 + FAIXA_CREDITOS_ATIVOS__TRES_OU_MAIS_CREDITOS_ATIVOS + FAIXA_TAXA_REJEICAO__SEM_REJEICAO_PREVIA;100;0.010000
1463;POSSE_CARRO__SEM_CARRO + FAIXA_CREDITOS_ATIVOS__SEM_CREDITOS_ATIVOS;FAIXA_RENDA__RENDA_ALTA + FAIXA_IDADE__IDADE_30_A_39;2;2;4;0.010000;0.05;0.68;-0;0.98;FAIXA_RENDA__RENDA_ALTA + FAIXA_IDADE__IDADE_30_A_39 + POSSE_CARRO__SEM_CARRO + FAIXA_CREDITOS_ATIVOS__SEM_CREDITOS_ATIVOS;100;0.010000
1464;FAIXA_RENDA__RENDA_ALTA + FAIXA_IDADE__IDADE_30_A_39;POSSE_CARRO__SEM_CARRO + FAIXA_CREDITOS_ATIVOS__SEM_CREDITOS_ATIVOS;2;2;4;0.010000;0.14;0.68;-0;0.92;FAIXA_RENDA__RENDA_ALTA + FAIXA_IDADE__IDADE_30_A_39 + POSSE_CARRO__SEM_CARRO + FAIXA_CREDITOS_ATIVOS__SEM_CREDITOS_ATIVOS;100;0.010000
1465;FAIXA_CREDITO__CREDITO_BAIXO;POSSE_CARRO__COM_CARRO + FAIXA_CREDITOS_ATIVOS__TRES_OU_MAIS_CREDITOS_ATIVOS + FAIXA_TAXA_REJEICAO__SEM_REJEICAO_PREVIA;1;3;4;0.010000;0.04;0.68;-0;0.98;FAIXA_CREDITO__CREDITO_BAIXO + POSSE_CARRO__COM_CARRO + FAIXA_CREDITOS_ATIVOS__TRES_OU_MAIS_CREDITOS_ATIVOS + FAIXA_TAXA_REJEICAO__SEM_REJEICAO_PREVIA;100;0.010000
1466;POSSE_CARRO__COM_CARRO + FAIXA_CREDITOS_ATIVOS__TRES_OU_MAIS_CREDITOS_ATIVOS + FAIXA_TAXA_REJEICAO__SEM_REJEICAO_PREVIA;FAIXA_CREDITO__CREDITO_BAIXO;3;1;4;0.010000;0.17;0.68;-0;0.9;FAIXA_CREDITO__CREDITO_BAIXO + POSSE_CARRO__COM_CARRO + FAIXA_CREDITOS_ATIVOS__TRES_OU_MAIS_CREDITOS_ATIVOS + FAIXA_TAXA_REJEICAO__SEM_REJEICAO_PREVIA;100;0.010000
1467;FAIXA_IDADE__IDADE_40_A_49 + FAIXA_CREDITOS_ATIVOS__UM_A_DOIS_CREDITOS_ATIVOS;FAIXA_RENDA__RENDA_BAIXA + CATEGORIA_FILHOS__SEM_FILHOS + POSSE_CARRO__SEM_CARRO + FAIXA_TAXA_REJEICAO__SEM_REJEICAO_PREVIA;2;4;6;0.010000;0.09;0.66;-0.01;0.95;FAIXA_RENDA__RENDA_BAIXA + FAIXA_IDADE__IDADE_40_A_49 + CATEGORIA_FILHOS__SEM_FILHOS + POSSE_CARRO__SEM_CARRO + FAIXA_CREDITOS_ATIVOS__UM_A_DOIS_CREDITOS_ATIVOS + FAIXA_TAXA_REJEICAO__SEM_REJEICAO_PREVIA;100;0.010000
1468;FAIXA_RENDA__RENDA_BAIXA + CATEGORIA_FILHOS__SEM_FILHOS + POSSE_CARRO__SEM_CARRO + FAIXA_TAXA_REJEICAO__SEM_REJEICAO_PREVIA;FAIXA_IDADE__IDADE_40_A_49 + FAIXA_CREDITOS_ATIVOS__UM_A_DOIS_CREDITOS_ATIVOS;4;2;6;0.010000;0.07;0.66;-0.01;0.96;FAIXA_RENDA__RENDA_BAIXA + FAIXA_IDADE__IDADE_40_A_49 + CATEGORIA_FILHOS__SEM_FILHOS + POSSE_CARRO__SEM_CARRO + FAIXA_CREDITOS_ATIVOS__UM_A_DOIS_CREDITOS_ATIVOS + FAIXA_TAXA_REJEICAO__SEM_REJEICAO_PREVIA;100;0.010000
1469;FAIXA_IDADE__IDADE_40_A_49 + SITUACAO_FAMILIAR__CASADO_OU_UNIAO_CIVIL;FAIXA_CREDITO__CREDITO_BAIXO + FAIXA_RENDA__RENDA_BAIXA + POSSE_CARRO__SEM_CARRO + FAIXA_TAXA_REJEICAO__SEM_REJEICAO_PREVIA;2;4;6;0.010000;0.05;0.66;-0.01;0.97;FAIXA_CREDITO__CREDITO_BAIXO + FAIXA_RENDA__RENDA_BAIXA + FAIXA_IDADE__IDADE_40_A_49 + POSSE_CARRO__SEM_CARRO + SITUACAO_FAMILIAR__CASADO_OU_UNIAO_CIVIL + FAIXA_TAXA_REJEICAO__SEM_REJEICAO_PREVIA;100;0.010000
1470;FAIXA_CREDITO__CREDITO_BAIXO + FAIXA_RENDA__RENDA_BAIXA + POSSE_CARRO__SEM_CARRO + FAIXA_TAXA_REJEICAO__SEM_REJEICAO_PREVIA;FAIXA_IDADE__IDADE_40_A_49 + SITUACAO_FAMILIAR__CASADO_OU_UNIAO_CIVIL;4;2;6;0.010000;0.13;0.66;-0.01;0.92;FAIXA_CREDITO__CREDITO_BAIXO + FAIXA_RENDA__RENDA_BAIXA + FAIXA_IDADE__IDADE_40_A_49 + POSSE_CARRO__SEM_CARRO + SITUACAO_FAMILIAR__CASADO_OU_UNIAO_CIVIL + FAIXA_TAXA_REJEICAO__SEM_REJEICAO_PREVIA;100;0.010000
1471;FAIXA_RENDA__RENDA_BAIXA;POSSE_CARRO__COM_CARRO + SITUACAO_FAMILIAR__CASADO_OU_UNIAO_CIVIL + FAIXA_TAXA_REJEICAO__REJEICAO_PREVIA_ACIMA_25_PCT;1;3;4;0.010000;0.03;0.63;-0.01;0.98;FAIXA_RENDA__RENDA_BAIXA + POSSE_CARRO__COM_CARRO + SITUACAO_FAMILIAR__CASADO_OU_UNIAO_CIVIL + FAIXA_TAXA_REJEICAO__REJEICAO_PREVIA_ACIMA_25_PCT;100;0.010000
1472;POSSE_CARRO__COM_CARRO + SITUACAO_FAMILIAR__CASADO_OU_UNIAO_CIVIL + FAIXA_TAXA_REJEICAO__REJEICAO_PREVIA_ACIMA_25_PCT;FAIXA_RENDA__RENDA_BAIXA;3;1;4;0.010000;0.21;0.63;-0.01;0.85;FAIXA_RENDA__RENDA_BAIXA + POSSE_CARRO__COM_CARRO + SITUACAO_FAMILIAR__CASADO_OU_UNIAO_CIVIL + FAIXA_TAXA_REJEICAO__REJEICAO_PREVIA_ACIMA_25_PCT;100;0.010000
1473;FAIXA_RENDA__RENDA_BAIXA;CATEGORIA_FILHOS__UM_FILHO + POSSE_CARRO__COM_CARRO + SITUACAO_FAMILIAR__CASADO_OU_UNIAO_CIVIL + FAIXA_TAXA_REJEICAO__SEM_REJEICAO_PREVIA;1;4;5;0.010000;0.03;0.63;-0.01;0.98;FAIXA_RENDA__RENDA_BAIXA + CATEGORIA_FILHOS__UM_FILHO + POSSE_CARRO__COM_CARRO + SITUACAO_FAMILIAR__CASADO_OU_UNIAO_CIVIL + FAIXA_TAXA_REJEICAO__SEM_REJEICAO_PREVIA;100;0.010000
1474;CATEGORIA_FILHOS__UM_FILHO + POSSE_CARRO__COM_CARRO + SITUACAO_FAMILIAR__CASADO_OU_UNIAO_CIVIL + FAIXA_TAXA_REJEICAO__SEM_REJEICAO_PREVIA;FAIXA_RENDA__RENDA_BAIXA;4;1;5;0.010000;0.21;0.63;-0.01;0.84;FAIXA_RENDA__RENDA_BAIXA + CATEGORIA_FILHOS__UM_FILHO + POSSE_CARRO__COM_CARRO + SITUACAO_FAMILIAR__CASADO_OU_UNIAO_CIVIL + FAIXA_TAXA_REJEICAO__SEM_REJEICAO_PREVIA;100;0.010000
1475;FAIXA_CREDITO__CREDITO_MUITO_ALTO + FAIXA_IDADE__IDADE_30_A_39 + POSSE_CARRO__SEM_CARRO;CATEGORIA_FILHOS__SEM_FILHOS + SITUACAO_FAMILIAR__CASADO_OU_UNIAO_CIVIL;3;2;5;0.010000;0.29;0.61;-0.01;0.74;FAIXA_CREDITO__CREDITO_MUITO_ALTO + FAIXA_IDADE__IDADE_30_A_39 + CATEGORIA_FILHOS__SEM_FILHOS + POSSE_CARRO__SEM_CARRO + SITUACAO_FAMILIAR__CASADO_OU_UNIAO_CIVIL;100;0.010000
1476;CATEGORIA_FILHOS__SEM_FILHOS + SITUACAO_FAMILIAR__CASADO_OU_UNIAO_CIVIL;FAIXA_CREDITO__CREDITO_MUITO_ALTO + FAIXA_IDADE__IDADE_30_A_39 + POSSE_CARRO__SEM_CARRO;2;3;5;0.010000;0.02;0.61;-0.01;0.99;FAIXA_CREDITO__CREDITO_MUITO_ALTO + FAIXA_IDADE__IDADE_30_A_39 + CATEGORIA_FILHOS__SEM_FILHOS + POSSE_CARRO__SEM_CARRO + SITUACAO_FAMILIAR__CASADO_OU_UNIAO_CIVIL;100;0.010000
1477;CATEGORIA_FILHOS__UM_FILHO + POSSE_CARRO__COM_CARRO + SITUACAO_FAMILIAR__CASADO_OU_UNIAO_CIVIL;FAIXA_RENDA__RENDA_BAIXA + FAIXA_TAXA_REJEICAO__SEM_REJEICAO_PREVIA;3;2;5;0.010000;0.14;0.6;-0.01;0.89;FAIXA_RENDA__RENDA_BAIXA + CATEGORIA_FILHOS__UM_FILHO + POSSE_CARRO__COM_CARRO + SITUACAO_FAMILIAR__CASADO_OU_UNIAO_CIVIL + FAIXA_TAXA_REJEICAO__SEM_REJEICAO_PREVIA;100;0.010000
1478;FAIXA_RENDA__RENDA_BAIXA + FAIXA_TAXA_REJEICAO__SEM_REJEICAO_PREVIA;CATEGORIA_FILHOS__UM_FILHO + POSSE_CARRO__COM_CARRO + SITUACAO_FAMILIAR__CASADO_OU_UNIAO_CIVIL;2;3;5;0.010000;0.04;0.6;-0.01;0.97;FAIXA_RENDA__RENDA_BAIXA + CATEGORIA_FILHOS__UM_FILHO + POSSE_CARRO__COM_CARRO + SITUACAO_FAMILIAR__CASADO_OU_UNIAO_CIVIL + FAIXA_TAXA_REJEICAO__SEM_REJEICAO_PREVIA;100;0.010000
1479;POSSE_CARRO__COM_CARRO + FAIXA_CREDITOS_ATIVOS__TRES_OU_MAIS_CREDITOS_ATIVOS;FAIXA_CREDITO__CREDITO_BAIXO + FAIXA_TAXA_REJEICAO__SEM_REJEICAO_PREVIA;2;2;4;0.010000;0.1;0.58;-0.01;0.92;FAIXA_CREDITO__CREDITO_BAIXO + POSSE_CARRO__COM_CARRO + FAIXA_CREDITOS_ATIVOS__TRES_OU_MAIS_CREDITOS_ATIVOS + FAIXA_TAXA_REJEICAO__SEM_REJEICAO_PREVIA;100;0.010000
1480;FAIXA_CREDITO__CREDITO_BAIXO + FAIXA_TAXA_REJEICAO__SEM_REJEICAO_PREVIA;POSSE_CARRO__COM_CARRO + FAIXA_CREDITOS_ATIVOS__TRES_OU_MAIS_CREDITOS_ATIVOS;2;2;4;0.010000;0.06;0.58;-0.01;0.96;FAIXA_CREDITO__CREDITO_BAIXO + POSSE_CARRO__COM_CARRO + FAIXA_CREDITOS_ATIVOS__TRES_OU_MAIS_CREDITOS_ATIVOS + FAIXA_TAXA_REJEICAO__SEM_REJEICAO_PREVIA;100;0.010000
1481;FAIXA_IDADE__IDADE_30_A_39 + FAIXA_CREDITOS_ATIVOS__TRES_OU_MAIS_CREDITOS_ATIVOS;FAIXA_RENDA__RENDA_BAIXA + FAIXA_TAXA_REJEICAO__SEM_REJEICAO_PREVIA;2;2;4;0.010000;0.13;0.56;-0.01;0.88;FAIXA_RENDA__RENDA_BAIXA + FAIXA_IDADE__IDADE_30_A_39 + FAIXA_CREDITOS_ATIVOS__TRES_OU_MAIS_CREDITOS_ATIVOS + FAIXA_TAXA_REJEICAO__SEM_REJEICAO_PREVIA;100;0.010000
1482;FAIXA_RENDA__RENDA_BAIXA + FAIXA_TAXA_REJEICAO__SEM_REJEICAO_PREVIA;FAIXA_IDADE__IDADE_30_A_39 + FAIXA_CREDITOS_ATIVOS__TRES_OU_MAIS_CREDITOS_ATIVOS;2;2;4;0.010000;0.04;0.56;-0.01;0.96;FAIXA_RENDA__RENDA_BAIXA + FAIXA_IDADE__IDADE_30_A_39 + FAIXA_CREDITOS_ATIVOS__TRES_OU_MAIS_CREDITOS_ATIVOS + FAIXA_TAXA_REJEICAO__SEM_REJEICAO_PREVIA;100;0.010000
1483;FAIXA_CREDITO__CREDITO_MUITO_ALTO + FAIXA_IDADE__IDADE_30_A_39;CATEGORIA_FILHOS__SEM_FILHOS + POSSE_CARRO__SEM_CARRO + SITUACAO_FAMILIAR__CASADO_OU_UNIAO_CIVIL;2;3;5;0.010000;0.16;0.52;-0.01;0.82;FAIXA_CREDITO__CREDITO_MUITO_ALTO + FAIXA_IDADE__IDADE_30_A_39 + CATEGORIA_FILHOS__SEM_FILHOS + POSSE_CARRO__SEM_CARRO + SITUACAO_FAMILIAR__CASADO_OU_UNIAO_CIVIL;100;0.010000
1484;CATEGORIA_FILHOS__SEM_FILHOS + POSSE_CARRO__SEM_CARRO + SITUACAO_FAMILIAR__CASADO_OU_UNIAO_CIVIL;FAIXA_CREDITO__CREDITO_MUITO_ALTO + FAIXA_IDADE__IDADE_30_A_39;3;2;5;0.010000;0.03;0.52;-0.01;0.97;FAIXA_CREDITO__CREDITO_MUITO_ALTO + FAIXA_IDADE__IDADE_30_A_39 + CATEGORIA_FILHOS__SEM_FILHOS + POSSE_CARRO__SEM_CARRO + SITUACAO_FAMILIAR__CASADO_OU_UNIAO_CIVIL;100;0.010000
1485;CATEGORIA_FILHOS__SEM_FILHOS;FAIXA_CREDITO__CREDITO_MUITO_ALTO + FAIXA_IDADE__IDADE_30_A_39 + POSSE_CARRO__SEM_CARRO + SITUACAO_FAMILIAR__CASADO_OU_UNIAO_CIVIL;1;4;5;0.010000;0.01;0.51;-0.01;0.99;FAIXA_CREDITO__CREDITO_MUITO_ALTO + FAIXA_IDADE__IDADE_30_A_39 + CATEGORIA_FILHOS__SEM_FILHOS + POSSE_CARRO__SEM_CARRO + SITUACAO_FAMILIAR__CASADO_OU_UNIAO_CIVIL;100;0.010000
1486;FAIXA_CREDITO__CREDITO_MUITO_ALTO + FAIXA_IDADE__IDADE_30_A_39 + POSSE_CARRO__SEM_CARRO + SITUACAO_FAMILIAR__CASADO_OU_UNIAO_CIVIL;CATEGORIA_FILHOS__SEM_FILHOS;4;1;5;0.010000;0.35;0.51;-0.01;0.47;FAIXA_CREDITO__CREDITO_MUITO_ALTO + FAIXA_IDADE__IDADE_30_A_39 + CATEGORIA_FILHOS__SEM_FILHOS + POSSE_CARRO__SEM_CARRO + SITUACAO_FAMILIAR__CASADO_OU_UNIAO_CIVIL;100;0.010000
1487;FAIXA_CREDITO__CREDITO_MUITO_ALTO + CATEGORIA_FILHOS__SEM_FILHOS + POSSE_CARRO__SEM_CARRO + SITUACAO_FAMILIAR__CASADO_OU_UNIAO_CIVIL;FAIXA_IDADE__IDADE_30_A_39;4;1;5;0.010000;0.13;0.49;-0.01;0.84;FAIXA_CREDITO__CREDITO_MUITO_ALTO + FAIXA_IDADE__IDADE_30_A_39 + CATEGORIA_FILHOS__SEM_FILHOS + POSSE_CARRO__SEM_CARRO + SITUACAO_FAMILIAR__CASADO_OU_UNIAO_CIVIL;100;0.010000
1488;FAIXA_IDADE__IDADE_30_A_39;FAIXA_CREDITO__CREDITO_MUITO_ALTO + CATEGORIA_FILHOS__SEM_FILHOS + POSSE_CARRO__SEM_CARRO + SITUACAO_FAMILIAR__CASADO_OU_UNIAO_CIVIL;1;4;5;0.010000;0.04;0.49;-0.01;0.96;FAIXA_CREDITO__CREDITO_MUITO_ALTO + FAIXA_IDADE__IDADE_30_A_39 + CATEGORIA_FILHOS__SEM_FILHOS + POSSE_CARRO__SEM_CARRO + SITUACAO_FAMILIAR__CASADO_OU_UNIAO_CIVIL;100;0.010000
1489;FAIXA_CREDITO__CREDITO_MUITO_ALTO + CATEGORIA_FILHOS__SEM_FILHOS;FAIXA_IDADE__IDADE_30_A_39 + POSSE_CARRO__SEM_CARRO + SITUACAO_FAMILIAR__CASADO_OU_UNIAO_CIVIL;2;3;5;0.010000;0.06;0.48;-0.01;0.93;FAIXA_CREDITO__CREDITO_MUITO_ALTO + FAIXA_IDADE__IDADE_30_A_39 + CATEGORIA_FILHOS__SEM_FILHOS + POSSE_CARRO__SEM_CARRO + SITUACAO_FAMILIAR__CASADO_OU_UNIAO_CIVIL;100;0.010000
1490;FAIXA_IDADE__IDADE_30_A_39 + POSSE_CARRO__SEM_CARRO + SITUACAO_FAMILIAR__CASADO_OU_UNIAO_CIVIL;FAIXA_CREDITO__CREDITO_MUITO_ALTO + CATEGORIA_FILHOS__SEM_FILHOS;3;2;5;0.010000;0.08;0.48;-0.01;0.9;FAIXA_CREDITO__CREDITO_MUITO_ALTO + FAIXA_IDADE__IDADE_30_A_39 + CATEGORIA_FILHOS__SEM_FILHOS + POSSE_CARRO__SEM_CARRO + SITUACAO_FAMILIAR__CASADO_OU_UNIAO_CIVIL;100;0.010000
1491;FAIXA_IDADE__IDADE_30_A_39 + SITUACAO_FAMILIAR__CASADO_OU_UNIAO_CIVIL;FAIXA_CREDITO__CREDITO_MUITO_ALTO + CATEGORIA_FILHOS__SEM_FILHOS + POSSE_CARRO__SEM_CARRO;2;3;5;0.010000;0.05;0.47;-0.01;0.94;FAIXA_CREDITO__CREDITO_MUITO_ALTO + FAIXA_IDADE__IDADE_30_A_39 + CATEGORIA_FILHOS__SEM_FILHOS + POSSE_CARRO__SEM_CARRO + SITUACAO_FAMILIAR__CASADO_OU_UNIAO_CIVIL;100;0.010000
1492;FAIXA_CREDITO__CREDITO_MUITO_ALTO + CATEGORIA_FILHOS__SEM_FILHOS + POSSE_CARRO__SEM_CARRO;FAIXA_IDADE__IDADE_30_A_39 + SITUACAO_FAMILIAR__CASADO_OU_UNIAO_CIVIL;3;2;5;0.010000;0.1;0.47;-0.01;0.88;FAIXA_CREDITO__CREDITO_MUITO_ALTO + FAIXA_IDADE__IDADE_30_A_39 + CATEGORIA_FILHOS__SEM_FILHOS + POSSE_CARRO__SEM_CARRO + SITUACAO_FAMILIAR__CASADO_OU_UNIAO_CIVIL;100;0.010000
1493;FAIXA_CREDITO__CREDITO_MUITO_ALTO + CATEGORIA_FILHOS__SEM_FILHOS + SITUACAO_FAMILIAR__CASADO_OU_UNIAO_CIVIL;FAIXA_IDADE__IDADE_30_A_39 + POSSE_CARRO__SEM_CARRO;3;2;5;0.010000;0.07;0.46;-0.01;0.91;FAIXA_CREDITO__CREDITO_MUITO_ALTO + FAIXA_IDADE__IDADE_30_A_39 + CATEGORIA_FILHOS__SEM_FILHOS + POSSE_CARRO__SEM_CARRO + SITUACAO_FAMILIAR__CASADO_OU_UNIAO_CIVIL;100;0.010000
1494;FAIXA_IDADE__IDADE_30_A_39 + POSSE_CARRO__SEM_CARRO;FAIXA_CREDITO__CREDITO_MUITO_ALTO + CATEGORIA_FILHOS__SEM_FILHOS + SITUACAO_FAMILIAR__CASADO_OU_UNIAO_CIVIL;2;3;5;0.010000;0.06;0.46;-0.01;0.92;FAIXA_CREDITO__CREDITO_MUITO_ALTO + FAIXA_IDADE__IDADE_30_A_39 + CATEGORIA_FILHOS__SEM_FILHOS + POSSE_CARRO__SEM_CARRO + SITUACAO_FAMILIAR__CASADO_OU_UNIAO_CIVIL;100;0.010000
1495;CATEGORIA_FILHOS__SEM_FILHOS + POSSE_CARRO__SEM_CARRO;FAIXA_CREDITO__CREDITO_MUITO_ALTO + FAIXA_IDADE__IDADE_30_A_39 + SITUACAO_FAMILIAR__CASADO_OU_UNIAO_CIVIL;2;3;5;0.010000;0.02;0.4;-0.01;0.97;FAIXA_CREDITO__CREDITO_MUITO_ALTO + FAIXA_IDADE__IDADE_30_A_39 + CATEGORIA_FILHOS__SEM_FILHOS + POSSE_CARRO__SEM_CARRO + SITUACAO_FAMILIAR__CASADO_OU_UNIAO_CIVIL;100;0.010000
1496;FAIXA_CREDITO__CREDITO_MUITO_ALTO + FAIXA_IDADE__IDADE_30_A_39 + SITUACAO_FAMILIAR__CASADO_OU_UNIAO_CIVIL;CATEGORIA_FILHOS__SEM_FILHOS + POSSE_CARRO__SEM_CARRO;3;2;5;0.010000;0.19;0.4;-0.01;0.64;FAIXA_CREDITO__CREDITO_MUITO_ALTO + FAIXA_IDADE__IDADE_30_A_39 + CATEGORIA_FILHOS__SEM_FILHOS + POSSE_CARRO__SEM_CARRO + SITUACAO_FAMILIAR__CASADO_OU_UNIAO_CIVIL;100;0.010000
1497;FAIXA_RENDA__RENDA_MUITO_ALTA + FAIXA_TAXA_REJEICAO__SEM_REJEICAO_PREVIA;FAIXA_CREDITO__CREDITO_BAIXO + SITUACAO_FAMILIAR__CASADO_OU_UNIAO_CIVIL;2;2;4;0.010000;0.07;0.39;-0.02;0.89;FAIXA_CREDITO__CREDITO_BAIXO + FAIXA_RENDA__RENDA_MUITO_ALTA + SITUACAO_FAMILIAR__CASADO_OU_UNIAO_CIVIL + FAIXA_TAXA_REJEICAO__SEM_REJEICAO_PREVIA;100;0.010000
1498;FAIXA_CREDITO__CREDITO_BAIXO + SITUACAO_FAMILIAR__CASADO_OU_UNIAO_CIVIL;FAIXA_RENDA__RENDA_MUITO_ALTA + FAIXA_TAXA_REJEICAO__SEM_REJEICAO_PREVIA;2;2;4;0.010000;0.06;0.39;-0.02;0.9;FAIXA_CREDITO__CREDITO_BAIXO + FAIXA_RENDA__RENDA_MUITO_ALTA + SITUACAO_FAMILIAR__CASADO_OU_UNIAO_CIVIL + FAIXA_TAXA_REJEICAO__SEM_REJEICAO_PREVIA;100;0.010000
1499;FAIXA_CREDITO__CREDITO_BAIXO + SITUACAO_FAMILIAR__CASADO_OU_UNIAO_CIVIL + FAIXA_TAXA_REJEICAO__SEM_REJEICAO_PREVIA;FAIXA_RENDA__RENDA_MUITO_ALTA;3;1;4;0.010000;0.09;0.37;-0.02;0.83;FAIXA_CREDITO__CREDITO_BAIXO + FAIXA_RENDA__RENDA_MUITO_ALTA + SITUACAO_FAMILIAR__CASADO_OU_UNIAO_CIVIL + FAIXA_TAXA_REJEICAO__SEM_REJEICAO_PREVIA;100;0.010000
1500;FAIXA_RENDA__RENDA_MUITO_ALTA;FAIXA_CREDITO__CREDITO_BAIXO + SITUACAO_FAMILIAR__CASADO_OU_UNIAO_CIVIL + FAIXA_TAXA_REJEICAO__SEM_REJEICAO_PREVIA;1;3;4;0.010000;0.04;0.37;-0.02;0.93;FAIXA_CREDITO__CREDITO_BAIXO + FAIXA_RENDA__RENDA_MUITO_ALTA + SITUACAO_FAMILIAR__CASADO_OU_UNIAO_CIVIL + FAIXA_TAXA_REJEICAO__SEM_REJEICAO_PREVIA;100;0.010000
1501;FAIXA_CREDITO__CREDITO_BAIXO;FAIXA_RENDA__RENDA_MUITO_ALTA + SITUACAO_FAMILIAR__CASADO_OU_UNIAO_CIVIL + FAIXA_TAXA_REJEICAO__SEM_REJEICAO_PREVIA;1;3;4;0.010000;0.04;0.34;-0.02;0.92;FAIXA_CREDITO__CREDITO_BAIXO + FAIXA_RENDA__RENDA_MUITO_ALTA + SITUACAO_FAMILIAR__CASADO_OU_UNIAO_CIVIL + FAIXA_TAXA_REJEICAO__SEM_REJEICAO_PREVIA;100;0.010000
1502;FAIXA_RENDA__RENDA_MUITO_ALTA + SITUACAO_FAMILIAR__CASADO_OU_UNIAO_CIVIL + FAIXA_TAXA_REJEICAO__SEM_REJEICAO_PREVIA;FAIXA_CREDITO__CREDITO_BAIXO;3;1;4;0.010000;0.09;0.34;-0.02;0.82;FAIXA_CREDITO__CREDITO_BAIXO + FAIXA_RENDA__RENDA_MUITO_ALTA + SITUACAO_FAMILIAR__CASADO_OU_UNIAO_CIVIL + FAIXA_TAXA_REJEICAO__SEM_REJEICAO_PREVIA;100;0.010000
1503;FAIXA_RENDA__RENDA_MUITO_ALTA + SITUACAO_FAMILIAR__CASADO_OU_UNIAO_CIVIL;FAIXA_CREDITO__CREDITO_BAIXO + FAIXA_TAXA_REJEICAO__SEM_REJEICAO_PREVIA;2;2;4;0.010000;0.06;0.33;-0.02;0.88;FAIXA_CREDITO__CREDITO_BAIXO + FAIXA_RENDA__RENDA_MUITO_ALTA + SITUACAO_FAMILIAR__CASADO_OU_UNIAO_CIVIL + FAIXA_TAXA_REJEICAO__SEM_REJEICAO_PREVIA;100;0.010000
1504;FAIXA_CREDITO__CREDITO_BAIXO + FAIXA_TAXA_REJEICAO__SEM_REJEICAO_PREVIA;FAIXA_RENDA__RENDA_MUITO_ALTA + SITUACAO_FAMILIAR__CASADO_OU_UNIAO_CIVIL;2;2;4;0.010000;0.06;0.33;-0.02;0.87;FAIXA_CREDITO__CREDITO_BAIXO + FAIXA_RENDA__RENDA_MUITO_ALTA + SITUACAO_FAMILIAR__CASADO_OU_UNIAO_CIVIL + FAIXA_TAXA_REJEICAO__SEM_REJEICAO_PREVIA;100;0.010000
