AMT_CREDIT;CNT_CHILDREN;FLAG_OWN_CAR_COD;AGE_YEARS;CREDIT_INCOME_RATIO;SER_CREDITOS_ATIVOS;cluster
0.2897064229328433;0.8;Y;0.7158030629141646;0.1673522468231218;0.3946002313234923;cluster6
0.8521278715954264;0;Y;0.9047862705284;0.3858899385707677;0.2630668208823282;cluster6
0.3100619927573643;0;Y;1.3046840703442015;0.1819602403046706;0.3946002313234923;cluster8
0.1444888886249317;0;N;1.5239979162175112;0.0763961430393669;0;cluster3
0.1813056496449412;0;N;1.6135899553827782;0.2039267148662734;0.1315334104411641;cluster3
0.0742908534646644;0;N;1.461003513679433;0.1329522297414424;0.3946002313234923;cluster4
0.5891177862389921;0.4;N;1.0251755731567276;0.5963213600725602;0;cluster2
0.5271053876875194;0;Y;0.3966314233879009;0.4262748048686939;0.2630668208823282;cluster6
0.5077575193394598;0;N;2.020953758462352;0.4465341034662046;0.2630668208823282;cluster3
0.5891177862389921;0.4;N;0.135321309155872;0.6776868030282011;0;cluster5
0.1976955265820954;1.6;N;0.713469936894236;0.3664006554677428;0.3946002313234923;cluster1
0.1240247971029457;0;Y;0.0947249164091105;0.1239497461885624;0.3946002313234923;cluster6
0.3775934947799182;0;N;1.895431578590181;0.1634548824634877;1.0522672835293128;cluster3
0.7441487826176744;0.8;Y;1.1576971310886852;0.1328288661587342;0.1315334104411641;cluster6
0.5023004282669302;0;Y;0.4493600714382925;0.3203568763843044;0.2630668208823282;cluster6
0.0669733904355906;0.4;N;0.3215047655461927;0.0939168297687519;0.3946002313234923;cluster5
0.4960991884117828;0;Y;1.889832076142352;0.2220878629528019;0.1315334104411641;cluster8
0.2821564134092015;0;N;0.5725491252905348;0.7529498508145431;0;cluster7
0.5077575193394598;0;N;1.9084970843017823;0.1990243176910449;0;cluster3
0.5373188297289468;0;N;2.015820881218509;0.3902408542885933;0.3946002313234923;cluster3
0.1240247971029457;0;N;2.095613791100075;0.1959177034546711;0;cluster3
0.4893398369696723;0;Y;0.2515109849483278;0.2082556280103994;0.2630668208823282;cluster6
0.3160399879777262;0.4;N;0.3411030241135948;0.3335673708034569;0;cluster5
0.1550620025779578;0.4;Y;0.1082570473246977;0.081020412766035;0.2630668208823282;cluster6
0.2027402352042578;0;N;0.8035286012634888;0.224550957847213;0.1315334104411641;cluster7
0.3138447490690041;0;Y;1.927628717665199;0.1839823887051452;0.3946002313234923;cluster8
0.6750669706313336;0.4;Y;0.4012976754277587;1.1319410502180824;0;cluster6
0.2276010057835432;0.8;N;0.3966314233879009;0.1633456154449463;0.5261336417646564;cluster1
0.607721505804434;0.8;Y;1.2010932750593617;0.2191343717123773;0.5261336417646564;cluster6
0.43408678986031;0.8;N;0.7587325816808552;0.3725663732982988;0;cluster1
0.4608823472744014;0.8;N;0.6901386766949478;0.2625816979292871;0.2630668208823282;cluster1
0.217043394930155;0;N;1.6849836115926005;0.1985347417799828;0;cluster3
0.3262968386981399;0;N;1.8837659484905367;0.2145133091405196;0.1315334104411641;cluster3
1.1472293732022478;0;Y;1.871167067982921;0.5664873618359919;0.5261336417646564;cluster8
0.1240247971029457;0.8;N;0.8529908728859801;0.092872639830472;0.5261336417646564;cluster1
0.1240247971029457;0.4;Y;0.7158030629141646;0.1239497461885624;0.2630668208823282;cluster6
0.2480495942058914;0;N;1.0443072065201442;0.1488113865240374;0.1315334104411641;cluster4
0.1395278967408139;0;N;1.4554040112316036;0.1220943698382302;0.2630668208823282;cluster4
0.5261752017092473;0;N;1.7745756507578676;0.2624437902724386;1.0522672835293128;cluster3
0.3445408863519831;0;Y;0.4932228406129545;0.2577480681199939;0.1315334104411641;cluster6
0.1444888886249317;0.8;N;0.4026975510397159;0.2634858172458463;0;cluster1
0.1085216974650775;0.4;N;0.4446938193984349;0.1338943874057533;0.1315334104411641;cluster5
0.1444888886249317;0;N;0.1208559278323133;0.1685018253601723;0;cluster7
0.3772834327871608;0;N;0.2095147165896088;0.2802514800648594;0;cluster7
0.2027402352042578;0;Y;0.9509821657229908;0.21590059005852;0.2630668208823282;cluster6
0.43408678986031;0.8;Y;0.6248111481369405;0.3020129950585769;0.1315334104411641;cluster6
0.5077575193394598;0.8;Y;0.6822060482271897;0.3699239014894904;0;cluster6
0.8116802846402282;0;N;1.0830370984509623;0.5064091478871029;0;cluster2
0.417963566236927;0;N;1.5216647901975826;0.3082101877572725;0.1315334104411641;cluster3
0.43408678986031;0;N;1.4404720047040591;0.3854258707281979;0;cluster4
0.1547209343859247;0;N;2.009754753566693;0.7087908345696999;0.1315334104411641;cluster3
0.0555631091021196;0;N;1.0293751999925995;0.0517017222640079;0.2630668208823282;cluster4
0.2325464945680232;0;Y;1.281819435348899;0.0137296805734642;0.2630668208823282;cluster8
0.217043394930155;0;N;0.1591191945591461;0.1322369596337207;0.1315334104411641;cluster7
0.5891177862389921;0.4;N;0.4591592007219935;0.3311302314875116;0.3946002313234923;cluster5
0.1767353358716976;0;N;0.1488534400714594;0.1245712629568257;0.2630668208823282;cluster7
0.8341907853144128;0.4;Y;1.0466403325400728;0.2969585190773375;0.1315334104411641;cluster6
0.272705723869957;0.8;Y;0.4759577080654811;0.2918713748680291;0.5261336417646564;cluster6
0.4650557816969156;0.4;Y;1.189894270163703;0.1701086099201983;0;cluster8
0.7119023353709084;0;Y;0.5286863561158727;0.3967650276079615;0.1315334104411641;cluster6
0.2130994063822813;0;N;1.7251133791353763;0.1953723379669066;0.5261336417646564;cluster3
0.1395278967408139;0;N;1.00837706581324;0.0816848904917589;0.1315334104411641;cluster4
0.2919636742401169;0.4;N;0.4064305526716021;0.155021333256979;0;cluster5
0.1342568428639387;0;N;1.3308150817674045;0.2646667214810453;0.2630668208823282;cluster4
0.747249402545248;0;N;1.841769680131818;0.3979570450075037;0.6576670522058206;cluster3
0.3565712916709689;0.8;Y;0.8455248696222076;0.1550267779616572;0.3946002313234923;cluster6
0.1444888886249317;0.8;Y;0.8459914948261936;0.1051791641030564;0.2630668208823282;cluster6
0.0841446235944935;0;N;0.7815972166761579;0.0835789018698074;0.3946002313234923;cluster7
0.2058811631908899;0;Y;1.0531730853958736;0.2031518513470742;0.5261336417646564;cluster8
0.7441487826176744;0.4;Y;1.7666430222901095;0.7454913512554011;0;cluster8
0.4409856691991614;0;N;0.8511243720700371;0.3240328724770232;0.3946002313234923;cluster4
0.077515498189341;0.4;N;0.243111731276584;0.1301651376261823;0.2630668208823282;cluster5
0.2425490944543758;0.4;N;0.4549595738861217;0.2628548281831429;0.3946002313234923;cluster5
0.1550309963786821;0;N;1.279019684124984;0.0825136043777752;0.2630668208823282;cluster4
0.3332360260960497;0;N;1.1394987481332404;0.1748773507833269;0.2630668208823282;cluster4
0.8346868845028247;0;N;1.2930184402445573;0.6937791125070146;0.9207338730881488;cluster2
0.098481890139594;0;N;1.219758283218792;0.0795085749053969;0;cluster4
0.1342568428639387;0;N;2.203870838424772;0.198410408592332;0.1315334104411641;cluster3
0.1240247971029457;0;N;1.5165319129537391;0.3725663732982988;0.1315334104411641;cluster3
0.2387477344231705;0;N;1.1824282668999306;0.2591971799993396;0.7892004626469847;cluster4
0.6750669706313336;0;Y;0.578148627738364;0.2422770516544568;0.2630668208823282;cluster6
0.3720743913088372;0;N;0.5916807586539511;0.3874833724165829;0;cluster7
1.3565832307120202;0;N;1.3555462175786497;0.7413808975633622;0.3946002313234923;cluster2
0.8116802846402282;0;Y;0.4185628079752319;0.4050555973779216;0;cluster6
0.1697651422745121;0;N;0.3551017802331678;0.0907645695150761;0.3946002313234923;cluster7
0.2922520318933813;0;N;1.7232468783194337;0.1157001235811821;0.1315334104411641;cluster3
0.2821564134092015;0;Y;1.5454626756008565;0.2786445463348422;0.2630668208823282;cluster8
0.5032151111455644;0;N;1.5916585707954474;0.4279954807169879;0.3946002313234923;cluster3
0.7442666061749221;0;Y;1.0121100674451262;0.2115628012999186;0.6576670522058206;cluster8
0.9383716148808874;0;Y;1.946760351028615;0.4322620408047996;0.5261336417646564;cluster8
0.1521722248054592;0;Y;1.887498950122423;0.1912210862822793;0;cluster8
1.1315650413281455;0.4;Y;0.978513052758151;0.4657329525963966;0.1315334104411641;cluster6
1.1315650413281455;0;N;0.819393858199005;0.4657329525963966;0.1315334104411641;cluster2
0.43408678986031;0;N;1.903364207057939;0.6577442669069671;0;cluster3
0.1550309963786821;0;N;0.0494622716224911;0.1786453847606055;0.5261336417646564;cluster7
0.1393728657444352;0;N;1.7918407833053407;0.3149064286614703;0.1315334104411641;cluster3
0.662788515718142;0;Y;1.558061556108472;0.6672069398826462;0.3946002313234923;cluster8
0.2821564134092015;0;N;1.5631944333523158;0.2786445463348422;0;cluster3
0.0567413446745976;0;N;2.012554504790608;0.1755376517492978;0;cluster3
0.0620123985514728;0.4;Y;0.8931206404287559;0.0635714022174133;0;cluster6
0.1435773063662251;0.4;N;0.4185628079752319;0.0733183186112913;0.7892004626469847;cluster5
0.3353537495065825;0;N;1.1147676123219947;0.3521509683050152;0;cluster4
0.2366889227912615;0;N;0.4400275673585772;0.1167208192458507;0.2630668208823282;cluster7
0.5150315736895474;0;Y;1.0471069577440586;0.222266195677261;0.1315334104411641;cluster8
0.2480495942058914;0.4;Y;0.2580437378041286;0.2233963821154578;0.3946002313234923;cluster6
0.314849349925538;0;N;1.5463959260088282;0.5542753367528219;0;cluster3
0.1393728657444352;0;N;2.082548285388473;0.2098181090830441;0;cluster3
0.0620123985514728;0;Y;2.03775226580584;0.089143390050901;0.1315334104411641;cluster8
0.0930185978272093;0.4;Y;0.3914985461440575;0.1488113865240374;0.3946002313234923;cluster6
0.564312826818403;0.8;N;0.5398853610115312;0.5724541614833056;0;cluster1
0.1052970527404009;0;Y;0.8968536420606419;0.2977101866629079;0;cluster6
0.3895308815010767;0.8;Y;0.6532752855800723;0.1979936276369671;0.9207338730881488;cluster6
0.662788515718142;0;N;1.630855087930252;0.3334241676119213;0.1315334104411641;cluster3
0.1444888886249317;0;N;1.8562350614553769;0.2634858172458463;0.2630668208823282;cluster3
0.4834393572474996;0;N;1.0695049675353754;0.4121387106542519;0.3946002313234923;cluster4
0.4960991884117828;0;Y;1.0247089479527418;0.5068193653628557;0.1315334104411641;cluster8
0.0462116394005575;0.4;N;1.0153764438730264;0.1544300979969258;0.1315334104411641;cluster4
0.417963566236927;0.8;N;0.5095547227524562;0.3082101877572725;0.5261336417646564;cluster1
0.8567012859885975;0.8;Y;1.0242423227487565;0.711430845073654;0.3946002313234923;cluster6
0.0618573675550941;0;N;0.3205715151382212;0.0889942200597181;0.2630668208823282;cluster7
0.3445408863519831;0;Y;0.9374500348074036;0.2003910877352577;0.3946002313234923;cluster6
0.1085216974650775;0;N;0.4806239601053388;0.1115188887283271;0.5261336417646564;cluster7
0.1922384355095658;0.4;N;0.346702526561424;0.1530733969271179;0;cluster5
0.7119023353709084;0;N;1.2300240377064788;0.1485627947337311;0.5261336417646564;cluster2
0.6426716936280441;0;N;1.0662385911074752;0.736242811802065;0.2630668208823282;cluster2
0.4433886496430309;0;N;1.8595014378832773;0.4561015683606897;0.1315334104411641;cluster3
0.130226036958093;0.4;Y;0.6588747880279013;0.12892202950466;0.2630668208823282;cluster6
0.0918403622547313;0;N;2.178206452205555;0.1966452055016698;0;cluster3
0.1885486977957532;0;Y;1.8310373004401452;0.2637095722326206;0.9207338730881488;cluster8
0.0391918358845308;0.4;Y;0.3420362745215662;0.1122149904921818;0.6576670522058206;cluster6
0.0350990175801336;0;N;1.8263710484002875;0.1056515108801368;0.1315334104411641;cluster3
0.1240247971029457;0.4;Y;0.3798329160444135;0.1061913570782275;0.2630668208823282;cluster6
0.3783593479020289;0;N;1.950959977864487;0.3513282958036418;0.5261336417646564;cluster3
0.3317663322503797;0;N;1.1889610197557312;0.1935623838788896;0.9207338730881488;cluster4
0.4100259792223385;0;Y;0.6803395474112466;0.3532736962436528;0.1315334104411641;cluster6
0.1854170716689038;0.4;N;0.5030219698966557;0.2078827030324423;0.2630668208823282;cluster5
0.3441626107208192;0;Y;0.7559328304569408;0.3004625967552181;0.7892004626469847;cluster6
0.1395278967408139;0;Y;0.1077904221207118;0.1637283856423214;0.1315334104411641;cluster6
0.8991797789963565;0;Y;0.330837269625908;0.55902886227685;0;cluster6
0.6750669706313336;0;N;0.1418540620116728;0.65289124499882;0.1315334104411641;cluster7
0.5891177862389921;0;N;1.4843347738787211;0.7454913512554011;0.1315334104411641;cluster2
0.687345425544525;0;N;1.5631944333523158;0.5756364794902048;0.2630668208823282;cluster2
0.2015402952922868;0;Y;0.5501511154992179;0.2233963821154578;0;cluster6
0.4100259792223385;0.4;Y;0.8338592395225636;0.1175188041136833;0;cluster6
0.3445408863519831;0.4;N;0.4484268210303209;0.1803160886618534;0;cluster5
0.5891177862389921;0;N;1.7433117620908214;0.2482580224509327;0.5261336417646564;cluster3
0.2821564134092015;0.8;Y;1.000911062549468;0.3009647775305351;0;cluster6
0.1943220521008953;0;N;1.6569860993534546;0.5416654753031673;0;cluster3
0.0497215411585709;0;Y;1.643920593641853;0.0879093812988409;0;cluster8
0.1395278967408139;0;N;1.7549773921904652;0.1637283856423214;0.1315334104411641;cluster3
0.7119023353709084;0;N;1.9920229958152345;0.7144639930893701;0.1315334104411641;cluster3
0.4650929891360464;0;N;0.922984653483845;0.1985347417799828;0.1315334104411641;cluster4
0.1485817069293289;0;N;2.105879545587761;0.2156395425739501;0.1315334104411641;cluster3
0.1550309963786821;0;N;0.2403119800526693;0.1786453847606055;0.1315334104411641;cluster7
0.1976366148034715;0;N;2.051751021925413;0.2196402817374739;0;cluster3
0.1984024679255822;0;N;0.9463159136831332;0.1376012616866468;0.3946002313234923;cluster4
0.1085216974650775;0.8;N;1.08443697406292;0.1674576354218925;0.3946002313234923;cluster1
0.2694314692264393;0.8;N;0.4148298063433459;0.3281408648642074;0.2630668208823282;cluster1
0.2790557934816278;0.4;N;0.8973202672646277;0.2482580224509327;0.5261336417646564;cluster5
0.357101497678584;0;N;0.332703770441851;0.2330383574205387;0;cluster7
1.0542107753750387;0;Y;0.3159052630983635;0.401252881377693;0.1315334104411641;cluster6
0.0497215411585709;0.8;N;0.4288285624629189;0.107524414704433;0;cluster1
0.6356270851525968;0;N;1.1754288888401443;0.6410723574274123;0.1315334104411641;cluster2
0.6747569086385762;0;Y;1.146031500989041;0.5301737921074192;0.3946002313234923;cluster8
0.1085216974650775;0;N;0.9817794291860512;0.1674576354218925;0.1315334104411641;cluster4
0.5077575193394598;0;N;0.9407164112353038;0.323638616190327;1.0522672835293128;cluster4
0.7596518822555425;0;N;1.516998538157725;0.4419477975022927;0.3946002313234923;cluster2
0.1860371956544186;0;Y;1.0060439397933114;0.1736730268595123;0.3946002313234923;cluster6
0.0371454267323322;0;N;1.9038308322619248;0.1925093929111299;0;cluster3
0.7856846871674508;0.8;Y;1.1950271474075462;0.3270645287928277;0.5261336417646564;cluster8
0.3281696131343944;0.4;N;0.3014398817748048;0.191639731862534;0;cluster5
0.3820459849959139;0;N;0.6509421595601436;0.522584246711023;0;cluster7
0.6750669706313336;0;Y;0.9491156649070476;0.4242537752431531;0.2630668208823282;cluster8
0.0815339016154765;0.4;N;0.1171229262004271;0.0673198203408513;0.1315334104411641;cluster5
0.5373188297289468;0;N;1.609390328546907;0.3902408542885933;0.3946002313234923;cluster3
0.5856078844809788;0;N;1.530530669073312;0.5929441514721807;0.1315334104411641;cluster2
0.2281219099313756;0;N;0.1572526937432031;0.1681087624334055;0.2630668208823282;cluster7
0.1781058098796852;0;N;1.796040410141213;0.209231423507722;0.2630668208823282;cluster3
0.2954270666992167;0.4;N;0.7535997044370117;0.1566875620584913;0;cluster5
0.1731386167557122;0;N;0.3135721370784346;0.0697938792296143;0.3946002313234923;cluster7
0.1567673435381233;0;N;0.6845391742471185;0.2653394781412799;0.1315334104411641;cluster7
0.1240247971029457;0.4;N;0.398497924203844;0.1488113865240374;0.2630668208823282;cluster5
0.1085216974650775;0.4;N;1.089569851306763;0.095536368363024;0.2630668208823282;cluster4
0.3441626107208192;0;N;1.9360279713369428;0.4508731601697311;0.1315334104411641;cluster3
0.1342568428639387;0;N;1.753577516578508;0.1238720286231561;0.2630668208823282;cluster3
0.1240247971029457;0;N;1.5552618048845577;0.1430740849081585;0.2630668208823282;cluster3
0.020107520230315;0;N;1.865100940331106;0.1114171547943404;0.2630668208823282;cluster3
0.662788515718142;0;N;1.4246067477685431;0.3705111091597816;0.1315334104411641;cluster2
0.0826997347082442;0;N;1.147898001804984;0.0777893907570146;0.2630668208823282;cluster4
0.1854170716689038;0;N;1.1922273961836318;0.2599430299552538;0;cluster4
0.3604005572815223;0.4;N;0.2580437378041286;0.348353846179456;0.1315334104411641;cluster5
0.2790557934816278;0;N;1.5043996576501093;0.3239239783834597;0.3946002313234923;cluster4
0.5077575193394598;0;Y;1.2262910360745929;0.323638616190327;0.1315334104411641;cluster8
0.0930185978272093;0;Y;0.821260359014948;0.1189773882874692;0;cluster6
0.1444888886249317;0;Y;1.2239579100546636;0.1051791641030564;0;cluster8
0.217043394930155;0.8;N;0.7181361889340937;0.1751354894530689;0.1315334104411641;cluster1
0.3720743913088372;0.4;Y;0.8133277305471899;0.5383107913714564;0.1315334104411641;cluster6
0.2694314692264393;0.4;N;1.2328237889303937;0.1803160886618534;0.2630668208823282;cluster4
0.5410333724021801;0;N;0.8095947289153038;0.6876581456738137;0.1315334104411641;cluster2
0.1111262182042393;0;N;1.574393438247974;0.2845560785004226;0;cluster3
0.5829661563026861;0.4;N;1.3065505711601446;0.7380925196927322;0;cluster2
0.6182636135581845;0.4;N;1.1931606465916034;0.232747326767741;0.2630668208823282;cluster4
0.90228039892393;0;Y;1.5589948065164436;0.4985321519176973;0;cluster8
1.0542107753750387;0;N;1.8268376736042733;0.401252881377693;0.6576670522058206;cluster2
0.799959941314;0;N;1.687316737612529;0.3994169717112101;0.1315334104411641;cluster2
0.1395278967408139;0.8;N;0.7190694393420651;0.2047501332176027;0;cluster1
0.2200944049388875;0;N;1.0200426959128843;0.2009811296353814;0.5261336417646564;cluster4
0.1457291365959612;0;Y;1.580926191103775;0.1059250140589706;0.3946002313234923;cluster8
0.5936756975325254;0;N;0.3317705200338795;0.5005293889296444;0;cluster7
1.1315650413281455;0.4;Y;0.7074038092424209;0.4657329525963966;0.7892004626469847;cluster6
0.4502906296018099;0;N;1.7554440173944512;0.2569198763289468;0.2630668208823282;cluster3
0.5261752017092473;0;N;1.3583459688025643;0.6088652138011164;0.3946002313234923;cluster2
0.3642391247518585;0;N;1.2272242864825642;0.2260121524958445;0.2630668208823282;cluster4
0.86817357972062;0.4;N;1.574393438247974;0.4803002226703525;0.3946002313234923;cluster2
0.7785842675333071;0;N;0.9295174063396456;0.5560582164874392;0.5261336417646564;cluster2
0.3772834327871608;0.4;N;0.4880899633691111;0.2451752008281526;0;cluster5
0.5138967467960556;0;N;0.2631766150479719;0.2617927378459211;0.3946002313234923;cluster7
0.1674334760889767;0;N;0.6966714295507485;0.0791987488337101;0.3946002313234923;cluster7
0.3757517265429395;0;N;1.652786472517583;0.3910216846074399;0.2630668208823282;cluster3
0.3565650904311138;0;N;1.8375700532959465;0.3449368091914306;0.1315334104411641;cluster3
0.2055897049176979;0;N;0.4493600714382925;0.3158237495222491;0;cluster7
0.2201440148577286;0.8;N;0.7797307158602148;0.0925857859374274;0.9207338730881488;cluster1
0.1550309963786821;0;N;0.1017242944688969;0.2233963821154578;0;cluster7
0.3117983399168055;0;Y;0.9794463031661228;0.117443100343158;0.2630668208823282;cluster6
0.5891177862389921;0.4;N;0.533819233359716;0.7454913512554011;0.3946002313234923;cluster5
0.1860371956544186;0;N;1.342947337071034;0.1156625327434041;0.6576670522058206;cluster4
0.1240247971029457;0;N;2.0914141642642026;0.2068219552251412;0.3946002313234923;cluster3
0.2318767606636673;0;Y;1.238889916582208;0.2525859659901161;0.2630668208823282;cluster8
0.8341907853144128;0;Y;0.9780464275541654;0.2077633670394961;0.3946002313234923;cluster8
0.5077575193394598;0;N;1.4801351470428492;0.5396367634230806;0;cluster2
0.7119023353709084;0;Y;1.6037908260990772;0.2745731751804934;0.5261336417646564;cluster8
0.1506808266202963;0.4;Y;0.4190294331792177;0.174459674808015;0.3946002313234923;cluster6
0.0669733904355906;0.4;N;0.7759977142283289;0.1305795318616882;0.1315334104411641;cluster5
0.2080639996199017;0;Y;0.5664829976387198;0.2126340655915982;0.5261336417646564;cluster6
0.168034996354926;0.4;N;0.3924317965520291;0.1060393528572122;0;cluster5
0.0053516699949921;0.8;N;1.0195760707088986;0.016790126697567;0;cluster1
0.272705723869957;0.4;N;1.568327310596159;0.2431664031418889;0.1315334104411641;cluster3
0.3441626107208192;0;Y;1.1287663684415676;0.1384819613145904;0.6576670522058206;cluster8
0.4898979485566356;0.4;N;0.636010153032599;0.2084793829971737;0.3946002313234923;cluster5
0.8730725592061864;0;Y;2.017220756830465;0.543328720704856;0.3946002313234923;cluster8
0.7914022303138966;0.4;Y;0.3359701468697514;0.5991239658669033;0.3946002313234923;cluster6
0.3505808939708966;0;N;1.6229224594624938;0.2618993198046212;0.3946002313234923;cluster3
0.2366889227912615;0;Y;1.377010976961995;0.3216099043102403;0;cluster8
0.2480495942058914;0;N;1.5300640438693265;0.1674576354218925;0.2630668208823282;cluster3
0.3705364838247607;0.4;Y;0.282774873615374;0.1928225007226227;0.1315334104411641;cluster6
0.1860371956544186;0;N;1.920629339605412;0.1301651376261823;0.2630668208823282;cluster3
1.0072301822324428;0;N;0.5174873512202142;0.8321292821343952;0.2630668208823282;cluster2
0.3719131590726033;0;N;0.9332504079715318;0.3227137622449934;0.2630668208823282;cluster4
0.5814282488186095;0;Y;1.194560522203561;0.3978042949365324;0.1315334104411641;cluster8
0.1395278967408139;0;N;1.7974402857531702;0.1637283856423214;0.1315334104411641;cluster3
0.1649529801469178;0;N;0.9323171575635602;0.2139037259715509;0;cluster4
0.1393728657444352;0;Y;1.5715936870240594;0.1362562704611468;0.1315334104411641;cluster8
0.662788515718142;0;N;1.5071994088740237;0.2645483550930417;0.3946002313234923;cluster2
0.5261752017092473;0;N;1.6495200960896823;0.3347144880356529;0.9207338730881488;cluster3
0.892209585399171;0;N;1.0452404569281155;0.6341508698365286;0.1315334104411641;cluster2
0.399979970657;0;N;1.5510621780486855;0.2407417195202074;0.6576670522058206;cluster3
0.1240247971029457;0;Y;0.6593414132318873;0.0825136043777752;0;cluster6
0.4538811474779401;0;Y;0.8441249940102503;0.3426972455288071;0.3946002313234923;cluster6
0.5891177862389921;0.8;Y;0.587947757022065;0.2402381216299741;0.3946002313234923;cluster6
0.1521722248054592;0.4;Y;0.5221536032600719;0.1758946901231939;0.7892004626469847;cluster6
0.6047356088141805;0;N;0.7456670759692537;0.4365752165148558;0.2630668208823282;cluster7
0.0552158396702314;0;Y;1.944893850212672;0.1724796669300496;0.5261336417646564;cluster8
0.2015402952922868;0;N;1.9579593559242736;0.0857009941643746;0.1315334104411641;cluster3
0.3445408863519831;0;Y;0.6546751611920295;0.128694769023093;0.1315334104411641;cluster6
0.3445408863519831;0;N;1.1077682342622082;0.1502036646367424;0.3946002313234923;cluster4
0.1199195763188382;0;N;1.5781264398798602;0.1341043441683431;0.2630668208823282;cluster3
0.1093898710447981;0;Y;0.4022309258357302;0.0500475016467858;0.7892004626469847;cluster6
0.3255650923952324;0;N;1.7059817457719602;0.5041869625284521;0.3946002313234923;cluster3
0.2707027233967444;0;Y;0.4852902121451964;0.2195677105367634;0.1315334104411641;cluster6
0.0155030996378682;0.8;Y;0.3830992924723138;0.0617955334723816;0.1315334104411641;cluster6
0.1550309963786821;0;N;1.4876011503066218;0.2233963821154578;0;cluster4
0.7364592451972917;0.4;Y;0.9239179038918164;0.3688669575169643;0;cluster6
0.4373052333451314;0.8;Y;1.2010932750593617;0.1873942047434791;0;cluster6
0.2790557934816278;0;N;0.6780064213913178;0.2127413934002543;0.2630668208823282;cluster7
0.1649529801469178;0;N;1.964025483576088;0.1881922641963073;0;cluster3
0.1976366148034715;0.4;N;0.9943783096936673;0.1371406993388698;0;cluster4
0.0541833332343494;0;N;1.9868901185713912;0.1704099333023876;0.3946002313234923;cluster3
1.1570273321733806;0;N;1.6574527245574404;0.5712011335573698;0.2630668208823282;cluster2
0.1943220521008953;0;Y;0.5366189845836308;0.1200911660266358;0.1315334104411641;cluster6
0.4893398369696723;0;N;0.6210781465050544;0.357265783547688;0;cluster7
0.2956255063745814;0;N;1.4521376348037034;0.2615441460556149;0.3946002313234923;cluster4
0.4481698055713495;0;N;1.034508077236443;0.274082182154515;0.5261336417646564;cluster4
0.3445408863519831;0;Y;1.696182616488259;0.3007658593472928;0.2630668208823282;cluster8
0.1557658433015171;0;Y;1.6429873432338815;0.2991598206372227;0.2630668208823282;cluster8
0.193553098358857;0;N;1.4227402469526;0.3372503778857612;0;cluster4
0.8341907853144128;0.4;Y;1.2342236645423508;0.2308879974126424;0.2630668208823282;cluster8
0.4962790243675821;0.4;N;1.5897920699795045;0.4694108133140052;0.3946002313234923;cluster3
0.160965582920058;0;Y;0.1628521961910322;0.1150877807673766;0;cluster6
0.43408678986031;0.8;N;0.8123944801392182;0.3725663732982988;0.1315334104411641;cluster1
0.1240247971029457;0.8;N;0.2071815905696801;0.2482580224509327;0;cluster1
0.1387403392792102;0.4;N;0.3691005363527408;0.1357490924911251;0.1315334104411641;cluster5
0.0620123985514728;0.4;Y;0.4292951876669045;0.0742263909326169;0.5261336417646564;cluster6
0.2547965431682916;0.8;N;0.4843569617372249;0.3270197777954728;0.3946002313234923;cluster1
0.2089569781590429;0;Y;1.2136921555669768;0.1920507697732383;0.2630668208823282;cluster8
0.1854170716689038;0;Y;1.7195138766875473;0.1527599907756427;0.3946002313234923;cluster8
0.1342568428639387;1.2;N;0.8833215111450547;0.1724839928597939;0.1315334104411641;cluster1
0.0372074391308837;0;Y;1.735845758827049;0.1090327470702783;0;cluster8
0.0930185978272093;0.8;Y;0.7923295963678303;0.1985347417799828;0;cluster6
0.5542637176331369;0.8;Y;0.4946227162249119;0.4851099852810564;0.3946002313234923;cluster6
0.4199603654702845;0;N;1.649986721293668;0.4014169683679941;0;cluster3
0.5205599790204113;0.8;Y;0.878655259105197;0.2037621803659987;0;cluster6
0.43408678986031;0.4;Y;0.4082970534875451;0.1717605929875527;0.9207338730881488;cluster6
0.8602514958056694;0;N;1.5515288032526715;0.6121866328247936;0.1315334104411641;cluster2
0.1271254170305193;0;N;1.973357987655804;0.2052541040328139;0;cluster3
0.2821564134092015;0;N;1.3765443517580094;0.2507442386939772;0;cluster4
0.8602514958056694;0;N;1.6229224594624938;0.356959462970794;0;cluster2
0.7364592451972917;0.4;Y;1.1707626368002864;0.2633739397524592;0.2630668208823282;cluster8
1.3271149389203605;0.4;Y;0.5683494984546629;0.4080091632033418;0.6576670522058206;cluster6
0.360912159569572;0;Y;1.4138743680768704;0.2353299814100851;0.1315334104411641;cluster8
0.1379899892567374;0;N;1.263154427189468;0.2029004253269355;0;cluster4
0.4617133134149911;0;N;0.7783308402482575;0.3382786066349845;0.3946002313234923;cluster7
0.1830543992840927;0;N;0.1311216823200001;0.1712813843908778;0;cluster7
0.3431611104842129;0;N;1.0919029773266922;0.224655003916063;0.3946002313234923;cluster4
0.8346868845028247;0;N;1.76990939871801;0.2772964971245228;0.5261336417646564;cluster3
0.4709221545998849;0;Y;0.9509821657229908;0.2679484612870678;0.3946002313234923;cluster6
0.3100619927573643;0.4;Y;0.346702526561424;0.2340513708306613;0;cluster6
0.2790557934816278;0;N;1.5249311666254828;0.3386641364771965;0;cluster3
1.0342427830414644;0;N;1.8189050451365156;0.5690729998781598;0;cluster2
0.1240247971029457;0.8;Y;0.9033863949164428;0.0617955334723816;0.5261336417646564;cluster6
0.0637611481906244;0;N;1.3798107281859096;0.2276029758668139;0;cluster4
0.1550309963786821;0.4;N;0.3942982973679722;0.2233963821154578;0;cluster5
0.615510263062499;0;N;1.3042174451402158;0.1397482653697415;0;cluster4
0.8300979670100157;0;Y;0.4983557178567979;0.2067788450976893;0;cluster6
0.0918403622547313;0;Y;1.0331082016244857;0.058742545847838;0;cluster6
0.3658731514536898;0;Y;1.87350019400285;0.1905789840552328;0.1315334104411641;cluster8
0.7119023353709084;0;Y;0.9743134259222792;0.7144639930893701;0.2630668208823282;cluster8
0.7105566663223414;0;N;1.438605503888116;0.8915511481220797;0;cluster2
0.4718399380984466;0;N;0.5361523593796451;0.2684390813880681;0.2630668208823282;cluster7
0.2844539727755336;0;N;1.953293103884416;0.1682714323087905;0.1315334104411641;cluster3
0.1061652263201215;0;N;0.1446538132355875;0.1316270035397741;0.1315334104411641;cluster7
0.1649529801469178;1.2;N;0.5422184870314598;0.1343205660705626;0;cluster1
0.217043394930155;0;N;1.827770924012245;0.1985347417799828;0.3946002313234923;cluster3
0.230140413504226;0.4;N;0.5398853610115312;0.1791227287323906;0.2630668208823282;cluster5
0.0350990175801336;0;N;1.6728513562889706;0.0526464904031644;0.3946002313234923;cluster3
0.7075676687121605;0.8;Y;0.8679228794135245;0.2534456326493028;0.3946002313234923;cluster6
0.5922184061665658;0.8;Y;0.8245267354428484;0.3744309981880843;0.5261336417646564;cluster6
0.3036127033080111;0;Y;0.2174473450573669;0.1002565543940226;0.2630668208823282;cluster6
0.365922761372531;0;Y;0.1824504547584344;0.1906028512538221;0.1315334104411641;cluster6
0.2432374320782971;0;N;0.8291929874827062;0.2195378765385268;1.0522672835293128;cluster4
0.0918403622547313;0;N;0.1217891782402848;0.0981433377139309;0;cluster7
0.7324966529298526;0.8;N;0.6770731709833462;0.4587903574517604;0;cluster1
0.1240247971029457;0.4;N;0.4661585787817801;0.0674459435683964;0.5261336417646564;cluster5
0.1492762457931054;0;Y;0.6728735441474745;0.1235462413624128;0.2630668208823282;cluster6
0.2882088235078252;0.4;N;0.9691805486784358;0.2738797584764799;0.6576670522058206;cluster4
0.0930185978272093;0;N;0.1665851978229184;0.1488113865240374;0;cluster7
0.1085216974650775;0;N;1.3452804630909627;0.0835495153815444;0.1315334104411641;cluster4
0.8346868845028247;0;Y;1.2640876775974397;0.5202446645693114;0.1315334104411641;cluster8
0.2790557934816278;0;N;1.6509199717016398;0.3725663732982988;0;cluster3
0.2954270666992167;0;Y;0.3807661664523849;0.2239930620801892;0;cluster6
0.1593563611776473;0.4;N;0.3625677834969401;0.1828072275146068;0;cluster5
0.272705723869957;0.4;N;1.0587725878437029;0.1822851325454668;0;cluster4
0.1649529801469178;0;N;0.1175895514044129;0.1881922641963073;0;cluster7
0.2021015074991776;0;N;2.152075440782352;0.2545220433056782;0.5261336417646564;cluster3
0.1085216974650775;0.4;Y;0.4031641762437017;0.1338943874057533;0;cluster6
0.5891177862389921;0;N;0.3205715151382212;0.414002515109086;0.6576670522058206;cluster7
0.3441626107208192;0;N;0.5361523593796451;0.5818759618814007;0.3946002313234923;cluster7
0.0742908534646644;0;Y;0.7946627223877594;0.100957653352582;0.3946002313234923;cluster6
0.3100619927573643;0;Y;1.20342640107929;0.120293589704671;0.2630668208823282;cluster8
0.3505808939708966;0;Y;1.181028391287973;0.4585927072134432;0;cluster8
0.3332360260960497;0;N;0.4395609421545914;0.2917013210780807;0.2630668208823282;cluster7
0.1395278967408139;0.4;N;0.9495822901110336;0.23676134206048;0.1315334104411641;cluster4
0.217043394930155;0.4;N;0.8025953508555175;0.2206339776337383;0;cluster5
0.2950146842488494;0;Y;0.7223358157699654;0.1303478708653812;0.2630668208823282;cluster6
0.035619921727966;0.4;N;0.7279353182177949;0.0797755146046186;0.5261336417646564;cluster5
0.0582358434796881;0;N;2.228135349032032;0.2143119296524228;0;cluster3
0.1550309963786821;0;Y;0.3294373940139506;0.0990880312680918;0.2630668208823282;cluster6
0.3720743913088372;0.4;Y;0.4810905853093246;0.1935623838788896;0.3946002313234923;cluster6
0.1806297145007301;0;N;0.358834781865054;0.1693371773107962;0.5261336417646564;cluster7
0.5610137672154646;0;Y;1.5776598146758745;0.3647942438326948;0.2630668208823282;cluster8
0.3486337046563804;0.8;N;0.958448168986763;0.3040475991533153;0;cluster1
0.2480495942058914;0;N;1.165163134352457;0.1914314159698472;0.2630668208823282;cluster4
0.1506808266202963;0;N;2.086281287020359;0.2181642446747196;0.3946002313234923;cluster3
0.0930185978272093;0;N;1.3998756119572977;0.2482580224509327;0.3946002313234923;cluster4
1.0542107753750387;0;N;1.7750422759618534;0.2744282565340592;0;cluster2
0.0930185978272093;0;N;0.2085814661816372;0.1189773882874692;0.5261336417646564;cluster7
0.3203436484371985;0;N;0.928584155931674;0.2813638406891098;0.1315334104411641;cluster4
0.3497189216310312;0;Y;0.8833215111450547;0.0912243114279016;0.2630668208823282;cluster6
0.7119023353709084;0;N;0.41436318113936;0.5102289438513219;0.7892004626469847;cluster7
0.1821924269442272;0;N;1.194093896999575;0.3201704138953259;0;cluster4
0.5891177862389921;0;Y;0.4955559666328834;0.2979813777068783;0.2630668208823282;cluster6
0.3438711524476273;0;N;1.468936142147191;0.32169940630495;0;cluster4
0.2790557934816278;0.8;Y;0.7307350694417092;0.2758821418531227;0.5261336417646564;cluster6
0.1240247971029457;0;N;2.128744180583064;0.1861038843197476;0;cluster3
0.7119023353709084;0.4;Y;0.5347524837676877;0.7144639930893701;0;cluster6
0.1547209343859247;1.2;N;0.7526664540290405;0.1485627947337311;0.3946002313234923;cluster1
0.193553098358857;0.4;N;0.3555684054371536;0.1997059499657549;0;cluster5
0.1567673435381233;0.8;N;0.7839303426960865;0.1669327808079156;0;cluster1
0.2790557934816278;0;N;1.2668874288213543;0.2482580224509327;0;cluster4
0.8687999049459898;0.4;N;1.253821923109753;0.5149917179148031;0.1315334104411641;cluster2
0.8991797789963565;0.4;N;0.7265354426058375;1.1184163292125031;0.1315334104411641;cluster2
0.3136525106334945;0;N;1.9364945965409284;0.3312701529392411;0;cluster3
0.272705723869957;0.4;N;1.2220914092387207;0.2083771269682179;0.5261336417646564;cluster4
0.2027402352042578;0;Y;1.6261888358903942;0.1402098719074568;0.2630668208823282;cluster8
0.3117983399168055;0.4;N;1.058305962639717;0.1645637375929453;0.5261336417646564;cluster4
0.2221346128512309;0.4;N;0.8427251183982933;0.1011291988424423;0.6576670522058206;cluster5
0.4371874097878837;0;N;0.3924317965520291;0.2248880820272862;0.2630668208823282;cluster7
0.4359223568574336;0;N;1.5617945577403582;0.2492392626529335;0;cluster3
0.43408678986031;0;N;1.3140165744239165;0.4471513688897192;0.1315334104411641;cluster4
0.340448068047586;0;N;1.586525693551604;0.5953269183263398;0.1315334104411641;cluster3
0.1674334760889767;0;N;0.3602346574770112;0.0951101896982146;0;cluster7
0.2914582731919224;0;N;1.883299323286551;0.1720155990874797;0;cluster3
0.7441487826176744;0;N;0.3579015314570823;0.6211830004080351;0.3946002313234923;cluster7
0.1922384355095658;0;N;0.3359701468697514;0.1786453847606055;0.1315334104411641;cluster7
1.1692592777876585;0;N;1.4274064989924575;0.5770858897095329;0;cluster2
0.1393728657444352;1.2;N;0.6248111481369405;0.2407264295961111;0;cluster1
0.6523828352412048;0;N;1.6359879651740954;0.28306952495329;0.5261336417646564;cluster3
0.4100259792223385;0;N;0.4372278161346626;0.4240001862581424;0.2630668208823282;cluster7
0.3540504876698515;0;N;1.7605768946382945;0.2312035665289897;0.2630668208823282;cluster3
0.1240247971029457;0;N;0.4731579568415666;0.1861038843197476;0.3946002313234923;cluster7
0.021642327094464;0.4;N;0.8581237501298236;0.0629640565983124;0.6576670522058206;cluster5
0.0642200399399053;0.4;N;0.5216869780560862;0.1523517125097753;0.1315334104411641;cluster5
0.1506808266202963;0;Y;0.2631766150479719;0.174459674808015;0.1315334104411641;cluster6
0.217043394930155;0;N;1.6187228326266216;0.3974280136337737;0.1315334104411641;cluster3
0.5261752017092473;0.8;N;0.7419340743373677;0.3347144880356529;0.1315334104411641;cluster1
0.3772834327871608;0;N;1.257554924741639;0.3270197777954728;0.6576670522058206;cluster4
0.1737246339220236;0;N;1.6355213399701092;0.1966323022974325;0;cluster3
0.2058811631908899;0;N;1.2449560442340235;0.3795276146918328;0.6576670522058206;cluster4
0.5261752017092473;0;N;1.5916585707954474;0.3347144880356529;0.1315334104411641;cluster3
0.1593563611776473;0;N;1.8165719191165863;0.1343221323554701;0.1315334104411641;cluster3
0.4832006095130765;0.4;Y;0.2356457280128117;0.3530464357620858;0.1315334104411641;cluster6
0.3193607519201576;0.8;Y;0.7270020678098231;0.1401085854834436;0.2630668208823282;cluster6
0.176710530912277;0.4;Y;0.330837269625908;0.199505316327614;0;cluster6
0.43408678986031;0.8;Y;0.533819233359716;0.406468610119401;0.6576670522058206;cluster6
0.1755446978195093;0;N;0.7549995800489692;0.1652598393568001;0.1315334104411641;cluster7
0.1649529801469178;0;Y;1.729779631175234;0.1881922641963073;0;cluster8
0.7481175761249685;0.8;Y;0.8035286012634888;0.5351190756551127;0;cluster6
0.5436751005804729;0;N;1.488067775510607;0.3452384309136023;0;cluster3
0.0465092989136046;0;N;0.1763843271066195;0.0742263909326169;0.2630668208823282;cluster7
0.3281696131343944;0;N;1.3886766070616392;0.4316376898067038;0;cluster4
0.4433886496430309;0.8;Y;0.7834637174921009;0.2999441564508621;0.2630668208823282;cluster6
0.4610652838501283;0;Y;1.355079592374664;0.3941984833246653;0.3946002313234923;cluster8
0.1240247971029457;0.4;N;0.5296196065238443;0.1861038843197476;0;cluster5
0.1395278967408139;0.4;N;0.2715758687197157;0.2047501332176027;0;cluster5
0.43408678986031;0;N;0.4988223430607837;0.2233963821154578;0.3946002313234923;cluster7
0.2015402952922868;0.4;Y;1.2202249084227776;0.3725663732982988;0.2630668208823282;cluster8
0.1854170716689038;0;N;2.075082282124701;0.185571123696238;0;cluster3
0.8092618010967207;0;N;1.7605768946382945;0.3365169836241108;0.3946002313234923;cluster3
0.2015402952922868;0;N;1.2118256547510338;0.2233963821154578;0;cluster4
0.2325464945680232;0;Y;2.036819015397868;0.1581345109729649;0.5261336417646564;cluster8
0.3162632326125115;0.4;Y;0.6336770270126699;0.3337821755907602;0;cluster6
0.1240247971029457;0;N;0.617811770077154;0.1239497461885624;0.2630668208823282;cluster7
0.8453871238728814;0.4;N;0.9836459300019944;0.468119672455322;0.6576670522058206;cluster2
0.1550309963786821;0.4;N;0.8963870168566562;0.4471513688897192;0.1315334104411641;cluster5
0.1075046941288333;0.4;N;0.4395609421545914;0.1107034509715261;0;cluster5
0.1976366148034715;0;N;1.3980091111413546;0.1567834783628219;0.6576670522058206;cluster4
0.3441626107208192;0;N;1.06017246345566;0.3338871166795573;0.3946002313234923;cluster4
0.4893398369696723;0;Y;1.4078082404250556;0.3677841325509681;0.2630668208823282;cluster8
0.5445928840790346;0.4;Y;0.5916807586539511;0.2304073717010513;0.5261336417646564;cluster6
0.357690615464823;0;N;1.492267402346479;0.1866423879879176;0.1315334104411641;cluster4
0.2956255063745814;0.4;N;0.873055756657368;0.3139246663645003;0.5261336417646564;cluster5
0.143825355960431;0.4;N;0.7722647125964424;0.1678633777979098;0.2630668208823282;cluster5
0.0615411043224816;0;N;0.5748822513104636;0.0632474795815598;0.5261336417646564;cluster7
0.3887402234195455;0.4;N;1.3597458444145218;0.2881254926344412;0.5261336417646564;cluster4
0.2325464945680232;0;N;1.6812506099607143;0.2109655246552225;0.5261336417646564;cluster3
0.1550309963786821;0.4;N;0.4194960583832035;0.1115188887283271;0.3946002313234923;cluster5
0.1506808266202963;0;Y;0.4932228406129545;0.0668791721868972;0.2630668208823282;cluster6
0.0020464091521986;0;N;1.5538619292726;0.0464105880917569;0.3946002313234923;cluster3
0.3565712916709689;0;Y;1.7643098962701809;0.1861038843197476;0.1315334104411641;cluster8
0.1393728657444352;0;Y;0.294907128919004;0.1635792156511386;0.2630668208823282;cluster6
0.3218195435227236;0.4;N;0.587481131818079;0.3027548174247292;0;cluster5
0.7441487826176744;0.8;Y;1.0489734585600017;0.7454913512554011;0.1315334104411641;cluster6
0.1550309963786821;0;N;0.4367611909306768;0.2233963821154578;0.2630668208823282;cluster7
0.0930185978272093;0.8;N;0.4675584543937374;0.165385813414354;0.2630668208823282;cluster1
0.3007570323547158;0;N;1.141831874153169;0.1187536333006949;0.1315334104411641;cluster4
0.43408678986031;0.4;N;0.5100213479564422;0.2030550400227965;0.3946002313234923;cluster5
0.077515498189341;0;N;1.8091059158528144;0.0649032664836893;0.3946002313234923;cluster3
0.5077575193394598;0;Y;1.7619767702502518;0.5180369486998053;0;cluster8
0.3410681920331007;0;Y;0.9281175307276884;0.1623722812524782;0.7892004626469847;cluster6
0.3640871943754075;0;Y;1.4824682730627785;0.3797981344708429;0;cluster8
0.5261752017092473;0;N;1.403141988385198;0.2230234571375007;0.2630668208823282;cluster4
0.4893398369696723;0;N;1.9602924819442025;0.24997847454424;0.1315334104411641;cluster3
0.3136525106334945;0;Y;1.8576349370673344;0.2312257182726804;0.2630668208823282;cluster8
0.1444888886249317;0.4;N;1.1292329936455534;0.1504096683945659;0;cluster4
0.1593563611776473;0;N;1.7997734117730988;0.2285986855579594;0;cluster3
0.3558023379289307;0;Y;0.6649409156797164;0.2160280558159858;0.1315334104411641;cluster6
0.3199839765255999;0.8;N;0.4479601958263353;0.8439435454360761;0.2630668208823282;cluster1
0.8567012859885975;0;N;1.6126567049748068;0.6097466592790157;0;cluster2
0.5891177862389921;0;N;1.4288063746044148;0.5963213600725602;0.1315334104411641;cluster2
0.1550309963786821;0;N;0.1782508279225625;0.089143390050901;0.2630668208823282;cluster7
0.0915737089409599;0;Y;0.4488934462343067;0.1175871239696451;0.3946002313234923;cluster6
0.3281696131343944;0;N;1.8044396638129567;0.2537568758359058;0;cluster3
0.6933296220047424;0;N;0.8982535176725993;0.4974642439508194;0.3946002313234923;cluster2
0.6390315658330726;0;Y;1.4054751144051267;0.292689945194645;0.2630668208823282;cluster8
0.2790557934816278;0;N;0.3364367720737372;0.2979813777068783;0.1315334104411641;cluster7
0.340448068047586;0;Y;1.1129011115060516;0.1783470447782398;0.2630668208823282;cluster8
0.8730725592061864;0;Y;0.3649009095168689;0.2171163254866602;0.2630668208823282;cluster6
0.1655482991730119;0;N;1.2132255303629913;0.0942032361518229;0.1315334104411641;cluster4
0.7119023353709084;0.4;Y;0.5403519862155167;0.3570526942152833;0.3946002313234923;cluster6
0.9977701908334156;0;Y;0.2501111093363705;0.4120926917119721;0.3946002313234923;cluster6
0.2180510964066164;0.4;N;1.194560522203561;0.3324769381679103;0;cluster4
0.3445408863519831;0.8;N;0.5081548471404991;0.3609907819825103;0.1315334104411641;cluster1
0.3228303456191125;0;Y;0.4586925755180077;0.2124286585137394;0.3946002313234923;cluster6
0.0188796747389959;0;N;0.9057195209363714;0.0296413451929555;0.1315334104411641;cluster4
0.0620123985514728;0;N;1.327548705339504;0.0493647505971419;0;cluster4
0.0841136173952177;0;N;0.2897742516751606;0.0787611586645752;0.1315334104411641;cluster7
0.5261752017092473;0;N;1.7209137522995046;0.418482761209267;0.3946002313234923;cluster3
0.6182636135581845;0;N;1.789507657285412;0.5574305804063214;0.2630668208823282;cluster3
0.0512966560817783;0.4;N;0.5328859829517447;0.0772799752371252;0.6576670522058206;cluster5
0.0544282822086277;0;N;1.8828326980825651;0.1138144657226398;0.1315334104411641;cluster3
0.5077575193394598;0;N;1.542196299172956;0.7196351945887101;0.2630668208823282;cluster2
0.1649529801469178;0;N;0.4456270698064064;0.1469467616342518;0;cluster7
0.1444888886249317;0;N;2.1380766846627792;0.2107169328649163;0;cluster3
0.0403080590584573;0;Y;0.9519154161309624;0.0377626070229229;0.1315334104411641;cluster6
0.0124024797102945;0;N;1.5216647901975826;0.1040603891691851;0.1315334104411641;cluster4
1.0270307410899282;0;N;1.146031500989041;0.6359148049822656;0.3946002313234923;cluster2
0.5691249889459973;0.4;N;0.7610657077007842;0.4121006723065004;0;cluster5
0.2790557934816278;0;N;0.6742734197594318;0.1861038843197476;0.9207338730881488;cluster7
0.2070593987633678;0.4;Y;0.8875211379809269;0.1141741145713817;0.5261336417646564;cluster6
0.3872612277140928;0.8;Y;0.850657746866051;0.167330840929387;0.5261336417646564;cluster6
0.1860371956544186;0.4;N;1.209959153935091;0.2084793829971737;0;cluster4
0.7966577810911339;0;N;0.7666652101486133;0.497375040296092;0;cluster2
0.5077575193394598;0;N;0.611745642425339;0.1990243176910449;0.2630668208823282;cluster7
0.1240247971029457;0.8;Y;0.6859390498590759;0.092872639830472;0.1315334104411641;cluster6
1.0072301822324428;0;N;0.8417918679903217;0.7132024624739369;0.1315334104411641;cluster2
0.43408678986031;0.4;N;1.4022087379772263;0.5081754697526989;0.2630668208823282;cluster4
0.1240247971029457;0.4;N;0.2846413744313172;0.092872639830472;0.5261336417646564;cluster5
0.4061688080324369;0;Y;0.8277931118707488;0.4202888368775133;0.5261336417646564;cluster6
0.1342568428639387;0;N;2.177273201797584;0.1889451997268027;0;cluster3
0.3203436484371985;0.4;N;0.7657319597406417;0.2411177770679793;0.5261336417646564;cluster5
0.1240247971029457;0;N;2.2314017254599325;0.1239497461885624;0.1315334104411641;cluster3
0.1649529801469178;0.8;Y;0.3364367720737372;0.0939168297687519;0.2630668208823282;cluster6
0.4371874097878837;0.4;Y;1.2290907872985073;0.2248880820272862;0.1315334104411641;cluster8
0.7963384172385939;0.4;Y;0.5422184870314598;0.1240267924890083;0.5261336417646564;cluster6
0.9266388690749486;0.4;N;0.7494000776011401;0.4603618633088717;0.2630668208823282;cluster2
0.5922184061665658;0;N;1.3074838215681162;0.4993608658037136;0;cluster2
0.5077575193394598;0;Y;0.9061861461403574;0.323638616190327;0.1315334104411641;cluster6
0.3100619927573643;0.8;N;0.9864456812259093;0.390324687823638;0;cluster1
0.1918167511994158;0.4;Y;0.3779664152284704;0.1187519924307919;0.1315334104411641;cluster6
0.2563344506523682;0;N;1.3928762338975111;0.5756364794902048;0;cluster4
0.8567012859885975;0.4;N;0.7573327060688979;0.355536157499923;0.6576670522058206;cluster5
0.0742908534646644;0.4;N;0.4045640518556589;0.100957653352582;0;cluster5
0.5138967467960556;0;Y;0.2888410012671891;0.2909206399292253;0.1315334104411641;cluster6
0.5077575193394598;0;Y;0.9533152917429196;0.1847826857078411;0.1315334104411641;cluster6
0.8116802846402282;0;N;1.6947827408763017;0.6753317072074063;0;cluster2
0.5891177862389921;0;N;0.9453826632751616;0.5963213600725602;0.3946002313234923;cluster2
0.8602514958056694;0;N;0.8809883851251261;0.8572047576522306;0.5261336417646564;cluster2
0.2325464945680232;0;Y;0.9542485421508914;0.1470768378665633;0.6576670522058206;cluster6
0.477495468846341;0;N;1.803506413404985;0.69463795873125;0.2630668208823282;cluster3
0.1444888886249317;0;N;0.750799953213097;0.1403584452186749;0.3946002313234923;cluster7
0.4893398369696723;0;N;1.5907253203874756;0.4100300436588914;0;cluster3
0.662788515718142;0;Y;1.179161890472031;0.3705111091597816;0.2630668208823282;cluster8
0.2015402952922868;0.4;Y;0.464292077965837;0.092872639830472;0.2630668208823282;cluster6
0.0620123985514728;0;Y;0.8240601102388624;0.0276107686879791;0.3946002313234923;cluster6
0.1342568428639387;0;N;2.148809064354452;0.1724839928597939;0.1315334104411641;cluster3
0.8567012859885975;0;N;1.6602524757813548;0.42671508009767;0.9207338730881488;cluster2
0.1550309963786821;0;N;0.9668474226585068;0.1275014090936302;0.5261336417646564;cluster4
0.9490222443321028;0;Y;1.2486890458659092;0.6731971592185755;0.1315334104411641;cluster8
0.1395278967408139;0;Y;1.295818191468472;0.1363805290638021;0.2630668208823282;cluster8
0.2262150286759178;0.4;N;0.6495422839481861;0.2058888223452969;0.7892004626469847;cluster5
0.5066847048445193;0;N;2.055950648761284;0.5875542667657667;0.1315334104411641;cluster3
0.3100619927573643;0;N;0.2305128507689683;0.3278153759434465;0;cluster7
0.9396986802098888;0;Y;1.4017421127732406;0.4666449033374929;0;cluster8
0.1395278967408139;0;N;0.5851480057981504;0.1637283856423214;0;cluster7
0.8798195081685866;1.2;N;0.6392765294604994;0.4378371946402626;0.3946002313234923;cluster1
1.0542107753750387;0.8;Y;0.5109545983644138;0.7051751031534191;0.1315334104411641;cluster6
0.1550309963786821;0.4;N;0.5748822513104636;0.1942109750005526;0;cluster5
0.4893398369696723;0;N;1.1469647513970125;0.4632286121994235;0;cluster4
0.4148257388702225;0;Y;1.3037508199362298;0.2818631872345943;0;cluster8
0.8602514958056694;0;Y;1.5165319129537391;0.3894429440057563;0.2630668208823282;cluster8
0.2107460358572529;0;N;1.461003513679433;0.1288706404426975;0.1315334104411641;cluster4
0.0944076755547622;0;N;0.9971780609175817;0.0858360675913906;0.1315334104411641;cluster4
0.3410681920331007;0.4;Y;1.1567638806807137;0.2233963821154578;0;cluster8
0.43408678986031;0;N;1.0163096942809982;0.259821605582431;0.5261336417646564;cluster4
0.2790557934816278;0;Y;1.712514498627761;0.414002515109086;0.5261336417646564;cluster8
0.8673550160597406;0;N;1.2430895434180804;1.0801393094749865;0.2630668208823282;cluster2
0.077515498189341;0.8;N;0.5109545983644138;0.2004471756519424;0.1315334104411641;cluster1
0.5445928840790346;0;N;0.5772153773303923;0.4611733480609062;0.5261336417646564;cluster7
0.1649529801469178;0.4;Y;0.7111368108743072;0.1174856883756408;0;cluster6
0.8567012859885975;0;N;1.1352991212973682;0.8537887648541435;0.1315334104411641;cluster2
1.0072301822324428;0.4;Y;1.571127061820074;0.6400166813998115;0.2630668208823282;cluster8
0.6747569086385762;0;N;1.905697333077868;0.6787228632019614;0;cluster3
0.3281696131343944;0.4;N;1.0559728366197882;0.151219064766724;0.2630668208823282;cluster4
0.892209585399171;0;N;1.7993067865691132;0.693636133070466;0;cluster2
0.3757517265429395;0.8;Y;0.9262510299117452;0.3910216846074399;0.2630668208823282;cluster6
0.0930185978272093;0;N;0.5725491252905348;0.0631180000292131;0.1315334104411641;cluster7
0.1444888886249317;0;Y;1.6896498636324584;0.2810754205111578;0.3946002313234923;cluster8
0.4518843482445827;0.8;Y;0.8893876387968698;0.4642760838775093;0;cluster6
0.417963566236927;0;N;1.4414052551120309;0.1346402373616675;0.1315334104411641;cluster4
0.4026154975954375;0;N;1.4283397494004293;0.1892906774263822;0.3946002313234923;cluster4
0.5797477128178646;0;N;1.1488312522129556;0.2667614410822303;0.3946002313234923;cluster4
0.0930185978272093;0.4;Y;0.4110968047114596;0.0990880312680918;0.1315334104411641;cluster6
0.3410681920331007;0;Y;1.186161268531817;0.1786453847606055;0.1315334104411641;cluster8
0.1773151517981539;0;Y;0.3807661664523849;0.1040401766353798;0.2630668208823282;cluster6
0.5966212864637204;0.4;Y;0.6434761562963711;0.335141263380427;0.6576670522058206;cluster6
0.0816579264125794;0;N;1.9518932282724584;0.0899787420015249;0.7892004626469847;cluster3
0.2790557934816278;0;N;0.3667674103328119;0.2979813777068783;0.2630668208823282;cluster7
0.7751549818934108;0.4;N;0.8203271086069763;1.1403531189458609;0.1315334104411641;cluster2
0.673194196195079;0.4;N;1.1646965091484716;0.3384303125160175;0.3946002313234923;cluster2
0.2575188874647013;0;N;0.268776117495801;0.1538732464198403;0.1315334104411641;cluster7
0.1335995114392931;0.8;Y;0.6822060482271897;0.0821324004653075;0;cluster6
0.3100619927573643;0.8;N;0.2921073776950894;0.1819602403046706;0.5261336417646564;cluster1
0.3193607519201576;0;N;1.3084170719760873;0.3660774786818452;0.5261336417646564;cluster4
0.7193438231970852;0.4;N;0.8245267354428484;0.3004675193649271;0.3946002313234923;cluster5
0.3775934947799182;0.4;Y;0.252910860560285;0.6217179985814123;0.5261336417646564;cluster6
0.5633206284415795;0;Y;1.4666030161272623;0.7144639930893701;0.2630668208823282;cluster8
0.5335763814763655;0;Y;1.0242423227487565;0.4523400232780276;0;cluster8
0.1444888886249317;0;Y;0.0909919147772243;0.1504096683945659;0;cluster6
0.0310061992757364;0.8;N;0.3210381403422069;0.092872639830472;0.1315334104411641;cluster1
0.1854170716689038;0;Y;1.7727091499419243;0.5202446645693114;0.1315334104411641;cluster8
0.6046208858768604;0;Y;1.0368412032563716;0.5659349107736463;0.2630668208823282;cluster8
0.364955367955128;0;Y;1.1805617660839876;0.2377614522663654;0.3946002313234923;cluster8
0.3100619927573643;0;Y;0.4362945657266912;0.3414892669402084;0.2630668208823282;cluster6
0.230140413504226;0;N;0.2893076264711748;0.1566875620584913;0.1315334104411641;cluster7
0.1649529801469178;0;N;1.691982989652387;0.3138928185713829;0.3946002313234923;cluster3
0.2015402952922868;0.8;Y;0.5968136358977945;0.1594663752392409;0.3946002313234923;cluster6
0.4893398369696723;0;N;1.472202518575091;0.357265783547688;0.3946002313234923;cluster4
0.1421324174799758;0;Y;0.4176295575672604;0.2772964971245228;0.3946002313234923;cluster6
0.8991797789963565;0;N;0.7027375572025635;0.5323913531963433;0.1315334104411641;cluster2
0.0185727133661661;0.8;N;0.9887788072458378;0.0791490006416506;0.1315334104411641;cluster1
0.1506808266202963;0;N;1.7587103938223514;0.167735912040444;0.2630668208823282;cluster3
0.6827099987528025;1.2;N;0.7806639662681862;0.4398553900359709;0.2630668208823282;cluster1
0.3445408863519831;0;N;1.2304906629104644;0.128694769023093;0.2630668208823282;cluster4
0.3100619927573643;0;N;0.3686339111487549;0.3278153759434465;0.2630668208823282;cluster7
0.5138967467960556;0;N;1.0172429446889697;0.2617927378459211;0;cluster4
0.0620123985514728;0.4;N;0.7517332036210689;0.0674459435683964;0.1315334104411641;cluster5
0.2506541149450533;0.4;Y;0.4432939437864776;0.2706534353221818;0.1315334104411641;cluster6
0.4709221545998849;0;N;1.8809661972666225;0.6522802447149352;0;cluster3
0.0930185978272093;0;Y;0.2781086215755164;0.1751354894530689;0.2630668208823282;cluster6
0.077515498189341;0.4;N;1.0172429446889697;0.0866572483928522;0.3946002313234923;cluster4
0.1649529801469178;0;N;1.7596436442303232;0.2353299814100851;0.1315334104411641;cluster3
0.1854170716689038;0;N;1.9761577388797185;0.4907765803211146;0.2630668208823282;cluster3
0.892209585399171;0;Y;1.2701538052492547;1.1100329757080278;0.2630668208823282;cluster8
1.8293657572684487;0;Y;1.0069771902012827;0.2838306648333005;0;cluster8
0.8567012859885975;0.8;Y;1.3000178183043436;0.9280624426739654;0.1315334104411641;cluster8
0.1860371956544186;0;N;1.1045018578343078;0.1040603891691851;0.1315334104411641;cluster4
0.2950146842488494;0;Y;0.7270020678098231;0.1564891659702182;0.6576670522058206;cluster6
0.989097756895992;0;Y;0.6780064213913178;0.272291023485387;0.2630668208823282;cluster6
0.5674134467459767;0.8;N;0.6500089091521718;0.719386602798404;0.2630668208823282;cluster1
0.1240247971029457;0;Y;2.1040130447718184;0.1377617685971596;0;cluster8
0.4026154975954375;0.8;N;1.2332904141343792;0.8020038057350556;0;cluster1
0.0712212397363665;0;N;1.7769087767777962;0.1225947605736531;0.1315334104411641;cluster3
0.4371874097878837;0.4;N;0.5263532300959439;0.3214223976313235;0.2630668208823282;cluster5
0.1976955265820954;0;N;1.8576349370673344;0.1218944820500452;0.5261336417646564;cluster3
0.4371874097878837;0.4;N;0.5347524837676877;0.5359430161014112;0;cluster5
0.2790557934816278;0;Y;0.3168385135063349;0.2482580224509327;0;cluster6
0.8150506585015007;0;Y;0.6019465131416378;0.5811209379710287;0.5261336417646564;cluster6
0.310303841111715;0;N;0.4787574592893956;0.2048955739590059;0;cluster7
0.3834226602437567;0;N;1.36767847288228;0.3830656285427074;0.2630668208823282;cluster4
0.2790557934816278;0;N;0.3317705200338795;0.2127413934002543;0;cluster7
0.3445408863519831;0;N;1.002777563365411;0.1803160886618534;0.1315334104411641;cluster4
0.5891177862389921;0;N;0.5109545983644138;0.156662426914977;0.1315334104411641;cluster7
0.4743948489187674;0.4;Y;1.1819616416959449;0.4048865131929158;0.1315334104411641;cluster8
0.1860371956544186;0;N;0.3289707688099649;0.0903947771069338;0.1315334104411641;cluster7
0.3445408863519831;0;Y;1.695715991284273;0.3609907819825103;0.2630668208823282;cluster8
0.2159023667968079;0;Y;0.6742734197594318;0.0986306014901296;0.1315334104411641;cluster6
0.0040928183043972;0;Y;2.1530086911903235;0.0559282302091869;0.2630668208823282;cluster8
0.1444888886249317;0;N;0.972913550310322;0.1403584452186749;0;cluster4
0.4359223568574336;0.8;N;0.5324193577477587;0.561236578146356;0.3946002313234923;cluster1
0.3923834518344444;0.8;Y;0.6514087847641292;0.4070246412615351;0.2630668208823282;cluster6
0.2336131078231085;0;Y;1.0531730853958736;0.2648656396642876;0.5261336417646564;cluster8
0.4928094306686272;0;N;1.4978669047943085;0.5474811657494127;0;cluster2
0.5261752017092473;0;Y;1.975224488471747;0.3719448565300354;0.3946002313234923;cluster8
0.7119023353709084;0.4;N;0.3616345330889685;0.7144639930893701;0.2630668208823282;cluster5
0.662788515718142;0;N;1.3924096086935251;0.3705111091597816;0.1315334104411641;cluster2
1.2261091441597212;0.8;Y;0.6892054262869763;0.5210162463487046;0.2630668208823282;cluster6
0.5338523366499195;0.8;N;0.5170207260162285;0.6790212031843271;0.2630668208823282;cluster1
0.3410681920331007;0;N;1.7288463807672625;0.3576493741800147;0.5261336417646564;cluster3
0.4694896681933458;0;N;0.8361923655424924;0.2185388851075754;0;cluster4
0.3640871943754075;0.8;Y;0.5174873512202142;0.3164387028109004;0.2630668208823282;cluster6
0.920884118489372;0;N;2.0540841479453418;0.4159612662633078;0.1315334104411641;cluster3
0.3367056197950046;0.4;N;0.7321349450536665;0.2207728548955296;0;cluster5
0.3720743913088372;0;N;1.558061556108472;0.3874833724165829;0.2630668208823282;cluster3
0.1608601618425206;0;N;2.132477182214949;0.1534854044427649;0.1315334104411641;cluster3
0.0901908324532621;0;Y;1.1152342375259805;0.0968206474021127;0.7892004626469847;cluster8
0.1755446978195093;0;N;1.8707004427789355;0.2480690986570997;0;cluster3
0.8130445574083607;0;Y;1.5715936870240594;1.0148177703360204;0;cluster8
1.0542107753750387;0;N;1.4138743680768704;0.5797469331822436;0.1315334104411641;cluster2
0.4709221545998849;0;N;1.707381621383917;0.2411177770679793;0.1315334104411641;cluster3
0.1269393798348649;0.4;N;0.1591191945591461;0.1516157823582747;0;cluster5
1.1646610584350667;0;Y;0.978513052758151;0.3591615849656307;0.2630668208823282;cluster8
0.1649529801469178;0;N;1.0391743292763007;0.3138928185713829;0.1315334104411641;cluster4
0.1240247971029457;0;Y;1.3798107281859096;0.0529164135022098;0.2630668208823282;cluster8
0.3162632326125115;0;Y;0.8823882607370831;0.2383133812337419;0.7892004626469847;cluster6
0.4371874097878837;0.8;Y;0.4717580812296092;0.2248880820272862;0.5261336417646564;cluster6
0.0983268591432153;0;N;0.2659763662718865;0.1551958621466629;0.1315334104411641;cluster7
0.2290117878505892;0.4;N;0.960314669802706;0.1222825477821074;0.2630668208823282;cluster4
0.7364592451972917;0;Y;1.6000578244671912;0.2711307792939669;0.1315334104411641;cluster8
0.6382316058917586;0;Y;0.98411255520598;0.2679484612870678;0.1315334104411641;cluster8
0.3961662081460843;0;N;0.8086614785073322;0.2051528921937964;0.2630668208823282;cluster4
0.662788515718142;0;N;1.1189672391578664;0.4168698606796026;0;cluster2
0.2995198850036139;0;Y;0.083525911513452;0.1763249709627608;0.1315334104411641;cluster6
0.4268995528681943;0;N;1.945827100620644;0.2444160747430231;0.5261336417646564;cluster3
0.2111770220271856;0;Y;0.252910860560285;0.166089522847759;0.2630668208823282;cluster6
0.1854170716689038;0.4;Y;0.5996133871217092;0.2599430299552538;0.1315334104411641;cluster6
0.2909466709038728;1.2;Y;0.7298018190337378;0.171742095908646;0;cluster6
0.5144238521837431;0.4;Y;0.5552839927430614;0.1189163777610754;0.6576670522058206;cluster6
0.3719131590726033;0;N;1.8268376736042733;0.2150229484153958;0;cluster3
0.1058799692867847;0;N;1.4838681486747354;0.1368404947316144;0.1315334104411641;cluster4
0.1444888886249317;0;Y;1.7031819945480453;0.1685018253601723;0;cluster8
0.7111178785292323;0;N;1.5090659096899666;1.0497410757467691;0;cluster2
0.0990027942874264;0;N;0.6588747880279013;0.1600182296216218;0.2630668208823282;cluster7
0.86817357972062;0;N;1.3238157037076177;0.6176313375029673;0;cluster2
0.0620123985514728;0.4;N;0.878655259105197;0.1488113865240374;0;cluster5
0.4371874097878837;0;N;0.4474935706223495;0.4501347687133761;0.3946002313234923;cluster7
0.7441487826176744;0.8;Y;0.6943383035308197;0.5323913531963433;0.3946002313234923;cluster6
0.1506808266202963;0;N;1.7801751532056969;0.2181642446747196;0.2630668208823282;cluster3
0.0350990175801336;0;Y;1.90989695991374;0.1093070706840635;0.1315334104411641;cluster8
0.4100259792223385;0;N;0.1917829588381497;0.5300898839873788;0.1315334104411641;cluster7
0.3201235044223407;0;N;0.6686739173116023;0.3515738296091288;0.2630668208823282;cluster7
0.4884096509914002;0;N;1.877699820838722;0.8326066261061802;0.1315334104411641;cluster3
0.0930185978272093;0;N;0.0900586643692528;0.1189773882874692;0;cluster7
0.4199603654702845;0.4;N;0.8245267354428484;0.5420384002811244;0;cluster5
0.1240247971029457;0;Y;0.1012576692649111;0.0674459435683964;0.2630668208823282;cluster6
0.4709221545998849;0;Y;0.9971780609175817;0.2679484612870678;0.1315334104411641;cluster8
0.1649529801469178;0;N;0.8431917436022789;0.1118740624773335;0.1315334104411641;cluster4
0.43408678986031;0;N;1.4162074940967997;0.7454913512554011;0.2630668208823282;cluster2
0.2790557934816278;0.8;N;0.5828148797782217;0.1861038843197476;0.2630668208823282;cluster1
0.5162005074022428;0;N;2.034019264173953;0.4697479374940784;0.1315334104411641;cluster3
1.2712541703051936;0;N;0.713469936894236;0.6261553583091284;0.1315334104411641;cluster2
0.4832006095130765;0.4;Y;0.7246689417898944;0.3088707870632257;0;cluster6
0.4294730674080804;0;N;1.845502681763704;0.3161204486347118;0.2630668208823282;cluster3
0.1844372757717905;0.4;N;0.6159452692612111;0.2724026772237874;0;cluster5
0.0465092989136046;0;N;1.8128389174847008;0.092872639830472;0.1315334104411641;cluster3
0.551237512583825;0.4;N;1.133899245685411;0.2330713239885901;0.1315334104411641;cluster4
0.7364592451972917;0;N;1.3149498248318885;0.3764022050365699;0;cluster2
0.0620123985514728;0;N;1.9845569925514623;0.0742263909326169;0;cluster3
0.1093898710447981;0;N;0.434428064910748;0.1926247758993099;0.3946002313234923;cluster7
1.0542107753750387;0.4;Y;0.450293321846264;0.5217363644811397;0.3946002313234923;cluster6
0.1755446978195093;0;Y;1.8469025573756608;0.4136875426727034;0;cluster8
1.026305196026876;0;N;0.4101635543034881;0.8474242034253409;0;cluster2
0.3410681920331007;0;N;2.002288750302921;0.2979813777068783;0.1315334104411641;cluster3
0.0516253217941011;0;N;1.847835807783633;0.1321540957036187;0.3946002313234923;cluster3
0.3224644724676588;0;N;1.1483646270089696;0.1304519915192268;0.2630668208823282;cluster4
0.143825355960431;0.8;Y;0.324771141974093;0.1678633777979098;0.2630668208823282;cluster6
0.4962790243675821;0;N;2.0400853918257686;0.3016360424908579;0.3946002313234923;cluster3
0.0620123985514728;0.8;N;0.2454448572965127;0.1115188887283271;0.2630668208823282;cluster5
0.3144958792537946;0;Y;1.7470447637227071;0.5358353153677772;0.7892004626469847;cluster8
0.2997679345978197;0;N;1.3256822045235608;0.3455860715780539;0.1315334104411641;cluster4
0.1287191356732922;0.4;N;0.3760999144125272;0.127713752576079;0.3946002313234923;cluster5
0.1444888886249317;0;N;1.5505955528447;0.1403584452186749;0.6576670522058206;cluster3
0.4030805905845736;0.8;Y;0.9948449348976528;0.1736730268595123;0;cluster6
0.0620123985514728;0;N;0.0606612765181495;0.1488113865240374;0;cluster7
0.5891177862389921;0.4;Y;0.6789396717992892;0.165385813414354;0;cluster6
0.5298897443824804;0;N;0.3014398817748048;0.6742552219660354;0;cluster7
0.1444888886249317;0;Y;1.500666656018223;0.1202559988668929;0.1315334104411641;cluster8
0.1755446978195093;0;N;1.7554440173944512;0.1652598393568001;0.3946002313234923;cluster3
0.1649529801469178;0.8;N;0.3877655445121714;0.2045879854371869;0;cluster1
0.5261752017092473;0.4;N;0.4068971778755877;0.5357583436523268;0.2630668208823282;cluster5
0.717272609085466;0;Y;0.528219730911887;0.3996357295032798;0.3946002313234923;cluster6
0.7441487826176744;0;Y;1.073704594371247;0.2327195065643854;0.1315334104411641;cluster8
0.1550309963786821;0;Y;1.317749576055803;0.1115188887283271;0.2630668208823282;cluster8
0.7441487826176744;0;Y;1.7568438930064083;1.0355441201759248;0.6576670522058206;cluster8
0.6349759549678063;0.4;N;0.6364767782365847;0.5336451269722351;0;cluster5
0.43408678986031;0.8;Y;1.1754288888401443;0.4471513688897192;0.1315334104411641;cluster6
0.0465092989136046;0;Y;2.0111546291786517;0.0410775371519836;0;cluster8
0.03410681920331;0.4;N;0.8058617272834179;0.1040603891691851;0.3946002313234923;cluster5
0.662788515718142;0.8;N;0.4292951876669045;0.3705111091597816;0;cluster1
0.1240247971029457;0.8;Y;0.850657746866051;0.2190089943347881;0.2630668208823282;cluster6
0.5891177862389921;0;Y;1.450737759191746;0.4258413914593121;0;cluster8
0.5891177862389921;0;Y;1.4997334056102516;0.4968747241456648;0.1315334104411641;cluster8
0.0497215411585709;0.4;N;0.952382041334948;0.1291010334940794;0.2630668208823282;cluster4
0.4371874097878837;0.8;N;0.4698915804136662;0.3214223976313235;0.1315334104411641;cluster1
0.43408678986031;0;Y;1.512798911321853;0.4471513688897192;0.5261336417646564;cluster8
0.0620123985514728;0;N;0.42649543644299;0.1239497461885624;0.2630668208823282;cluster7
0.1547209343859247;0;N;2.0993467927319607;0.2264252042014298;0.1315334104411641;cluster3
0.5113480372155901;0.4;Y;0.988312182041852;0.4345166706365326;0;cluster6
0.2790557934816278;0.4;N;0.216980719853381;0.1403677683431238;0.6576670522058206;cluster5
0.5201848040091749;0.4;N;1.0676384667194323;0.662582670155978;0.3946002313234923;cluster2
0.2790557934816278;0.8;N;0.717202938526122;0.2979813777068783;0.1315334104411641;cluster1
0.0839306808194909;0;N;0.7004044311826344;0.110233043404331;0;cluster7
0.3228303456191125;0;N;1.490400901530536;0.3036232105284002;0.1315334104411641;cluster4
0.193553098358857;0;N;1.121766990381781;0.3597576682503974;0.3946002313234923;cluster4
0.1550309963786821;0.4;N;0.5081548471404991;0.2979813777068783;0;cluster5
0.2790557934816278;0;N;1.570193811412102;0.2979813777068783;0.7892004626469847;cluster3
0.2821564134092015;0;N;0.6570082872119583;0.3009647775305351;0.1315334104411641;cluster7
0.2790557934816278;0;N;0.1082570473246977;0.3725663732982988;0.1315334104411641;cluster7
0.2883576532643488;0;N;1.4484046331718172;0.3069315771778488;0;cluster4
0.1943220521008953;0.8;N;0.585614631002136;0.1351474153316891;0.3946002313234923;cluster1
0.3558023379289307;0.4;N;1.2528886727017816;0.2322570795917185;0;cluster4
0.5298897443824804;0;N;0.3751666640045557;0.3642975077620559;0.1315334104411641;cluster7
0.6201239855147286;0.8;Y;0.563683246414805;0.4471513688897192;0.2630668208823282;cluster6
0.1175755076535925;0;N;2.1208115521153057;0.2379156194522528;0;cluster3
0.4893398369696723;0.8;Y;1.143698374969112;0.2604091861777002;0.3946002313234923;cluster6
0.1240247971029457;0;N;0.6686739173116023;0.2068219552251412;0.3946002313234923;cluster7
0.3117983399168055;0;N;1.202026525467333;0.1265047297975421;0.1315334104411641;cluster4
0.4928094306686272;0.4;Y;0.7018043067945918;0.4196518810151625;0.5261336417646564;cluster6
0.4709221545998849;0;N;2.0419518926417117;0.4021020315525013;0;cluster3
0.6933296220047424;0;Y;0.8590570005377948;0.6965934281456658;0;cluster6
0.6062456107189089;0;Y;1.6518532221096112;0.5106082831388997;0;cluster8
0.8150506585015007;0;Y;1.5141987869338105;0.5084359951422996;0.6576670522058206;cluster8
0.2790557934816278;0;Y;1.1301662440535247;0.1488113865240374;0.1315334104411641;cluster8
0.2790557934816278;0;N;0.2991067557548759;0.2758821418531227;0.3946002313234923;cluster7
0.0813106569806912;0;Y;0.9743134259222792;0.1347297393563772;0.5261336417646564;cluster6
0.1608601618425206;0;Y;0.5944805098778657;0.0806119107451808;0.1315334104411641;cluster6
0.7441487826176744;0;N;1.7176473758716042;0.9319538402339522;0;cluster2
0.0247119408227619;0;N;1.1646965091484716;0.1113324262393486;0.3946002313234923;cluster4
0.703105876636382;0;N;1.3037508199362298;0.7060000877896558;0.1315334104411641;cluster2
0.1550309963786821;0.4;Y;0.4717580812296092;0.1786453847606055;0.2630668208823282;cluster6
0.0086569308377856;0;Y;2.166074196901925;0.0663610302225236;0.3946002313234923;cluster8
0.3358963579939079;0;N;1.373277975330109;0.2518068511261682;0;cluster4
0.8567012859885975;0.8;N;0.8623233769656952;0.4741676951628348;0.3946002313234923;cluster1
0.2506541149450533;0;Y;0.8935872656327416;0.096431388310121;0.1315334104411641;cluster6
0.6312490098148628;0;N;1.568327310596159;0.51352716694137;0.2630668208823282;cluster2
0.5077575193394598;0;N;1.5216647901975826;0.323638616190327;0.1315334104411641;cluster3
0.1395278967408139;0.4;N;0.4096969290995025;0.1363805290638021;0.2630668208823282;cluster5
0.662788515718142;0;N;0.8511243720700371;0.8340983260180087;0;cluster2
0.1444888886249317;0;N;1.0433739561121724;0.3514339827423948;0.1315334104411641;cluster4
0.4030805905845736;0;N;1.3919429834895394;0.3477047329628238;0.5261336417646564;cluster4
0.2694314692264393;0;N;1.8025731629970136;0.2061267484812335;0.5261336417646564;cluster3
0.3445408863519831;0;Y;1.0648387154955177;0.3007658593472928;0;cluster8
0.3357940375362979;0;N;1.4582037624555184;0.1957154289466271;0.3946002313234923;cluster4
0.7048329219360405;1.2;N;0.5627499960068337;0.2208977847631452;0.1315334104411641;cluster1
0.8567012859885975;0.4;N;0.5109545983644138;0.8537887648541435;0.2630668208823282;cluster5
0.2790557934816278;0;N;1.5435961747849134;0.2865067744751206;0;cluster3
0.4876530997290722;0;N;1.8245045475843444;0.1915841660408184;0.2630668208823282;cluster3
0.5891177862389921;0;N;2.0041552511188643;0.5963213600725602;0;cluster3
0.5934090442187541;0;Y;0.6817394230232039;0.24997847454424;0.5261336417646564;cluster6
0.184499288170342;0;N;1.765709771882138;0.3452384309136023;0;cluster3
0.217043394930155;0;N;1.2211581588307494;0.1488113865240374;0.3946002313234923;cluster4
0.7441487826176744;0;N;1.261754551577511;0.9319538402339522;0;cluster2
0.2825284878005104;0;N;0.1521198164993595;0.3767431330514183;0.1315334104411641;cluster7
0.6399059406526485;1.2;Y;1.1077682342622082;0.4031089289929855;0.5261336417646564;cluster6
0.43408678986031;0;N;0.7517332036210689;0.2793351288090232;0.1315334104411641;cluster7
0.6511301847904649;0;Y;1.2384232913782225;0.409858871094009;0.1315334104411641;cluster8
0.2790557934816278;0;N;2.0008888746909643;0.2979813777068783;0.3946002313234923;cluster3
0.2821564134092015;0.4;N;0.2888410012671891;0.4181460845391674;0.1315334104411641;cluster5
0.7348469228349533;0;Y;1.7288463807672625;0.4090301572079927;0;cluster8
0.1547209343859247;0;Y;1.796040410141213;0.1113324262393486;0.2630668208823282;cluster8
0.3436417065729868;0;N;1.0088436910172256;0.3601255960336498;0.2630668208823282;cluster4
0.0684058768421297;0;N;1.9756911136757325;0.0916161809947389;0;cluster3
0.2027402352042578;0.4;N;0.3928984217560148;0.3744906661845574;0;cluster5
0.5077575193394598;0.8;Y;0.8119278549352326;0.323638616190327;0;cluster6
0.1550309963786821;0;Y;0.8702560054334533;0.0742263909326169;0;cluster6
0.0988477632910477;0;N;0.8058617272834179;0.2399197928687899;0.2630668208823282;cluster4
0.4525044722300974;0;N;0.3425028997255521;0.2111102195466699;0;cluster7
0.4805960887739146;1.2;N;0.3914985461440575;0.6149676089704152;0.2630668208823282;cluster1
0.1240247971029457;0;N;0.394764922571958;0.1061913570782275;0.1315334104411641;cluster7
0.2790557934816278;0.4;N;0.9276509055237028;0.2758821418531227;0.5261336417646564;cluster5
0.1550309963786821;0;Y;1.3620789704344505;0.1786453847606055;0;cluster8
0.2506541149450533;0;Y;2.0237535096862667;0.2706534353221818;0;cluster8
0.2046409152198604;0;Y;0.5076882219365132;0.1413528869648953;0.5261336417646564;cluster6
0.6974782514678358;0;N;1.4712692681671198;0.4377312839465228;0.1315334104411641;cluster2
0.2334053662879611;0;N;1.6429873432338815;0.254056782103179;0.6576670522058206;cluster3
0.1148128552981244;0;Y;0.3033063825907478;0.075894857283997;0.3946002313234923;cluster6
0.1713836658767055;0;N;2.018620632442423;0.3242054621568218;0.1315334104411641;cluster3
0.5445928840790346;0;N;1.1320327448694678;0.5534797386048483;0.2630668208823282;cluster2
0.8433686203000309;0;Y;0.7312016946456952;0.6005833704756407;0;cluster6
0.6201239855147286;0;N;1.869300567166978;1.2044759280356816;0.2630668208823282;cluster2
0.8991797789963565;0;N;1.97709098928769;0.55902886227685;0;cluster3
0.1271254170305193;0.4;N;0.936516784399432;0.0757180908444453;0.2630668208823282;cluster4
0.4030805905845736;0;N;1.5160652877497534;0.5797469331822436;0;cluster3
0.5891177862389921;0;N;1.3186828264637742;0.3311302314875116;0.6576670522058206;cluster2
0.7241807902841001;0;Y;1.6369212155820667;0.259154591966857;0.3946002313234923;cluster8
0.0930185978272093;0;N;1.6891832384284724;0.1985347417799828;0.3946002313234923;cluster3
0.1085216974650775;0;Y;0.3009732565708189;0.2233963821154578;0.2630668208823282;cluster6
0.4451249968024721;0;Y;0.2258465987291107;0.2859731934166596;0;cluster6
0.217043394930155;0;Y;0.4992889682647695;0.1488113865240374;0.6576670522058206;cluster6
0.1605221942704151;0;N;1.2057595270992187;0.0917851905947491;0;cluster4
0.2015402952922868;0;N;1.560394682128401;0.2233963821154578;0;cluster3
0.0391918358845308;0;N;1.7750422759618534;0.1122149904921818;0;cluster3
2.139427750025813;0;N;0.7125366864862647;0.5797469331822436;0;cluster2
0.1361482210197586;0.4;N;0.5104879731604277;0.1001633231495333;0;cluster5
0.2790557934816278;0;N;0.0489956464185054;0.2482580224509327;0.5261336417646564;cluster7
1.2150709372175592;0.4;Y;1.625722210686408;0.4278445206859109;0;cluster8
0.0742908534646644;0;N;1.968691735615946;0.1579480484839864;0;cluster3
0.4709221545998849;0;Y;1.6392543416019956;0.301486872499675;0.2630668208823282;cluster8
0.3138013403900181;0.4;Y;0.4362945657266912;0.206998870834684;0.5261336417646564;cluster6
1.1831345519635508;0;N;0.95658166817082;0.3647163025123018;0.3946002313234923;cluster2
0.3117983399168055;0.4;Y;0.845058244418222;0.1443101074550995;0.1315334104411641;cluster6
0.3370745935663858;0;N;2.174006825369683;0.1767240752741705;0.1315334104411641;cluster3
0.1746765242397887;0;N;1.4731357689830629;0.2745119408991128;0.1315334104411641;cluster4
0.3370745935663858;0;N;1.1096347350781512;0.1963998954511696;0.1315334104411641;cluster4
0.217043394930155;0;N;2.029819637338081;0.3725663732982988;0;cluster3
0.4960991884117828;0;N;1.500666656018223;0.2109655246552225;0;cluster3
0.5077575193394598;0;N;1.20342640107929;0.5180369486998053;0.7892004626469847;cluster2
0.0669733904355906;0;N;2.036819015397868;0.1469467616342518;0;cluster3
0.4147389215122505;0;N;1.8958982037941667;0.3570526942152833;0.5261336417646564;cluster3
1.519303764511085;0;N;1.6695849798610705;0.6211830004080351;0;cluster2
0.5298897443824804;0;N;1.8464359321716757;0.6742552219660354;0.2630668208823282;cluster3
0.6182636135581845;0.8;Y;1.2846191865728136;0.4458727583102956;0.3946002313234923;cluster8
0.0930185978272093;0;N;0.6206115213010684;0.0848813796478204;0;cluster7
0.2058811631908899;0;N;1.5062661584660522;0.1579273138552119;0.6576670522058206;cluster4
0.4893398369696723;0;Y;1.7703760239219957;0.2777936807051353;0;cluster8
0.5261752017092473;0;N;1.7750422759618534;0.582377173051775;0.2630668208823282;cluster3
0.4012047155283915;0;Y;1.3084170719760873;0.5194801683644993;0;cluster8
0.373878952106685;0;N;1.5650609341682589;0.2779115995831653;0;cluster3
0.0062012398551472;0;N;1.861834563903206;0.0810068382968373;0;cluster3
0.1986722218592811;0;N;0.9971780609175817;0.3679669403751626;0;cluster4
0.5892852197150812;0;Y;0.1143231749765126;0.3726670630423472;0.1315334104411641;cluster6
0.2676579146278671;0;N;0.7535997044370117;0.3417521044646726;0.2630668208823282;cluster7
0.7990111516161623;0;Y;1.9514266030684728;0.299430489586224;0.3946002313234923;cluster8
0.0865693083778561;0;N;1.9584259811282596;0.1567671442487874;0;cluster3
0.1550309963786821;0.8;N;0.5473513642753032;0.2233963821154578;0.3946002313234923;cluster1
0.1550309963786821;0.8;N;0.7018043067945918;0.2351729799943651;0;cluster1
0.2629635760575206;0.4;Y;0.2440449816845555;0.2824975326220994;0.1315334104411641;cluster6
0.4502906296018099;0;N;2.034952514581925;0.3855590795303242;0.3946002313234923;cluster3
0.4100259792223385;0;Y;0.1357879343598578;0.3027548174247292;0.1315334104411641;cluster6
0.2263452547128759;0.4;Y;1.2412230426021371;0.176514416851563;0.3946002313234923;cluster8
0.2204168694113551;0;N;1.747511388926693;0.1724399131273994;0;cluster3
0.4619923692084728;0.4;Y;0.8912541396128129;0.1972916336584606;0.3946002313234923;cluster6
1.3271149389203605;0;Y;0.3019065069787904;0.5936308555265909;0.2630668208823282;cluster6
0.5891177862389921;0;Y;0.8324593639106062;0.2979813777068783;0.2630668208823282;cluster6
0.1257611442623869;0;N;0.3182383891182923;0.1881922641963073;0;cluster7
0.168034996354926;0;N;1.4572705120475469;0.1193391255160876;0.1315334104411641;cluster4
0.2790557934816278;0.4;N;1.144165000173098;0.1959177034546711;0;cluster4
0.4371874097878837;0;N;0.8072616028953749;0.3214223976313235;0.6576670522058206;cluster4
0.3117983399168055;0.4;Y;0.2533774857642708;0.2352447307601241;0;cluster6
0.1732936477520909;0.4;N;1.095635978958578;0.3272684441707746;0.2630668208823282;cluster4
0.3389442673827127;0;Y;0.384499168084271;0.2539016453123488;0.1315334104411641;cluster6
0.687345425544525;0.8;N;0.9239179038918164;0.1724399131273994;0.5261336417646564;cluster1
0.340448068047586;0;Y;1.2967514418764434;0.1564007081654467;0.2630668208823282;cluster8
0.5373188297289468;0.8;N;0.5067549715285417;0.341415949889542;0.1315334104411641;cluster1
1.3271149389203605;0.4;Y;0.7535997044370117;0.3263356096309127;0.2630668208823282;cluster6
0.1853860654696281;0;Y;0.9542485421508914;0.2475121724950185;0;cluster6
0.5891177862389921;0.4;Y;0.9183184014439872;0.4657976177875743;0.7892004626469847;cluster6
0.0672710499486377;0.8;Y;0.5711492496785776;0.1387029566565277;0.1315334104411641;cluster6
0.1649529801469178;0;Y;0.7848635931040582;0.180940290489958;0.1315334104411641;cluster6
0.2821564134092015;0;N;1.78204165402164;0.5791094552249237;0;cluster3
0.1550309963786821;0;N;1.3560128427826357;0.1786453847606055;0;cluster4
0.2790557934816278;0;N;1.3662785972703226;0.3725663732982988;0;cluster4
0.6827099987528025;0;Y;1.6047240765070487;0.3430083395454188;0.1315334104411641;cluster8
0.6562214027115408;0;Y;1.530530669073312;0.1649530712699325;0;cluster8
0.1126641256883159;0.4;N;0.6934050531228481;0.1148403823369998;0.2630668208823282;cluster5
0.4395128747335639;0.4;Y;0.4040974266516732;0.1187810805790725;0.2630668208823282;cluster6
0.0772054361965837;0;N;1.011176817037155;0.1731758432788999;0.2630668208823282;cluster4
0.3102108225138878;0;N;0.5030219698966557;0.2732390733643496;0;cluster7
0.4890297749769149;0.4;N;0.6145453936492538;0.2498293045530572;0.3946002313234923;cluster5
0.5891177862389921;0;N;1.3261488297275466;0.3725663732982988;0.1315334104411641;cluster2
0.2882088235078252;0.4;N;0.799328974427617;0.2949750057045793;0.2630668208823282;cluster5
0.4960991884117828;0;N;1.4773353958189346;0.4222897285542443;0.3946002313234923;cluster2
0.7119023353709084;1.2;N;0.8385254915624212;1.1910123667264876;0;cluster1
0.3367056197950046;0;Y;2.0279531365221386;0.1470623683774185;1.4468675148528052;cluster8
0.2015402952922868;0;N;1.610790204158864;0.1239497461885624;0;cluster3
0.6044596536406266;0;N;1.5076660340780097;0.3817925372529575;0.2630668208823282;cluster2
0.4893398369696723;0;N;1.5529286788646288;0.357265783547688;0;cluster3
0.7441487826176744;0;Y;0.8627900021696812;0.3104122351671136;0.2630668208823282;cluster6
0.1550309963786821;0;N;1.866500815943064;0.1488113865240374;0.2630668208823282;cluster3
0.7119023353709084;0.8;N;0.5590169943749473;0.8119397950927579;0.1315334104411641;cluster1
0.1395278967408139;0.4;N;0.4152964315473315;0.1515737910057568;0.1315334104411641;cluster5
0.1326941304204416;0.4;N;0.2048484645497512;0.0980861310223123;0.3946002313234923;cluster5
0.2204168694113551;0;N;0.2851079996353028;0.3020388014670516;0;cluster7
0.0228701725857831;1.2;Y;0.4367611909306768;0.0366696384975262;0.5261336417646564;cluster6
0.2790557934816278;0;N;1.526797667441426;0.6211830004080351;0.1315334104411641;cluster3
0.4893398369696723;0;N;1.5053329080580806;0.2659574148297548;0;cluster3
0.198331153667248;0;Y;0.7722647125964424;0.1309908681123749;0;cluster6
0.2563344506523682;0;Y;1.243556168622066;0.1378802095701588;0.3946002313234923;cluster8
0.2076671202691723;0;N;0.5394187358075454;0.1591206737846746;0.1315334104411641;cluster7
0.294558893119496;0;N;0.6677406669036311;0.260688879911168;0.1315334104411641;cluster7
0.2790557934816278;0.8;N;0.4166963071592889;0.3725663732982988;0;cluster1
0.747249402545248;0.4;N;0.8959203916526707;0.5422742380371844;0.1315334104411641;cluster2
0.2139427750025813;0.8;Y;1.014443193465055;0.2942521279273072;0.1315334104411641;cluster6
0.3317663322503797;0;N;0.9659141722505354;0.1338943874057533;0.5261336417646564;cluster4
0.1342568428639387;0;N;1.093769478142635;0.1132236779725602;0;cluster4
0.1547209343859247;0;N;0.7871967191239869;0.1485627947337311;0.2630668208823282;cluster7
0.8567012859885975;0.4;N;1.0723047187592898;0.4741676951628348;0.6576670522058206;cluster2
0.1547209343859247;0;N;0.5991467619177232;0.1272883197612256;0;cluster7
0.1860371956544186;0;Y;1.8963648289981525;0.434720511429484;0.1315334104411641;cluster8
0.5891177862389921;0;Y;1.2687539296372974;0.2482580224509327;0.2630668208823282;cluster8
0.1444888886249317;0;N;0.2921073776950894;0.1107338070647318;0;cluster7
0.6487551099259435;0;N;1.0919029773266922;0.429945803766708;0.1315334104411641;cluster2
0.335124303631942;0;N;0.5445516130513889;0.3519301967180646;0.5261336417646564;cluster7
0.4451249968024721;1.2;N;0.7312016946456952;0.4577722722619375;0.1315334104411641;cluster1
0.3353537495065825;0.8;N;0.7447338255612824;0.3521509683050152;0;cluster1
0.9566218637745856;0.4;N;0.1395209359917439;0.678420271874847;0.1315334104411641;cluster5
0.43408678986031;0;N;2.003688625914879;0.2233963821154578;0.1315334104411641;cluster3
0.2633294492089743;0;N;1.5977246984472624;0.088143951109976;0.6576670522058206;cluster3
0.6586119806757001;0.4;N;1.0555062114158025;0.4143582109530614;0;cluster2
0.5581115869632557;0.4;Y;0.3672340355367978;0.217659080499579;0;cluster6
0.5001734029966146;0;N;1.9663586095960173;0.5107395527311407;0;cluster3
0.0930185978272093;0;N;1.9210959648093984;0.0990880312680918;0.3946002313234923;cluster3
0.2715274882974791;0.4;Y;1.506732783670038;0.3635117548335003;0.1315334104411641;cluster8
0.1568076515971818;0;N;1.797906910957156;0.1803548728595609;0.5261336417646564;cluster3
0.1240247971029457;0.4;Y;0.3938316721639864;0.0307185016992868;0;cluster6
0.7697599032194326;0;N;1.2561550491296818;0.2959848119598915;0.3946002313234923;cluster2
0.1649529801469178;0;N;0.4890232137770827;0.1567671442487874;0;cluster7
0.1550309963786821;0;N;0.5058217211205702;0.1061913570782275;0.3946002313234923;cluster7
1.0147460849368812;0;N;1.359279219210536;0.5027500080033878;0.6576670522058206;cluster2
0.3553062387405188;0;Y;1.325215579319575;0.4689693447250995;0;cluster8
0.0620123985514728;0.4;N;0.4647587031698228;0.0635714022174133;0;cluster5
0.43408678986031;0;Y;0.7386676979094673;0.1925336330346972;0.5261336417646564;cluster6
0.1521722248054592;0;N;0.3956981729799295;0.1097997045799449;0;cluster7
0.43408678986031;0;Y;0.4138965559353744;0.1912124344227908;0;cluster6
0.4303660459472216;0;N;1.8543685606394336;0.8933640110249248;0;cluster3
0.3117983399168055;0;N;0.7092703100583643;0.1645637375929453;0;cluster7
0.3640871943754075;0;Y;0.9691805486784358;0.2711819446009427;0.1315334104411641;cluster6
0.1649529801469178;0.8;Y;0.5753488765144492;0.1343205660705626;0.3946002313234923;cluster6
0.373878952106685;0;N;1.5468625512128138;0.5407224226189093;0.3946002313234923;cluster3
0.3281696131343944;0;Y;0.4834237113292534;0.1724399131273994;0.3946002313234923;cluster6
0.4371874097878837;0;Y;1.0550395862118167;0.1729080831447267;0.2630668208823282;cluster8
1.44520514948193;0.4;N;0.611745642425339;0.5914757966639723;0.1315334104411641;cluster2
0.0767465444473028;0.8;Y;0.820793733810962;0.1292402836808486;0;cluster6
0.294558893119496;0;N;1.5412630487649848;0.1301651376261823;0.1315334104411641;cluster3
0.4026154975954375;0;N;1.3858768558377246;0.5211769770142041;0;cluster4
1.55613912925066;0;N;1.6065905773229918;0.1087229955835871;0.5261336417646564;cluster2
0.7241807902841001;0;Y;1.5132655365258385;0.302406729250304;0.1315334104411641;cluster8
0.1354753864954751;0;N;0.4292951876669045;0.0467553945263761;0;cluster7
0.6222293064455511;0;N;0.3625677834969401;0.5234244466863603;0.1315334104411641;cluster7
0.2480495942058914;0;N;1.779708528001711;0.095536368363024;0.1315334104411641;cluster3
0.1118951719462776;0.8;N;0.7937294719797877;0.1371403264138919;0;cluster1
0.357101497678584;0;Y;1.0503733341719588;0.2071053782083886;0.2630668208823282;cluster8
0.4371874097878837;0.4;N;1.116167487933952;0.4501347687133761;0.1315334104411641;cluster4
1.0342427830414644;0.4;Y;0.8716558810454107;0.1704708692437858;0;cluster6
0.7119023353709084;0;Y;1.9663586095960173;0.3967650276079615;0.5261336417646564;cluster8
0.6316954990844333;0.4;N;0.750799953213097;0.5310147379327124;0;cluster5
0.184499288170342;0;Y;0.60614613997751;0.1847826857078411;0;cluster6
0.9053810188515038;1.2;Y;0.7685317109645563;0.4501347687133761;0;cluster6
0.3445408863519831;0;N;0.6822060482271897;0.3222747549609422;0.2630668208823282;cluster7
0.8798195081685866;0;N;1.0909697269187206;0.8760329939393288;0.3946002313234923;cluster2
0.2790557934816278;0.8;Y;1.204359651487262;0.1239497461885624;0.1315334104411641;cluster6
0.3410681920331007;0;N;2.0354191397859105;0.2979813777068783;0.1315334104411641;cluster3
0.0350990175801336;0;N;2.0634166520250568;0.121960788111126;0.2630668208823282;cluster3
0.4678463396317318;0;N;0.819393858199005;0.1842541764290803;0.2630668208823282;cluster4
0.5891177862389921;0;N;1.2374900409702512;0.7454913512554011;0;cluster2
0.5814282488186095;0;N;1.580926191103775;0.5889225285098914;0.1315334104411641;cluster2
0.3036127033080111;0.4;N;0.7036708076105349;0.2679484612870678;0.2630668208823282;cluster5
0.8116802846402282;0.4;Y;1.46240338929139;0.3681997947313991;0.2630668208823282;cluster8
0.7808167138811603;0.4;N;1.2183584076068348;0.2437450335376871;0.9207338730881488;cluster2
0.1453570622046524;0.4;N;1.214158780770963;0.1208526788316242;0;cluster4
0.5538017252639283;0.4;N;0.4731579568415666;0.4015692709289918;0.1315334104411641;cluster5
0.0747621476936556;0;N;2.159074818842139;0.0632474795815598;0;cluster3
0.8376510771535851;0;Y;0.7731979630044141;0.4639843819597514;0.3946002313234923;cluster6
0.1665404975498355;0;N;1.0606390886596455;0.1029448213901242;0.1315334104411641;cluster4
0.0742908534646644;0.4;Y;0.934650283583489;0.0629640565983124;0.3946002313234923;cluster6
0.1393728657444352;0;N;2.1390099350707508;0.1514356595939215;0.1315334104411641;cluster3
0.2480495942058914;0.4;N;0.982246054390037;0.1674576354218925;0.2630668208823282;cluster4
0.2532586356842151;0;N;0.5431517374394315;0.4018738760509872;0.2630668208823282;cluster7
0.3332360260960497;0;N;1.4554040112316036;0.1456713582096385;0.2630668208823282;cluster4
0.2790557934816278;0.8;N;0.9388499104193608;0.1282362204701969;0.1315334104411641;cluster1
0.1860371956544186;0;Y;0.3056395086106767;0.153198774304707;0.5261336417646564;cluster6
0.1550309963786821;0.8;Y;0.5622833708028478;0.1786453847606055;0.3946002313234923;cluster6
0.5077575193394598;0;N;1.3284819557474754;0.6476358370394575;0.3946002313234923;cluster2
0.8602514958056694;0;N;1.2463559198459806;1.428913665859587;0.1315334104411641;cluster2
0.6116096831936114;0.4;N;0.5310194821358016;0.4290313917207572;0.2630668208823282;cluster5
0.4518843482445827;0;N;2.030752887746053;0.7740325677633831;0.1315334104411641;cluster3
0.0391918358845308;0.4;Y;0.8870545127769409;0.0334134813449916;0.1315334104411641;cluster6
0.2821564134092015;0;N;1.6355213399701092;0.3135198935934257;0.5261336417646564;cluster3
0.8477590981174752;0;N;1.508599284485981;0.6036008556422828;0;cluster2
0.46819360906362;0.4;N;0.6906053018989334;0.2998460025966639;0.3946002313234923;cluster5
0.2480495942058914;0;Y;1.654652973333526;0.2233963821154578;0.1315334104411641;cluster8
0.1755446978195093;0;N;1.3704782241061944;0.2254847619920176;0.2630668208823282;cluster4
1.7648728627749175;0.4;Y;0.6094125164054103;0.6642510619223626;0.3946002313234923;cluster6
0.0930185978272093;0.8;Y;0.7769309646363001;0.1189773882874692;0;cluster6
0.4100259792223385;0;N;0.2557106117841997;0.2353962874711659;0.6576670522058206;cluster7
0.2821564134092015;0;Y;0.6938716783268337;0.2148723613092967;0.5261336417646564;cluster6
0.4030805905845736;0;Y;1.5188650389736678;0.2084793829971737;0.3946002313234923;cluster8
0.0620123985514728;0;N;0.0377966415228469;0.2233963821154578;0;cluster7
0.3117983399168055;0;Y;1.3975424859373689;0.1027178592485395;0;cluster8
0.8006172727386455;1.2;N;0.7055373084264779;0.4441878832598853;0.1315334104411641;cluster1
0.4718399380984466;0.8;Y;0.5034885951006414;0.1724399131273994;0.2630668208823282;cluster6
0.1550309963786821;0;Y;1.191760770979646;0.1786453847606055;0;cluster8
0.3157578315643171;0;Y;0.5646164968227767;0.0830550168607733;0.1315334104411641;cluster6
0.2480495942058914;0.4;N;0.3378366476856944;0.1914314159698472;0;cluster5
0.5731433923721327;0.4;Y;0.9393165356233468;0.8545082863066139;0;cluster6
0.5261752017092473;0.4;N;0.9262510299117452;0.5357583436523268;0.2630668208823282;cluster5
0.1943220521008953;0.4;N;0.7270020678098231;0.1545054288424731;0.2630668208823282;cluster5
0.5856078844809788;0;N;1.6569860993534546;0.2743186165905398;0.2630668208823282;cluster3
0.0395391053164191;0;N;2.141343061090679;0.1353980209168763;0.3946002313234923;cluster3
0.5484314515493708;0;N;0.7764643394323144;0.1854853509513079;0.3946002313234923;cluster7
0.1547209343859247;0;N;1.373277975330109;0.1783470447782398;0.5261336417646564;cluster4
0.3875774909467054;0;Y;0.2384454792367263;0.2233963821154578;0.3946002313234923;cluster6
0.0681516260080686;0;N;0.7633988337207129;0.0950505217017415;0;cluster7
0.3005368883398581;0;N;1.0349747024404288;0.2275049711826068;0.2630668208823282;cluster4
0.5201848040091749;0;Y;1.478735271430892;0.220621820279457;0.2630668208823282;cluster8
0.6004660551739117;0;Y;1.3956759851214255;0.3793909003949138;0.1315334104411641;cluster8
0.5655902822285633;0;N;1.2318905385224217;0.3185535603608951;0.3946002313234923;cluster4
0.3281696131343944;0;N;0.8459914948261936;0.2876389001232028;0.1315334104411641;cluster4
0.43408678986031;0;N;1.8427029305397893;0.55902886227685;0;cluster3
0.4893398369696723;0.8;N;0.6560750368039869;0.4168698606796026;0;cluster1
0.2480495942058914;0.4;N;0.9467825388871188;0.1674576354218925;0.3946002313234923;cluster5
0.2330301912767247;0;N;1.281352810144913;0.1811088525799945;0.7892004626469847;cluster4
0.217043394930155;0;N;1.462870014495376;0.2383133812337419;0;cluster4
0.1550309963786821;0;Y;0.6234112725249831;0.1275014090936302;0.1315334104411641;cluster6
0.077515498189341;0;N;0.4773575836774385;0.1040603891691851;0.5261336417646564;cluster7
0.5891177862389921;0.8;N;0.8352591151345208;0.165385813414354;0.9207338730881488;cluster1
0.0930185978272093;0.4;N;0.0289307626471175;0.1189773882874692;0.2630668208823282;cluster5
0.1737246339220236;0;N;1.9136299615456256;0.1090807798074392;0.3946002313234923;cluster3
0.43408678986031;0;Y;1.4778020210229206;0.55902886227685;0.1315334104411641;cluster8
0.0395391053164191;0;N;0.3910319209400717;0.0562066559977297;0.1315334104411641;cluster7
0.3007570323547158;0;N;1.5449960503968707;0.5316760830886216;0.1315334104411641;cluster3
0.4525044722300974;0;Y;0.9645142966385782;0.2904110006543491;0.7892004626469847;cluster6
0.4396151951911737;0;Y;0.1656519474149469;0.2260560830582479;0;cluster6
0.6489132415422498;0;Y;1.0919029773266922;0.3267488105064892;0.2630668208823282;cluster8
0.3627353240869853;0;N;2.018620632442423;0.5258302603041572;0.1315334104411641;cluster3
0.5113480372155901;0.8;Y;0.8511243720700371;0.5926531208193829;0.1315334104411641;cluster6
0.1240247971029457;0;N;2.185672455469327;0.0977795121054359;0;cluster3
0.5922184061665658;0;Y;1.887032324918437;0.4279723593683546;0.5261336417646564;cluster8
0.1550309963786821;0;Y;1.7596436442303232;0.2233963821154578;0.1315334104411641;cluster8
0.3436417065729868;1.6;N;0.4918229650009972;0.4502466462067632;0;cluster1
1.2092417717537207;0;N;0.9626477958226352;0.3974280136337737;0.3946002313234923;cluster2
0.2416871221145103;0;N;1.5309972942772978;0.2182947684170046;0.1315334104411641;cluster3
0.1547209343859247;0;N;2.105879545587761;0.2230234571375007;0.1315334104411641;cluster3
0.2790557934816278;0.4;Y;1.0293751999925995;0.1861038843197476;0.2630668208823282;cluster6
0.3410681920331007;0;N;1.5515288032526715;0.2351729799943651;0;cluster3
0.4030805905845736;0;N;1.8543685606394336;0.4173173706531511;0.5261336417646564;cluster3
0.1853860654696281;0;N;1.8627678143111772;0.1314207760269638;0.2630668208823282;cluster3
0.8150506585015007;0;Y;1.0032441885693966;0.2257723617350181;0;cluster8
0.5261752017092473;0;Y;1.398942361549326;0.3825820940162883;0;cluster8
0.6182636135581845;0;N;1.5893254447755187;0.7433603833463586;0.5261336417646564;cluster2
0.2790557934816278;0.4;N;1.3200827020757315;0.1061913570782275;0.5261336417646564;cluster4
0.687345425544525;0.4;Y;0.4796907096973674;0.4933514781239173;0.1315334104411641;cluster6
0.1550309963786821;0.4;N;1.0270420739726709;0.2233963821154578;0.3946002313234923;cluster4
0.2790557934816278;0;N;1.1063683586502508;0.1488113865240374;0.2630668208823282;cluster4
0.3717023169175283;0.4;N;0.8473913704381507;0.6454480353637743;0;cluster5
0.3640871943754075;0.4;N;0.9276509055237028;0.3164387028109004;0.1315334104411641;cluster5
0.3604005572815223;0.8;N;0.9906453080617807;0.4704032412653445;0.1315334104411641;cluster1
0.3445408863519831;0;N;1.2113590295470482;0.2577480681199939;0.7892004626469847;cluster4
0.4309861699327363;0.4;N;0.8697893802294676;0.3700802316402499;0.3946002313234923;cluster5
0.3117983399168055;0;Y;1.7115812482197892;0.2352447307601241;0.5261336417646564;cluster8
0.5891177862389921;0;N;0.7279353182177949;0.3311302314875116;0.5261336417646564;cluster7
0.2790557934816278;0;N;1.560861307332387;0.4512884494251842;0.1315334104411641;cluster3
0.4893398369696723;0;N;1.1427651245611408;0.5003155537472838;0;cluster4
0.3445408863519831;0;N;1.950026727456516;0.2577480681199939;0;cluster3
0.2790557934816278;0;N;1.1115012358940943;0.3386641364771965;0;cluster4
0.1547209343859247;0;N;1.9252955916452696;0.2230234571375007;0;cluster3
0.2299977849875576;0;Y;1.2416896678061229;0.3300843260943331;0;cluster8
1.6666452234693845;0.4;N;0.8721225062493964;0.7421282392191884;0.2630668208823282;cluster2
0.0944076755547622;0;N;2.082548285388473;0.1672421593696288;0;cluster3
0.0572529469626473;0.4;Y;1.2006266498553757;0.0845638713215878;0.2630668208823282;cluster8
0.5113480372155901;0;Y;0.7881299695319586;0.4345166706365326;0.1315334104411641;cluster6
0.8991797789963565;0;Y;2.0419518926417117;0.3725663732982988;0.3946002313234923;cluster8
0.43408678986031;0;N;0.5571504935590044;0.3192913551372854;0.2630668208823282;cluster7
0.4928094306686272;0;Y;1.2393565417861945;0.6296571238521455;0;cluster8
0.2790557934816278;0;Y;0.8147276061591472;0.165385813414354;0.2630668208823282;cluster6
0.4451249968024721;0.4;Y;0.3392365232976517;0.2859731934166596;0.2630668208823282;cluster6
0.3281696131343944;0.4;N;0.4460936950103921;0.2156395425739501;0.1315334104411641;cluster5
0.5076024883430811;0;N;1.426939873788472;0.4794991798177006;0;cluster2
0.8346868845028247;0;N;0.4292951876669045;0.5202446645693114;0.1315334104411641;cluster7
0.2416871221145103;0.4;N;0.819393858199005;0.3276214549549088;0.1315334104411641;cluster5
0.1567673435381233;0;N;0.4096969290995025;0.112563078666607;0.5261336417646564;cluster7
0.353312540127089;0;N;1.0923696025306775;0.3694308200836355;0.2630668208823282;cluster4
0.2563344506523682;0;N;1.6210559586465507;0.2761190237991211;0.1315334104411641;cluster3
0.1550309963786821;0;N;0.9939116844896811;0.1786453847606055;0.2630668208823282;cluster4
0.1444888886249317;1.2;N;0.7703982117804994;0.1685018253601723;0.1315334104411641;cluster1
0.0620123985514728;0;N;1.0153764438730264;0.2233963821154578;0.2630668208823282;cluster4
0.7441487826176744;0;N;1.1912941457756605;0.2327195065643854;0.3946002313234923;cluster2
0.0457403451715663;0.8;N;0.5249533544839866;0.0919477858851384;0.2630668208823282;cluster1
0.1550309963786821;0;N;1.436739003072173;0.1013481803894987;0.1315334104411641;cluster4
0.0620123985514728;1.2;Y;0.3719002875766554;0.0516774075554451;0.2630668208823282;cluster6
0.8567012859885975;1.2;Y;0.5473513642753032;0.8537887648541435;0;cluster6
0.294558893119496;0;Y;1.0947027285506068;0.3128983768251624;0;cluster8
0.1444888886249317;0.8;N;0.8105279793232752;0.1403584452186749;0;cluster1
0.3262968386981399;0;N;2.017687382034452;0.5052223514372521;0;cluster3
0.892209585399171;0;N;1.7274465051553054;0.369771897268475;1.4468675148528052;cluster2
0.892209585399171;0;N;1.2869523125927422;0.7399024737807491;0.2630668208823282;cluster2
0.4884096509914002;0;N;1.1231668659937384;0.4161240107236883;0.5261336417646564;cluster4
0.3136525106334945;0;Y;0.8562572493138805;0.1838796105812202;0.2630668208823282;cluster6
0.5891177862389921;0;N;1.5673940601881875;0.4968747241456648;0;cluster2
0.0620123985514728;0;N;1.3765443517580094;0.2233963821154578;0.2630668208823282;cluster4
0.143825355960431;0;Y;0.4227624348111038;0.1678633777979098;0.1315334104411641;cluster6
0.4100259792223385;0;Y;0.9439827876632042;0.3027548174247292;0.2630668208823282;cluster6
0.0930185978272093;0;N;0.0410630179507473;0.1189773882874692;0.1315334104411641;cluster7
0.8424973461003826;0;N;1.6532530977215685;0.8401218102619717;0;cluster2
0.1701310154259658;0;N;1.973357987655804;0.4278120762128287;0.1315334104411641;cluster3
0.0930185978272093;0;Y;0.3705004119646981;0.0347401992465718;0;cluster6
0.662788515718142;0;Y;1.3448138378869772;0.4168698606796026;0.1315334104411641;cluster8
0.1395278967408139;0.8;N;0.6882721758790047;0.1363805290638021;0;cluster1
0.4451249968024721;0;N;1.819838295544487;0.1905292358631733;0.1315334104411641;cluster3
0.1984024679255822;0;N;0.1488534400714594;0.1573098246767106;0.3946002313234923;cluster7
0.0620123985514728;0;N;0.5669496228427054;0.0522896011992595;0.1315334104411641;cluster7
0.7441487826176744;0;N;1.2930184402445573;0.4657976177875743;0.1315334104411641;cluster2
0.1853860654696281;0;N;0.1875833320022778;0.1998447526425505;0;cluster7
0.8092618010967207;0;Y;1.0116434422411404;0.4038920714466953;0.2630668208823282;cluster8
0.3720743913088372;0;N;1.6975824921002165;0.1488113865240374;1.4468675148528052;cluster3
0.2383756600318616;0;N;1.3060839459561586;0.0922120405245188;0.2630668208823282;cluster4
0.1240247971029457;0;Y;0.360701282680997;0.092872639830472;0.2630668208823282;cluster6
0.0848515649379803;0;N;1.355079592374664;0.0425174750768716;0.2630668208823282;cluster4
0.0930185978272093;0.4;N;1.3023509443242722;0.1488113865240374;0.3946002313234923;cluster4
0.5205599790204113;0;Y;1.338747710235162;0.4419030465049378;0.2630668208823282;cluster8
0.9802175814234212;0;N;1.5239979162175112;0.2530252716141496;0;cluster2
0.3117983399168055;0.4;N;1.038241078868329;0.2057943231558825;0;cluster4
0.5922184061665658;0;Y;0.6934050531228481;0.3327877338445397;0.2630668208823282;cluster6
0.8282934062121678;0;N;1.704115244956017;0.8264548556697999;0.6576670522058206;cluster2
0.4000047756164205;0;Y;0.7396009483174389;0.4143578380280835;0.2630668208823282;cluster6
0.3609865744478338;0;N;1.609390328546907;0.2690509021069046;0.6576670522058206;cluster3
1.269083736355892;1.2;Y;0.6584081628239157;0.5208661813375747;0.1315334104411641;cluster6
0.43408678986031;0;Y;1.6975824921002165;0.2793351288090232;0.1315334104411641;cluster8
0.5447479150754133;0;N;0.8077282280993608;0.4612976812485572;0.1315334104411641;cluster7
0.1772221332003267;0;Y;2.04101864223374;0.0497304408305266;1.709934335735133;cluster8
0.5814282488186095;0;N;1.9322949697050564;0.736242811802065;0.5261336417646564;cluster3
0.5378459351166344;0;N;1.83383705166406;0.317866110456529;0.1315334104411641;cluster3
0.0930185978272093;0;N;2.015820881218509;0.1985347417799828;0;cluster3
0.3138447490690041;0;N;0.4073638030795736;0.2366511800219915;0.2630668208823282;cluster7
0.130226036958093;0;N;0.3257043923820646;0.12892202950466;0;cluster7
0.43408678986031;0;N;1.998555748671035;1.1184163292125031;0.1315334104411641;cluster3
0.1567673435381233;0;N;1.41060799164897;0.0691316390537581;0.7892004626469847;cluster4
0.1550309963786821;0.4;N;1.46240338929139;0.2979813777068783;0.1315334104411641;cluster4
0.4893398369696723;0;N;0.9220514030758732;0.2082556280103994;0.2630668208823282;cluster4
0.43408678986031;0.4;Y;0.635543527828613;0.2793351288090232;0;cluster6
0.0742908534646644;0;N;0.3672340355367978;0.100957653352582;0.1315334104411641;cluster7
0.1085216974650775;0;N;1.195960397815518;0.095536368363024;0;cluster4
0.0930185978272093;0;N;1.5505955528447;0.2291336837313366;0.1315334104411641;cluster3
0.5076024883430811;0;Y;1.4894676511225649;0.4315133566190529;0.5261336417646564;cluster8
0.077515498189341;0;N;1.6887166132244866;0.1736730268595123;0.5261336417646564;cluster3
0.1485817069293289;0;N;1.5552618048845577;0.0428410247877471;0.2630668208823282;cluster3
0.3820459849959139;0;N;1.5631944333523158;0.2835246425963888;0.5261336417646564;cluster3
0.3131626126849379;0;N;1.7190472514835613;0.3938763507287058;0.5261336417646564;cluster3
0.1199195763188382;0;Y;0.376566539616513;0.1448613651575157;0;cluster6
0.4862082108428229;0;N;1.7988401613651277;0.3551134843299064;0.1315334104411641;cluster3
0.3100619927573643;0;N;1.7479780141306789;0.2047501332176027;0;cluster3
0.43408678986031;0;N;1.9061639582818533;0.2482580224509327;0;cluster3
0.2431444134804699;0.4;Y;0.6346102774206417;0.2532819931689752;0.1315334104411641;cluster6
0.1175755076535925;0.8;N;1.1376322473172973;0.0711236551160138;0.2630668208823282;cluster1
0.260452073916186;0.4;N;0.7717980873924567;0.3501908746208726;0.5261336417646564;cluster5
0.1854170716689038;0;N;1.9537597290884012;0.4161240107236883;0;cluster3
0.193553098358857;0.8;N;0.819393858199005;0.2451752008281526;0.1315334104411641;cluster1
0.3193607519201576;0;N;0.6943383035308197;0.3367625920145933;0;cluster7
0.7441487826176744;0;N;1.51093241050591;0.414002515109086;0.1315334104411641;cluster2
1.0235611473909731;0;Y;0.2897742516751606;0.6338282897305957;0.2630668208823282;cluster6
0.0930185978272093;0;N;0.5837481301861931;0.1985347417799828;0.2630668208823282;cluster7
0.5891177862389921;0;N;0.4894898389810683;0.2190089943347881;0.2630668208823282;cluster7
0.1444888886249317;0;N;2.069949404880857;0.0840716103506844;0;cluster3
0.747249402545248;0.4;Y;1.3854102306337388;0.6930055915177361;0.2630668208823282;cluster8
0.0873971738985182;0.4;N;0.765265334536656;0.0566049398741879;0.1315334104411641;cluster5
0.1521722248054592;0.8;N;0.6164118944651968;0.1465191658545262;0;cluster1
0.0712212397363665;0;N;1.7983735361611417;0.1635792156511386;0.5261336417646564;cluster3
0.0865693083778561;0.4;N;0.8436583688062645;0.0804489425298135;0.2630668208823282;cluster5
0.3281696131343944;0;N;1.488067775510607;0.1266990982960534;0.6576670522058206;cluster4
0.3445408863519831;0.8;N;0.2552439865802138;0.2254847619920176;0.3946002313234923;cluster1
0.3565650904311138;0;N;1.4344058770522443;0.3449368091914306;0;cluster4
0.5580402727049215;0.4;Y;1.1236334911977242;0.2830300694906221;0;cluster8
0.0930185978272093;0;Y;0.2599102386200716;0.0659391774874586;0.1315334104411641;cluster6
0.3627632296663335;0;N;1.4428051307239882;0.7282622172737829;0.3946002313234923;cluster2
0.4486597035199061;0;N;1.195493772611532;0.2560480523154786;0.2630668208823282;cluster4
0.1240247971029457;0;N;0.5734823756985062;0.1861038843197476;0.5261336417646564;cluster7
0.0681516260080686;0;N;1.2323571637264077;0.1641398710629993;0;cluster4
0.0875211986956212;0.4;Y;1.0727713439632758;0.0811031275261458;0;cluster6
0.1052970527404009;0;N;0.3401697737056233;0.0933201498040205;0;cluster7
0.2821564134092015;0;N;1.0713714683513185;0.3009647775305351;0.1315334104411641;cluster4
0.1860371956544186;0;Y;1.6966492416922447;0.474273158346601;0.2630668208823282;cluster8
0.8046046699655053;0;N;1.5967914480392906;0.8036616810170618;0.1315334104411641;cluster2
0.2844539727755336;0;Y;0.641609655480428;0.2613086812245327;0.1315334104411641;cluster6
0.0879180780463506;0;Y;0.3919651713480432;0.2039776564182624;0;cluster6
1.7034805882089594;0;Y;1.141831874153169;1.0427125586872117;0;cluster2
0.2318767606636673;0.4;N;0.7204693149540224;0.3509532824458081;0;cluster5
0.0930185978272093;0;N;1.8534353102314616;0.1985347417799828;0.2630668208823282;cluster3
0.3036127033080111;0;Y;0.7162696881181506;0.178512772638444;0.5261336417646564;cluster6
0.3410681920331007;0;N;0.3840325428802853;0.3576493741800147;0.1315334104411641;cluster7
1.0342427830414644;0;N;1.4479380079678317;0.355536157499923;0;cluster2
0.7364592451972917;1.2;Y;0.7559328304569408;0.1842541764290803;0.3946002313234923;cluster6
0.2015402952922868;0;N;0.980379553574094;0.1394882620751098;0.2630668208823282;cluster4
0.5261752017092473;0;N;1.4059417396091127;0.8931696425264136;0.1315334104411641;cluster2
0.1111200169643842;0.4;Y;1.4801351470428492;0.0810420424147565;0.2630668208823282;cluster8
0.1649529801469178;0.8;N;0.5436183626434172;0.3138928185713829;0.1315334104411641;cluster1
0.7364592451972917;0;N;0.3914985461440575;0.5590740607841783;0;cluster7
0.164391767940027;0;N;0.874922257473311;0.1040918640373246;1.0522672835293128;cluster4
0.7441487826176744;0;Y;1.1800951408800018;0.5323913531963433;0.1315334104411641;cluster8
0.7004641484580892;0.4;N;1.2440227938260515;0.292898410257323;0.6576670522058206;cluster2
0.1550309963786821;0.4;N;0.4260288112390041;0.1786453847606055;0.1315334104411641;cluster5
0.5445928840790346;0.4;N;0.713469936894236;0.251386117166037;0;cluster5
0.5020802842520724;0;Y;2.029819637338081;0.4270855437707727;0.2630668208823282;cluster8
0.5633206284415795;0;N;0.7279353182177949;0.9527382172004266;0.1315334104411641;cluster2
0.2790557934816278;0.4;Y;0.9243845290958024;0.2127413934002543;0.6576670522058206;cluster6
0.6182636135581845;1.2;N;0.8030619760595031;0.7805462991833687;0.7892004626469847;cluster1
0.1306229163088224;0.4;N;0.5576171187629904;0.1491785684573339;0.3946002313234923;cluster5
0.1240247971029457;0;Y;1.526797667441426;0.0825136043777752;0.2630668208823282;cluster8
0.1550309963786821;0.4;N;0.5179539764242002;0.2233963821154578;0;cluster5
0.8542083875668284;0;N;1.0648387154955177;0.8513901113959236;0.2630668208823282;cluster2
0.2821564134092015;0.4;N;0.4577593251100362;0.3009647775305351;0.2630668208823282;cluster5
0.5457091072529612;0;N;0.8553239989059088;0.3079260189240692;0.1315334104411641;cluster4
0.8567012859885975;0;Y;1.8086392906488284;0.3440556620535135;0.1315334104411641;cluster8
1.020091553692018;0.4;Y;0.2342458524008544;0.4210416232380174;0.1315334104411641;cluster6
0.5891177862389921;0;Y;1.2491556710698954;0.4258413914593121;0.1315334104411641;cluster8
0.1395278967408139;0;N;1.1334326204814251;0.2731197373714033;0.2630668208823282;cluster4
0.2825284878005104;0;N;1.6859168620005722;0.3832062212593973;0.3946002313234923;cluster3
0.2480495942058914;0;N;1.3821438542058382;0.2233963821154578;0;cluster4
0.4928094306686272;0.8;N;0.4311616884828476;0.6296571238521455;0;cluster1
0.7119023353709084;0;Y;1.2804195597369414;1.3743002199526857;0.2630668208823282;cluster8
0.4100259792223385;0;N;0.6453426571123142;0.2648656396642876;0.1315334104411641;cluster7
0.5077575193394598;0;N;1.013976568261069;0.1360613052826708;0.7892004626469847;cluster4
0.687345425544525;0.4;N;1.050839959375945;0.863633984272211;0.1315334104411641;cluster2
0.2015402952922868;0;Y;1.2421562930101089;0.2068219552251412;0.3946002313234923;cluster8
0.0620123985514728;0;Y;2.1810062034294697;0.089143390050901;0.2630668208823282;cluster8
0.1550309963786821;0.8;N;0.5618167455988621;0.2482580224509327;0.6576670522058206;cluster1
0.4832006095130765;0.4;Y;0.4848235869412108;0.2745119408991128;0.2630668208823282;cluster6
0.2556647167480123;0;Y;1.2589548003535962;0.215136093853708;0.2630668208823282;cluster8
0.6182636135581845;0;Y;1.3042174451402158;0.3900938472622826;0.3946002313234923;cluster8
0.3445408863519831;0;Y;0.5286863561158727;0.3007658593472928;0.5261336417646564;cluster6
0.4427685256575162;0.4;N;0.7335348206656239;0.1961342982818685;0.1315334104411641;cluster5
0.3228303456191125;0.4;Y;0.8091281037113178;0.1769640897899837;0.1315334104411641;cluster6
0.1649529801469178;0;N;2.129677430991036;0.1742255525068535;0;cluster3
0.5447479150754133;0;N;1.8916985769582948;0.6291726943057793;0;cluster3
0.4589413591997403;0;N;1.2150920311789344;0.4205565224266909;0.1315334104411641;cluster4
0.2759551735540542;0;N;0.462425577149894;0.2949979778832215;0.1315334104411641;cluster7
0.3393256436338043;0.4;Y;0.2137143434254807;0.1778070494101579;0;cluster6
0.8341907853144128;0;Y;1.3802773533898955;0.2969585190773375;0.2630668208823282;cluster8
0.4100259792223385;0;Y;0.2664429914758723;0.2648656396642876;0.3946002313234923;cluster6
0.0899179778996356;0.4;N;0.5263532300959439;0.0578176919025044;0;cluster5
0.5077575193394598;0;Y;1.9262288420532416;0.5180369486998053;0.2630668208823282;cluster8
0.021642327094464;0.8;N;0.7022709319985775;0.0629640565983124;0.3946002313234923;cluster1
0.1382318376110881;0.4;N;1.206226152303205;0.1353413363202268;0;cluster4
0.4371874097878837;0.8;N;0.5473513642753032;0.4328080775575244;0.5261336417646564;cluster1
0.2982052221543226;0;Y;1.624788960278437;0.1580241251794896;0;cluster8
0.217043394930155;0.4;Y;0.4157630567513174;0.3311302314875116;0.5261336417646564;cluster6
0.1240247971029457;0.8;Y;0.5940138846738797;0.1061913570782275;0.1315334104411641;cluster6
0.3441626107208192;0;Y;1.9682251104119608;0.3606268072040242;0.5261336417646564;cluster8
0.7887356971761833;0;N;0.6588747880279013;0.328287722720527;0.1315334104411641;cluster7
0.1550309963786821;0;N;1.495067153570394;0.2030550400227965;0.2630668208823282;cluster4
0.199233434066172;0;N;2.011621254382637;0.2211767326466571;0.2630668208823282;cluster3
0.8413346136275426;0;N;1.7157808750556611;0.2994134096222335;0.5261336417646564;cluster2
0.4832006095130765;0.8;N;0.5011554690807125;0.1120884197546632;0.1315334104411641;cluster1
0.2883576532643488;0.4;Y;1.295818191468472;0.3069315771778488;0.3946002313234923;cluster8
0.3364544695808711;0.8;N;0.5216869780560862;0.4014239793575797;0.2630668208823282;cluster1
0.5261752017092473;0;N;1.181495016491959;0.8931696425264136;0.2630668208823282;cluster2
0.3720743913088372;0;Y;1.8249711727883304;0.1208420131772547;0.6576670522058206;cluster8
0.184499288170342;0.4;N;1.327082080135518;0.2588391720205008;0.2630668208823282;cluster4
0.179299548551801;0;N;1.3863434810417106;0.1441807024877484;0;cluster4
0.4030805905845736;0.4;Y;1.0158430690770124;0.1680591634113373;0;cluster6
0.8346868845028247;0;N;1.3644120964543796;0.2772964971245228;0.5261336417646564;cluster2
0.0990027942874264;0.4;N;0.2762421207595733;0.1836031240025628;0.2630668208823282;cluster5
0.1976366148034715;0;N;0.2795084971874736;0.2196402817374739;0.1315334104411641;cluster7
0.43408678986031;0.8;N;1.12736649282961;0.2233963821154578;0.1315334104411641;cluster1
0.1240247971029457;0;N;0.9668474226585068;0.1861038843197476;0;cluster4
0.0837167380444883;0;Y;1.867900691555021;0.1376236371853243;0.2630668208823282;cluster8
0.7491965918597642;0.8;N;0.3056395086106767;0.5358605996812826;0.5261336417646564;cluster1
0.217043394930155;0;N;1.6733179814929564;0.9941079783651372;0.1315334104411641;cluster3
0.2262150286759178;0.4;N;1.000444437345482;0.3090124985548494;0.3946002313234923;cluster4
0.7119023353709084;0.8;N;0.6607412888438444;0.8931696425264136;0.2630668208823282;cluster1
0.1550309963786821;0;N;0.5632166212108195;0.0635714022174133;0.6576670522058206;cluster7
0.2790557934816278;0.4;Y;1.1068349838542366;0.414002515109086;0;cluster6
0.1364272768132403;0;N;1.4078082404250556;0.1338943874057533;0;cluster4
0.3892301213681021;0;Y;1.698049117304202;0.403990523640876;0;cluster8
1.0374364215668652;0;Y;0.2599102386200716;0.6421724861123859;0;cluster6
0.1918167511994158;0;Y;1.516998538157725;0.1214590548457825;0;cluster8
0.1085216974650775;0;N;1.2482224206619237;0.1115188887283271;0;cluster4
0.0310061992757364;0.8;N;0.5468847390713175;0.092872639830472;0;cluster1
0.0918403622547313;0;N;0.2897742516751606;0.1966452055016698;0.5261336417646564;cluster7
0.3590207814137521;0;N;1.0662385911074752;0.4687437251134355;0;cluster4
0.4893398369696723;0.4;N;0.6168785196691824;0.17845362673694;0.9207338730881488;cluster5
0.7241807902841001;0;N;0.624344522932955;0.6724533230575422;0.2630668208823282;cluster7
0.0814439836375768;0;N;1.6369212155820667;0.0998256022894954;0.2630668208823282;cluster3
0.0930185978272093;0.4;N;0.4330281892987908;0.1861038843197476;0;cluster5
0.5077575193394598;0.4;N;1.6229224594624938;0.6476358370394575;0.3946002313234923;cluster2
0.8991797789963565;0;Y;1.425073372972529;0.2979813777068783;0.2630668208823282;cluster8
0.0778007552226778;0.4;N;0.6794062970032752;0.0650748119735496;0.3946002313234923;cluster5
0.1444888886249317;0;N;0.9379166600113896;0.1403584452186749;0.1315334104411641;cluster4
0.0620123985514728;0;N;1.3247489541155897;0.1115188887283271;0.1315334104411641;cluster4
0.0681516260080686;0;N;2.070416030084843;0.1080608299927265;0;cluster3
0.1457291365959612;0;N;1.8506355590075476;0.2122086327767447;0;cluster3
0.1565285958037002;0.4;N;0.824993360646834;0.0998886266107701;1.0522672835293128;cluster5
0.5891177862389921;0.4;Y;0.821260359014948;0.3725663732982988;0.1315334104411641;cluster6
0.3281696131343944;0.4;N;1.1992267742434184;0.4316376898067038;0.6576670522058206;cluster4
0.5891177862389921;0;N;0.1833837051664059;0.7454913512554011;0.1315334104411641;cluster7
1.269083736355892;0;Y;1.506732783670038;0.5682502527917909;0;cluster8
0.0317937567373401;0;N;2.178206452205555;0.100351053583437;0.2630668208823282;cluster3
0.1943220521008953;0;N;0.7722647125964424;0.0899787420015249;0.3946002313234923;cluster7
0.5891177862389921;0.4;N;0.318705014322278;0.4258413914593121;0.3946002313234923;cluster5
0.1444888886249317;0;N;1.187094518939788;0.1238034850122076;0.1315334104411641;cluster4
0.8689828415217167;0;Y;0.9313839071555888;0.3604599605688862;0.1315334104411641;cluster8
0.4100259792223385;0.4;N;0.6248111481369405;0.2522359386058056;0.2630668208823282;cluster5
0.3228303456191125;0;N;0.3397031485016376;0.3401010164172653;0.1315334104411641;cluster7
0.3590207814137521;0;N;1.6994489929161594;0.2341925602273159;0.1315334104411641;cluster3
0.8055410571836324;0;Y;1.8291707996242024;0.2511792929732619;0.1315334104411641;cluster8
0.0718351624820261;0;Y;1.7013154937321022;0.0985948006922458;0.1315334104411641;cluster8
0.840218390453616;0;N;0.6206115213010684;1.047500915404181;0.3946002313234923;cluster2
0.0990027942874264;0;N;0.1357879343598578;0.0621883726441616;0;cluster7
0.2587901416350065;0;N;1.554795179680572;0.1068877571820646;0.1315334104411641;cluster3
0.6750669706313336;0;N;1.7997734117730988;0.282716290414169;0.3946002313234923;cluster3
0.2790557934816278;0;Y;0.1325215579319575;0.165385813414354;0;cluster6
0.4140381814086188;0.4;N;1.0723047187592898;0.154793326925456;0;cluster4
0.1085216974650775;0;Y;1.506732783670038;0.1338943874057533;0.2630668208823282;cluster8
0.4997455174466094;0.4;N;1.249622296273881;0.4556114703546585;0.2630668208823282;cluster2
0.43408678986031;0;N;1.6733179814929564;0.3725663732982988;0.1315334104411641;cluster3
0.7501763877568774;0;Y;1.1404319985412117;0.3128287890242756;0.7892004626469847;cluster8
0.3367056197950046;0;N;1.4222736217486145;0.3534517306281295;0;cluster4
0.8991797789963565;0;N;1.9061639582818533;0.2233963821154578;0;cluster3
0.2336131078231085;0;N;1.897298079406124;0.254256669891364;0;cluster3
0.49977032240603;0;N;1.2524220474977954;0.2833693566355675;1.0522672835293128;cluster4
0.360912159569572;0.8;N;0.6528086603760865;0.2353299814100851;0.5261336417646564;cluster1
0.1550309963786821;0;Y;0.5706826244745915;0.0990880312680918;0.2630668208823282;cluster6
0.1393728657444352;0;N;1.8926318273662663;0.2273328290127818;0.3946002313234923;cluster3
0.653254109440853;0;Y;1.1432317497651263;0.4327937572383708;0;cluster8
0.2024580787908485;0;N;1.5967914480392906;0.0569470612489657;0.2630668208823282;cluster3
0.8991797789963565;0;N;0.8399253671743786;0.3192913551372854;0;cluster2
0.2130994063822813;0;N;1.579992940695803;0.1953723379669066;0;cluster3
0.4709221545998849;0;N;2.081148409776516;0.2008717134468488;0;cluster3
0.1901176114791055;0;Y;1.0195760707088986;0.13261898398114;0.1315334104411641;cluster6
0.3389442673827127;0;Y;1.36767847288228;0.1267715203267726;0.2630668208823282;cluster8
0.1085216974650775;0;N;0.0377966415228469;0.0903528603394114;0.1315334104411641;cluster7
0.1342568428639387;0;Y;2.107279421199719;0.1803404779554117;0.1315334104411641;cluster8
0.2263452547128759;0;N;0.2888410012671891;0.4123450127520578;0.1315334104411641;cluster7
0.4893398369696723;0;Y;1.8119056670767288;0.5003155537472838;0.2630668208823282;cluster8
0.176710530912277;0.4;N;0.5118878487723851;0.1719378815220735;1.0522672835293128;cluster5
0.1550309963786821;0;Y;1.46240338929139;0.1115188887283271;0;cluster8
0.1550309963786821;0.8;N;0.177317577514591;0.1942109750005526;0.1315334104411641;cluster5
0.1976366148034715;0;N;1.279019684124984;0.3231691782280745;0.1315334104411641;cluster4
0.1395278967408139;0.8;N;0.476424333269467;0.1861038843197476;0.2630668208823282;cluster1
0.3117983399168055;0.4;N;0.789529845143916;0.2745119408991128;0;cluster5
0.1547209343859247;0;N;1.3457470882949487;0.4464055189338051;0.1315334104411641;cluster4
0.43408678986031;0;N;1.408741490833027;0.1115188887283271;0.1315334104411641;cluster4
0.0350990175801336;0;N;1.9392943477648432;0.1056515108801368;0;cluster3
0.3705364838247607;0;N;1.5412630487649848;0.2756143817189496;0.2630668208823282;cluster3
0.0865693083778561;0.8;N;0.948649039703062;0.0939168297687519;0.7892004626469847;cluster1
0.4939442575621192;0;Y;0.308905885038577;0.2627166967713076;0;cluster6
0.5005733829672716;0;N;1.823571297176373;0.2553829033247944;0.3946002313234923;cluster3
0.5891177862389921;0.4;Y;0.8725891314533823;0.5140206958571985;0.3946002313234923;cluster6
0.6312490098148628;0;N;1.2244245352586498;0.4547973751277782;0.1315334104411641;cluster2
0.4893398369696723;0;N;1.2113590295470482;0.4168698606796026;0.1315334104411641;cluster4
0.5261752017092473;0;N;1.8156386687086148;0.3347144880356529;0.1315334104411641;cluster3
0.1420021914430177;0;N;2.0279531365221386;0.1036837349414484;0;cluster3
0.1943220521008953;0;N;1.181028391287973;0.0899787420015249;0.2630668208823282;cluster4
0.2356471144955968;0;N;2.0848814114084018;0.0742263909326169;0;cluster3
0.2852570333367751;0;N;0.9141187746081152;0.5430463419115468;0.2630668208823282;cluster4
0.1240247971029457;0.4;N;1.2449560442340235;0.2482580224509327;0;cluster4
0.3007570323547158;0;N;2.0312195129500386;0.2656587019224112;0;cluster3
0.4893398369696723;0.4;Y;0.8585903753338091;0.446671861953062;0.3946002313234923;cluster6
1.0542107753750387;0;N;1.5897920699795045;0.6522601067661254;0.1315334104411641;cluster2
0.8006172727386455;0;Y;1.8403698045198604;0.4997561662803481;0.7892004626469847;cluster8
0.4619923692084728;0;N;0.294907128919004;0.3949418719757249;0.1315334104411641;cluster7
0.3117983399168055;0;Y;0.2034485889377938;0.2057943231558825;0.1315334104411641;cluster6
0.3565712916709689;1.2;N;0.5748822513104636;0.3104122351671136;0.1315334104411641;cluster1
0.5113480372155901;0;Y;1.8525020598234907;0.5214917256955999;0.1315334104411641;cluster8
0.3772834327871608;0;Y;1.7246467539313908;0.3065586521998917;0.2630668208823282;cluster8
0.8499791419856179;0;N;1.8907653265503237;0.347050995476465;0;cluster3
0.8638017056227412;0;N;1.6635188522092552;0.3583827684416651;0;cluster2
0.8567012859885975;0;N;1.2696871800452691;0.9702633790295472;0.2630668208823282;cluster2
0.0465092989136046;0;Y;1.1754288888401443;0.0462570175858342;0;cluster8
0.3772834327871608;0.4;N;0.1997155873059078;0.6543982348347448;0.1315334104411641;cluster5
0.1854170716689038;0.4;Y;0.4008310502237728;0.5202446645693114;0.3946002313234923;cluster6
0.8567012859885975;0;Y;1.6686517294530987;0.8537887648541435;0.2630668208823282;cluster8
0.1550309963786821;0;N;0.5898142578380081;0.1594663752392409;0.1315334104411641;cluster7
1.0342427830414644;0.4;Y;1.272953556473169;0.42671508009767;0.1315334104411641;cluster8
0.5444440543225111;0;N;1.5958581976313195;0.3951379559291347;0.6576670522058206;cluster3
0.8346868845028247;0.4;Y;0.6626077896597876;0.6937791125070146;0.1315334104411641;cluster6
0.2002256324429955;0;N;1.475002269799006;0.0923455476666274;0.1315334104411641;cluster4
0.1240247971029457;0;Y;1.3046840703442015;0.1430740849081585;0.1315334104411641;cluster8
0.0930185978272093;0;N;1.8637010647191488;0.0990880312680918;0.5261336417646564;cluster3
0.6898135190068737;0.4;Y;0.8590570005377948;0.7877878309903352;0.3946002313234923;cluster6
0.6041805978471448;0;N;0.8567238745178661;0.6108147164158849;0.2630668208823282;cluster2
0.1444888886249317;0;Y;1.399408986753312;0.1403584452186749;0.2630668208823282;cluster8
0.5934090442187541;0;Y;1.0415074552962296;0.1248099349427182;0.5261336417646564;cluster8
0.3410681920331007;0;N;1.1502311278249129;0.2553613482610685;0.3946002313234923;cluster4
0.1665404975498355;0;N;0.4386276917466198;0.2497445014130698;0;cluster7
0.5271053876875194;0;N;0.1889832076142352;0.2824757538033867;0.1315334104411641;cluster7
0.4893398369696723;0;N;2.0223536340743093;0.6950221460435414;0;cluster3
0.1550309963786821;0;N;0.8655897533935956;0.1488113865240374;0;cluster4
0.3317663322503797;0;N;2.033086013765982;0.4359636195510062;0;cluster3
0.3281696131343944;0.8;N;0.901053268896514;0.4316376898067038;0.2630668208823282;cluster1
0.5891177862389921;0.4;Y;0.2874411256552318;0.4449249321863198;0.3946002313234923;cluster6
0.7534506424003952;0;Y;0.4969558422448406;0.4598854143570336;0.1315334104411641;cluster6
0.2015402952922868;0.4;N;1.0181761950969412;0.2233963821154578;0.3946002313234923;cluster4
0.077515498189341;0.8;Y;0.775064463820357;0.1040603891691851;0;cluster6
0.4834393572474996;0;N;1.0312417008085426;0.2746395558265697;0;cluster4
0.0204144816031448;0.4;N;0.4414274429705345;0.0683590130844266;0.1315334104411641;cluster5
0.143825355960431;0;N;0.4087636786915308;0.2099188734120881;0;cluster7
0.0915737089409599;0;N;0.6742734197594318;0.0487854489363833;0.1315334104411641;cluster7
0.43408678986031;0.4;Y;0.6220113969130259;0.2233963821154578;0.6576670522058206;cluster6
0.5936756975325254;0;N;2.018620632442423;0.3001741765772661;0.1315334104411641;cluster3
0.2790557934816278;0;N;0.3140387622824204;0.1239497461885624;0.2630668208823282;cluster7
0.194477083097274;0.4;N;0.2977068801429186;0.2708398978111604;0.1315334104411641;cluster5
0.0618573675550941;0;N;0.575815501718435;0.0443178077004573;0;cluster7
0.564312826818403;0;Y;1.6485868456817103;0.2465434625722772;0.2630668208823282;cluster8
0.5891177862389921;0;N;2.0204871332583663;0.5963213600725602;0;cluster3
0.1093898710447981;0;Y;0.4876233381651253;0.1347297393563772;0.1315334104411641;cluster6
0.4997455174466094;0;N;1.4978669047943085;0.4114852715078755;0.2630668208823282;cluster3
0.0620123985514728;0;N;0.7018043067945918;0.1594663752392409;0;cluster7
0.3478771533940524;0.4;N;1.124566741605696;0.1819211577669807;0.3946002313234923;cluster4
0.5581115869632557;0;N;1.0853702244708914;0.5664873618359919;0;cluster2
0.3627725315261162;0;Y;1.825437797992316;0.32627221238466;0.5261336417646564;cluster8
0.3772834327871608;0.8;Y;0.7661985849446277;0.0978549175359789;0.3946002313234923;cluster6
0.1155197966416112;0;N;1.646253719661782;0.1171301417016564;0;cluster3
0.164391767940027;0;N;1.5132655365258385;0.2132901152128203;0.2630668208823282;cluster4
0.4000047756164205;0;N;1.2934850654485428;0.2300394439177988;0.1315334104411641;cluster4
0.5261752017092473;0;N;1.4255399981765149;0.7050584522203142;0.1315334104411641;cluster2
0.2790557934816278;0;Y;1.1376322473172973;0.1488113865240374;0.5261336417646564;cluster8
0.1085216974650775;0;Y;0.1213225530362991;0.1455685800857136;0.5261336417646564;cluster6
0.987280793618434;0;Y;1.0769709707991475;0.3495665236227768;0.2630668208823282;cluster8
0.217043394930155;0;N;1.5725269374320312;0.1701213639544444;0.2630668208823282;cluster3
0.7173005146648141;0.8;N;1.0690383423313894;0.4611905771948879;0.5261336417646564;cluster1
0.9590217435985278;0.8;N;1.0233090723407845;0.4326412309223864;0.1315334104411641;cluster1
0.3642391247518585;0.4;N;0.308905885038577;0.4750200524924535;0.1315334104411641;cluster5
0.0742908534646644;0;N;1.2626878019854826;0.100957653352582;0.9207338730881488;cluster4
0.2790557934816278;0;N;1.5043996576501093;0.1458864613369242;0.6576670522058206;cluster4
0.3036127033080111;0;N;1.838036678499932;0.0843699503330501;0.1315334104411641;cluster3
0.1746765242397887;0.4;N;0.528219730911887;0.1095895986473638;1.8414677461762972;cluster5
0.1269393798348649;0;N;1.196893648223489;0.1262867178554284;0.5261336417646564;cluster4
0.4893398369696723;0;N;0.280908372799431;0.2717469259425477;0.1315334104411641;cluster7
1.0542107753750387;0;Y;1.9178295883814975;0.7051751031534191;0.1315334104411641;cluster8
0.2318767606636673;0;N;0.5632166212108195;0.3609907819825103;0.3946002313234923;cluster7
0.4997455174466094;0.8;N;1.0177095698929557;0.510327843555476;0.1315334104411641;cluster1
1.085216974650775;0.4;N;1.108234859466194;0.894661342438242;0.7892004626469847;cluster2
0.687345425544525;0;N;1.476868770614949;0.5756364794902048;0.3946002313234923;cluster2
0.1585036906975646;0.4;N;0.7027375572025635;0.1624497750628977;0;cluster5
0.160965582920058;0;N;1.4404720047040591;0.0919985036821405;0.1315334104411641;cluster4
0.3772834327871608;0;N;1.3373478346232046;0.446066530128842;0.2630668208823282;cluster4
0.4184534641854837;0;Y;0.8459914948261936;0.5144838686798212;0.2630668208823282;cluster6
0.1240247971029457;0;Y;0.8366589907464782;0.4657976177875743;0;cluster6
0.4709221545998849;0;N;1.0466403325400728;0.3446076656058857;0;cluster4
0.2806991220432419;0;N;0.3051728834066908;0.2773461707315867;0.2630668208823282;cluster7
0.2694314692264393;0.4;Y;1.2384232913782225;0.1803160886618534;0.3946002313234923;cluster8
0.43408678986031;0;Y;0.151186566091388;0.1861038843197476;0.1315334104411641;cluster6
0.0988477632910477;0;Y;1.022842447136799;0.124586179955944;0.6576670522058206;cluster6
0.2821564134092015;0;N;0.3756332892085415;0.2279166803582714;0.2630668208823282;cluster7
0.4893398369696723;0;N;0.9225180282798592;0.1468985051421042;0.5261336417646564;cluster4
0.1649529801469178;0;N;1.6415874676219242;0.4710185674789738;0.1315334104411641;cluster3
1.0342427830414644;0;Y;0.8464581200301793;0.3938632237694818;1.183800693970477;cluster6
0.5261752017092473;0;N;1.8977647046101096;0.6697875807301092;0.2630668208823282;cluster3
0.5445928840790346;0.8;N;0.9225180282798592;0.3457903598809788;0;cluster1
0.2387477344231705;0.8;N;0.8856546371649835;0.1618637607525359;0.1315334104411641;cluster1
0.2790557934816278;0;Y;1.06017246345566;0.2327195065643854;0.2630668208823282;cluster8
0.1444888886249317;0;Y;2.0914141642642026;0.1202559988668929;0.1315334104411641;cluster8
0.5891177862389921;0;N;0.1815172043504629;0.7454913512554011;0;cluster7
0.3875774909467054;0;N;1.4862012746946642;0.2393789024807609;1.0522672835293128;cluster4
0.1240247971029457;0.8;N;0.7591992068848412;0.1239497461885624;0.7892004626469847;cluster1
0.1240247971029457;0;N;2.111012422831605;0.1488113865240374;0;cluster3
0.6852370039937751;0;N;2.018154007238437;0.3912126221961539;0;cluster3
0.6827099987528025;0;N;1.064372090291532;0.3430083395454188;0.1315334104411641;cluster2
0.2318767606636673;0.4;N;0.8123944801392182;0.1261136806656563;1.0522672835293128;cluster5
0.340448068047586;0;N;1.9738246128597892;0.2123862196512479;0;cluster3
0.5311547973129305;0;Y;1.3424807118670483;0.1686752354749224;0.1315334104411641;cluster8
1.0235611473909731;0;Y;0.8753888826772966;0.3899102190031365;0.1315334104411641;cluster6
0.1058799692867847;0;N;1.4535375104156605;0.2191599543658651;0;cluster4
0.2204168694113551;0.8;Y;0.528219730911887;0.3020388014670516;0.1315334104411641;cluster6
0.2790557934816278;0;N;0.4708248308216377;0.1352504917955965;0.1315334104411641;cluster7
0.6004660551739117;0;Y;1.275286682493098;0.2758228467816276;0.5261336417646564;cluster8
0.1240247971029457;0;N;2.013021129994593;0.1061913570782275;0;cluster3
0.0930185978272093;0.4;Y;0.0942582912051246;0.1488113865240374;0;cluster6
0.4199603654702845;0.4;Y;1.6014577000791486;0.2777936807051353;0;cluster8
0.0930185978272093;0;N;0.2193138458733099;0.1189773882874692;0;cluster7
0.1444888886249317;0;Y;0.0867922879413524;0.1685018253601723;0;cluster6
0.0930185978272093;0;N;0.4012976754277587;0.0848813796478204;0.5261336417646564;cluster7
0.6376114819062438;0.8;Y;1.0368412032563716;0.4591702188343075;0.2630668208823282;cluster6
0.2694314692264393;0;N;1.852968685027476;0.2405410112970709;0.6576670522058206;cluster3
0.3445408863519831;0.4;N;1.7087814969958746;0.2919952605457065;0.1315334104411641;cluster3
0.3720743913088372;0;N;1.9224958404213557;0.197519938329966;0.2630668208823282;cluster3
0.340448068047586;0;N;1.4754688950029915;0.2974841195412703;0.1315334104411641;cluster4
0.4359223568574336;0.4;Y;0.9043196453244144;0.2156395425739501;0.1315334104411641;cluster6
0.4914234535610018;0;N;1.8744334444108215;0.4185405645808503;0.1315334104411641;cluster3
0.1061652263201215;0;N;1.0928362277346635;0.1316270035397741;0.3946002313234923;cluster4
0.5891177862389921;0.8;N;0.60614613997751;0.1959177034546711;0.1315334104411641;cluster1
0.3297664323970948;0;N;1.757310518210394;0.3467748818227856;0;cluster3
0.0930185978272093;0;Y;1.6373878407860525;0.0659391774874586;0.2630668208823282;cluster8
0.4893398369696723;0;N;1.4764021454109633;0.2272205785944167;1.0522672835293128;cluster4
0.6646116802355552;0;N;1.2519554222938098;0.6689611789789564;0;cluster2
0.5261752017092473;0;N;0.9673140478624924;0.4464055189338051;0.1315334104411641;cluster4
0.43408678986031;0;N;1.2566216743336671;0.2233963821154578;0.5261336417646564;cluster4
0.0930185978272093;0;N;1.4521376348037034;0.1189773882874692;0.1315334104411641;cluster4
0.0742908534646644;0;Y;0.2323793515849114;0.0840716103506844;0.3946002313234923;cluster6
0.3441626107208192;0;Y;1.0116434422411404;0.2001888132272138;0.1315334104411641;cluster8
0.662788515718142;0;N;1.5239979162175112;0.3970018349689644;0;cluster2
0.0930185978272093;0.8;N;0.9747800511262648;0.1488113865240374;0.1315334104411641;cluster1
0.6914382438489224;0.4;Y;0.8501911216620655;0.4340989946612207;0.2630668208823282;cluster6
0.1240247971029457;0;N;0.2015820881218508;0.1861038843197476;0.1315334104411641;cluster7
0.2096422151630367;0;Y;1.8669674411470487;0.156094536758544;0.7892004626469847;cluster8
0.4709221545998849;0;Y;0.4526264478661928;0.2008717134468488;0.9207338730881488;cluster6
0.340448068047586;0;N;0.8240601102388624;0.2974841195412703;0;cluster4
0.1593563611776473;0;N;1.6597858505773693;0.3267232278530013;0;cluster3
0.3640871943754075;0.4;N;1.4997334056102516;0.2711819446009427;0.1315334104411641;cluster4
0.4893398369696723;0.4;Y;1.481068397450821;0.2777936807051353;0.5261336417646564;cluster8
0.1853860654696281;0.8;Y;0.9836459300019944;0.0740026359458426;0.2630668208823282;cluster6
0.0918403622547313;0;N;1.0051106893853397;0.1178436963544796;0.6576670522058206;cluster4
0.1240247971029457;0.4;N;0.713469936894236;0.0742263909326169;0.2630668208823282;cluster5
0.6182636135581845;0;N;0.6084792659974387;0.5202446645693114;0;cluster7
0.3405379860254856;0;N;0.6472091579282571;0.3188358645692086;0.1315334104411641;cluster7
0.2790557934816278;0;N;1.0326415764205;0.3725663732982988;0;cluster4
0.3719131590726033;0.4;N;1.013976568261069;0.2150229484153958;0.1315334104411641;cluster4
0.133658423217917;0;N;1.3121500736079734;0.263707110927766;0.1315334104411641;cluster4
0.382256827150989;0;N;1.5487290520287569;0.4966907229615407;0;cluster3
0.6349759549678063;0;N;1.582326066715732;0.2666432238642179;1.3153341044116411;cluster2
0.246728730116745;0;N;1.1726291376162297;0.2668764511454323;0.1315334104411641;cluster4
0.4546501012199784;0;Y;0.765265334536656;0.2917013210780807;0.5261336417646564;cluster6
0.0718351624820261;0;N;0.6808061726152322;0.0703223885083751;0;cluster7
0.7856846871674508;0;N;0.3364367720737372;0.3568302817584298;0.1315334104411641;cluster7
0.2055897049176979;0.4;N;0.3266376427900361;0.3344227115328992;0.3946002313234923;cluster5
0.4371874097878837;0.4;N;0.2939738785110325;0.2811997536988087;0;cluster5
0.1342568428639387;0;N;2.2160030937284025;0.0791490006416506;0.3946002313234923;cluster3
0.0786906331418914;0;N;2.166074196901925;0.1548615721964222;0.6576670522058206;cluster3
0.5113170310163143;0.4;Y;0.9108523981802152;0.0431264615658755;0;cluster6
0.6419740541443401;0;N;0.8333926143185778;0.6471793768664379;0.2630668208823282;cluster2
0.4743948489187674;0.4;N;0.6962048043467628;0.2698048072423427;0.3946002313234923;cluster5
0.1746765242397887;0.4;Y;0.2155808442414238;0.2245355187531255;0;cluster6
0.2742932412728747;0;N;1.7129811238317465;0.2619248278731135;0;cluster3
0.2192417344588047;0;N;0.3863656689002142;0.2002974089807949;0.2630668208823282;cluster7
0.3100619927573643;0;Y;1.2724869312691836;0.2340513708306613;0.2630668208823282;cluster8
0.1426285166683875;0;N;1.819838295544487;0.1388667453068465;0.1315334104411641;cluster3
0.1339591833508917;0.4;N;1.9826904917355197;0.1130190913296529;0.1315334104411641;cluster3
0.5460036661460806;0;Y;1.5165319129537391;0.3466387642058312;0.5261336417646564;cluster8
0.5814282488186095;1.2;N;1.1819616416959449;0.4907090063151088;0;cluster1
0.3640871943754075;0.4;N;1.1306328692575107;0.3164387028109004;0.2630668208823282;cluster4
0.1585036906975646;0;N;0.2893076264711748;0.3035504155727029;0.2630668208823282;cluster7
0.0953502640127446;0;N;0.2468447329084701;0.1143390219966343;0;cluster7
0.5261752017092473;0;Y;1.4479380079678317;0.2974841195412703;0;cluster8
0.1637747445744398;0.4;N;1.0503733341719588;0.1612079348863005;0;cluster4
0.4147389215122505;0;N;1.0186428203009268;0.2818082180928434;0.2630668208823282;cluster4
0.5261752017092473;0;N;1.877233195634736;0.6378758682713509;0;cluster3
0.3441688119606743;0;N;1.551995428456657;0.2001921695520154;0.3946002313234923;cluster3
0.0930185978272093;0;N;1.498333529998294;0.0848813796478204;0;cluster4
0.1705340960165503;0;N;1.9817572413275475;0.1272209695102065;0.1315334104411641;cluster3
0.8341907853144128;0;Y;0.8263932362587915;0.4621346740690841;0;cluster6
1.0342427830414644;0;Y;1.000444437345482;0.6739682934879951;0.3946002313234923;cluster8
0.0848205587387045;0;N;0.4008310502237728;0.061556861486489;0.1315334104411641;cluster7
0.1612322362338294;0;N;1.1595636319046283;0.2308548816745999;0.1315334104411641;cluster4
0.3751750112364108;0;Y;0.2552439865802138;0.2788023681855136;0;cluster6
0.3852706297205905;0;Y;1.1110346106901088;0.24997847454424;0;cluster8
0.1064318796338928;0.4;Y;0.4269620616469757;0.0783569825734653;0;cluster6
0.3281696131343944;0.8;Y;0.8291929874827062;0.2156395425739501;0.5261336417646564;cluster6
0.3772834327871608;0.4;N;0.412496680323417;0.1782114492562546;0;cluster5
0.0778007552226778;0.8;N;0.8179939825870477;0.0868859259893354;0.3946002313234923;cluster1
0.2790557934816278;0;N;1.380743978593881;0.2979813777068783;0.9207338730881488;cluster4
0.5400845827043426;0.4;Y;0.7008710563866204;0.2858395371045598;0.3946002313234923;cluster6
0.153765943448232;0;N;1.5795263154918175;0.09841184369806;0.1315334104411641;cluster3
1.4988117674097508;0.4;N;0.5627499960068337;0.6687243716179536;0.1315334104411641;cluster2
0.43408678986031;0;Y;0.8893876387968698;0.3725663732982988;0.1315334104411641;cluster6
0.3036127033080111;0;Y;0.3714336623726696;0.0843699503330501;0.5261336417646564;cluster6
0.1093898710447981;0;Y;1.618256207422636;0.0961330483277553;0.2630668208823282;cluster8
0.0713142583341937;0;Y;1.4110746168529562;0.0406631429164777;0;cluster8
0.7476369800361947;0;Y;1.3060839459561586;0.4678953207885831;0.3946002313234923;cluster8
0.1547209343859247;1.2;N;1.5762599390639171;0.2123862196512479;0;cluster1
0.0930185978272093;0;N;0.8576571249258378;0.1985347417799828;0.1315334104411641;cluster4
0.43408678986031;0.4;N;0.9495822901110336;0.2482580224509327;0.1315334104411641;cluster5
0.5891177862389921;0;N;1.2230246596466925;0.5521228137800536;0;cluster2
0.6450405672527104;0.8;N;0.7148698125061933;0.9562422202933116;0.1315334104411641;cluster1
0.1593563611776473;0;N;0.0895920391652669;0.1828072275146068;0;cluster7
0.8567012859885975;0;N;0.8175273573830619;1.4232203693911067;0.2630668208823282;cluster2
0.0620123985514728;0.4;N;1.3303484565634185;0.0742263909326169;0.1315334104411641;cluster4
0.6175008610560012;0;Y;1.0797707220230623;0.3896351495393954;0.1315334104411641;cluster8
1.0542107753750387;0;Y;0.161452320579075;0.5797469331822436;0.5261336417646564;cluster6
0.1605221942704151;0;Y;0.8394587419703929;0.1312754098705561;0.2630668208823282;cluster6
0;0.4;N;0.663541040067759;0.0529164135022098;0.1315334104411641;cluster5
0.8376510771535851;0.4;Y;1.147898001804984;0.4971517328192913;0.2630668208823282;cluster8
0.3976979143903057;0.4;N;0.5888810074300365;0.2574518911025004;0.3946002313234923;cluster5
0.5271053876875194;0;N;0.211381217405552;0.2233963821154578;0.1315334104411641;cluster7
0.0930185978272093;0.8;N;0.717202938526122;0.0990880312680918;0.1315334104411641;cluster1
0.2376067062898234;0;Y;1.7829749044296117;0.0804094870671456;0;cluster8
1.1570273321733806;0.8;Y;0.7563994556609265;0.237791286264602;0.2630668208823282;cluster6
0.3281696131343944;0.4;N;0.3854324184922425;0.2876389001232028;0;cluster5
0.1737246339220236;0;N;0.6248111481369405;0.1966323022974325;0.3946002313234923;cluster7
0.1541070116402652;0;N;2.046151519477584;0.2964995975994635;0;cluster3
0.0457403451715663;0.8;N;0.37470003880057;0.1227165578714538;0.3946002313234923;cluster1
0.1118951719462776;0.4;Y;1.1394987481332404;0.0621409365869655;0.2630668208823282;cluster6
0.1444888886249317;0;N;0.1740512010866907;0.1403584452186749;0.5261336417646564;cluster7
0.3720743913088372;0;Y;0.7293351938297522;0.113712582618662;0;cluster6
0.8567012859885975;0;N;1.2934850654485428;0.2665624483139924;0.7892004626469847;cluster2
0.7119023353709084;0;Y;0.4227624348111038;0.469919408398943;0.2630668208823282;cluster6
1.0342427830414644;0;Y;0.1451204384395731;0.7832628338927994;0;cluster6
0.214686923785199;0;Y;1.488067775510607;0.1033275915874994;0.2630668208823282;cluster8
0.4095546849933473;0;Y;1.9514266030684728;0.3113364924324824;0.2630668208823282;cluster8
0.2466295102790626;0.4;N;0.3397031485016376;0.1332111888461359;0.1315334104411641;cluster5
0.1240247971029457;0.8;N;1.3681450980862655;0.1377617685971596;0.1315334104411641;cluster1
0.7728977305861372;0.4;N;1.2211581588307494;0.4293703059407246;0.2630668208823282;cluster2
0.2015402952922868;0.4;N;0.8301262378906774;0.2233963821154578;0.1315334104411641;cluster5
0.2821564134092015;0;Y;1.3746778509420663;0.2507442386939772;0.6576670522058206;cluster8
0.3389442673827127;0;N;0.8175273573830619;0.2962783785025394;0.2630668208823282;cluster4
0.5261752017092473;0;N;1.8086392906488284;0.6697875807301092;0.3946002313234923;cluster3
0.1860371956544186;0;N;0.280908372799431;0.1736730268595123;0.1315334104411641;cluster7
0.0930185978272093;0;N;0.1535196921113169;0.0990880312680918;0.2630668208823282;cluster7
0.2480495942058914;0.4;Y;1.0354413276444143;0.1674576354218925;0.5261336417646564;cluster6
0.7119023353709084;0.4;Y;0.462425577149894;0.5953269183263398;0;cluster6
0.7119023353709084;0;Y;1.257088299537653;0.3967650276079615;0.3946002313234923;cluster8
0.43408678986031;0;N;0.5683494984546629;0.4471513688897192;0.3946002313234923;cluster7
0.3262968386981399;0;N;1.7694427735140243;0.2452092861711378;0.2630668208823282;cluster3
0.3281696131343944;0;N;0.6668074164956594;0.1436401850246974;0.2630668208823282;cluster7
0.8991797789963565;0.4;N;0.4745578324535238;0.3725663732982988;0.1315334104411641;cluster5
0.8929785391412092;0.4;N;0.4316283136868334;0.555299612497279;0.1315334104411641;cluster5
1.1007200742886432;0;Y;1.303284194732244;0.3885488936636019;0;cluster8
0.8567012859885975;0;N;1.2934850654485428;0.6097466592790157;0.3946002313234923;cluster2
0.0637487457109141;0.4;N;0.7899964703479015;0.0908140939521488;0.3946002313234923;cluster5
0.2318767606636673;0;N;1.6905831140404295;0.2104285126869643;0.2630668208823282;cluster3
0.1240247971029457;0;N;1.857168311863348;0.471698335128794;0.1315334104411641;cluster3
0.4619923692084728;0;Y;1.0751044699832044;0.2152598303613942;0.1315334104411641;cluster8
0.7004641484580892;0.4;N;0.9351169087874748;0.5023676853159861;0.3946002313234923;cluster2
1.0542107753750387;0.4;Y;0.6084792659974387;0.5797469331822436;0;cluster6
0.1550309963786821;0;N;1.7801751532056969;0.1488113865240374;0.3946002313234923;cluster3
0.0620123985514728;0;Y;0.6761399205753749;0.089143390050901;0;cluster6
0.7131425833419378;0;Y;0.8427251183982933;0.5963213600725602;0;cluster6
0.5891177862389921;0.8;Y;0.8170607321790759;0.4258413914593121;0.2630668208823282;cluster6
0.6182636135581845;0.4;N;1.1054351082422793;0.7805462991833687;0.1315334104411641;cluster2
0.3875774909467054;0;N;1.2981513174884007;0.2513657554622405;0.1315334104411641;cluster4
0.2790557934816278;0;Y;0.68547242465509;0.165385813414354;0.5261336417646564;cluster6
0.7119023353709084;0.4;N;1.0079104406092545;0.8931696425264136;0.3946002313234923;cluster2
0.1612322362338294;0.8;Y;0.719536064546051;0.1709106223777928;0;cluster6
0.1746765242397887;0;Y;0.7731979630044141;0.1645637375929453;0.2630668208823282;cluster6
0.5316943051803282;0.4;N;0.8963870168566562;0.5202446645693114;0.2630668208823282;cluster5
0.2790557934816278;0;N;0.2426451060725982;0.3386641364771965;0.5261336417646564;cluster7
0.43408678986031;0.4;N;0.5440849878474028;0.2233963821154578;0.3946002313234923;cluster5
0.2790557934816278;1.2;Y;0.5734823756985062;0.4968747241456648;0.5261336417646564;cluster6
0.1479987903829451;0;N;1.5977246984472624;0.2046862138763808;0;cluster3
0.2821564134092015;0;Y;0.7722647125964424;0.3009647775305351;1.0522672835293128;cluster6
0.5271053876875194;0.8;N;0.6850057994511043;0.2000189831922521;0;cluster1
0.5077575193394598;0;N;0.747533576785197;0.2588391720205008;0;cluster7
0.3136525106334945;0;N;0.4787574592893956;0.1838796105812202;0.3946002313234923;cluster7
0.8602514958056694;0.4;Y;0.6005466375296805;0.2676299087708968;0.1315334104411641;cluster6
0.2775178859975513;0;N;1.5244645414214972;0.6181001787852549;0;cluster3
0.6370595715591358;0;N;1.6849836115926005;0.3567576359727237;0;cluster3
0.2325464945680232;0;N;0.5324193577477587;0.253230380352026;0;cluster7
0.1755446978195093;0;Y;0.1824504547584344;0.2480690986570997;0.1315334104411641;cluster6
0.086817357972062;0;N;1.9854902429594337;0.0941157479519942;0.6576670522058206;cluster3
0.1649529801469178;0.8;Y;0.7680650857605706;0.1742255525068535;0.3946002313234923;cluster6
0.3332360260960497;0.4;Y;1.0872367252868345;0.3501133062254575;0.3946002313234923;cluster6
0.5077575193394598;0.8;Y;0.3439027753375095;0.4316376898067038;0;cluster6
0.9277178848097444;0.8;N;1.181495016491959;0.8232835016572526;0;cluster2
0.1240247971029457;0;N;1.4964670291823512;0.1377617685971596;0.2630668208823282;cluster4
0.3394620709106176;0;Y;1.3345480833992904;0.3561039730713605;0.1315334104411641;cluster8
0;0.8;N;0.9869123064298948;0.0369338931369066;0;cluster1
0.2790557934816278;0;N;1.3826104794098244;0.165385813414354;0.1315334104411641;cluster4
0.8991797789963565;0;N;1.7638432710661949;0.7454913512554011;0.3946002313234923;cluster2
0.1240247971029457;0.8;N;1.2290907872985073;0.0825136043777752;1.183800693970477;cluster1
0.0408289632062897;0.8;N;0.6406764050724564;0.0572409261315959;0.3946002313234923;cluster1
0.8567012859885975;0;N;1.502999782038152;0.711430845073654;0.7892004626469847;cluster2
0.0473774724933252;0;N;1.2967514418764434;0.0624917098212319;0.1315334104411641;cluster4
0.0155030996378682;0;N;2.1539419415982954;0.1115188887283271;0;cluster3
0.5891177862389921;0;N;1.0247089479527418;0.4258413914593121;0.1315334104411641;cluster2
0.021642327094464;1.2;N;1.002310938161425;0.1262867178554284;0.1315334104411641;cluster1
0.2715274882974791;0;N;0.9444494128671902;0.1911520951613573;0.2630668208823282;cluster4
0.43408678986031;0;N;0.9313839071555888;0.3725663732982988;0;cluster4
0.43408678986031;0;N;0.4708248308216377;0.2793351288090232;0;cluster7
0.5261752017092473;0;N;1.6504533464976536;0.3825820940162883;0.2630668208823282;cluster3
0.5271053876875194;0.4;N;1.181495016491959;0.4471513688897192;0;cluster2
0.2015402952922868;0;N;1.8818994476745936;0.2233963821154578;0.3946002313234923;cluster3
0.6750669706313336;0;N;1.9028975818539533;0.3770745887718266;0.1315334104411641;cluster3
0.5922928210448275;0.4;N;0.3891654201241287;0.2995088784165906;0.5261336417646564;cluster5
0.1444888886249317;0;Y;2.098880167527975;0.2341697372186649;0.2630668208823282;cluster8
0.1240247971029457;0;Y;0.1385876855837724;0.1061913570782275;0.1315334104411641;cluster6
0.1085216974650775;0;Y;0.083525911513452;0.1338943874057533;0.6576670522058206;cluster6
0.1485817069293289;0;Y;1.4260066233805009;0.1874658809242425;0;cluster8
0.1585036906975646;0.4;Y;0.6523420351721005;0.1819867925631012;0.2630668208823282;cluster6
0.5407543166086984;0;N;1.783441529633597;0.2922716725393683;0;cluster3
0.1811754236079831;0;N;0.4054973022636306;0.113063618572021;0;cluster7
0.1240247971029457;0;N;1.861834563903206;0.2068219552251412;0;cluster3
0.3036127033080111;0;Y;0.3882321697161572;0.1146301272344276;0.2630668208823282;cluster6
0.0300543089579713;0;N;1.957492730720288;0.0184721675181447;0;cluster3
1.2976466471287005;0;N;1.4862012746946642;0.5323175140507078;0.2630668208823282;cluster2
0.217043394930155;0;N;1.4064083648130985;0.2383133812337419;0.2630668208823282;cluster4
0.1550309963786821;0.4;Y;0.5688161236586485;0.1786453847606055;0.2630668208823282;cluster6
0.2480495942058914;1.2;Y;0.9145853998121012;0.1115188887283271;0.1315334104411641;cluster6
1.2092417717537207;0.4;Y;1.0424407057042009;0.2291336837313366;0.9207338730881488;cluster8
0.6697339043559069;0;Y;1.1488312522129556;0.4812473775293679;0.5261336417646564;cluster8
0.0930185978272093;0;N;0.1623855709870465;0.165385813414354;0;cluster7
0.2468434530540652;0;N;1.9798907405116049;0.1667322963397659;0;cluster3
0.3410681920331007;0;N;1.4054751144051267;0.1786453847606055;0.6576670522058206;cluster4
0.1922384355095658;0.8;Y;0.7214025653619941;0.1409603461330976;0.6576670522058206;cluster6
0.0930185978272093;0;N;1.8408364297238464;0.0990880312680918;0.1315334104411641;cluster3
0.0930185978272093;0.4;Y;0.6798729222072609;0.0990880312680918;0;cluster6
0.2356471144955968;0.8;N;0.5025553446926698;0.213451740898267;0.1315334104411641;cluster1
0.0620123985514728;0.4;N;1.4264732485844862;0.1488113865240374;0;cluster4
0.6498837355795805;0;N;1.5389299227450557;0.2336230292009798;0;cluster3
0.0804300809212603;0;N;1.3756111013500376;0.1272883197612256;0.3946002313234923;cluster4
0.1342568428639387;0;N;0.4474935706223495;0.0990259019667642;0;cluster7
0.1772221332003267;0;N;1.13623237170534;0.5005318502344989;0;cluster4
0.2790557934816278;0;N;1.610323578954878;0.2327195065643854;0.3946002313234923;cluster3
0.2115614988982048;0;N;0.5795485033503213;0.2080318730236252;0;cluster7
0.5891177862389921;0;Y;0.6290107749728123;0.1488113865240374;0;cluster6
0.3441626107208192;0;N;1.6476535952737394;0.4508731601697311;0.3946002313234923;cluster3
0.2671091049006866;0.4;Y;0.6042796391615669;0.3581975738976116;0.3946002313234923;cluster6
0.1649529801469178;0.4;N;0.5884143822260507;0.1567671442487874;0.3946002313234923;cluster5
0.7364592451972917;0;N;1.0634388398835604;1.1534712771404712;0.2630668208823282;cluster2
0.8567012859885975;0;N;1.7316461319911771;0.4741676951628348;0.1315334104411641;cluster2
0.8217914062240459;0.8;Y;0.3541685298251962;0.3795290318067491;0.3946002313234923;cluster6
0.3410681920331007;0;N;1.5211981649935966;0.0810068382968373;0.2630668208823282;cluster4
0.3795871933933481;0.4;N;0.5594836195789333;0.4290661483287027;0.1315334104411641;cluster5
0.5891177862389921;0;N;1.0993689805904645;0.5963213600725602;0;cluster2
0.1547209343859247;0;N;0.1045240456928114;0.1651096251756789;0;cluster7
0.3445408863519831;0.4;N;0.6094125164054103;0.2254847619920176;0.2630668208823282;cluster5
1.457182844262147;0;Y;1.197360273427475;0.7951566793847765;0;cluster8
0.3445408863519831;0;Y;1.2930184402445573;0.2254847619920176;0.2630668208823282;cluster8
0.0350990175801336;0;Y;1.8441028061517468;0.1056515108801368;0.1315334104411641;cluster8
0.3895308815010767;0;N;1.7587103938223514;0.3609258184513502;0.1315334104411641;cluster3
0.4222951322757474;0.4;N;0.7862634687160156;0.1554143215987502;0;cluster5
0.1506808266202963;0;Y;0.4414274429705345;0.1557291448651416;0;cluster6
0.0742908534646644;0;N;1.981290616123562;0.1262867178554284;0;cluster3
0.2431444134804699;0;N;1.209959153935091;0.3293742023513072;0.1315334104411641;cluster4
1.0219643281282726;0;N;0.944916038071176;0.5625095202661148;0.5261336417646564;cluster2
0.43408678986031;0.4;N;0.4619589519459082;0.4471513688897192;0.1315334104411641;cluster5
0.1085216974650775;0;N;1.829637424828188;0.2793351288090232;0.5261336417646564;cluster3
0;0.4;N;1.2066927775071905;0.0742263909326169;0.1315334104411641;cluster4
1.4548108700175533;0.4;N;1.0055773145893252;0.2974841195412703;1.183800693970477;cluster2
0.1393728657444352;0.8;N;0.4036308014476874;0.2045636707286241;0.3946002313234923;cluster1
0.43408678986031;0;N;1.390543107877582;0.3725663732982988;0.2630668208823282;cluster4
0.1800467979543463;0;Y;0.4059639274676163;0.0631020388401565;0.2630668208823282;cluster6
0.43408678986031;0;N;1.9392943477648432;0.7454913512554011;0;cluster3
0.2511502141334651;0;N;1.7050484953639884;0.3568642925164194;0.1315334104411641;cluster3
0.1395278967408139;0.4;N;1.0989023553864783;0.1363805290638021;0.1315334104411641;cluster4
0.3729921748073989;0.4;N;0.8889210135928838;0.1940039270527908;0.3946002313234923;cluster5
1.1310999483390096;0;Y;0.750799953213097;1.1178136824481248;0;cluster6
0.6465133617183079;0;N;1.3541463419666928;0.7082345050875836;0;cluster2
0.2497859413653326;0.4;N;1.056439461823774;0.4499358505301338;0;cluster4
0.3772834327871608;0;N;1.3462137134989345;0.1960684397307613;0;cluster4
0.1061652263201215;0.4;Y;0.6224780221170114;0.1174856883756408;0.3946002313234923;cluster6
0.747249402545248;0;Y;2.00462187632285;0.2336518190092781;0.1315334104411641;cluster8
0.3722232210653606;0;Y;1.1012354814064076;0.1936339854746574;0.2630668208823282;cluster8
0.4709221545998849;0;N;1.251488797089824;0.1606256498257183;0.2630668208823282;cluster4
0.2058005470727729;0.8;N;0.5086214723444847;0.1535969090111741;0.1315334104411641;cluster1
0.1550309963786821;0;Y;1.5165319129537391;0.1786453847606055;0;cluster8
0.2139675799620019;0.4;N;0.2188472206693242;0.1837917494564135;0.2630668208823282;cluster5
0.1845488980891832;0;N;1.5491956772327429;0.1033443732115074;0.1315334104411641;cluster3
0.2105537974217433;0.4;Y;0.3107723858545201;0.1287679369037681;0;cluster6
0.2790557934816278;0;N;0.4997555934687553;0.414002515109086;0.1315334104411641;cluster7
0.4649968699182917;0;Y;1.4204071209326712;0.3973509673333278;0;cluster8
0.3100619927573643;0;N;2.006021751934808;0.9112357693285588;0.1315334104411641;cluster3
0.0930185978272093;0.4;N;0.815194231363133;0.1488113865240374;0;cluster5
0.382256827150989;0;N;1.4246067477685431;0.2481660591513685;0;cluster4
0.4893398369696723;0.4;N;1.2029597758753043;0.8340983260180087;0.2630668208823282;cluster2
0.3228303456191125;0.8;N;0.7857968435120296;0.1887856624212327;0.2630668208823282;cluster1
0.3719131590726033;0.4;N;1.4073416152210698;0.3227137622449934;0.3946002313234923;cluster4
0.6750669706313336;0.4;Y;0.4698915804136662;0.282716290414169;0.2630668208823282;cluster6
0.8991797789963565;0;N;1.5048662828540948;0.3725663732982988;0.3946002313234923;cluster2
0.6821363840662014;0;N;0.330837269625908;0.4285051199918641;0.3946002313234923;cluster7
0.0742908534646644;0.4;Y;0.771331462188471;0.0629640565983124;0.5261336417646564;cluster6
0.6784559482121715;0;Y;1.8907653265503237;0.3788861837297466;0.1315334104411641;cluster8
0.1849612805395505;0;N;2.073682406512744;0.1728103768005019;0.1315334104411641;cluster3
0.0040928183043972;0.4;N;1.2132255303629913;0.0334134813449916;0.2630668208823282;cluster4
0.3193607519201576;0.4;N;1.4633366396993617;0.4210428911829425;0;cluster4
0.6750669706313336;0.4;Y;0.6346102774206417;0.3393312992627618;0;cluster6
0.2475845012167553;0.4;N;1.2566216743336671;0.3347144880356529;0.1315334104411641;cluster4
0.3854504656763898;0;N;1.4992667804062658;0.1999975772985174;0.2630668208823282;cluster4
0.0780674085364491;0;N;2.1684073229218543;0.104591434337796;0.3946002313234923;cluster3
0.3010050819489216;0;Y;1.9602924819442025;0.1448502519931726;0.1315334104411641;cluster8
0.1012042344360037;0;N;2.1553418172102528;0.1867180917584429;0.1315334104411641;cluster3
0.3937787308018526;0;N;1.5524620536606433;0.1699437770799413;0.1315334104411641;cluster3
0.5891177862389921;0;N;1.9817572413275475;0.2127413934002543;0;cluster3
0.7130619672238209;0.4;N;1.210425779139077;0.5110259591142118;0.2630668208823282;cluster2
0.6078951405203782;0;N;0.3065727590186482;0.5119308988657225;0.1315334104411641;cluster7
0.2790557934816278;0.4;N;0.8254599858508197;0.1959177034546711;0.1315334104411641;cluster5
0.5891177862389921;0;N;0.4577593251100362;0.2979813777068783;0.1315334104411641;cluster7
0.0742908534646644;0;Y;1.0251755731567276;0.1262867178554284;0.6576670522058206;cluster6
0.43408678986031;0;N;1.7251133791353763;0.3992038823788055;0.3946002313234923;cluster3
1.2092417717537207;0.4;N;1.319616076871746;0.6626191422188222;0.5261336417646564;cluster2
0.2542508340610387;0;N;2.00135549989495;0.4366999972124802;0.2630668208823282;cluster3
0.7364592451972917;0.4;N;0.4997555934687553;0.5271064841637221;0.1315334104411641;cluster5
0.6827099987528025;0.8;Y;0.400364425019787;0.3430083395454188;0.2630668208823282;cluster6
0.0930185978272093;0.4;N;0.3014398817748048;0.0593093918143328;0;cluster5
0.4893398369696723;0;N;1.931361719297085;0.5003155537472838;0;cluster3
0.3350498887536802;0.8;Y;0.8725891314533823;0.2931557284921134;0.1315334104411641;cluster6
0.3036127033080111;0.4;N;1.006510564997297;0.2679484612870678;0.2630668208823282;cluster4
0.5891177862389921;0.8;N;0.9159852754240584;0.1239497461885624;0;cluster1
0.1444888886249317;0;N;1.7181140010755898;0.2341697372186649;0;cluster3
0.294558893119496;0;N;1.4675362665352336;0.2233963821154578;0;cluster4
0.3410681920331007;0;N;1.955159604700359;0.2233963821154578;0.1315334104411641;cluster3
0.03410681920331;0.4;Y;0.665407540883702;0.0576519640423002;0.2630668208823282;cluster6
0.1705340960165503;0;N;1.8207715459524587;0.2200061211408498;0.2630668208823282;cluster3
0.291904762461493;0;Y;1.456803886843561;0.1722542710733723;0;cluster8
0.1550309963786821;0;Y;1.9920229958152345;0.2482580224509327;0.2630668208823282;cluster8
1.1831345519635508;0;Y;1.5921251959994331;0.9731745059924758;0.1315334104411641;cluster8
0.4893398369696723;0;N;1.6756511075128853;0.4168698606796026;0.1315334104411641;cluster3
0.3203436484371985;0;N;1.709714747403846;0.2910783871949012;0;cluster3
0.4876530997290722;0;Y;1.704115244956017;0.4986925842432144;0;cluster8
0.5488097271805348;0;N;0.3560350306411393;0.3483262497310871;0.2630668208823282;cluster7
0.077515498189341;0;N;1.7974402857531702;0.2266391885537816;0.1315334104411641;cluster3
0.2954270666992167;0;N;1.3462137134989345;0.3137337287757863;0.1315334104411641;cluster4
0.1240247971029457;0.8;Y;0.5277531057079013;0.1239497461885624;0.2630668208823282;cluster6
0.6284150432010605;0.4;N;1.014443193465055;0.3168871823893915;0.1315334104411641;cluster2
0.8991797789963565;0;N;0.6014798879376522;0.2030550400227965;0.5261336417646564;cluster7
0.1550309963786821;0.4;Y;0.9402497860313184;0.1488113865240374;0.1315334104411641;cluster6
0.2058811631908899;0;N;1.4134077428728848;0.3795276146918328;0.7892004626469847;cluster4
0.662788515718142;0.8;N;0.2762421207595733;0.4632286121994235;0.3946002313234923;cluster1
0.1581316163062557;0;N;2.0419518926417117;0.1974537814388764;0;cluster3
0.2821564134092015;0;N;1.6863834872045578;0.2148723613092967;0.6576670522058206;cluster3
0.151955181410529;0;N;1.4684695169432052;0.2747108590823551;0.3946002313234923;cluster4
0.0587877538267962;0;N;1.869767192370964;0.0536409321493848;0.1315334104411641;cluster3
0.0591350232586845;0;N;1.2169585319948777;0.0430080951778719;0.9207338730881488;cluster4
0.3705612887841812;0.4;N;0.5501511154992179;0.2411326940670976;0.1315334104411641;cluster5
0.1192126349753514;0;Y;0.6612079140478304;0.0512627149799568;0.5261336417646564;cluster6
0.357690615464823;0;Y;1.0116434422411404;0.3113097164190652;0.3946002313234923;cluster8
0.6914382438489224;0;N;1.9336948453170135;0.1927336699928734;0.6576670522058206;cluster3
0.2041448160314486;0;Y;0.4115634299154455;0.0939168297687519;0.9207338730881488;cluster6
0.4555988909178159;0;Y;1.5589948065164436;0.3898154214737398;0.1315334104411641;cluster8
0.2542508340610387;0;N;0.0513287724384343;0.1711868852014635;0.1315334104411641;cluster7
0.1550309963786821;0;Y;1.83383705166406;0.1786453847606055;0.1315334104411641;cluster8
0.2790557934816278;0;N;1.1581637562926708;0.1861038843197476;0.2630668208823282;cluster4
0.5767153065286976;0;N;1.9010310810380104;0.3651078737391568;0.3946002313234923;cluster3
0.0930185978272093;0.4;Y;1.0219091967288272;0.0659391774874586;0.1315334104411641;cluster6
0.1550309963786821;0;N;0.4381610665426341;0.1488113865240374;0.1315334104411641;cluster7
0.5261752017092473;0;N;1.0247089479527418;0.6697875807301092;1.0522672835293128;cluster2
0.0930185978272093;1.2;N;0.3271042679940217;0.1061913570782275;0.1315334104411641;cluster1
0.7119023353709084;0.4;Y;0.9425829120512472;0.4464055189338051;0.2630668208823282;cluster6
0.3317601310105246;0;N;1.8347703020720316;0.2905178809530316;0;cluster3
0.5344352531963034;0;N;1.825904423196302;0.6797223021428864;0;cluster3
0.5038879456698478;0;N;0.5730157504945205;0.4285349539901007;0;cluster7
0.270662415337686;0;Y;0.3602346574770112;0.2588056087724847;0.2630668208823282;cluster6
0.0878591662677267;0;Y;1.355079592374664;0.0949510999026181;0;cluster8
0.4100259792223385;0.4;Y;0.739134323113453;0.2076604397455799;0.6576670522058206;cluster6
0.8567012859885975;0;Y;1.470336017759148;0.8209369085259554;0.1315334104411641;cluster8
0.1240247971029457;0;N;1.3149498248318885;0.1488113865240374;0.2630668208823282;cluster4
0.0930185978272093;0;N;1.3681450980862655;0.2327195065643854;0.1315334104411641;cluster4
0.0804300809212603;0;N;1.7031819945480453;0.2230234571375007;0.2630668208823282;cluster3
0.3900548862688367;0.8;N;0.4815572105133104;0.5060697861571619;0.2630668208823282;cluster1
0.0741482249479961;0;Y;0.4152964315473315;0.1008204169606938;0;cluster6
0.4030805905845736;0.4;Y;0.346702526561424;0.2482580224509327;0.5261336417646564;cluster6
0.0384042784229271;0;Y;0.2883743760632033;0.066427783793578;1.3153341044116411;cluster6
0.193553098358857;0;N;1.2925518150405717;0.2247140752325714;0.1315334104411641;cluster4
0.4061688080324369;0;N;0.9939116844896811;0.4202888368775133;0;cluster4
0.0155030996378682;0;N;1.7055151205679742;0.1138020846133717;0.3946002313234923;cluster3
0.0778007552226778;0.4;N;0.332703770441851;0.1043348619529615;0;cluster5
0.662788515718142;0.8;Y;0.9117856485881864;0.5559460406540698;0;cluster6
0.7215421627257349;0.4;Y;0.9001200184885423;0.6238638089045775;0.1315334104411641;cluster6
0.3281696131343944;0;N;0.4082970534875451;0.4110664021726341;0.3946002313234923;cluster7
0.6118577327878173;0;Y;1.0699715927393612;0.1929414637905911;0.1315334104411641;cluster8
0.43408678986031;0.4;N;1.638321091194024;0.2482580224509327;0.5261336417646564;cluster3
0.22609720511867;0;Y;1.3891432322656252;0.1233331520300081;0.5261336417646564;cluster8
0.1444888886249317;0;N;2.0951471658960887;0.1792801776580841;0;cluster3
0.0848205587387045;0;N;1.4894676511225649;0.0925146318516332;0.2630668208823282;cluster4
1.2092417717537207;0;N;0.6710070433315314;0.8520413129924321;0.7892004626469847;cluster2
0.3332360260960497;0;Y;1.1147676123219947;0.0726563767754175;0.5261336417646564;cluster8
0.5136238922424291;0;N;1.654652973333526;0.3271664864818012;0;cluster3
0.8567012859885975;0;Y;2.0111546291786517;0.8537887648541435;0;cluster8
0.5891177862389921;0;N;1.788107781673455;0.6776868030282011;0;cluster3
0.3193607519201576;0.4;N;1.283219310960856;0.1200417907595543;0.7892004626469847;cluster4
0.2790557934816278;0;Y;0.1227224286482563;0.1061913570782275;0;cluster6
0.2790557934816278;0;N;1.5333304202972269;0.0493647505971419;0.1315334104411641;cluster3
0.1519303764511085;0.4;N;1.1604968823125996;0.1463252448659885;0;cluster4
0.0813106569806912;0;N;1.749844514946622;0.0596806759223869;0.2630668208823282;cluster3
0.662788515718142;0;N;0.8478579956421367;0.3705111091597816;0.3946002313234923;cluster2
0.3720743913088372;0.4;N;0.412496680323417;0.6460447153285057;0;cluster5
0.4709221545998849;0;Y;2.171207074145768;0.301486872499675;0;cluster8
0.050651727136843;0;N;1.1768287644521014;0.0782122130970224;0.5261336417646564;cluster4
0.4249244579743298;0;Y;0.1777842027185767;0.1563178442353447;0.3946002313234923;cluster6
0.1116223173926511;0.4;Y;1.0755710951871902;0.0682595912853032;0.1315334104411641;cluster6
0.0915737089409599;0;N;0.3952315477759436;0.1088503867560573;0.1315334104411641;cluster7
0.9909798331920292;0;Y;0.6131455180372964;0.5459466540501148;0;cluster6
0.7441487826176744;0.4;N;1.2006266498553757;0.6011332856481362;0.1315334104411641;cluster2
0.7441487826176744;0;N;0.9341836583795036;0.3104122351671136;0.1315334104411641;cluster2
0.077515498189341;0;N;1.2085592783231336;0.0963256267863724;1.0522672835293128;cluster4
0.6119755563450651;0;N;0.3009732565708189;0.3905933429777584;0.1315334104411641;cluster7
1.0072301822324428;0;N;1.7610435198422807;0.8321292821343952;0.1315334104411641;cluster2
0.43408678986031;0;N;1.3191494516677602;0.2793351288090232;0.1315334104411641;cluster4
0.1240247971029457;0;N;2.0993467927319607;0.1488113865240374;0.1315334104411641;cluster3
0.7248040148895424;0;N;1.1394987481332404;0.4541642231002026;0.5261336417646564;cluster2
0.6511301847904649;0;N;1.435805752664202;0.3812390420006735;0.6576670522058206;cluster2
0.2015402952922868;0;N;1.4073416152210698;0.2233963821154578;0.1315334104411641;cluster4
1.1831345519635508;0;N;1.4316061258283297;0.8340983260180087;0.3946002313234923;cluster2
0.3281696131343944;0.4;N;0.4722247064335951;0.2876389001232028;0.3946002313234923;cluster5
0.1550309963786821;0;Y;1.2052929018952332;0.1594663752392409;0.3946002313234923;cluster8
0.3445408863519831;0;Y;0.587947757022065;0.1803160886618534;0.1315334104411641;cluster6
0.0062012398551472;0;N;1.738178884846978;0.089143390050901;0.2630668208823282;cluster3
0.1649529801469178;0;N;1.8072394150368711;0.2942521279273072;0.3946002313234923;cluster3
0.90228039892393;0;N;0.874922257473311;0.3450272807910831;0.9207338730881488;cluster2
0.8898779192136355;0;N;0.4376944413386483;0.738032851696259;0;cluster7
0.43408678986031;0.8;Y;0.8665230038015672;0.6577442669069671;0;cluster6
0.4107794298647389;0;N;1.7801751532056969;0.3791804961223504;0;cluster3
0.1883874655595194;0.8;N;0.8534574980899657;0.2107408000635056;0;cluster1
0.7466261779398056;0;N;0.739134323113453;0.2197100932933474;0.5261336417646564;cluster7
0.4061688080324369;0;N;1.7885744068774403;0.2099651161093548;0;cluster3
0.3445408863519831;0;N;2.0900142886522453;0.1502036646367424;1.0522672835293128;cluster3
0.1240247971029457;0;Y;0.191316333634164;0.2660164115612676;0.1315334104411641;cluster6
0.43408678986031;0;Y;1.4017421127732406;0.2030550400227965;0.9207338730881488;cluster8
0.2295264907585665;1.2;Y;0.4222958096071181;0.2503245489237843;0.2630668208823282;cluster6
0.8991797789963565;0;Y;1.0783708464111048;0.7454913512554011;0;cluster8
0.4294730674080804;0.4;N;1.1115012358940943;0.4427120699521179;0;cluster4
0.1240247971029457;0.8;Y;1.2626878019854826;0.1488113865240374;0.2630668208823282;cluster6
0.0310061992757364;0.4;N;0.0947249164091105;0.0593093918143328;0.6576670522058206;cluster5
0.88228140039108;0;N;0.9752466763302506;0.2193314998557254;0.2630668208823282;cluster2
0.2790557934816278;0;Y;0.3014398817748048;0.2979813777068783;0.2630668208823282;cluster6
0.3212583313158327;0;N;0.296773629734947;0.4980929208786594;0.3946002313234923;cluster7
0.2790557934816278;0.4;Y;0.9738468007182932;0.2127413934002543;0.1315334104411641;cluster6
0.1550309963786821;0;N;1.5552618048845577;0.1488113865240374;0.2630668208823282;cluster3
0.3642391247518585;0;Y;0.5016220942846983;0.379944321062202;0.1315334104411641;cluster6
0.662788515718142;0.8;Y;0.7274686930138089;0.5956820920753462;0.1315334104411641;cluster6
0.7364592451972917;0.4;N;0.6238778977289688;0.9712875801890084;0.2630668208823282;cluster2
0.8673550160597406;0.8;Y;0.6705404181275454;0.6170687428812212;0.2630668208823282;cluster6
0.1943220521008953;0;Y;0.2874411256552318;0.2706534353221818;0;cluster6
0.43408678986031;0;N;1.6131233301787926;0.3725663732982988;0.6576670522058206;cluster3
0.5113480372155901;0.8;Y;0.68547242465509;0.3723916206536281;0;cluster6
0.7441487826176744;0;Y;1.0377744536643434;0.4657976177875743;0.1315334104411641;cluster8
0.0767465444473028;0;N;1.5244645414214972;0.0860406542342979;0;cluster4
0.2418483543507441;0;Y;1.8030397882009996;0.5963213600725602;0.2630668208823282;cluster8
0.3719131590726033;0.4;Y;0.9066527713443432;0.1934848154834745;0.3946002313234923;cluster6
0.3445408863519831;0.8;Y;0.9495822901110336;0.2577480681199939;0.6576670522058206;cluster6
0.0620123985514728;0.8;N;0.5804817537582926;0.1362356104173679;0.2630668208823282;cluster1
0.3445408863519831;0;N;1.408741490833027;0.5310375609413633;0.2630668208823282;cluster4
0.5891177862389921;0;N;1.0317083260125284;0.3725663732982988;0.9207338730881488;cluster2
0.4781372971713488;0;N;1.5995911992632057;0.2307239850073369;0.2630668208823282;cluster3
0.7487935112691796;0;N;1.336881209419219;0.3406955334171244;0.7892004626469847;cluster2
0.1557658433015171;0;N;1.0410408300922438;0.2804398817637233;0;cluster4
0.3436417065729868;0;N;0.7419340743373677;0.257130131431519;0.1315334104411641;cluster7
0.3879743702974347;0;N;1.2225580344427067;0.2875991463205525;0.1315334104411641;cluster4
0.2425490944543758;0.4;N;0.5408186114195025;0.5058210451968645;0.1315334104411641;cluster5
0.2790557934816278;1.2;N;0.9234512786878306;0.1861038843197476;0.1315334104411641;cluster1
0.3117983399168055;0;Y;0.1707848246587903;0.1828884505748058;0.1315334104411641;cluster6
0.5891177862389921;0.8;N;1.0452404569281155;0.1488113865240374;0;cluster1
0.4678463396317318;0;Y;0.4927562154089687;0.4611733480609062;0;cluster6
0.0669733904355906;0;N;1.9808239909195764;0.180940290489958;0;cluster3
0.6898135190068737;0;N;0.8016621004475457;0.3464258240434177;0.3946002313234923;cluster2
0.1649529801469178;0;N;0.3537019046212104;0.0310665152887164;0;cluster7
1.269083736355892;0;N;1.3480802143148776;0.6251111683708483;0.1315334104411641;cluster2
0.1240247971029457;0;N;2.180539578225484;0.2482580224509327;0;cluster3
0.0444101792226372;0;N;0.3177717639143065;0.0694156587169703;0;cluster7
0.1717898470872176;0.4;N;1.0835037236549483;0.2435529771740392;0;cluster4
0.1240247971029457;0;Y;0.9551817925588628;0.1488113865240374;0.3946002313234923;cluster6
0.1798359557992713;0;N;1.508599284485981;0.1445493761209568;0;cluster4
0.5749789593692564;0;N;1.196893648223489;0.6070118512456653;0.5261336417646564;cluster2
0.1697651422745121;0;N;1.805372914220928;0.2191653990705433;0;cluster3
0.0930185978272093;0;Y;0.0751266578417082;0.1488113865240374;0.3946002313234923;cluster6
0.4199603654702845;0.8;Y;0.4605590763339509;0.2851135267574728;0.2630668208823282;cluster6
0.1547209343859247;0;N;2.0232868844822813;0.2230234571375007;0.1315334104411641;cluster3
0.2204168694113551;0;N;1.642520718029896;0.3554030232827923;0.5261336417646564;cluster3
0.1240247971029457;0;N;1.9514266030684728;0.2482580224509327;0.1315334104411641;cluster3
0.3772834327871608;0.4;Y;0.1269220554841282;0.1580503045129422;0;cluster6
0.3445408863519831;0.4;N;0.1035907952848399;0.3111495078485348;0.1315334104411641;cluster5
0.3445408863519831;0;Y;0.4997555934687553;0.1803160886618534;0.2630668208823282;cluster6
0.7441487826176744;0;Y;1.0186428203009268;0.6211830004080351;0.3946002313234923;cluster8
0.3987738295051737;0.4;Y;0.2533774857642708;0.344251447666941;0;cluster6
0.4893398369696723;0.4;Y;0.7377344475014959;0.357265783547688;0.1315334104411641;cluster6
0.8991797789963565;0;N;0.980379553574094;0.3725663732982988;0.1315334104411641;cluster2
0.160965582920058;0;N;1.4372056282761587;0.1843556120230847;0.2630668208823282;cluster4
0.1444888886249317;0;N;2.1544085668022808;0.1202559988668929;0.3946002313234923;cluster3
0.184499288170342;0.8;N;0.6425429058883997;0.1148403823369998;0.3946002313234923;cluster1
0.8744554356938842;0;N;1.6042574513030632;0.6636889148105899;0.2630668208823282;cluster2
0.1642770450027067;0;N;1.4138743680768704;0.2345170049581386;0.1315334104411641;cluster4
0.4100259792223385;0.8;N;0.7130033116902503;0.1925317684098074;0.9207338730881488;cluster1
0.1395278967408139;0;Y;0.3303706444219222;0.0973122371080557;0.1315334104411641;cluster6
0.9380150435892164;0.4;Y;1.3644120964543796;0.6656321522857289;0.1315334104411641;cluster8
0.771480747279236;0;N;1.2370234157662654;0.4822342861910336;0.3946002313234923;cluster2
0.0391918358845308;0;N;1.022375821932813;0.1122149904921818;0.5261336417646564;cluster4
0.1444888886249317;0;N;0.4834237113292534;0.1202559988668929;0.1315334104411641;cluster7
0.6078951405203782;0.4;Y;0.8618567517617095;0.2790720675295722;0;cluster6
0.3431611104842129;0;Y;0.6210781465050544;0.2496564911182719;0;cluster6
0.1085216974650775;0.8;Y;0.4708248308216377;0.095536368363024;0;cluster6
0.4964588603233814;0.4;Y;0.6719402937395028;0.3841292851648367;0.5261336417646564;cluster6
0;0;N;0.789529845143916;0.032069683479421;0.5261336417646564;cluster4
0.2015402952922868;0;Y;1.0060439397933114;0.092872639830472;0.1315334104411641;cluster6
0.2790557934816278;0;N;1.4936672779584366;0.1046907069669282;0.7892004626469847;cluster4
0.6898135190068737;0;N;1.000444437345482;0.577615443178232;0.5261336417646564;cluster2
0.1012042344360037;0;N;2.0648165276370136;0.0990259019667642;0;cluster3
0.1240247971029457;0;Y;0.4680250795977232;0.092872639830472;0.7892004626469847;cluster6
0.0620123985514728;0;Y;0.2692427426997869;0.0929620672401861;0;cluster6
1.3565832307120202;0;N;1.3144831996279027;0.6059349184943207;0;cluster2
0.3968793507294263;0;N;1.8916985769582948;0.228368740016551;0.1315334104411641;cluster3
0.1240247971029457;0.4;Y;0.3933650469600006;0.1691527286166987;0.1315334104411641;cluster6
0.662788515718142;0.4;Y;1.4110746168529562;0.1937011119706896;0.5261336417646564;cluster8
0.3445408863519831;0.4;N;0.6850057994511043;0.2003910877352577;0;cluster5
0.3445408863519831;0;N;1.8044396638129567;0.3111495078485348;0.2630668208823282;cluster3
0.0804300809212603;0.8;N;0.346702526561424;0.1068647850034225;0.3946002313234923;cluster1
0.2821564134092015;0.4;Y;1.0149098186690408;0.1503030864358658;0.2630668208823282;cluster6
0.6004660551739117;0;N;1.3182162012597884;0.5059740936078181;0.1315334104411641;cluster2
0.5936756975325254;0.4;N;0.4740912072495381;0.2500853548429225;0.7892004626469847;cluster5
0.1649529801469178;0.4;N;1.3345480833992904;0.3138928185713829;0.6576670522058206;cluster4
0.662788515718142;0.4;Y;0.4460936950103921;0.2082556280103994;0.2630668208823282;cluster6
0.6175008610560012;0;Y;0.8879877631849126;0.2832732165762502;0.1315334104411641;cluster6
1.3565832307120202;0;Y;1.083970348858934;1.1122506113819473;0.1315334104411641;cluster8
0.143825355960431;0;Y;0.6892054262869763;0.1197999862038469;0.1315334104411641;cluster6
0.1665404975498355;0.4;Y;1.1964270230195038;0.1897197649060196;0;cluster8
0.2635526938437597;0;N;1.9397609729688288;0.2020864046850507;0;cluster3
0.1550309963786821;0;Y;0.3593014070690397;0.1786453847606055;0;cluster6
0.130226036958093;0;N;1.6915163644484017;0.1682683743239712;0.1315334104411641;cluster3
0.5298897443824804;0;Y;1.3700115989022086;0.421274999689223;0.2630668208823282;cluster8
0.4100259792223385;0.4;N;0.3397031485016376;0.4416818274080136;0.3946002313234923;cluster5
0.0620123985514728;0;N;2.0120878795866224;0.2233963821154578;0;cluster3
0.1649529801469178;0.4;N;0.2104479669975803;0.3138928185713829;0.1315334104411641;cluster5
0.1240247971029457;0.8;N;0.9024531445084708;0.1239497461885624;0.9207338730881488;cluster1
0.5298897443824804;0;N;1.5748600634519598;0.5393324566410677;0.5261336417646564;cluster2
0.3117983399168055;0;Y;1.235623540154308;0.2057943231558825;0.1315334104411641;cluster8
0.2883576532643488;0;N;2.045218269069612;0.2191343717123773;0;cluster3
0.0620123985514728;0;N;1.8940317029782237;0.1861038843197476;0;cluster3
0.5410333724021801;0;N;1.0951693537545926;0.4583192040346094;0;cluster2
0.310303841111715;0;N;1.2734201816771549;0.1638447382354441;0.3946002313234923;cluster4
0.2790557934816278;0.4;Y;0.838992116766407;0.1488113865240374;0;cluster6
0.43408678986031;0;Y;1.3634788460464078;0.7454913512554011;0;cluster8
0.0930185978272093;0.8;N;0.7717980873924567;0.1189773882874692;0.2630668208823282;cluster1
0.0496099188411782;0.4;N;0.8305928630946631;0.096601889610043;0.1315334104411641;cluster5
0.5077575193394598;0;N;2.0512843967214267;0.4316376898067038;0.1315334104411641;cluster3
0.4684726648571017;0;Y;1.1772953896560872;0.4802372729340734;0;cluster8
0.5077575193394598;0;N;0.4750244576575096;0.3499086449975547;0;cluster7
0.0865693083778561;0.8;N;0.8165941069750903;0.0804489425298135;0.2630668208823282;cluster1
1.0342427830414644;0;Y;1.6868501124085435;0.42671508009767;0.2630668208823282;cluster8
0.8567012859885975;0;Y;1.592591821203419;0.8537887648541435;0.2630668208823282;cluster8
0.7081877926976752;0.4;N;1.0181761950969412;1.1850555614685832;0;cluster2
0.1646987293128567;0;N;1.4124744924649133;0.1173327891346783;0.1315334104411641;cluster4
0.1550309963786821;0.4;N;0.6271442741568692;0.1115188887283271;0.3946002313234923;cluster5
1.2976466471287005;0.4;Y;1.2412230426021371;0.4913423820976711;1.0522672835293128;cluster8
0.7071862924610688;0.4;N;0.9155186502200724;0.5069877036979055;0;cluster2
0.0767465444473028;0;N;0.7587325816808552;0.1033205060129182;0.2630668208823282;cluster7
0.176710530912277;0;N;0.7680650857605706;0.1424013282479239;0.2630668208823282;cluster7
0.1550309963786821;0;N;1.7666430222901095;0.2979813777068783;0;cluster3
0.3317601310105246;0;Y;0.5982135115097519;0.512952862475316;0.3946002313234923;cluster6
0.5936756975325254;0.8;N;0.9043196453244144;0.6007069578133357;0.2630668208823282;cluster1
0.4030805905845736;0;N;0.5249533544839866;0.3477047329628238;0;cluster7
0.2790557934816278;0;Y;1.2654875532093968;0.2482580224509327;0;cluster8
0.2821564134092015;0;N;1.975224488471747;0.3009647775305351;0.6576670522058206;cluster3
0.6750669706313336;0;Y;0.332703770441851;0.3770745887718266;0.1315334104411641;cluster6
0.2069074683869167;0.4;N;0.8511243720700371;0.1904074385653726;0;cluster5
0.1891378155819922;0;N;1.621989209054522;0.1509423544330798;0;cluster3
0.1116223173926511;0;N;0.5478179894792893;0.1221738774435307;0.1315334104411641;cluster7
0.2537237286733512;0;Y;1.0573727122317451;0.0802195190833743;0.5261336417646564;cluster8
0.5891177862389921;0;N;0.9859790560219236;0.4258413914593121;0.5261336417646564;cluster2
0.0186037195654418;0;N;2.1040130447718184;0.0791987488337101;0.1315334104411641;cluster3
0.4370261775516498;0;Y;0.1824504547584344;0.2498293045530572;0;cluster6
0.323568293161875;0.4;Y;1.3662785972703226;0.2365648105970966;0.1315334104411641;cluster8
0.2018317535654787;0;N;1.1539641294567988;0.111659108520039;0.9207338730881488;cluster4
0.4100259792223385;0;N;0.1311216823200001;0.5923212921739968;0.2630668208823282;cluster7
0.5271053876875194;0.4;N;0.7666652101486133;0.2061844772678213;0.1315334104411641;cluster5
0.1547209343859247;0;N;2.106812795995733;0.1237425490708094;0.3946002313234923;cluster3
0.1854170716689038;0;N;0.8753888826772966;0.148385207859228;0;cluster4
0.0473774724933252;0;Y;1.747511388926693;0.0939168297687519;0.2630668208823282;cluster8
0.4267135156725399;0;N;1.726046629543348;0.3666542444527537;0.2630668208823282;cluster3
0.6356270851525968;0;N;1.263621052393454;0.6410723574274123;0.3946002313234923;cluster2
0.4100259792223385;0.4;N;0.3061061338146623;0.2353962874711659;0;cluster5
0;0;N;0.0116656300996441;0.0369338931369066;0.1315334104411641;cluster7
0.6046208858768604;0;N;0.444227194194449;0.5093055070209045;0.2630668208823282;cluster7
0.6182636135581845;0;N;1.6518532221096112;0.6243653184149343;0.3946002313234923;cluster2
0.9053810188515038;0;N;1.526797667441426;0.3879977851311769;0.7892004626469847;cluster2
0.4409856691991614;0;N;1.8109724166687573;0.1743137119716426;0.1315334104411641;cluster3
0.0742908534646644;0;N;1.102168731814379;0.1126570557610522;0.1315334104411641;cluster4
0.303860752902217;0;N;0.3135721370784346;0.2116197842365505;0.1315334104411641;cluster7
0.43408678986031;0;N;1.958892606332245;0.4860652699045914;0.3946002313234923;cluster3
0.3117983399168055;1.2;Y;0.6350769026246273;0.4119472509705688;0.1315334104411641;cluster6
0.2325464945680232;0;N;0.95658166817082;0.2109655246552225;0;cluster4
0.2790557934816278;0;N;0.3551017802331678;0.2865067744751206;0.3946002313234923;cluster7
0.1939189715103108;0;N;0.7927962215718163;0.2160631853489093;0.1315334104411641;cluster7
0.8300979670100157;0;N;1.286019062184771;0.4139162948541823;0.1315334104411641;cluster2
0.46819360906362;0.4;N;1.167962885576372;0.8001869898274442;0;cluster2
0.2790557934816278;0;Y;1.1987601490394324;0.2127413934002543;0;cluster8
1.0932134734439871;0;Y;1.4082748656290414;0.1498800403408712;0.3946002313234923;cluster8
0.3350498887536802;0;N;1.421340371340643;0.2512250881605551;0;cluster4
0.3117983399168055;0.4;Y;1.2640876775974397;0.2057943231558825;0;cluster8
0.4893398369696723;0;N;1.8086392906488284;0.1837127639460822;0;cluster3
0.0549305826368946;0;N;0.1007910440609254;0.1374545530003185;0;cluster7
0.9454720345150308;0;N;1.8422363053358035;0.6707571856727977;0.2630668208823282;cluster2
0.6980859729736403;0.4;N;0.428361937258933;0.7011699634751554;0.5261336417646564;cluster5
0.5637795201908603;0.4;Y;0.9318505323595744;0.4765577713465618;0;cluster6
0.1085216974650775;0;N;2.0232868844822813;0.1338943874057533;0.2630668208823282;cluster3
0.714668088346304;0;N;1.2542885483137387;0.3982435259755703;0.2630668208823282;cluster2
0.1568076515971818;0;Y;0.3854324184922425;0.1502359599398335;0.1315334104411641;cluster6
0.43408678986031;0;N;1.1250333668096817;0.2233963821154578;0;cluster4
0.2302985451205323;0;Y;0.3084392598345912;0.2510674154798748;0.1315334104411641;cluster6
0.1854170716689038;0.8;Y;0.6850057994511043;0.3467102166316078;0;cluster6
0.5077575193394598;0;N;1.8660341907390776;0.6476358370394575;0.2630668208823282;cluster3
0.3193607519201576;0;Y;0.8973202672646277;0.1682019936778949;0;cluster6
1.1315650413281455;0;Y;0.4278953120549472;0.5081049123468694;0.7892004626469847;cluster6
0.1496886282434727;0;N;1.7549773921904652;0.1083061400432267;0.1315334104411641;cluster3
0.0930185978272093;0;Y;0.0265976366271886;0.1189773882874692;0;cluster6
0.7441487826176744;0;N;0.7899964703479015;0.6655788240138809;0.1315334104411641;cluster2
0.1396488209179893;0;N;1.9028975818539533;0.2048955739590059;0.1315334104411641;cluster3
0.2790557934816278;0;Y;1.2332904141343792;0.165385813414354;0.5261336417646564;cluster8
0.5054010481945037;0.4;N;1.0513065845799303;0.3683043628952183;0;cluster4
0.0146225235784373;0.4;N;0.2417118556646267;0.0728142732110845;0.2630668208823282;cluster5
0.3392233231761944;0;N;0.9953115601016383;0.2540934033360143;0;cluster4
0.7004641484580892;0.4;N;0.4493600714382925;0.3906507734243638;0;cluster5
0.7119023353709084;0.4;N;0.982712679594023;0.2974841195412703;0.7892004626469847;cluster2
0.6190387685400779;0.4;N;0.1539863173153027;0.5208661813375747;0.6576670522058206;cluster5
0.0516253217941011;0;N;0.1222558034442707;0.0327695890780509;0.5261336417646564;cluster7
0.3705364838247607;0;Y;0.3070393842226339;0.1928225007226227;0.2630668208823282;cluster6
0.2790557934816278;0;N;0.3495022777853385;0.4657976177875743;0.1315334104411641;cluster7
0.43408678986031;0;Y;0.3033063825907478;0.3725663732982988;0.2630668208823282;cluster6
1.1315650413281455;0;Y;1.2323571637264077;0.5589512938814349;0.6576670522058206;cluster8
0.0146225235784373;0;Y;1.917362963177512;0.0310011788325783;0;cluster8
0.4962790243675821;0;N;0.7004044311826344;0.316735774848341;0.1315334104411641;cluster7
0.3445408863519831;0.4;N;1.089569851306763;0.5471404614895511;0.1315334104411641;cluster4
0.3445408863519831;0;N;0.8674562542095385;0.1251099157949869;0.1315334104411641;cluster4
0.43408678986031;0.8;N;0.5468847390713175;0.1994226015675031;0.3946002313234923;cluster1
0.1342568428639387;0;Y;0.7363345718895387;0.1321540957036187;0;cluster6
1.320324581278974;0;N;1.608923703342921;0.7219987185140067;0.7892004626469847;cluster2
0.0930185978272093;0;N;1.0835037236549483;0.0593093918143328;0.2630668208823282;cluster4
0.1550309963786821;0.4;Y;0.4759577080654811;0.1488113865240374;0;cluster6
0.1155197966416112;0;N;2.0382188910098256;0.1003460563887323;0;cluster3
0.3539574690720243;0;Y;1.4017421127732406;0.2642199573574527;0;cluster8
0.3262968386981399;0;N;1.495067153570394;0.1428893378740786;0.6576670522058206;cluster4
0.4030805905845736;0;Y;0.3560350306411393;0.1488113865240374;1.0522672835293128;cluster6
0.4511805075210234;0;N;1.3560128427826357;0.2316201237293678;0.2630668208823282;cluster4
0.1444888886249317;0;N;1.796040410141213;0.2810754205111578;0.2630668208823282;cluster3
0.3037925392638104;0;N;1.7867079060614974;0.2061424113303077;0.5261336417646564;cluster3
0.1240247971029457;0;N;0.0513287724384343;0.1061913570782275;0.1315334104411641;cluster7
0.1444888886249317;0;N;2.188472206693242;0.1792801776580841;0.1315334104411641;cluster3
0.4215540841130573;0;Y;1.9196960891974408;0.3625173130872799;0.1315334104411641;cluster8
0.7119023353709084;0.4;Y;0.4647587031698228;0.3570526942152833;0.5261336417646564;cluster6
0.5445928840790346;0;Y;1.1432317497651263;0.4611733480609062;0.2630668208823282;cluster8
0.2015402952922868;0;N;0.5137543495883281;0.1861038843197476;0.1315334104411641;cluster7
0.6542308047180386;0;N;1.564594308964273;0.2993374820967215;0;cluster3
0.3441626107208192;0;N;1.9336948453170135;0.5636811013768649;0.2630668208823282;cluster3
0.7119023353709084;0.4;N;0.9551817925588628;0.4464055189338051;0.3946002313234923;cluster2
0.3445408863519831;0.4;N;0.4316283136868334;0.3007658593472928;0;cluster5
0.4867973286290619;0;N;0.3891654201241287;0.1241983379788686;0.1315334104411641;cluster7
0.2694314692264393;0;N;0.4194960583832035;0.144181149997722;0;cluster7
0.4893398369696723;0.4;N;0.1763843271066195;0.312562744345001;0.2630668208823282;cluster5
0.4893398369696723;0;N;0.9677806730664784;0.6254840933488055;0;cluster2
0.0681516260080686;0;N;0.5151542252002854;0.0658977082299097;0;cluster7
0.5261752017092473;0;N;1.5291307934613547;0.6378758682713509;0;cluster2
0.5077575193394598;0;N;1.317749576055803;0.3699239014894904;0;cluster4
0.9244560326459368;0;N;0.37470003880057;0.2415731184660649;0;cluster7
0.3281696131343944;0.4;N;0.5249533544839866;0.1796398265068259;0;cluster5
0.1403960703205345;0;N;2.015820881218509;0.2166445008045489;0.1315334104411641;cluster3
0.6750669706313336;0.4;N;0.3415696493175806;0.6790212031843271;0;cluster5
0.1240247971029457;0;N;1.1450982505810694;0.1161804509527909;0;cluster4
0.2480495942058914;0.4;N;0.4647587031698228;0.3725663732982988;0.3946002313234923;cluster5
0.1547209343859247;0.8;N;0.9145853998121012;0.1310426300993153;0.6576670522058206;cluster1
0.2027402352042578;0;N;0.6271442741568692;0.2807783484737172;0.3946002313234923;cluster7
1.0342427830414644;0;N;1.96495873398406;0.7317677120665798;0.1315334104411641;cluster2
0.2790557934816278;0;N;0.6206115213010684;0.2482580224509327;0.5261336417646564;cluster7
0.2480495942058914;0;Y;1.5692605610041308;0.1914314159698472;0.2630668208823282;cluster8
0.1093898710447981;0;N;1.0125766926491122;0.0418565028459404;0.2630668208823282;cluster4
0.2058811631908899;0;N;1.3242823289116037;0.2275731418685773;0.6576670522058206;cluster4
0.1240247971029457;0;N;1.963092233168117;0.1488113865240374;0.1315334104411641;cluster3
0.1772221332003267;0;N;1.2533552979057672;0.124864009064522;0.5261336417646564;cluster4
0.2638069446778207;0;N;0.7941960971837736;0.1769336591117824;0.2630668208823282;cluster7
0.0681516260080686;0;N;1.7190472514835613;0.0950505217017415;0.1315334104411641;cluster3
0.0804300809212603;0.4;N;0.6294774001767983;0.0889942200597181;0.3946002313234923;cluster5
0.4290420812381477;0;N;1.6686517294530987;0.2763013841133421;0;cluster3
0.0930185978272093;0;N;1.3256822045235608;0.2482580224509327;0.2630668208823282;cluster4
0.43408678986031;0;N;0.211381217405552;0.2233963821154578;0.2630668208823282;cluster7
0.2790557934816278;0;Y;0.8399253671743786;0.4968747241456648;0.6576670522058206;cluster6
0.3705612887841812;0.4;N;0.6588747880279013;0.3216298185040632;0.1315334104411641;cluster5
0.0567413446745976;0.4;Y;0.7013376815906062;0.1051791641030564;0.2630668208823282;cluster6
0.5891177862389921;0.4;Y;0.3000400061628475;0.2979813777068783;0.2630668208823282;cluster6
0.4185836902224418;0;N;0.0965914172250535;0.2919339516793303;0.1315334104411641;cluster7
0.306958272209863;0;Y;1.115700862729966;0.1474539396042735;0.7892004626469847;cluster8
0.2671091049006866;0;Y;1.0167763194849837;0.0952563762895738;0.3946002313234923;cluster6
0.3224644724676588;0;N;0.4386276917466198;0.1211083561965116;0.1315334104411641;cluster7
0.1550309963786821;0;Y;0.919251651851959;0.1786453847606055;0.1315334104411641;cluster6
0.1649529801469178;0.8;Y;0.5828148797782217;0.0920683152380141;0;cluster6
0.0020464091521986;0.4;N;0.8501911216620655;0.0719210433038817;0.1315334104411641;cluster5
0.0465092989136046;0;Y;1.60239095048712;0.1239497461885624;0.3946002313234923;cluster8
0.2790557934816278;0;Y;0.9383832852153752;0.165385813414354;0.1315334104411641;cluster6
0.5261752017092473;0.4;N;1.2244245352586498;0.6697875807301092;0.1315334104411641;cluster2
0.1118951719462776;0;N;0.9696471738824216;0.0657466736138371;0.7892004626469847;cluster4
0.4862082108428229;0;N;0.330837269625908;0.1881493032388467;0.3946002313234923;cluster7
0.5581115869632557;0;N;0.3872989193081857;0.2358272395756931;0.2630668208823282;cluster7
0.4890297749769149;0;N;1.5589948065164436;0.4496196847338217;0.1315334104411641;cluster3
0.0956262191862987;0;Y;1.4806017722468348;0.1011789470345017;0.2630668208823282;cluster8
0.1550309963786821;0.4;N;0.2095147165896088;0.1115188887283271;0.3946002313234923;cluster5
0.43408678986031;0;N;1.7652431466781522;0.5081754697526989;0.1315334104411641;cluster3
0.3565650904311138;0;N;0.2552439865802138;0.1861009009199239;0.1315334104411641;cluster7
0.7303665270396095;0;N;1.4974002795903223;0.6101320399512367;0.3946002313234923;cluster2
0.3410681920331007;0.8;N;1.1124344863020657;0.2553613482610685;0;cluster1
0.3100619927573643;0;Y;0.3667674103328119;0.3278153759434465;0;cluster6
0.4511805075210234;0.4;Y;0.2585103630081142;0.4635988521175393;0;cluster6
0.5185321735877781;0;N;1.663985477413241;0.5284042630870127;0.2630668208823282;cluster3
0.1052970527404009;0;N;0.8618567517617095;0.2518533921634172;0.1315334104411641;cluster4
0.6827099987528025;0;N;1.0447738317241295;0.4398553900359709;0.1315334104411641;cluster2
0.4199603654702845;0;Y;2.000422249486978;0.492729588430676;0;cluster8
0.2790557934816278;0;Y;0.3970980485918867;0.1617826868623281;0.7892004626469847;cluster6
0.1550309963786821;0;Y;1.4082748656290414;0.0385552963560685;0.1315334104411641;cluster8
0.1444888886249317;0;N;0.1693849490468329;0.1685018253601723;0;cluster7
0.1547209343859247;0;N;0.4241623104230612;0.2230234571375007;0;cluster7
0.1939189715103108;0.4;N;0.3429695249295379;0.2701686328508376;0;cluster5
0.1240247971029457;0.4;Y;0.7008710563866204;0.1430740849081585;0.2630668208823282;cluster6
0.360912159569572;0;Y;0.3313038948298938;0.4710185674789738;0.1315334104411641;cluster6
0.8730725592061864;0;N;1.2136921555669768;0.8695411159230516;0;cluster2
0.362701217267782;0;N;1.6411208424179389;0.4616208580344548;0.1315334104411641;cluster3
0.9590217435985278;0;Y;0.079792909881566;0.5288634083198736;0.1315334104411641;cluster6
0.077515498189341;0;Y;0.1833837051664059;0.0369338931369066;0.3946002313234923;cluster6
0.4893398369696723;0;N;1.2911519394286142;0.17845362673694;0.6576670522058206;cluster4
0.4368401403559954;0;N;1.1511643782328844;0.2957987969808865;0.6576670522058206;cluster4
0.2200944049388875;0.4;Y;0.2874411256552318;0.2233521532130721;0;cluster6
0.1547209343859247;0.4;N;0.5268198552999296;0.1783470447782398;0.1315334104411641;cluster5
0.7441487826176744;0;N;1.9462937258246296;0.414002515109086;0.9207338730881488;cluster3
0.2432374320782971;0;N;0.3686339111487549;0.3294860798446943;0.2630668208823282;cluster7
0.0742908534646644;0;N;1.6737846066969422;0.0970608856729126;0;cluster3
0.1597873473475801;0.4;N;1.2211581588307494;0.130770320280411;0.2630668208823282;cluster4
0.0742908534646644;0;N;1.462870014495376;0.100957653352582;0.1315334104411641;cluster4
0.7364592451972917;0;N;1.512798911321853;0.3353010244409838;0.1315334104411641;cluster2
0.015686036213595;0.4;N;0.8553239989059088;0.037080601823235;0;cluster5
0.1240247971029457;0.4;N;0.4834237113292534;0.0742263909326169;0.2630668208823282;cluster5
0.8991797789963565;0;N;1.6313217131342377;0.2030550400227965;0.2630668208823282;cluster2
0.1521722248054592;0;Y;0.1950493352660501;0.1068514342892116;0.2630668208823282;cluster6
0.5891177862389921;0.4;N;0.4904230893890398;0.4968747241456648;0.2630668208823282;cluster5
0.5633206284415795;0;Y;1.3746778509420663;0.4081114192322976;0;cluster8
0.1550309963786821;0;Y;1.179161890472031;0.0948563023732214;0;cluster8
0.1608601618425206;0;N;1.281352810144913;0.1842541764290803;0;cluster4
0.6419740541443401;0;Y;1.6803173595527428;0.4621685356570826;0.5261336417646564;cluster8
0.1085216974650775;0;N;0.9164519006280444;0.2233963821154578;0.1315334104411641;cluster4
0.4100259792223385;0.4;Y;0.2197804710772957;0.3785331729456124;0.2630668208823282;cluster6
0.7119023353709084;1.2;N;0.98084617877808;1.0508511242361562;0.2630668208823282;cluster1
0.1550309963786821;0;N;1.9308950940930991;0.165385813414354;0.2630668208823282;cluster3
0.5338523366499195;0;N;1.950026727456516;0.3015880097536971;0.1315334104411641;cluster3
0.0930185978272093;0.4;Y;0.4316283136868334;0.1189773882874692;0;cluster6
1.053888310902571;0;Y;1.2748200572891124;0.7452697592334989;0.1315334104411641;cluster8
0.0804300809212603;0;N;1.3088836971800732;0.0889942200597181;0.1315334104411641;cluster4
0.1550309963786821;0.4;Y;0.4171629323632748;0.0742263909326169;0.2630668208823282;cluster6
0.43408678986031;0;N;1.7801751532056969;0.2793351288090232;0;cluster3
0.3193638525400852;0;N;0.3019065069787904;0.4210466204327221;0.1315334104411641;cluster7
0.43408678986031;0.8;N;0.9817794291860512;0.4860652699045914;0.2630668208823282;cluster1
0.0589117786238992;0;N;1.649986721293668;0.1438390286229441;0;cluster3
1.0542107753750387;0.4;N;0.3182383891182923;0.6522601067661254;0.3946002313234923;cluster5
0.2790557934816278;0;N;0.2505777345403563;0.2028702929887165;0.1315334104411641;cluster7
0.8991797789963565;0;N;1.5071994088740237;0.4968747241456648;0;cluster2
0.2790557934816278;0;N;1.6798507343487572;0.2482580224509327;0.7892004626469847;cluster3
1.1315650413281455;0;Y;1.560394682128401;1.1182611924216732;0;cluster8
0.1986722218592811;0;N;0.2104479669975803;0.2206367372785752;0.2630668208823282;cluster7
0.0990027942874264;0;N;1.371411474514166;0.0621883726441616;0.7892004626469847;cluster4
0.1395278967408139;0;Y;1.805372914220928;0.0908008178229335;0.3946002313234923;cluster8
0.6116096831936114;0;Y;1.685450236796586;0.8584213135153222;0;cluster8
0.3281696131343944;0;Y;0.0961247920210677;0.191639731862534;0;cluster6
0.4268995528681943;0;N;1.8347703020720316;0.289506135487834;0.1315334104411641;cluster3
0.3712713307475956;0;N;1.040107579684272;0.3221991257754125;0.6576670522058206;cluster4
0.5814282488186095;0;N;0.9892454324498238;0.3679421035716307;0.3946002313234923;cluster4
0.1795879062050654;0;N;0.8977868924686135;0.3373622553791483;0;cluster4
1.33636718878424;0;Y;1.2776198085130273;0.5056718752056816;0;cluster8
0.1649529801469178;0;N;1.6490534708856963;0.1174856883756408;0.1315334104411641;cluster3
0.687345425544525;0;Y;1.5813928163077606;0.4666644446063379;0.1315334104411641;cluster8
0.1240247971029457;0.4;N;0.9747800511262648;0.1061913570782275;0.5261336417646564;cluster4
0.2790557934816278;1.2;N;0.8973202672646277;0.1861038843197476;0.1315334104411641;cluster1
0.9628696129286466;0.8;N;0.8767887582892541;0.4777923767785866;0;cluster1
0.2058811631908899;0;N;0.5898142578380081;0.3795276146918328;0.1315334104411641;cluster7
0.5533366322747922;0.8;N;0.775064463820357;0.351048602070174;0.1315334104411641;cluster1
0.2790557934816278;0;Y;0.9593814193947348;0.1861038843197476;0.2630668208823282;cluster6
0.2790557934816278;0;Y;0.5445516130513889;0.2482580224509327;1.3153341044116411;cluster6
0.4495898894981782;0;N;1.923429090829327;0.2308548816745999;0;cluster3
0.2130994063822813;0;N;0.585614631002136;0.1464395836642302;0.1315334104411641;cluster7
0.3297664323970948;0.8;N;0.8217269842189336;0.1442803480418585;0.2630668208823282;cluster1
0.4893398369696723;0.4;Y;1.034041452032457;0.17845362673694;0.2630668208823282;cluster6
0.365922761372531;0;N;0.3429695249295379;0.1189923052865874;0;cluster7
1.0542107753750387;0;N;1.3858768558377246;0.501655771533066;0.3946002313234923;cluster2
0.3640871943754075;0;N;0.0517953976424199;0.2565040649785247;0;cluster7
0.2511502141334651;0.4;N;0.6518754099681149;0.2258825237735066;0.2630668208823282;cluster5
0.3445408863519831;0.4;N;0.5426851122354458;0.128694769023093;0.3946002313234923;cluster5
0.0821199187817879;0;N;1.1600302571086138;0.0903492056746275;0.2630668208823282;cluster4
0.7255450630522325;0;Y;0.5254199796879723;0.3029537356079715;0.1315334104411641;cluster6
0.3372451276624024;0;N;1.3956759851214255;0.2527338680363739;0;cluster4
0.2821564134092015;0.4;Y;0.3313038948298938;0.1670432411863865;0.1315334104411641;cluster6
0.1531954293815585;0;Y;1.4162074940967997;0.1700623672229317;0.6576670522058206;cluster8
0.4619923692084728;0;N;1.2785530589209984;0.2152598303613942;0.2630668208823282;cluster4
0.5261752017092473;0.8;N;0.4372278161346626;1.339933766119022;0.2630668208823282;cluster1
0.1550309963786821;0;N;0.7139365620982216;0.1786453847606055;0;cluster7
0.3795871933933481;0;N;1.2561550491296818;0.3947121501893034;0.1315334104411641;cluster4
0.1444888886249317;0;Y;1.335481333807262;0.0763961430393669;0;cluster8
0.7119023353709084;0;Y;0.1175895514044129;0.5102289438513219;0.5261336417646564;cluster6
0.1240247971029457;0;N;2.08721453742833;0.2482580224509327;0.1315334104411641;cluster3
1.3565832307120202;0.4;N;0.3009732565708189;0.5131533469434658;0.2630668208823282;cluster5
0.340448068047586;0;N;0.5174873512202142;0.2549351695962591;0.3946002313234923;cluster7
0.0958308601015185;0;N;2.0204871332583663;0.1521938160741082;0.1315334104411641;cluster3
0.086817357972062;0.4;N;1.0041774389773683;0.1413528869648953;0;cluster4
0.5138967467960556;0;N;1.6495200960896823;0.3637405070149792;0.5261336417646564;cluster3
0.1085216974650775;0.4;N;1.191760770979646;0.1674576354218925;0;cluster4
0.1342568428639387;0;N;2.134810308234879;0.1321540957036187;0;cluster3
1.013155466914036;0.4;N;0.6220113969130259;0.3860593956807514;0.2630668208823282;cluster5
0.3820459849959139;0.4;N;0.9971780609175817;0.3308385295697535;0.1315334104411641;cluster4
0.8567012859885975;0;N;1.59025869518349;1.185957219480288;0.3946002313234923;cluster2
0.3117983399168055;0.4;Y;0.6579415376199299;0.1828884505748058;0.1315334104411641;cluster6
0.3117983399168055;0.4;Y;1.096102604162564;0.1645637375929453;0;cluster6
0.2232446347853023;0;N;1.4395387542960878;0.2035070250960805;0;cluster4
0.6597127007499888;0;Y;1.3037508199362298;0.2765605669730224;0;cluster8
0.4831944082732214;0;N;0.9995111869375106;0.3088670578134461;0;cluster4
0.0457403451715663;0.4;Y;0.9472491640911046;0.07348650777635;0.5261336417646564;cluster6
0.9166672753878716;0.4;N;0.6033463887535953;0.3253008174020773;0.6576670522058206;cluster5
0.2976595130470697;0;N;0.3677006607407835;0.3158817766488193;0;cluster7
0.1118331595477261;0;N;1.813772167892672;0.1490319343560012;0.1315334104411641;cluster3
0.0462116394005575;0.8;N;0.5711492496785776;0.061556861486489;0.1315334104411641;cluster1
0.7217623067405926;0;Y;2.006955002342779;0.3617962999348976;0;cluster8
0.4928094306686272;0;N;1.4493378835797888;0.1571453647614315;0.2630668208823282;cluster4
0.306958272209863;0;N;1.5795263154918175;0.2706310598235044;0;cluster3
0.5490081668558995;0;N;1.5697271862081164;0.4356466333197426;0;cluster3
0.6415771747936106;0;N;1.2505555466818523;0.4041139618085799;0.5261336417646564;cluster2
0.4000047756164205;0;N;1.1604968823125996;0.3452384309136023;0.1315334104411641;cluster4
0.8991797789963565;0;N;1.4022087379772263;0.55902886227685;0.1315334104411641;cluster2
0.4617133134149911;0;N;1.5515288032526715;0.5264103823998673;0.1315334104411641;cluster3
0.4619923692084728;0;N;2.046618144681569;0.3702355921860669;0.2630668208823282;cluster3
0.8991797789963565;0;Y;0.7843969679000725;0.4968747241456648;0;cluster6
0.1563797660471766;0;N;1.4120078672609275;0.0998090444204741;0.7892004626469847;cluster4
1.0249316213989608;0.4;Y;1.0438405813161582;0.4614675858685144;0.5261336417646564;cluster8
0.0620123985514728;0;N;0.0415296431547331;0.1153667286508885;0.1315334104411641;cluster7
0.4650557816969156;0.4;N;0.5011554690807125;0.1832214725801215;0.5261336417646564;cluster5
0.5077575193394598;0;N;1.5356635463171553;0.323638616190327;0.5261336417646564;cluster3
0.4407748270440863;0;N;1.4227402469526;0.4361271098613425;0;cluster4
0.4012047155283915;0;Y;0.302839757386762;0.296692101473085;0;cluster6
0.3281696131343944;0.4;Y;0.2986401305508901;0.2156395425739501;0.1315334104411641;cluster6
0.1717898470872176;0;N;1.6905831140404295;0.5416671161730703;0;cluster3
0.2813750571874529;0.4;N;0.3210381403422069;0.1666255652110746;0.3946002313234923;cluster5
0.2055897049176979;0;N;1.9523598534764444;0.1319967959479163;0.1315334104411641;cluster3
0.5445928840790346;0;Y;0.2729757443316731;0.2765605669730224;0.2630668208823282;cluster6
0.8766878820417373;0;N;0.7969958484076881;0.3408048004356659;0.5261336417646564;cluster2
0.160965582920058;0;Y;1.0289085747886135;0.1843556120230847;0.1315334104411641;cluster6
0.3036127033080111;0.4;Y;0.294907128919004;0.1234754602015965;0.3946002313234923;cluster6
1.0501117558307862;0;N;1.4404720047040591;0.5197643371977025;0;cluster2
0.2024580787908485;0.4;Y;0.1376544351758009;0.2804389867437762;0;cluster6
0.0930185978272093;0.4;Y;0.5753488765144492;0.0781519484205845;0;cluster6
0.1860371956544186;0.8;N;1.0177095698929557;0.2896941642617199;0.1315334104411641;cluster1
0.2670439918822075;0;Y;0.4054973022636306;0.2044858785782223;0.6576670522058206;cluster6
0.4928094306686272;0.4;Y;0.6817394230232039;0.2796483857905071;0.1315334104411641;cluster6
0.5891177862389921;0;N;1.1670296351684002;0.2482580224509327;0;cluster4
0.1547209343859247;0;N;1.69384949046833;0.2230234571375007;0.3946002313234923;cluster3
0.3281696131343944;0;N;0.3098391354465485;0.1596400091089777;0.3946002313234923;cluster7
0.1304492815928783;0;N;0.1105901733446265;0.1106067888172396;0.5261336417646564;cluster7
0.217043394930155;0;N;1.3480802143148776;0.3506295835649413;0.3946002313234923;cluster4
0.5373188297289468;0;Y;1.2864856873887565;0.4553408014056572;0.2630668208823282;cluster8
0.5338523366499195;0;N;1.1110346106901088;0.7147780705058056;0;cluster2
0.2775178859975513;0;N;1.128299743237582;0.2646951383643656;0.3946002313234923;cluster4
0.4960991884117828;0;Y;0.901053268896514;0.1687007435434147;0.5261336417646564;cluster6
0.2790557934816278;0;N;0.98411255520598;0.165385813414354;0;cluster4
0.2821564134092015;0;N;0.4334948145027764;0.1978804821986549;0;cluster7
0.1342568428639387;0;N;2.2113368416885444;0.2646667214810453;0;cluster3
0.4100259792223385;0;Y;0.279041871983488;0.4818673280127239;0;cluster6
0.0804300809212603;0.4;N;0.3201048899342353;0.133670632418979;0.3946002313234923;cluster5
0.0930185978272093;0;Y;0.5846813805941647;0.1985347417799828;0;cluster6
0.1649529801469178;0.8;N;0.4698915804136662;0.1881922641963073;0.2630668208823282;cluster1
0.2204168694113551;0;N;1.7069149961799317;0.2876389001232028;0;cluster3
0.43408678986031;0;N;0.4306950632788619;0.3192913551372854;0;cluster7
0.1860371956544186;0.4;N;1.089103226102777;0.2084793829971737;0.5261336417646564;cluster4
0.5445928840790346;0;Y;1.608457078138935;0.251386117166037;0;cluster8
0.168034996354926;0.4;N;0.3401697737056233;0.136438779945359;0.1315334104411641;cluster5
0.1463430593416207;0.4;N;0.605679514773524;0.0849636468979578;0.1315334104411641;cluster5
0.5336042870557136;0;N;1.6989823677121734;0.2712739824855024;0.3946002313234923;cluster3
0.569155995145273;0;Y;1.0867701000828487;0.4121220036152395;0.1315334104411641;cluster8
1.2092417717537207;0;Y;0.6817394230232039;0.3311302314875116;0.7892004626469847;cluster6
0.1062148362389627;0.4;Y;0.2071815905696801;0.1646830735858916;0.2630668208823282;cluster6
0.1093898710447981;0.4;Y;1.4082748656290414;0.1347297393563772;0.1315334104411641;cluster8
1.0342427830414644;0.8;N;0.5095547227524562;0.9851960409969054;0.1315334104411641;cluster1
0.5484624577486465;0.4;Y;0.7876633443279729;0.4352364158439898;0.6576670522058206;cluster6
0.3410681920331007;0;N;2.0274865113181524;0.2233963821154578;0;cluster3
0.1563797660471766;0;N;2.0302862625420675;0.321608860120302;0;cluster3
0.5891177862389921;0;N;0.818927232995019;0.3725663732982988;0.3946002313234923;cluster4
0.0496099188411782;0;N;1.7087814969958746;0.0772097907562737;1.4468675148528052;cluster3
1.157349796645848;0;N;1.3210159524837033;0.2854988328446982;0.6576670522058206;cluster2
0.43408678986031;0.4;N;1.4124744924649133;0.414002515109086;0.6576670522058206;cluster4
0.5091403958271575;0.4;N;0.5557506179470469;0.3708743380883118;0.2630668208823282;cluster5
0.1395278967408139;0;Y;1.2911519394286142;0.2047501332176027;0.1315334104411641;cluster8
0.2113878641822607;0.8;N;0.5146875999962998;0.2328716599553918;0;cluster1
0.8567012859885975;0.4;N;1.1768287644521014;0.3046940273101062;0.3946002313234923;cluster2
0.5261752017092473;0;Y;1.6369212155820667;0.8931696425264136;0.1315334104411641;cluster8
0.6182636135581845;0;N;1.652786472517583;0.2888654503757037;0.2630668208823282;cluster3
0.5261752017092473;0;N;1.2202249084227776;0.6697875807301092;0.1315334104411641;cluster2
0.1737246339220236;0;N;1.9122300859336685;0.1966323022974325;0;cluster3
0.1550309963786821;0;N;0.1539863173153027;0.089143390050901;0.3946002313234923;cluster7
0.1387403392792102;0;N;1.1520976286408555;0.1629706020871126;0.2630668208823282;cluster4
0.3852706297205905;0;N;0.1059239213047688;0.2221632683833449;0.1315334104411641;cluster7
1.3218934949623262;0;Y;1.7591770190263376;0.4335589992931388;0;cluster8
0.6004660551739117;0;N;1.1348324960933829;0.3371965275189442;0;cluster4
0.8567012859885975;0;N;1.2622211767814966;0.6097466592790157;0.1315334104411641;cluster2
0.1271254170305193;0;Y;0.3103057606505342;0.1898331340993186;0;cluster6
0.077515498189341;0;Y;1.8977647046101096;0.153198774304707;0.3946002313234923;cluster8
0.1891378155819922;0;Y;1.520264914585625;0.0752919121796359;0.1315334104411641;cluster8
0.585511765263224;0.8;N;1.076504345595162;0.4939832876215722;0.1315334104411641;cluster1
0.2093445556499896;0;N;0.9878455568378663;0.1923615654498677;0.1315334104411641;cluster4
0.1550185938989718;0;N;1.1749622636361583;0.1488014667196237;0.1315334104411641;cluster4
0.2956255063745814;0;Y;1.052239834987902;0.2241294780371259;0;cluster8
0.5240295727193662;0;Y;0.344836025745481;0.4446850668404977;0.3946002313234923;cluster6
0.2694314692264393;1.2;Y;0.4857568373491822;0.144181149997722;0.2630668208823282;cluster6
0.3358963579939079;0.4;Y;0.8403919923783643;0.3526730632741551;0.5261336417646564;cluster6
0.3281696131343944;0.8;Y;0.5384854853995737;0.2156395425739501;0;cluster6
0.5707497137880458;0;Y;0.7545329548449835;0.620014178942122;0.3946002313234923;cluster6
0.2563344506523682;0;N;1.8641676899231348;0.2761190237991211;0;cluster3
0.5767153065286976;0;Y;0.5870145066140934;0.5843877607779329;0.1315334104411641;cluster6
0.1395278967408139;0;N;1.859034812679291;0.1363805290638021;0.5261336417646564;cluster3
0.2821564134092015;0.4;Y;0.3103057606505342;0.1072568783252466;0.9207338730881488;cluster6
0.0391918358845308;0;Y;0.4446938193984349;0.0840716103506844;0.1315334104411641;cluster6
0.5891177862389921;0.8;N;0.6434761562963711;0.2127413934002543;0;cluster1
0.1421324174799758;0.4;N;0.7158030629141646;0.1662344414941932;0;cluster5
0.4368401403559954;0;N;0.3877655445121714;0.321183725645431;0.2630668208823282;cluster7
0.5261752017092473;0;N;1.1003022309984358;0.6697875807301092;0.5261336417646564;cluster2
0.4893398369696723;0;N;1.2505555466818523;0.2777936807051353;0;cluster4
0.1270323984326921;0;Y;1.2986179426923865;0.1263613028510198;0.3946002313234923;cluster8
0.1240247971029457;0;N;1.786241280857512;0.1239497461885624;0.5261336417646564;cluster3
0.0119621916805791;0.4;N;0.6294774001767983;0.1030012822317869;0;cluster5
0.2041572185111589;0;N;0.0947249164091105;0.1410620054820887;0;cluster7
0.1240247971029457;0;Y;1.4040752387931694;0.0742263909326169;0;cluster8
0.5891177862389921;0.4;Y;0.6976046799587201;0.2979813777068783;0.6576670522058206;cluster6
0.5814282488186095;0.8;N;0.500222218672741;0.4205565224266909;0;cluster1
0.1240247971029457;2;N;0.5440849878474028;0.1861038843197476;0.3946002313234923;cluster1
0.3117983399168055;0;Y;1.3466803387029205;0.1645637375929453;0.6576670522058206;cluster8
0.6827099987528025;0.4;Y;0.4325615640948049;0.8580587558517524;0;cluster6
0.8150506585015007;0;Y;0.6584081628239157;0.4519032535438442;0.1315334104411641;cluster6
0.7119023353709084;0.8;Y;1.622455834258508;0.3570526942152833;0.2630668208823282;cluster8
0.2790557934816278;0;N;1.668185104249113;0.2482580224509327;0.1315334104411641;cluster3
0.0551972359506659;0.4;N;0.384499168084271;0.0825858772385033;0;cluster5
0.1334754866421902;0;N;0.2057817149577227;0.0715792948540818;0.1315334104411641;cluster7
0.3193607519201576;0;Y;0.9631144210266208;0.4210428911829425;0.1315334104411641;cluster6
0.1199195763188382;0;N;0.4983557178567979;0.1293021146421939;0.1315334104411641;cluster7
0.2790557934816278;0;N;0.2445116068885412;0.2979813777068783;0.2630668208823282;cluster7
0.3199839765255999;0;Y;0.5552839927430614;0.3373622553791483;0.1315334104411641;cluster6
0.3358963579939079;0.4;Y;0.7512665784170831;0.1761572293076757;0.5261336417646564;cluster6
0.1629499796737052;0.4;N;0.3140387622824204;0.1329439508069318;0.2630668208823282;cluster5
0.294558893119496;0.4;N;0.6406764050724564;0.3912126221961539;0.2630668208823282;cluster5
0.3486337046563804;0;N;1.703648619752031;0.3649288697497373;0;cluster3
0.0155030996378682;0;Y;1.3718780997181514;0.1115188887283271;0;cluster8
0.8341907853144128;0;Y;1.536596796725127;0.259793859964071;0.3946002313234923;cluster8
0.2629635760575206;0.4;N;0.2753088703516018;0.2824975326220994;0;cluster5
0.1976366148034715;0.4;Y;0.6080126407934531;0.1715155066920393;0;cluster6
0.3895308815010767;0.4;Y;1.2463559198459806;0.2886689189123203;0.1315334104411641;cluster8
0.4100259792223385;0;Y;0.5809483789622786;0.2788248182691867;0;cluster6
0.1649529801469178;0.4;N;0.5230868536680435;0.3138928185713829;0.1315334104411641;cluster5
0.747249402545248;0.8;Y;1.0163096942809982;0.2009407045677709;0.3946002313234923;cluster6
0.43408678986031;0.4;Y;0.4516931974582214;0.1115188887283271;0;cluster6
0.6827099987528025;0;Y;1.379344102981924;0.4288500755964745;0.3946002313234923;cluster8
0.1177305386499712;0;N;2.14787581394648;0.0546851220876647;0;cluster3
0.0620123985514728;0;Y;1.5533953040686146;0.0220168940186225;0.5261336417646564;cluster8
0.2041448160314486;0;N;1.4222736217486145;0.1881922641963073;0.3946002313234923;cluster4
0.0930185978272093;0;N;1.931361719297085;0.0990880312680918;0.2630668208823282;cluster3
0.3782756311639844;0;N;1.9882899941833485;0.3934501720638965;0;cluster3
0.662788515718142;0;N;1.5071994088740237;0.1665327814765589;0.5261336417646564;cluster2
0.1444888886249317;0;N;2.0657497780449856;0.4217924703886362;0;cluster3
0.1550309963786821;0;N;0.2897742516751606;0.089143390050901;0.6576670522058206;cluster7
0.168034996354926;0.4;N;1.0195760707088986;0.2078113251916614;0;cluster4
0.2790557934816278;0;Y;1.789974282489398;0.4968747241456648;0;cluster8
0.3590207814137521;0;N;0.9033863949164428;0.4687437251134355;0;cluster4
0.43408678986031;0;Y;1.4544707608236322;0.1861038843197476;0.2630668208823282;cluster8
0.0930185978272093;0;Y;0.94118303643929;0.0848813796478204;0.2630668208823282;cluster6
0.3445408863519831;0.4;N;0.3886987949201428;0.1803160886618534;0.5261336417646564;cluster5
0.9688041994700226;0;Y;0.5268198552999296;0.2401444428755113;0;cluster6
0.176456280078216;0;N;1.3448138378869772;0.0994510364416353;0.2630668208823282;cluster4
0.1444888886249317;0;N;1.8319705508481168;0.2107169328649163;0;cluster3
0.1854170716689038;0.4;Y;1.2449560442340235;0.2599430299552538;0.2630668208823282;cluster8
0.4407748270440863;0;N;0.6439427815003568;0.6301208187697375;0.1315334104411641;cluster7
0.3445408863519831;0.8;N;0.7703982117804994;0.9030148619444812;0;cluster1
0.5829661563026861;0.4;Y;1.080237347227048;0.1551047938670458;0.2630668208823282;cluster6
0.1731386167557122;0;N;1.3448138378869772;0.3270197777954728;0.3946002313234923;cluster4
0.0930185978272093;0;N;0.2473113581124559;0.0742263909326169;0.1315334104411641;cluster7
1.0072301822324428;0.4;Y;1.0587725878437029;0.3326365500584759;0.6576670522058206;cluster8
0.1361482210197586;0;N;0.394764922571958;0.133670632418979;0;cluster7
0.260452073916186;0;N;2.045218269069612;0.2800809787649373;0.2630668208823282;cluster3
0.5292448154375451;0.4;Y;0.5277531057079013;0.2446734675628091;0;cluster6
0.460172305310987;0.4;N;0.5655497472307481;0.2950222180067887;0.1315334104411641;cluster5
0.2366889227912615;0.8;N;0.8478579956421367;0.3216099043102403;0.3946002313234923;cluster1
0.3162632326125115;0;Y;0.3406363989096091;0.278092020687501;0.5261336417646564;cluster6
0.8991797789963565;0;Y;0.1236556790562278;0.55902886227685;0.2630668208823282;cluster6
0.1550309963786821;0;N;1.034508077236443;0.2233963821154578;0;cluster4
0.3010050819489216;0;N;1.4236734973605716;0.2658576201056535;0.2630668208823282;cluster4
0.4686214946136252;0.4;N;0.3196382647302497;0.1498723580863253;0.2630668208823282;cluster5
0.1952739424186604;0.4;N;0.8875211379809269;0.2173669310718474;0.2630668208823282;cluster5
0.0310061992757364;0;Y;1.2430895434180804;0.0294753935777646;0;cluster8
0.5261752017092473;0;N;1.6709848554730278;0.5357583436523268;0.3946002313234923;cluster3
0.7040143582751611;0;Y;1.5818594415117462;0.5890021107001873;0.2630668208823282;cluster8
0.2247918441291615;0;N;1.7736424003498958;0.1534710841236113;0;cluster3
0.7119023353709084;0;Y;0.9355835339914604;0.4464055189338051;0;cluster6
0.163256941046535;0.8;Y;0.7997955996316027;0.0580535296585644;0.2630668208823282;cluster6
0.1426285166683875;0.4;Y;0.492289590204983;0.2194708246274902;0.3946002313234923;cluster6
0.7119023353709084;0;Y;1.592591821203419;0.4464055189338051;0.3946002313234923;cluster8
0.5922184061665658;0;N;1.563661058556301;0.5993047598962169;0;cluster2
0.0620123985514728;0.4;N;0.5380188601955881;0.0742263909326169;0.1315334104411641;cluster5
0.0618573675550941;0.4;Y;0.7979290988156598;0.0315531077999548;0;cluster6
0.8730725592061864;0;Y;1.805372914220928;0.362099637111968;0.1315334104411641;cluster8
0.8991797789963565;0;Y;1.8072394150368711;0.7454913512554011;0;cluster8
0.2728545536264806;0;N;0.7923295963678303;0.1458279867003805;0.2630668208823282;cluster7
0.7241807902841001;0.8;N;0.7647987093326704;0.3780981186663276;0.2630668208823282;cluster1
0.8960791590687828;0;Y;1.0317083260125284;0.4952172217886366;0.3946002313234923;cluster8
0.5261752017092473;0;Y;1.5785930650838458;0.2433309376421635;0.2630668208823282;cluster8
0.3281696131343944;0;N;0.7764643394323144;0.2876389001232028;0.2630668208823282;cluster7
0.1547209343859247;0;Y;0.9514487909269768;0.1485627947337311;0.5261336417646564;cluster6
0.5637795201908603;0.8;Y;0.7078704344464068;0.3573286586989716;0;cluster6
0.0609984958351562;0;N;2.05315089753737;0.2209574527596184;0;cluster3
0.1444888886249317;0;N;1.757310518210394;0.0875895608377449;0;cluster3
0.8839216283327666;0.8;N;0.2440449816845555;0.4398107136236117;0.3946002313234923;cluster1
0.844742194927946;0;N;1.1576971310886852;0.3507415356433241;0.5261336417646564;cluster2
0.3281696131343944;0;N;0.1245889294641993;0.3452384309136023;0.2630668208823282;cluster7
0.7728977305861372;0.4;Y;0.5272864805039154;0.8404153768046194;0.2630668208823282;cluster6
0.1674334760889767;0;Y;0.2785752467795022;0.1286532997655441;0.2630668208823282;cluster6
0.3317601310105246;0;Y;1.887498950122423;0.6141692511776047;0.1315334104411641;cluster8
0.3117983399168055;0;N;0.7605990824967982;0.1265047297975421;1.183800693970477;cluster4
0.1854170716689038;0.4;N;0.9388499104193608;0.2599430299552538;0.2630668208823282;cluster5
0.3441626107208192;0;N;1.3144831996279027;0.3004625967552181;0;cluster4
0.1943220521008953;0;N;1.6653853530251983;0.1803160886618534;0.6576670522058206;cluster3
0.0712212397363665;0;N;0.3523020290092533;0.2455481258061097;0;cluster7
0.4026154975954375;0;Y;0.9990445617335246;0.1892906774263822;0.2630668208823282;cluster6
1.3253630886612813;0;Y;0.94118303643929;0.8153234180027583;0;cluster8
0.3160399879777262;0;N;1.4675362665352336;0.4634274557976702;0.3946002313234923;cluster4
0.0953502640127446;0;Y;0.1721847002707476;0.0604311501480277;0;cluster6
0.4140288795488361;0;N;1.8646343151271203;0.534904345452805;0.3946002313234923;cluster3
0.4039983740831354;0;N;0.7699315865765136;0.3484405885293288;0.3946002313234923;cluster7
0.8999456321184671;0;N;2.003688625914879;0.4068035713346021;0;cluster3
0.43408678986031;0;Y;0.2337792271968686;0.2482580224509327;0.5261336417646564;cluster6
0.2821564134092015;0;Y;0.2902408768791463;0.1670432411863865;0.6576670522058206;cluster6
0.2790557934816278;0;N;1.6448538440498248;0.3725663732982988;0.5261336417646564;cluster3
1.269083736355892;0.4;Y;1.0415074552962296;0.6946078263930311;0.6576670522058206;cluster8
0.1649529801469178;0.4;Y;0.7745978386163714;0.0520166201153949;0.5261336417646564;cluster6
0.1506808266202963;0;N;1.5995911992632057;0.2181642446747196;0;cluster3
0.5077575193394598;0;N;1.8310373004401452;0.5180369486998053;0;cluster3
0.8216642808070154;0;N;2.043818393457655;0.4554385823348776;0.3946002313234923;cluster3
0.5581115869632557;0;Y;1.8963648289981525;0.3539201244004437;0.1315334104411641;cluster8
0.6980859729736403;0;N;1.648120220477725;0.3893794721745079;0.2630668208823282;cluster2
0.4893398369696723;0.4;Y;1.014443193465055;0.2777936807051353;0;cluster6
0.1854170716689038;0;N;0.8744556322693253;0.1207119369449432;0.9207338730881488;cluster4
0.3705612887841812;0;Y;0.2015820881218508;0.27563146168294;0;cluster6
0.5240295727193662;0;Y;0.1143231749765126;0.4446850668404977;0;cluster6
0.8567012859885975;0;N;0.8263932362587915;1.0673256072323805;0.2630668208823282;cluster2
0.4960991884117828;0;Y;1.2561550491296818;0.4222897285542443;0;cluster8
0.3720743913088372;0;N;1.246822545049966;0.2151091686702995;0;cluster4
0.340448068047586;0;Y;0.6168785196691824;0.2788689725865768;0.1315334104411641;cluster6
0.2325464945680232;0;Y;0.899186768080571;0.1264358878466112;0;cluster6
0.1517970497942228;0.4;N;0.9024531445084708;0.1217887951112922;0;cluster5
0.3136525106334945;0.8;N;0.394764922571958;0.2759987182012322;0.1315334104411641;cluster1
0.3317601310105246;0.8;Y;0.8856546371649835;0.5813944411498624;0;cluster6
0.8116802846402282;0;N;1.609390328546907;0.3681997947313991;0.3946002313234923;cluster2
0.5891177862389921;0;N;1.3200827020757315;0.2660164115612676;0.3946002313234923;cluster4
0.168034996354926;0;N;1.3345480833992904;0.1592383689077179;0;cluster4
0.3973072362794315;0.4;Y;0.4110968047114596;0.2940134559414147;0.1315334104411641;cluster6
0.1610337965584647;0;N;1.8641676899231348;0.1646234055894185;0.5261336417646564;cluster3
0.7447441016437685;0;N;1.9710248616358752;0.414320694700279;0.2630668208823282;cluster3
0.2790557934816278;0.4;N;0.334570271257794;0.5733721536090448;0;cluster5
0.1323096535494224;0;N;0.7120700612822787;0.1305927334059078;0.3946002313234923;cluster7
0.1240247971029457;1.2;Y;0.5590169943749473;0.2482580224509327;1.0522672835293128;cluster6
0.0620123985514728;0;Y;0.4946227162249119;0.1115188887283271;0.2630668208823282;cluster6
0.6974782514678358;0;N;1.472202518575091;0.4377312839465228;0.2630668208823282;cluster2
0.1813056496449412;0;N;1.808172665444843;0.2549980447475427;0;cluster3
0.0742908534646644;0;N;1.9836237421434904;0.0720101723736134;0;cluster3
0.2790557934816278;0.8;N;0.3084392598345912;0.4332750542149223;0;cluster1
0.4092818304397209;0;N;1.877233195634736;0.1320297625159677;0.7892004626469847;cluster3
0.2790557934816278;0;N;1.022842447136799;0.2482580224509327;0.2630668208823282;cluster4
0.1854170716689038;0;N;0.097524667633025;0.2599430299552538;0.2630668208823282;cluster7
0.4294730674080804;0;N;1.3466803387029205;0.3751250115720624;0.2630668208823282;cluster4
0.306958272209863;0.4;Y;1.06017246345566;0.2536942244396091;0;cluster6
0.43408678986031;0;Y;0.9976446861215676;0.2940558202189107;0;cluster8
0.1175755076535925;0.8;N;0.3336370208498225;0.2379156194522528;0.1315334104411641;cluster1
1.1570273321733806;0;Y;0.2981735053469044;0.6347077959986097;0.1315334104411641;cluster6
0.43408678986031;0;Y;1.4236734973605716;0.2233963821154578;0.2630668208823282;cluster8
0.1463430593416207;0;N;0.2365789784207833;0.1702858984547191;0.2630668208823282;cluster7
0.0921752292069092;0;N;0.8203271086069763;0.197182217469928;0.1315334104411641;cluster4
0.4742677235017368;0.8;Y;1.3896098574696107;0.346906971849978;0;cluster8
0.43408678986031;0;N;1.2776198085130273;0.3725663732982988;0;cluster4
0.3772834327871608;0;Y;0.135321309155872;0.2451752008281526;0;cluster6
0.0930185978272093;0;N;1.134365870889397;0.1488113865240374;0.1315334104411641;cluster4
0.1649529801469178;0;Y;1.5211981649935966;0.1043918448895933;0.2630668208823282;cluster8
0.6136746960653754;0.8;N;0.6565416620079726;0.3097956410085593;0;cluster1
0.4893398369696723;0.8;Y;1.0555062114158025;0.5003155537472838;0.2630668208823282;cluster6
0.2480495942058914;0;N;1.6705182302690416;0.3725663732982988;0;cluster3
0.0620123985514728;1.2;Y;0.3658341599248404;0.096681471800339;0.5261336417646564;cluster6
0.2433366519159795;0;N;1.4180739949127426;0.0939168297687519;0.5261336417646564;cluster4
0.2247918441291615;0;N;1.8133055426886864;0.1227051463671284;0.6576670522058206;cluster3
0.5538017252639283;0;N;0.6369434034405704;0.1754848455724191;0.3946002313234923;cluster7
1.4056970503647868;0;N;1.670051605065056;0.863633984272211;0.2630668208823282;cluster2
0.43408678986031;0;Y;0.424628935627047;0.1594663752392409;0.2630668208823282;cluster6
0.5373188297289468;0;N;1.3620789704344505;0.3902408542885933;0.2630668208823282;cluster2
0.1860371956544186;0;N;0.0555283992743061;0.2084793829971737;0;cluster7
0.0681516260080686;0;N;0.611745642425339;0.0741797753103722;0;cluster7
0.1403960703205345;0;Y;0.5417518618274741;0.0511796272948679;0.2630668208823282;cluster6
0.7119023353709084;0.4;N;0.9337170331755174;0.7144639930893701;0.5261336417646564;cluster2
0.8836766793584881;0;Y;1.676117732716871;0.4396928693305773;0;cluster8
0.3978529453866844;0;N;0.5986801367137375;0.1715771884833934;0.2630668208823282;cluster7
0.7441487826176744;0.8;Y;0.6504755343561576;0.5646792723728649;0;cluster6
1.0072301822324428;0;N;1.2486890458659092;0.4158853387377958;0;cluster2
0.1444888886249317;0;N;2.16887394812584;0.2810754205111578;0;cluster3
0.2954270666992167;0.4;N;1.642520718029896;0.2239930620801892;0.6576670522058206;cluster3
0.9977701908334156;0.4;N;0.4689583300056947;0.3803656517022981;0;cluster5
0.2790557934816278;0;N;1.0079104406092545;0.4383766679133754;0.3946002313234923;cluster4
0.184499288170342;0;N;1.0699715927393612;0.1148403823369998;0;cluster4
0.3199839765255999;0;N;0.3551017802331678;0.1872641285111677;0.3946002313234923;cluster7
0.1339994914099501;0;N;1.763376645862209;0.0790251895489689;0.2630668208823282;cluster3
0.1649529801469178;0.4;Y;0.6705404181275454;0.0258290077282956;0.2630668208823282;cluster6
0.0927085358344519;0;N;0.0760599082496797;0.163831238351242;0;cluster7
1.0072301822324428;0.4;N;1.4969336543863367;0.4991341274171156;0;cluster2
0.3410681920331007;0;Y;1.868833941962992;0.2233963821154578;0.6576670522058206;cluster8
0.4678463396317318;0;N;1.0699715927393612;0.1710675492085172;0.1315334104411641;cluster4
0.8991797789963565;0;N;1.5277309178493976;0.2233963821154578;0;cluster2
0.1333266568856666;0.4;N;0.7419340743373677;0.1125844099753461;0.2630668208823282;cluster5
0.747671086855398;0.8;N;0.8903208892048412;0.6240073104360954;0.2630668208823282;cluster1
0.5136238922424291;0;Y;1.2608213011695395;0.3355645332304083;0;cluster8
0.2790557934816278;0;Y;1.5183984137696822;0.2482580224509327;0.2630668208823282;cluster8
1.1310999483390096;1.6;Y;0.9696471738824216;0.3989886300815286;0.6576670522058206;cluster1
0.1550309963786821;0;N;1.7745756507578676;0.2628825738015029;0;cluster3
0.5298897443824804;0;N;1.4129411176688993;0.5393324566410677;0.1315334104411641;cluster2
0.0681516260080686;0;N;1.070904843147333;0.1189028032918777;0;cluster4
1.158850496690794;0;N;1.6905831140404295;0.8174083669695208;0.2630668208823282;cluster2
0.2204168694113551;0;Y;0.4372278161346626;0.4028379617040018;0.2630668208823282;cluster6
0.43408678986031;0;Y;2.088147787836302;0.2793351288090232;0.1315334104411641;cluster8
0.2318767606636673;0;N;1.978024239695661;0.4612190686632038;0.3946002313234923;cluster3
0.8258315139896744;0.4;N;0.9472491640911046;0.4576662123982065;0.3946002313234923;cluster2
0.5891177862389921;0;N;1.2580215499456249;0.165385813414354;1.0522672835293128;cluster4
0.5484624577486465;0;N;1.0513065845799303;0.3978996891458939;0.1315334104411641;cluster4
0.7364592451972917;0;Y;1.7391121352549497;0.204766691086624;0.2630668208823282;cluster8
0.2262150286759178;0.4;N;0.5095547227524562;0.2058888223452969;0.1315334104411641;cluster5
0.5731433923721327;0.4;Y;0.8403919923783643;0.2638729879579614;0.2630668208823282;cluster6
0.3445408863519831;0;N;0.4876233381651253;0.2003910877352577;0.1315334104411641;cluster7
0.1109742878277882;0.4;N;0.563683246414805;0.0972219892633901;0.3946002313234923;cluster5
0.4928094306686272;0.4;Y;0.5403519862155167;0.4663197127567143;0.3946002313234923;cluster6
0.1705340960165503;0;N;0.410630179507474;0.1208420131772547;0.1315334104411641;cluster7
0.5581115869632557;0;N;1.9406942233768;0.2830643785885942;0;cluster3
0.3772834327871608;0;N;0.2986401305508901;0.4088644293477886;0.2630668208823282;cluster7
0.3497189216310312;0;N;0.9771131771461936;0.3049177822968804;0.1315334104411641;cluster4
0.43408678986031;0;Y;1.845036056559718;0.4860652699045914;0.5261336417646564;cluster8
0.1894695819142426;0;Y;0.6210781465050544;0.1764252131968357;0.1315334104411641;cluster6
0.2997679345978197;0.4;Y;1.2402897921941656;0.1764575830849224;0;cluster8
0.0930185978272093;0.4;N;0.2823082484113883;0.1488113865240374;0;cluster5
0.1705340960165503;0.8;N;0.8557906241098945;0.3228430180423532;0.2630668208823282;cluster1
0.4100259792223385;0.8;N;0.9878455568378663;0.2353962874711659;0.2630668208823282;cluster1
0.1571146129700116;0;N;1.7675762726980813;0.112771916654263;0.1315334104411641;cluster3
0.6715322639138996;0.4;Y;0.988312182041852;0.2249676642175822;0.6576670522058206;cluster6
0.43408678986031;0;N;0.735867946685553;0.1394882620751098;0;cluster7
0.1240247971029457;0;N;0.9323171575635602;0.0825136043777752;0.9207338730881488;cluster4
0.6750669706313336;0;Y;1.1096347350781512;0.3393312992627618;0.1315334104411641;cluster8
0.3565650904311138;0.4;Y;0.6733401693514601;0.6211730806036214;0.1315334104411641;cluster6
0.5261752017092473;0;N;1.6588526001693975;0.5357583436523268;0;cluster3
0.5891177862389921;0.4;Y;1.760110269434309;0.3725663732982988;0.1315334104411641;cluster8
0.1240247971029457;0;Y;0.9239179038918164;0.1061913570782275;0.3946002313234923;cluster6
0.1240247971029457;0;N;1.7162475002596471;0.0570144860849804;0.3946002313234923;cluster3
1.020091553692018;0;N;1.1544307546607848;1.805642478591852;0.3946002313234923;cluster2
0.687345425544525;0.4;N;0.3784330404324561;0.3836380683838716;0.3946002313234923;cluster5
0.3117983399168055;0.4;Y;0.4348946901147338;0.1645637375929453;0.1315334104411641;cluster6
0.168034996354926;0;N;1.470336017759148;0.1647416973924264;0.1315334104411641;cluster4
0.43408678986031;0.4;Y;0.8683895046175103;0.1861038843197476;0.2630668208823282;cluster6
0.1393728657444352;0.4;N;0.8473913704381507;0.2273328290127818;0.1315334104411641;cluster5
0.2821564134092015;0;Y;1.3060839459561586;0.2507442386939772;0.1315334104411641;cluster8
0.6464172425005531;0.4;Y;0.6719402937395028;0.3255479920774674;0.1315334104411641;cluster6
0.9726210626008658;0;N;0.3420362745215662;0.6031943674163095;0.2630668208823282;cluster7
0.4964588603233814;0;N;0.8576571249258378;0.4225780741472007;0.1315334104411641;cluster4
0.3036127033080111;0;N;1.338747710235162;0.1606256498257183;0.3946002313234923;cluster4
0.3281696131343944;0;N;0.3882321697161572;0.1325633435744288;0;cluster7
0.4092818304397209;0;N;1.833370426460074;0.2114627828208305;0.2630668208823282;cluster3
0.3281696131343944;0.4;N;0.7256021921978658;0.2156395425739501;0.1315334104411641;cluster5
0.7253218184174471;0;N;0.9113190233842008;0.5194519006511701;0.1315334104411641;cluster2
0.8211929865780242;0;N;0.6453426571123142;0.4877256064914519;0.1315334104411641;cluster7
0.0497215411585709;0;N;0.954715167354877;0.0643712517101357;0.1315334104411641;cluster4
0.1085216974650775;0;N;0.4661585787817801;0.1861038843197476;0.2630668208823282;cluster7
0.4809619619253683;0;Y;1.8427029305397893;0.41015221388167;0;cluster8
0.0618573675550941;0;N;1.8907653265503237;0.1485627947337311;0.2630668208823282;cluster3
0.3445408863519831;0.4;N;0.3252377671780788;0.3609907819825103;0.3946002313234923;cluster5
0.2790557934816278;0;N;1.3322149573793614;0.2979813777068783;0.5261336417646564;cluster4
0.077515498189341;0.4;N;1.774109025553882;0.0344477514788578;0.2630668208823282;cluster3
0.3775934947799182;0;Y;1.7311795067871916;0.3385659080380027;0.1315334104411641;cluster8
0.0930185978272093;0.4;Y;1.083970348858934;0.0990880312680918;0;cluster6
0.1012042344360037;0;Y;1.5496623024367284;0.0791490006416506;0.2630668208823282;cluster8
0.1608601618425206;0.4;N;0.4451604446024206;0.2304073717010513;0.1315334104411641;cluster5
0.8991797789963565;0;Y;1.6177895822186503;0.6577442669069671;0.6576670522058206;cluster8
0.43408678986031;0;N;0.7685317109645563;0.2233963821154578;0;cluster7
0.3144958792537946;0.8;Y;1.0555062114158025;0.1843304022945748;0.1315334104411641;cluster6
0.3193607519201576;0;N;2.0302862625420675;0.129303382587119;0;cluster3
0.0681516260080686;0;Y;1.655586223741497;0.0473459585214689;0.2630668208823282;cluster8
0.3103999603294698;0;Y;1.5757933138599314;0.273390704660387;0;cluster8
0.2790557934816278;0;Y;1.814238793096658;0.1959177034546711;0.1315334104411641;cluster8
0.5261752017092473;0;N;1.0783708464111048;0.3347144880356529;1.5784009252939697;cluster4
0.653254109440853;0;Y;1.723713503523419;0.328837190383049;0.1315334104411641;cluster8
0.8730725592061864;0;N;1.181028391287973;0.4829190510355585;0;cluster2
0.7728977305861372;0;N;1.8511021842115327;0.9665314441901348;0.1315334104411641;cluster2
0.1395278967408139;0;N;1.5692605610041308;0.2047501332176027;0.3946002313234923;cluster3
0.1665404975498355;0.4;N;0.3751666640045557;0.1052404729694325;0;cluster5
0.3679257618457436;0;N;1.75777714341438;0.4794541304803634;0;cluster3
0.2635185870245563;0.4;N;0.8739890070653393;0.0860408034042891;0.2630668208823282;cluster5
0.3389442673827127;0;N;0.9953115601016383;0.1776235703210031;0.1315334104411641;cluster4
0.3370745935663858;1.6;Y;0.8077282280993608;0.1767240752741705;0.1315334104411641;cluster1
0.2790557934816278;0;N;1.9327615949090424;0.1815559896285651;0.2630668208823282;cluster3
0.1240247971029457;0;N;2.1819394538374413;0.2660164115612676;0;cluster3
0.8362371944666115;0;Y;1.78530803044954;0.3789400340965636;0.2630668208823282;cluster8
0.1953390554371395;0;N;1.7507777653545935;0.2090530907832629;0.5261336417646564;cluster3
0.88228140039108;0;N;0.8945205160407133;0.6861730092415974;0.2630668208823282;cluster2
0.3041770161348295;0.8;Y;0.5795485033503213;0.2684009684553209;0.7892004626469847;cluster6
0.2790557934816278;0.4;Y;0.3322371452378653;0.1352504917955965;0.2630668208823282;cluster6
0.0804300809212603;0;N;1.3924096086935251;0.1161885807173103;0.2630668208823282;cluster4
0.1550309963786821;0;N;0.5170207260162285;0.1104743258650693;0.1315334104411641;cluster7
0.0848205587387045;0;Y;1.8044396638129567;0.0502995243468892;0.2630668208823282;cluster8
0.1287191356732922;0;N;0.3812327916563706;0.1533282538570538;0;cluster7
0.3317601310105246;0;N;1.8902987013463373;0.3962911891309693;0.2630668208823282;cluster3
0.306958272209863;0.4;Y;0.9715136746983644;0.1763737495498776;0.3946002313234923;cluster6
0.1485817069293289;0;Y;1.5449960503968707;0.1104096606738915;0.2630668208823282;cluster8
0.4295970922051833;0;Y;1.707381621383917;0.1625788816902665;0.1315334104411641;cluster8
0.143825355960431;0;N;1.9635588583721024;0.1197999862038469;0.3946002313234923;cluster3
0.4370261775516498;0;N;1.6168563318106788;0.3213115643278746;0.3946002313234923;cluster3
0.662788515718142;0;Y;0.9579815437827772;0.3334241676119213;0.2630668208823282;cluster8
0.3199839765255999;0;Y;1.5356635463171553;0.1403584452186749;0.7892004626469847;cluster8
0.1547209343859247;0.8;N;0.6383432790525277;0.2788689725865768;0.1315334104411641;cluster1
0.3445408863519831;0.8;N;0.280908372799431;0.4298192330291894;0;cluster1
0.0767465444473028;0;Y;0.4078304282835593;0.078186182933561;0.9207338730881488;cluster6
0.0930185978272093;0.4;N;0.9178517762400016;0.1352504917955965;0.1315334104411641;cluster5
0.3281696131343944;0;N;2.0876811626323164;0.5756364794902048;0;cluster3
0.143825355960431;0.4;Y;0.7069371840384352;0.1678633777979098;0.2630668208823282;cluster6
0.43408678986031;0;N;1.0051106893853397;0.2466115586732521;0;cluster4
0.1395278967408139;0.8;N;0.845058244418222;0.1637283856423214;0;cluster1
0.5561054858701157;0.4;N;1.3242823289116037;0.6415910960717507;0.1315334104411641;cluster2
0.3719131590726033;0.4;N;1.1045018578343078;0.4842499456968918;0.5261336417646564;cluster4
0.0918403622547313;0;N;1.61452320579075;0.2458962139805349;0.1315334104411641;cluster3
0.0742908534646644;0;N;0.9085192721602862;0.0840716103506844;0;cluster4
0.2015402952922868;0.4;N;1.04804020815203;0.1508271951998867;0.1315334104411641;cluster4
2.449489742783178;0;Y;0.7521998288250544;0.297832282300691;0.3946002313234923;cluster2
0.3497189216310312;0;N;1.8324371760521023;0.8322133394244267;0;cluster3
0.2472558355044325;0.4;N;0.1801173287385056;0.267383629115454;0.1315334104411641;cluster5
0.3813669492317753;0.4;Y;0.5170207260162285;0.3302940591019362;0.1315334104411641;cluster6
0.1426285166683875;0.4;N;1.0811705976350197;0.0831765904035873;0.5261336417646564;cluster4
0.6710423659653428;0;N;0.376566539616513;0.4218334921362116;0.1315334104411641;cluster7
0.3303214433641305;0;Y;1.390543107877582;0.5428718876068586;0.5261336417646564;cluster8
0.4893398369696723;0;N;1.311216823200002;0.24997847454424;0.3946002313234923;cluster4
0.2790557934816278;0;N;1.644387218845839;0.3725663732982988;0;cluster3
0.0914806903431327;0.4;N;0.798862349223631;0.2942819619255438;0;cluster5
0.2581638164096366;0.4;N;0.2795084971874736;0.2778792296950786;0.1315334104411641;cluster5
0.6334690536830055;0;N;1.563661058556301;0.3193186532456719;0.2630668208823282;cluster3
0.1333266568856666;0;N;1.6653853530251983;0.1577615859950078;0;cluster3
1.7034805882089594;0.4;Y;1.0928362277346635;0.6950221460435414;0.1315334104411641;cluster8
0.2624426719096883;0;N;1.8305706752361592;0.234937142238305;0.1315334104411641;cluster3
0.0865693083778561;0;N;0.944916038071176;0.112771916654263;0.2630668208823282;cluster4
0.2790557934816278;0;N;0.5482846146832748;0.165385813414354;0.1315334104411641;cluster7
0.0049113819652766;0.4;N;0.1320549327279716;0.0572409261315959;0;cluster5
0.4650929891360464;0;Y;1.0979691049785072;0.3311302314875116;0.2630668208823282;cluster8
0.2325464945680232;0;Y;1.923429090829327;0.1581345109729649;0;cluster8
0.6898135190068737;0;N;1.9476936014365869;0.693210252745639;0;cluster3
0.2790557934816278;0;Y;1.8007066621810703;0.092872639830472;0.1315334104411641;cluster8
0.5891177862389921;0;N;0.8091281037113178;0.5963213600725602;0.1315334104411641;cluster2
0.4058649472795347;0.4;Y;0.8683895046175103;0.0951766449292866;0.1315334104411641;cluster6
0.1976955265820954;0.8;N;1.1534975042528133;0.2747108590823551;0.1315334104411641;cluster1
0.5891177862389921;0.4;N;0.5963470106938088;0.3725663732982988;0;cluster5
0.0567413446745976;0;N;1.0349747024404288;0.0524102797221264;0.5261336417646564;cluster4
0.4893398369696723;0;N;0.3546351550291821;0.5003155537472838;0;cluster7
0.1240247971029457;0;N;1.917362963177512;0.1488113865240374;0.1315334104411641;cluster3
0.3720743913088372;0;N;2.0144210056065512;0.1488113865240374;0.9207338730881488;cluster3
0.7441487826176744;0;Y;1.2687539296372974;0.2516177035773483;0;cluster8
0.1218419606739338;0;N;0.7727313378004284;0.1077808379192763;0.6576670522058206;cluster7
0.3193607519201576;0;N;1.7503111401506075;0.7658259061134637;0;cluster3
0.5891177862389921;0.8;Y;0.6686739173116023;0.3311302314875116;0;cluster6
0.8991797789963565;0.8;Y;1.1147676123219947;0.3192913551372854;0.3946002313234923;cluster6
0.4495898894981782;0;N;1.289285438612671;0.2565452358960911;0;cluster4
0.1506808266202963;0;N;1.0051106893853397;0.2910052193142259;0;cluster4
0.0713142583341937;0;N;1.865100940331106;0.1227066380670402;0.1315334104411641;cluster3
0.484738516997153;0;N;1.6807839847567287;0.3097956410085593;0.2630668208823282;cluster3
0.1547209343859247;0;N;1.363012220842422;0.1651096251756789;0.2630668208823282;cluster4
0.4100259792223385;0;N;1.144165000173098;0.132253517502742;0;cluster4
0.1395278967408139;0;N;2.0111546291786517;0.3414892669402084;0.1315334104411641;cluster3
0.0918403622547313;0.4;Y;0.9094525225682578;0.1178436963544796;0.2630668208823282;cluster6
0.2480495942058914;0.4;N;1.7372456344390064;0.2233963821154578;0.1315334104411641;cluster3
0.90228039892393;0.4;N;0.7340014458696096;0.7012065101229952;0.3946002313234923;cluster2
0.4095546849933473;0;N;1.747511388926693;0.4072426532036488;0;cluster3
0.4709221545998849;0.4;N;0.277175371167545;0.2411177770679793;0.2630668208823282;cluster5
0.43408678986031;0;N;1.8109724166687573;0.4471513688897192;0.5261336417646564;cluster3
0.2954270666992167;0;N;1.0424407057042009;0.0744253091158592;0.2630668208823282;cluster4
0.3100619927573643;0;N;1.7568438930064083;0.3725663732982988;0;cluster3
0.9909798331920292;0;N;1.9061639582818533;0.8190992834045739;0.1315334104411641;cluster2
0.340448068047586;0;N;1.5832593171237035;0.3570526942152833;0.2630668208823282;cluster3
0.2790557934816278;0;N;1.020975946320856;0.2979813777068783;0;cluster4
0.4371874097878837;0;N;1.550128927640714;0.1873469924412698;0.9207338730881488;cluster3
0.0558111586963255;0;N;0.636010153032599;0.0692540330315236;0;cluster7
0.5891177862389921;0;Y;0.5062883463245561;0.9319538402339522;0.5261336417646564;cluster6
0.1649529801469178;0;N;1.3406142110511052;0.1742255525068535;0;cluster4
0.1342568428639387;0;N;0.7396009483174389;0.0526464904031644;0.2630668208823282;cluster7
0.5580402727049215;0;Y;0.868856129821496;0.3145176916644477;0.5261336417646564;cluster6
1.0058349032650344;0;N;0.689672051490962;0.4153259512708601;0;cluster2
1.1831345519635508;0.4;N;1.3191494516677602;0.648663469108716;0;cluster2
0.5550109670356821;0;Y;1.206226152303205;0.4695268675671453;0.5261336417646564;cluster8
0.1894695819142426;0.8;N;0.980379553574094;0.1322292773791748;0;cluster1
0.4061688080324369;0;N;1.8119056670767288;0.618240547746958;0;cluster3
0.2821564134092015;0;Y;1.3224158280956602;0.3344451616165723;0;cluster8
0.3357940375362979;0;N;0.6985379303666915;0.1957154289466271;0.2630668208823282;cluster7
0.0204144816031448;0;N;1.4026753631812123;0.0821025664670709;0.1315334104411641;cluster4
0.5077575193394598;1.2;Y;0.8128611053432043;0.2588391720205008;0.2630668208823282;cluster6
0.2018317535654787;0;Y;1.8660341907390776;0.1863375591109355;0;cluster8
0.1506808266202963;0;N;1.98922324459132;0.2910052193142259;0;cluster3
0.1658645624056244;0.4;N;0.8413252427863359;0.1349470800335306;0.3946002313234923;cluster5
0.7441487826176744;0.4;Y;0.9990445617335246;0.5323913531963433;0.1315334104411641;cluster6
0.6465133617183079;0.4;Y;1.1488312522129556;0.6515470742082714;0.1315334104411641;cluster8
0.4359223568574336;0;Y;0.5954137602858371;0.3116387108346189;0.6576670522058206;cluster6
0.1271254170305193;0;N;0.3994311746118155;0.3166276266047334;0.1315334104411641;cluster7
0.7119023353709084;0.4;Y;1.089569851306763;0.5102289438513219;0.1315334104411641;cluster8
0.2790557934816278;0;N;0.5324193577477587;0.0593093918143328;0.5261336417646564;cluster7
0.3117983399168055;0.4;Y;0.2935072533070467;0.2745119408991128;0;cluster6
0.4061812105121472;0.8;N;0.5809483789622786;0.2099710829090021;0.2630668208823282;cluster1
0.5891177862389921;0;N;0.5230868536680435;0.165385813414354;0.7892004626469847;cluster7
0.8567012859885975;0.4;Y;0.846924745234165;0.42671508009767;0.1315334104411641;cluster6
0.3117983399168055;0;Y;0.4157630567513174;0.1370767054126524;0;cluster6
0.0944076755547622;0;N;1.895431578590181;0.1073847170076903;0;cluster3
0.43408678986031;0.8;N;0.874922257473311;0.4471513688897192;0.1315334104411641;cluster1
0.1240247971029457;0;N;1.2664208036173683;0.1488113865240374;0;cluster4
0.077515498189341;0;N;0.2076482157736657;0.1040603891691851;0.1315334104411641;cluster7
0.3410681920331007;0.4;Y;1.0858368496748774;0.0990880312680918;0.6576670522058206;cluster6
0.3410681920331007;0;Y;0.6938716783268337;0.2979813777068783;0.1315334104411641;cluster6
0.2790557934816278;0.4;N;1.2654875532093968;0.2127413934002543;0;cluster4
0.43408678986031;0;N;0.4120300551194312;0.1861038843197476;0.1315334104411641;cluster7
0.43408678986031;0.8;N;0.9747800511262648;0.7454913512554011;0;cluster1
0.5261752017092473;0.4;N;0.8338592395225636;0.2974841195412703;0.3946002313234923;cluster5
1.2092417717537207;0;Y;0.8287263622787201;0.3136834584887577;0.9207338730881488;cluster6
0.2914582731919224;0;N;1.7274465051553054;0.5167640065800465;0.2630668208823282;cluster3
0.5891177862389921;0;Y;1.4208737461366574;0.3725663732982988;0;cluster8
0.1838853654246824;0;N;1.8944983281822096;0.171947652156496;0.3946002313234923;cluster3
0.43408678986031;0;N;1.726046629543348;0.2233963821154578;0.1315334104411641;cluster3
0.5891177862389921;0;Y;0.8935872656327416;0.2708595882499965;0.2630668208823282;cluster6
0.0930185978272093;0;N;0.0242645106072598;0.1488113865240374;0;cluster7
0.5891177862389921;0;N;1.22769091168655;0.3311302314875116;0.2630668208823282;cluster2
1.0219643281282726;0.4;N;0.6462759075202859;0.2299056384357079;0.1315334104411641;cluster5
0.0620123985514728;0;N;1.2304906629104644;0.0601157302016716;0.2630668208823282;cluster4
0.5781787991345123;0;N;1.4143409932808564;0.2438724247101572;0;cluster4
0.5791275888323498;0;N;1.61452320579075;0.3858699497919493;0.1315334104411641;cluster3
0.9688041994700226;0;Y;1.8599680630872628;0.4806474904098262;0.1315334104411641;cluster8
0.4258825495319501;0;N;1.9364945965409284;0.1095453697449781;0.2630668208823282;cluster3
0.7441487826176744;0;Y;1.096102604162564;0.3104122351671136;0.2630668208823282;cluster8
1.0342427830414644;0.8;Y;0.7344680710735956;0.42671508009767;0;cluster6
0.4294730674080804;0;N;0.7997955996316027;0.4256708901593902;0.3946002313234923;cluster7
1.0219643281282726;0;N;0.8674562542095385;0.3514339827423948;0.5261336417646564;cluster2
0.7891697839660435;0;N;1.6061239521190065;0.5633334607124132;0.1315334104411641;cluster2
0.5445928840790346;0;N;2.0498845211094694;0.3952402119580906;0;cluster3
0.1665404975498355;0;N;1.9178295883814975;0.1184403763192109;0.6576670522058206;cluster3
0.1240247971029457;0;Y;1.3826104794098244;0.2190089943347881;0;cluster8
0.1240247971029457;0;N;0.3905652957360861;0.092872639830472;0;cluster7
0.1854170716689038;0;N;1.3298818313594327;0.1297922126482251;0.3946002313234923;cluster4
1.5929744939902348;0;N;1.646720344865768;0.5205032507490267;0.1315334104411641;cluster2
0.1727169324455622;0;N;1.528664168257369;0.1396566004101596;0.2630668208823282;cluster3
0.617023365587155;0;N;1.7694427735140243;0.4867746477976614;0;cluster3
0.8567012859885975;0.8;N;0.8823882607370831;0.2665624483139924;0;cluster1
0.1240247971029457;0.4;N;0.7708648369844854;0.1061913570782275;0.1315334104411641;cluster5
0.2821564134092015;0;N;0.7340014458696096;0.2148723613092967;0.1315334104411641;cluster7
0.7119023353709084;0.4;Y;0.7587325816808552;0.2745731751804934;0.3946002313234923;cluster6
0.0930185978272093;0;N;0.1693849490468329;0.1352504917955965;0;cluster7
0.5891177862389921;0.8;N;1.1982935238354468;0.2708595882499965;0;cluster1
0.2041448160314486;0;N;0.095658166817082;0.2259024379673295;0.1315334104411641;cluster7
0.3497189216310312;0;N;1.630855087930252;0.4575559757747224;0;cluster3
0.0742908534646644;0;N;1.3364145842152335;0.0629640565983124;0.1315334104411641;cluster4
0.2325464945680232;0;N;1.714380999443704;0.2109655246552225;0;cluster3
0.1547209343859247;0.4;Y;1.286019062184771;0.1113324262393486;0;cluster8
0.5891177862389921;0;N;1.3312817069713905;0.1861038843197476;1.183800693970477;cluster4
0.4876530997290722;0.4;N;0.9397831608273324;0.2491669897922054;0.1315334104411641;cluster5
0.1240247971029457;0;N;0.1763843271066195;0.1239497461885624;0;cluster7
0.4615892886178881;1.2;N;0.6462759075202859;0.2629595455169533;0.2630668208823282;cluster1
0.0040928183043972;0;Y;0.3723669127806412;0.0840716103506844;0;cluster6
0.1342568428639387;0.8;N;0.3709670371686838;0.1132236779725602;0.2630668208823282;cluster1
0.1813056496449412;0.4;N;1.020975946320856;0.1131332063729078;0;cluster4
0.2790557934816278;0;N;0.6859390498590759;0.2127413934002543;0.3946002313234923;cluster7
0.3445408863519831;0.8;Y;0.462425577149894;0.2254847619920176;0;cluster6
0.3136525106334945;0;N;1.608457078138935;0.2759987182012322;0;cluster3
0.1550309963786821;0;N;0.0307972634630605;0.1786453847606055;0;cluster7
0.2089569781590429;0.4;N;1.0573727122317451;0.1279143116292244;0.5261336417646564;cluster4
0.6059913598848479;0.4;Y;1.0597058382516742;0.0847685325494906;0.2630668208823282;cluster6
0.0813106569806912;0;N;1.2267576612785784;0.0487644159676266;0.6576670522058206;cluster4
0.1891378155819922;0;N;1.4740690193910342;0.1957723372982634;0;cluster4
0.3236892173390505;0;Y;0.3928984217560148;0.094443101497645;0.2630668208823282;cluster6
0.1550309963786821;0.8;Y;0.4778242088814241;0.1488113865240374;0.2630668208823282;cluster6
1.1241607609411;0;N;1.1875611441437743;0.4271396178925764;0.5261336417646564;cluster2
0.7004641484580892;0.4;N;0.9990445617335246;0.4395269177153863;0.1315334104411641;cluster2
0.3445408863519831;0;Y;1.6733179814929564;0.128694769023093;0.7892004626469847;cluster8
0.7361553844443894;0;N;0.6789396717992892;0.4097296152966491;0;cluster7
0.5891177862389921;0;Y;1.845036056559718;0.4258413914593121;0.5261336417646564;cluster8
0.2790557934816278;0;N;0.4008310502237728;0.2979813777068783;0.1315334104411641;cluster7
0.3486337046563804;0;N;1.4432717559279735;0.2170744087191378;0.2630668208823282;cluster4
0.43408678986031;0;N;1.6947827408763017;0.1861038843197476;0.1315334104411641;cluster3
0.1688721637353708;0;N;1.1884943945517457;0.2824676986238628;0.2630668208823282;cluster4
0.4649968699182917;0.4;Y;0.3317705200338795;0.1984961813372621;0.1315334104411641;cluster6
0.2790557934816278;0;N;0.9995111869375106;0.3725663732982988;0.2630668208823282;cluster4
0.5891177862389921;0;N;0.5151542252002854;0.2979813777068783;0.2630668208823282;cluster7
0.1567673435381233;0;N;1.470336017759148;0.0749224926964716;0;cluster4
0.6827099987528025;0;N;1.5967914480392906;0.4084115492545575;0.6576670522058206;cluster2
0.43408678986031;0.8;N;0.8473913704381507;0.2233963821154578;0.6576670522058206;cluster1
0.3445408863519831;0;N;1.3121500736079734;0.3609907819825103;0;cluster4
0.2015402952922868;0.4;Y;0.5352191089716735;0.2793351288090232;0.2630668208823282;cluster6
0.3705612887841812;0;N;0.9043196453244144;0.2679650937410847;0;cluster4
1.2976466471287005;0;Y;0.6556084116000009;0.456220904353636;0.2630668208823282;cluster6
0.5891177862389921;0;Y;1.35881259400655;0.4808349225037474;0.1315334104411641;cluster8
0.4371874097878837;0;N;1.3658119720663369;0.1873469924412698;0;cluster4
0.6750669706313336;0.4;N;1.3910097330815685;0.3262663201700083;0;cluster2
0.6784714513118094;0;Y;0.8716558810454107;0.4263011333721376;0;cluster6
0.653254109440853;0.4;N;0.394764922571958;0.328837190383049;0;cluster5
1.0342427830414644;0;N;0.8053951020794318;0.8537887648541435;0;cluster2
0.0527105387687519;0;N;1.1646965091484716;0.0443923926960487;0.3946002313234923;cluster4
0.1550309963786821;0.8;Y;0.629944025380784;0.2030550400227965;0.2630668208823282;cluster6
0.0747621476936556;0;N;1.8044396638129567;0.2116617010040728;0.1315334104411641;cluster3
0.3199839765255999;0;N;0.5272864805039154;0.1685018253601723;0.5261336417646564;cluster7
0.662788515718142;0;N;1.20016002465139;0.5211769770142041;0.2630668208823282;cluster2
0.1118951719462776;0;N;0.4960225918368691;0.1715150591820657;0;cluster7
0.0620123985514728;0;N;1.2211581588307494;0.2233963821154578;0;cluster4
0.217043394930155;0;N;1.7703760239219957;0.1701213639544444;0.3946002313234923;cluster3
0.9629812352460394;0;N;1.4050084892011412;0.3981452975363764;0;cluster2
0.0712212397363665;0;N;2.1432095619066227;0.22319298883248;0;cluster3
0.2480495942058914;0;N;1.2150920311789344;0.1338943874057533;0.3946002313234923;cluster4
0.878005645510956;0;Y;0.4936894658169402;0.3640773328550701;0.1315334104411641;cluster6
0.5271053876875194;0.4;N;0.4852902121451964;0.3832213620135024;0.3946002313234923;cluster5
0.0930185978272093;0;N;1.2183584076068348;0.1189773882874692;0.5261336417646564;cluster4
0.1444888886249317;0;N;0.1376544351758009;0.1504096683945659;0.1315334104411641;cluster7
0.90228039892393;0;N;1.9425607241927436;0.8976447422618987;0.2630668208823282;cluster2
0.1426285166683875;0;N;1.6523198473135967;0.1189773882874692;0.3946002313234923;cluster3
0.294558893119496;0;N;0.9971780609175817;0.260688879911168;0;cluster4
0.0804300809212603;0;N;1.6859168620005722;0.133670632418979;0.2630668208823282;cluster3
0.5891177862389921;0.4;N;0.7200026897500368;0.5963213600725602;0;cluster5
0.4893398369696723;0.4;N;0.7811305914721722;0.312562744345001;0.1315334104411641;cluster5
0.5298897443824804;0;N;0.3243045167701072;0.2994697958789007;0.1315334104411641;cluster7
0.3441626107208192;0;N;1.004644064181354;0.4098520838594102;0.1315334104411641;cluster4
0.2790557934816278;0;N;0.3126388866704631;0.2979813777068783;0.3946002313234923;cluster7
0.2139675799620019;0;N;0.1175895514044129;0.1305927334059078;0.2630668208823282;cluster7
0.306958272209863;0;N;1.9808239909195764;0.324828992719966;0.3946002313234923;cluster3
0.662788515718142;0.8;N;0.8217269842189336;0.5211769770142041;0;cluster1
0.2790557934816278;0;Y;1.2206915336267634;0.2245253006087295;0.2630668208823282;cluster8
0.5138967467960556;0.4;N;0.5440849878474028;0.2909206399292253;0.1315334104411641;cluster5
0.3182786355654344;0;N;0.7120700612822787;0.4197413830098723;0;cluster7
0.277716325672916;0;N;1.2603546759655535;0.1852983663673602;0.5261336417646564;cluster4
0.391099795184429;1.2;N;0.4208959339951608;0.2897471941935854;0.2630668208823282;cluster1
0.3640871943754075;1.2;Y;0.821260359014948;0.2108395505976686;0.1315334104411641;cluster6
0.1479987903829451;0;N;1.9943561218351635;0.1591206737846746;0.1315334104411641;cluster3
0.0567413446745976;0;N;1.6154564561987212;0.1504096683945659;0;cluster3
0.5457091072529612;0.8;Y;0.6910719271029194;0.3079260189240692;0.1315334104411641;cluster6
0.2922489312734537;0;Y;0.6915385523069051;0.2588367107156463;0;cluster6
0.2443009447134549;0;N;0.4712914560256235;0.1944201113281909;0.1315334104411641;cluster7
0.655849328320232;0;N;1.929961843685128;0.3668017735740335;0.7892004626469847;cluster3
0.3193607519201576;0;N;1.721847002707476;0.2805757010406953;0.1315334104411641;cluster3
0.0496099188411782;0;N;1.517465163361711;0.064281749715426;0.2630668208823282;cluster4
0.2511502141334651;1.2;N;0.6826726734311757;0.3081520860457068;0;cluster1
0.9590217435985278;0;Y;1.714380999443704;0.2900680588446198;0.1315334104411641;cluster8
0.3497189216310312;0;N;0.4386276917466198;0.4357505302186015;0.1315334104411641;cluster7
0.22609720511867;0.4;N;0.6980713051627058;0.7727148746462695;0.2630668208823282;cluster5
0.3445408863519831;0;N;1.706448370975946;0.3007658593472928;0.3946002313234923;cluster3
0.2790557934816278;0;N;0.3233712663621357;0.1488113865240374;0;cluster7
0.0714568868508621;0.4;Y;1.0354413276444143;0.0348519275699677;0.2630668208823282;cluster6
0.1608911680417963;0.4;N;0.1306550571160145;0.1842840104273169;0.2630668208823282;cluster5
0.9580915576202556;0;N;0.7111368108743072;0.475493667214459;0.5261336417646564;cluster2
0.7441487826176744;0.4;N;0.5328859829517447;0.6211830004080351;0.1315334104411641;cluster5
0.1575362972801616;0;Y;2.0876811626323164;0.1292232037168582;1.5784009252939697;cluster8
0.1547209343859247;0;N;2.0601502755971564;0.1485627947337311;0.2630668208823282;cluster3
0.6232246054423023;0;Y;0.854857373701923;0.2417557771202683;0.9207338730881488;cluster6
1.3271149389203605;0;Y;1.668185104249113;0.5022479018130663;0.2630668208823282;cluster8
0.2666533137713333;0;N;1.755910642598437;0.3576493741800147;0.2630668208823282;cluster3
0.4893398369696723;0.4;Y;1.2440227938260515;0.1561020698430987;0;cluster8
0.0473774724933252;1.2;N;0.6495422839481861;0.1710512896794783;0;cluster1
0.1395278967408139;0;N;0.0919251651851958;0.2409457840681455;0.3946002313234923;cluster7
0.1550309963786821;0;Y;0.3373700224817088;0.089143390050901;0.5261336417646564;cluster6
0.5407543166086984;0.4;N;0.3938316721639864;0.4580954490478351;0.1315334104411641;cluster5
0.8991797789963565;0.8;N;0.5683494984546629;0.4471513688897192;0.7892004626469847;cluster1
0.3445408863519831;0.4;N;1.0648387154955177;0.2577480681199939;0.3946002313234923;cluster4
0.6747569086385762;0.8;N;1.00837706581324;0.5655425936968355;0;cluster1
0.43408678986031;0;N;0.3023731321827763;0.3020129950585769;0.5261336417646564;cluster7
0.3117983399168055;0;N;0.6649409156797164;0.2057943231558825;0.1315334104411641;cluster7
0.1767353358716976;0;Y;0.358834781865054;0.0904994944407442;0;cluster6
0.3136525106334945;0;Y;0.9243845290958024;0.3450879929774945;0.2630668208823282;cluster6
0.5298897443824804;0;Y;1.038241078868329;0.3208860569280256;0;cluster8
0.0217043394930155;0;N;0.6378766538485421;0.0700827469175399;0.1315334104411641;cluster7
0.4650929891360464;0;Y;1.6168563318106788;0.6626191422188222;0;cluster8
0.1064318796338928;0;N;0.2309794759729541;0.1649441210704616;0.2630668208823282;cluster7
0.0620123985514728;0.4;N;0.9705804242903928;0.1115188887283271;0;cluster4
0.7364592451972917;0;Y;0.2944405037150182;0.1674712098910901;0;cluster6
0.8346868845028247;0;N;0.2855746248392888;0.3467102166316078;0.2630668208823282;cluster7
0.4123824503672945;0.4;N;0.6210781465050544;0.2662827545805246;0;cluster5
0.8346868845028247;0.4;N;1.1604968823125996;0.5946165708283271;0;cluster2
0.1257611442623869;0.4;N;0.3425028997255521;0.1504820904252852;0.2630668208823282;cluster5
0.7364592451972917;0;Y;0.5408186114195025;0.3073293389593379;0.1315334104411641;cluster6
0.1679791851962296;0;N;1.1007688562024216;0.0953727288826964;0;cluster4
0.3317601310105246;0;Y;1.5771931894718887;0.435956161051447;0.1315334104411641;cluster8
0.2752110247714365;0;N;1.453070885211675;0.2942819619255438;0;cluster4
0.1093898710447981;0;Y;1.8464359321716757;0.0746904587751867;0.1315334104411641;cluster8
0.7119023353709084;0.4;N;1.0797707220230623;0.4464055189338051;0.1315334104411641;cluster2
0.2287017258578318;0.4;Y;1.3877433566536677;0.1558223761096308;0;cluster8
0.1585036906975646;0;N;1.181028391287973;0.1978428913608768;0.2630668208823282;cluster4
1.190638052188279;0;Y;1.0293751999925995;0.5873711606015898;0;cluster8
0.1550309963786821;0;N;0.0909919147772243;0.1786453847606055;0;cluster7
0.4617133134149911;0;Y;0.576282126922421;0.3288720215759902;0;cluster6
1.013155466914036;0;N;1.88563244930648;0.6381701806639547;0.1315334104411641;cluster2
0.5633206284415795;0.4;N;0.4138965559353744;0.4761897689783137;0.1315334104411641;cluster5
0.3281696131343944;1.2;Y;0.9757133015342364;0.246496399440059;0.1315334104411641;cluster6
0.1085216974650775;0;N;0.261310114232029;0.1594663752392409;0.3946002313234923;cluster7
1.3565832307120202;0;N;0.8030619760595031;0.6950221460435414;0.7892004626469847;cluster2
0.3783593479020289;0;N;1.7283797555632767;0.1890112820328967;0;cluster3
0.120924177175372;0;Y;0.3961647981839151;0.1256643060672179;0.2630668208823282;cluster6
0.1605221942704151;0;N;1.838036678499932;0.1839289858483017;0.3946002313234923;cluster3
1.1782355724779845;0;N;1.2673540540253398;0.3874833724165829;0.1315334104411641;cluster2
0.858871719937899;0;N;0.3411030241135948;0.8558771447307033;0;cluster7
0.5467106074895675;0;N;1.3168163256478314;0.2134398818839679;0;cluster4
0.0848205587387045;0;N;0.9654475470465494;0.069296322724024;0.3946002313234923;cluster4
0.3389442673827127;0.4;N;0.6005466375296805;0.1973993343920947;0.2630668208823282;cluster5
0.217043394930155;0.4;Y;0.9402497860313184;0.1081286277537191;0.3946002313234923;cluster6
0.1550309963786821;0;N;0.1418540620116728;0.1488113865240374;0.5261336417646564;cluster7
0.0865693083778561;0.4;N;0.8109946045272612;0.2172000844367094;0.2630668208823282;cluster5
1.0342427830414644;0;N;1.5753266886559456;0.7317677120665798;0.1315334104411641;cluster2
0.4678463396317318;0.8;Y;0.6826726734311757;0.2996371646090078;0.2630668208823282;cluster6
0.1697651422745121;0.4;N;0.9542485421508914;0.1203795862045879;0;cluster4
0.0620123985514728;0;N;0.6518754099681149;0.1115188887283271;0.1315334104411641;cluster7
0.3281696131343944;1.2;Y;0.7619989581087556;0.1724399131273994;0.2630668208823282;cluster6
0.1240247971029457;0;Y;0.524020104076015;0.1239497461885624;0.1315334104411641;cluster6
0.3005368883398581;0;Y;1.5090659096899666;0.3186503716851728;0.3946002313234923;cluster8
0.7119023353709084;0;N;2.0200205080543805;0.3077545480192045;0;cluster3
0.2563344506523682;0;N;0.9271842803197168;0.3836380683838716;0.2630668208823282;cluster4
0.6182636135581845;0;N;0.2813749980034168;0.2599430299552538;1.3153341044116411;cluster7
0.4100259792223385;0.4;N;0.3303706444219222;0.2648656396642876;0.1315334104411641;cluster5
0.7937587014588526;0.8;N;0.7312016946456952;0.4129666041053168;0.2630668208823282;cluster1
0.6182636135581845;0;N;1.1511643782328844;0.4877069602425541;0.7892004626469847;cluster2
1.3135342236375878;0;N;1.0214425715248414;0.3590051802298755;0;cluster2
0.0742908534646644;0;N;0.8273264866667627;0.0720101723736134;0.2630668208823282;cluster4
0.6225920789770771;0;N;1.8091059158528144;0.3926968636084231;0.3946002313234923;cluster3
0.0865693083778561;0;N;2.108679296811676;0.112771916654263;0.1315334104411641;cluster3
0.168034996354926;0.4;N;0.4325615640948049;0.136438779945359;0.2630668208823282;cluster5
0.3685892945102443;0.4;Y;1.5090659096899666;0.1369587865346224;0;cluster8
0.5261752017092473;0.4;N;0.9421162868472612;0.3618825947747969;1.0522672835293128;cluster5
1.0219643281282726;0;N;0.3583681566610682;0.4601698069452237;0.1315334104411641;cluster7
0.3100619927573643;0.8;N;0.6490756587442001;0.5465980048166147;0.1315334104411641;cluster1
0.0567413446745976;0;N;0.1591191945591461;0.0699998829874379;0.2630668208823282;cluster7
0.168034996354926;1.2;Y;1.0167763194849837;0.0680400876432777;0;cluster6
0.1444888886249317;0;N;2.1539419415982954;0.2969308480439731;0;cluster3
0.3281696131343944;0;N;1.6061239521190065;0.3923653333030193;0.2630668208823282;cluster3
0.1240247971029457;0;N;1.9882899941833485;0.1239497461885624;0.3946002313234923;cluster3
0.4495898894981782;0;Y;0.9607812950066916;0.1647939068893404;0.2630668208823282;cluster6
0.9084816387790772;0;Y;0.8319927387066205;0.4516264686252044;0.5261336417646564;cluster6
0.3193607519201576;0;N;1.927628717665199;0.6479514061558047;0.3946002313234923;cluster3
0.1854170716689038;0.8;N;0.8035286012634888;0.2888654503757037;0.5261336417646564;cluster1
0.3242070208669553;0.4;N;0.4647587031698228;0.2844615793110083;0.1315334104411641;cluster5
0.1515086921409585;0.4;N;0.9052528957323857;0.1250806038917195;0.1315334104411641;cluster5
0.168034996354926;0.4;N;0.4031641762437017;0.2390368556909787;0.2630668208823282;cluster5
0.1853860654696281;0;N;0.149320065275445;0.1731509318903723;0;cluster7
0.4100259792223385;0.4;N;1.325215579319575;0.5300898839873788;0.1315334104411641;cluster4
0.3007601329746434;0.4;N;0.7489334523971541;0.2656612378122613;0.1315334104411641;cluster5
0.4107794298647389;0;N;1.2164919067908917;0.4247251524152909;0.2630668208823282;cluster4
0.0228701725857831;0;Y;0.9887788072458378;0.0514809506770573;0.3946002313234923;cluster6
0.965805900000059;0;Y;1.3924096086935251;0.2176248459866025;0.2630668208823282;cluster8
0.5201848040091749;0.4;N;1.038241078868329;0.662582670155978;0;cluster2
0.2790557934816278;0.8;N;0.6770731709833462;0.9319538402339522;0;cluster1
0.0020464091521986;0.4;N;0.1777842027185767;0.01951829666631;0;cluster5
0.1547209343859247;0.4;N;0.0648609033540214;0.1485627947337311;0.1315334104411641;cluster5
0.1485817069293289;0.4;Y;0.824993360646834;0.0661023694578126;0.6576670522058206;cluster6
0.8346868845028247;1.2;N;0.663541040067759;0.5946165708283271;0.6576670522058206;cluster1
0.1550309963786821;0.4;N;0.9897120576538094;0.1275014090936302;0;cluster4
0.2790557934816278;0;N;1.3760777265540238;0.2127413934002543;0.1315334104411641;cluster4
0.8217014882461462;0;Y;1.0807039724310334;0.273131670970698;0.3946002313234923;cluster8
0.0742908534646644;0;Y;1.409674741240999;0.1262867178554284;0.3946002313234923;cluster8
0.3720743913088372;0;N;1.6065905773229918;0.2151091686702995;0.3946002313234923;cluster3
0.2416871221145103;0;N;1.845502681763704;0.2620254430321663;0;cluster3
0.5922184061665658;0.4;Y;0.450293321846264;0.4993608658037136;0.3946002313234923;cluster6
0.5760641763439072;0.4;N;1.5179317885656964;0.4168698606796026;0;cluster2
0.8371673804448836;0;Y;1.3121500736079734;0.2979813777068783;0.2630668208823282;cluster8
0.340448068047586;0;N;1.9126967111376545;0.2974841195412703;0.6576670522058206;cluster3
0.3193607519201576;0;N;1.827770924012245;0.2404422607629078;0.1315334104411641;cluster3
0.3445408863519831;0;Y;0.5132877243843424;0.3007658593472928;0.1315334104411641;cluster6
0.6263252253698758;0;Y;0.4544929486821359;0.3949418719757249;0;cluster6
0.0053516699949921;0;Y;0.2823082484113883;0.0433705782564462;0.1315334104411641;cluster6
0.3193607519201576;0;N;1.8511021842115327;0.1869309573358608;0.6576670522058206;cluster3
0.4239508633170717;0;Y;0.8912541396128129;0.2732396700443143;0.1315334104411641;cluster6
0.0620123985514728;0;N;1.113834361914023;0.065451689956273;0;cluster4
0.3317601310105246;0;N;0.6504755343561576;0.1741673016252967;0.1315334104411641;cluster7
0.1649529801469178;0;Y;2.0573505243732417;0.048743159243883;0.5261336417646564;cluster8
0.7303665270396095;0;N;0.952848666538934;0.915377324963759;0.1315334104411641;cluster2
0.88228140039108;0;Y;1.4479380079678317;0.7319417188612944;0;cluster8
0.5922184061665658;0;N;0.6682072921076168;0.3744309981880843;0.1315334104411641;cluster7
0.3772834327871608;0;N;0.4208959339951608;0.2451752008281526;0.1315334104411641;cluster7
0.1731386167557122;0;N;1.4414052551120309;0.1399464377030279;0;cluster4
0.4100259792223385;0;N;0.1362545595638435;0.2648656396642876;0.1315334104411641;cluster7
0.4928094306686272;0;Y;1.8025731629970136;0.1396448905658518;0.3946002313234923;cluster8
0.5298897443824804;0;N;1.5617945577403582;0.5393324566410677;0;cluster2
0.0473774724933252;0;N;1.462870014495376;0.1424829988180965;0.1315334104411641;cluster4
0.5333066275426666;1.2;N;0.8091281037113178;0.3012962332509434;0;cluster1
0.1287191356732922;0.4;N;0.7661985849446277;0.0764848245991251;0;cluster5
0.387267428953948;0;N;1.8427029305397893;0.2511792929732619;0.2630668208823282;cluster3
0.3136525106334945;0.8;N;0.41436318113936;0.3067050625462376;0.1315334104411641;cluster1
0.4809619619253683;0;Y;1.6630522270052697;0.3075245278928006;0;cluster8
0.3193607519201576;0;N;0.6910719271029194;0.1401085854834436;0.1315334104411641;cluster7
0.4100259792223385;0;N;1.6457870944577964;0.2118207907996694;0.5261336417646564;cluster3
0.0277815545510598;0.8;Y;0.7540663296409975;0.0828255934143341;0.2630668208823282;cluster6
0.1393728657444352;0.4;N;0.7554662052529548;0.1514356595939215;0.2630668208823282;cluster5
0.3281696131343944;0.8;N;1.088169975694806;0.3452384309136023;0.9207338730881488;cluster1
0.353312540127089;0.4;N;1.0088436910172256;0.2050799480681079;0.1315334104411641;cluster4
0.1199195763188382;0;N;0.8763221330852683;0.0927311520938351;0.2630668208823282;cluster4
0.2790557934816278;0;N;0.7577993312728839;0.1488113865240374;0.5261336417646564;cluster7
0.6514278443035121;0;N;2.0568838991692564;0.2341537014446128;0;cluster3
0.1085216974650775;0.4;Y;0.456359449498079;0.2233963821154578;0.2630668208823282;cluster6
0.1240247971029457;0;N;2.14787581394648;0.3104122351671136;0.1315334104411641;cluster3
0.5731433923721327;0.4;Y;1.1912941457756605;0.2418537072194798;0.1315334104411641;cluster8
0.43408678986031;0;N;1.134365870889397;0.5733721536090448;0.1315334104411641;cluster4
0.2915419899299669;0;N;1.3653453468623509;0.0966270993385529;0.5261336417646564;cluster4
0.1240247971029457;0;Y;1.1828948921039164;0.0742263909326169;0.2630668208823282;cluster8
0.7728977305861372;0;N;1.5207315397896108;1.017420413757183;0.6576670522058206;cluster2
0.585155193971553;0.4;Y;1.1259666172176532;0.2466693620448355;0.2630668208823282;cluster8
0.1547209343859247;0;N;1.0667052163114608;0.2478437028004224;0.1315334104411641;cluster4
0.6182636135581845;0;Y;1.2132255303629913;0.4458727583102956;0.2630668208823282;cluster8
0.4775698837246027;0.4;N;0.2743756199436303;0.3054846282633752;0.2630668208823282;cluster5
0.2015402952922868;0;N;1.522598040605554;0.1994226015675031;0.1315334104411641;cluster3
0.3069861777892112;0.8;Y;0.5921473838579369;0.5803815023247354;0;cluster6
0.2790557934816278;0;N;1.4334726266442728;0.1488113865240374;0.2630668208823282;cluster4
0.747249402545248;0.8;Y;0.8763221330852683;0.5056098950743452;0.2630668208823282;cluster6
0.5484314515493708;0;N;1.7783086523897538;0.4642512470739774;0;cluster3
0.382256827150989;0;N;1.2136921555669768;0.3819870549214599;0.2630668208823282;cluster4
0.2587901416350065;0;N;0.2944405037150182;0.1545527903146737;0.1315334104411641;cluster7
0.2954270666992167;0;N;0.6196782708930971;0.1667117854659782;0.3946002313234923;cluster7
0.0497215411585709;0.4;N;1.431139500624344;0.1383481558324993;0;cluster4
0.6750669706313336;0;Y;1.9322949697050564;0.1302913354387229;0.7892004626469847;cluster8
0.4893398369696723;0;Y;1.4913341519385075;0.2082556280103994;0.3946002313234923;cluster8
0.5891177862389921;0;N;1.279019684124984;0.2291336837313366;0.2630668208823282;cluster4
0.1550309963786821;0.4;Y;0.6495422839481861;0.1115188887283271;0.3946002313234923;cluster6
0.0901908324532621;0;N;1.393342859101497;0.1454103107250686;0.5261336417646564;cluster4
0.0930185978272093;0;N;0.0466625203985765;0.0990880312680918;0.5261336417646564;cluster7
1.224744871391589;0;Y;0.3914985461440575;0.8195014457008029;0.1315334104411641;cluster6
0.4039983740831354;0;Y;0.4096969290995025;0.3484405885293288;0.2630668208823282;cluster6
0.3703318429095407;0;N;0.2799751223914595;0.2754737890022598;0.6576670522058206;cluster7
0.1240247971029457;0;N;1.0116434422411404;0.1032316752831688;0.1315334104411641;cluster4
0.077515498189341;0;N;0.0765265334536656;0.0866572483928522;0.2630668208823282;cluster7
0.7119023353709084;0;Y;0.6294774001767983;0.5953269183263398;0.1315334104411641;cluster6
0.3117983399168055;0;N;1.4432717559279735;0.1828884505748058;0.1315334104411641;cluster4
0.2401554158702889;0.4;N;0.8263932362587915;0.2961303272862904;0.2630668208823282;cluster5
0.0179897968197822;0;N;1.8501689338035616;0.0389277738240521;0;cluster3
0.199233434066172;0.4;N;0.5095547227524562;0.2765605669730224;0.3946002313234923;cluster5
0.5077575193394598;0.4;N;1.6289885871143086;0.1874658809242425;0.2630668208823282;cluster3
0.9277178848097444;0;Y;1.5967914480392906;1.152509801962302;0;cluster8
0.2694314692264393;0;Y;1.7484446393346649;0.1717125602503918;0.6576670522058206;cluster8
0.2024580787908485;0.4;N;0.5156208504042712;0.2242794684632602;0;cluster5
0.1444888886249317;0;Y;1.4208737461366574;0.1620071876990582;0;cluster8
0.4371471017288252;0;N;2.0088215031587224;0.2811755135752414;0.2630668208823282;cluster3
0.3505808939708966;0;N;2.075082282124701;0.3668024448389938;0;cluster3
0.323568293161875;0.4;Y;0.713469936894236;0.1214876954840896;0.6576670522058206;cluster6
0.130226036958093;0;N;0.9775798023501796;0.1935623838788896;0;cluster4
0.4890297749769149;0;N;1.3695449736982228;0.3570526942152833;0.3946002313234923;cluster4
0.2427661378493059;0;Y;0.2221135970972244;0.1878001708744832;0.2630668208823282;cluster6
0.4030805905845736;0;Y;1.2986179426923865;0.3477047329628238;0;cluster8
1.282974513631422;0;Y;1.3947427347134542;0.3714958548565751;0.5261336417646564;cluster8
0.098860165770758;0;N;2.067149653656943;0.1245981135552386;0.1315334104411641;cluster3
0.4102864312962547;0;N;1.3238157037076177;0.3029338214141486;0.5261336417646564;cluster4
0.2922520318933813;0;Y;1.5762599390639171;0.221810928864171;0.3946002313234923;cluster8
0.0816579264125794;0;N;2.067616278860928;0.1690239203293123;0.1315334104411641;cluster3
0.0945937127504167;0;Y;1.6126567049748068;0.1204929553978868;0.1315334104411641;cluster8
0.5077575193394598;0;N;1.4418718803160169;0.323638616190327;0.5261336417646564;cluster4
0.5149416557116478;0;N;1.4428051307239882;0.32795895205996;0.3946002313234923;cluster4
0.5077575193394598;0.8;Y;0.713469936894236;0.2588391720205008;0;cluster6
0.662788515718142;0.4;Y;0.4526264478661928;0.5559460406540698;0.6576670522058206;cluster6
0.4709221545998849;0.4;Y;0.3546351550291821;0.2411177770679793;0;cluster6
0.1159786883908921;0;N;1.582792691919718;0.1259164779373126;0;cluster3
0.43408678986031;0;N;2.037285640601854;0.2482580224509327;0.5261336417646564;cluster3
0.2790557934816278;0;N;1.9178295883814975;0.1488113865240374;0.2630668208823282;cluster3
0.217043394930155;0;Y;1.2146254059749486;0.1985347417799828;0;cluster8
0.4893398369696723;0.4;Y;0.2888410012671891;0.2777936807051353;0.2630668208823282;cluster6
0.2139675799620019;0.4;Y;0.2916407524911036;0.1469616786333701;0.2630668208823282;cluster6
0.5116022880496511;0.4;N;0.4199626835871893;0.2715658335732517;0.7892004626469847;cluster5
0.1240247971029457;0.4;N;0.384499168084271;0.1861038843197476;0.7892004626469847;cluster5
0.1240247971029457;0;Y;1.3564794679866214;0.0825136043777752;0.7892004626469847;cluster8
0.3364606708207263;0.4;Y;0.5674162480466912;0.2521946931032435;0;cluster6
0.3445408863519831;0;N;1.5081326592819952;0.2254847619920176;0.1315334104411641;cluster3
0.43408678986031;1.2;N;0.3453026509494667;0.3192913551372854;0.7892004626469847;cluster1
0.7441487826176744;0;Y;0.9313839071555888;0.3725663732982988;0.1315334104411641;cluster6
0.1445571022633383;0;N;1.7643098962701809;0.3835643038232316;0;cluster3
0.3445408863519831;0;N;0.1180561766083988;0.2577480681199939;0.1315334104411641;cluster7
0.0713142583341937;0.4;N;0.5394187358075454;0.1534729487485011;0.1315334104411641;cluster5
0.7119023353709084;0;Y;1.1726291376162297;0.3570526942152833;0;cluster8
0.7751549818934108;0;Y;0.8931206404287559;0.4305769419994026;0.1315334104411641;cluster6
0.1395278967408139;0.8;N;0.9738468007182932;0.1021957642793996;0.2630668208823282;cluster1
0.2790557934816278;0.8;N;0.6934050531228481;0.1861038843197476;0.1315334104411641;cluster1
0.804576764386157;0.8;Y;0.4619589519459082;0.5739224417065183;0.3946002313234923;cluster6
0.1078116555016631;0;Y;1.633654839154166;0.1039928151631792;0.3946002313234923;cluster8
0.3445408863519831;0;Y;0.5347524837676877;0.3007658593472928;0.3946002313234923;cluster6
0.1649529801469178;0;N;1.2365567905622794;0.0585635418584186;0.6576670522058206;cluster4
0.7241807902841001;0;N;1.141831874153169;0.1813006106036601;0.2630668208823282;cluster2
0.5798159264562712;0;N;1.64205409282591;0.3261579481714139;0.9207338730881488;cluster3
0.7105845719016897;0;N;0.9757133015342364;0.3239843922298888;0.5261336417646564;cluster2
0.4333116348784166;0;N;0.9388499104193608;0.1857930886431181;0.6576670522058206;cluster4
0.1649529801469178;0;N;1.7913741581013551;0.2353299814100851;0.2630668208823282;cluster3
0.8991797789963565;0;Y;1.2925518150405717;0.55902886227685;0.5261336417646564;cluster8
0.3772834327871608;0;N;0.1250555546681852;0.3504039639532773;0.1315334104411641;cluster7
0.1444888886249317;0.4;N;1.070438217943347;0.0934527619261821;0;cluster4
0.5891177862389921;0.8;N;0.5632166212108195;0.1985347417799828;0.5261336417646564;cluster1
1.0342427830414644;0;Y;0.5846813805941647;0.5690729998781598;0.3946002313234923;cluster6
0.3085891982917668;0.8;N;0.8301262378906774;0.2719387585512088;0.1315334104411641;cluster1
0.1550309963786821;0;N;0.6532752855800723;0.1488113865240374;0.2630668208823282;cluster7
0.6182636135581845;0.4;N;0.7312016946456952;0.6243653184149343;0.3946002313234923;cluster5
0.0076027200624105;0;N;1.5949249472233475;0.0305991657063405;0.7892004626469847;cluster3
0.5261752017092473;0;N;0.9453826632751616;0.2676998694967616;0;cluster4
0.077515498189341;0;N;2.00135549989495;0.2369572768438987;0.1315334104411641;cluster3
0.3281696131343944;0;N;1.44700475755986;0.4316376898067038;0.2630668208823282;cluster4
0.9802175814234212;0;Y;1.7139143742397178;1.2158840014513714;0;cluster8
0.5261752017092473;0;N;1.1632966335365145;0.5357583436523268;0.2630668208823282;cluster2
0.3486337046563804;0.4;N;0.9425829120512472;0.3649288697497373;0.2630668208823282;cluster5
0.2790557934816278;0;N;0.3042396329987193;0.1488113865240374;0;cluster7
0.43408678986031;0;N;0.5776820025343783;0.3192913551372854;0.6576670522058206;cluster7
0.1678210535799234;0;N;1.0615723390676173;0.2809803992267743;0;cluster4
0.2547965431682916;0;Y;0.964047671434592;0.2288062556006903;0.3946002313234923;cluster6
0.2556647167480123;0;N;1.1306328692575107;0.1966651196954927;0.1315334104411641;cluster4
0.5261752017092473;0;N;1.7769087767777962;0.9569930674439304;0;cluster2
0.4939442575621192;0.4;N;0.6490756587442001;0.2802549855596521;0;cluster5
0.4884096509914002;0;N;0.3793662908404276;0.6937791125070146;0;cluster7
1.0072301822324428;0;Y;1.5062661584660522;0.3118243528886459;0.2630668208823282;cluster8
0.43408678986031;0.8;Y;1.0783708464111048;0.3725663732982988;0.2630668208823282;cluster6
0.8514953451302014;0;Y;1.3966092355293973;0.3534489709832927;0.3946002313234923;cluster8
0.1472515409803998;0;N;1.897298079406124;0.0928580211713361;0;cluster3
0.7611184754812848;0;N;1.867900691555021;0.4230736914429057;0.2630668208823282;cluster3
0.2443009447134549;0;Y;0.1147898001804984;0.1320909222123527;0;cluster6
0.272705723869957;0;N;1.3079504467721017;0.2083771269682179;0.1315334104411641;cluster4
0.2821564134092015;0;N;0.3070393842226339;0.3009647775305351;0;cluster7
0.2041448160314486;0;N;0.5935472594698941;0.1881922641963073;0;cluster7
0.65618419527241;0.4;N;1.1572305058846992;0.5696508098390065;0.2630668208823282;cluster2
0.0637487457109141;0;N;2.0092881283627078;0.0756186690453219;0.1315334104411641;cluster3
0.5891177862389921;0;N;1.462870014495376;0.4968747241456648;0.2630668208823282;cluster2
0.2252166290592391;0.4;Y;1.311683448403988;0.2461776231689013;0;cluster8
0.2790557934816278;0.4;Y;1.2696871800452691;0.1488113865240374;1.4468675148528052;cluster8
0.3281696131343944;0;N;1.7447116377027785;0.1325633435744288;0.2630668208823282;cluster3
0.8496008663544539;0;Y;0.4596258259259795;0.4703721393221829;0;cluster6
0.3772834327871608;0;Y;0.8413252427863359;0.1507391103200932;0.1315334104411641;cluster6
0.1550309963786821;0;N;1.925762216849256;0.2233963821154578;0.1315334104411641;cluster3
0.5298897443824804;0;N;1.6896498636324584;0.8991265223693136;0;cluster2
0.0955642067877472;0;Y;1.3340814581953044;0.3041048058449339;0;cluster8
0.2276010057835432;0;N;1.877233195634736;0.3106794732063176;0.1315334104411641;cluster3
0.9987003768116876;0;N;1.975224488471747;0.7073400818204512;0;cluster2
0.1864960874036994;0;N;1.8133055426886864;0.1159077682089087;0.2630668208823282;cluster3
0.3565650904311138;0;N;0.6593414132318873;0.1861009009199239;0.6576670522058206;cluster7
0.3193607519201576;0;N;1.8525020598234907;0.3508093334043167;0.2630668208823282;cluster3
0.0930185978272093;0;Y;0.3667674103328119;0.1189773882874692;0.2630668208823282;cluster6
0.8567012859885975;0;N;0.2799751223914595;0.42671508009767;0.1315334104411641;cluster7
0.2015402952922868;0;N;1.5505955528447;0.2233963821154578;0;cluster3
0.2089569781590429;0.8;N;0.3471691517654098;0.2882554942817571;0.2630668208823282;cluster1
0.4650929891360464;0;Y;1.802106537793028;0.4769853671262875;0;cluster8
0.5581115869632557;0;N;0.4815572105133104;0.4045313394439094;0.1315334104411641;cluster7
0.43408678986031;0.4;N;0.7312016946456952;0.3725663732982988;0;cluster5
0.1550309963786821;0;N;0.1479201896634877;0.1488113865240374;0.1315334104411641;cluster7
0.5075466771843847;0;N;1.479201896634878;0.2875262021948641;0;cluster4
0.2790557934816278;0;N;0.3621011582929542;0.2327195065643854;0.9207338730881488;cluster7
0.6977480054015347;0;N;2.013021129994593;0.2574367503483953;0.6576670522058206;cluster3
0.5261752017092473;0;N;1.4120078672609275;0.5357583436523268;0.5261336417646564;cluster2
0.1755446978195093;0.4;Y;0.4582259503140221;0.2480690986570997;0;cluster6
0.021642327094464;0.4;Y;1.1096347350781512;0.0418565028459404;0;cluster6
0.3431611104842129;0.8;Y;0.5744156261064779;0.1996535167138542;0.2630668208823282;cluster6
0.4110243788390172;0;N;0.9635810462306064;0.3793909003949138;0.1315334104411641;cluster4
0.3193607519201576;0.4;Y;0.7759977142283289;0.2805757010406953;0.5261336417646564;cluster6
0.7441487826176744;0;N;2.012554504790608;0.5480604674101713;0;cluster3
0.7119023353709084;0.4;Y;1.5291307934613547;0.5953269183263398;0.1315334104411641;cluster8
0.43408678986031;0;Y;0.4754910828614954;0.6577442669069671;0.3946002313234923;cluster6
0.6597127007499888;0.8;Y;0.8501911216620655;0.4150201527889353;0;cluster6
0.0930185978272093;0;N;1.779708528001711;0.1985347417799828;0.1315334104411641;cluster3
0.0372074391308837;0;Y;0.7587325816808552;0.1363805290638021;0.5261336417646564;cluster6
0.1148128552981244;0;Y;1.237956666174237;0.0873328392829192;0.2630668208823282;cluster8
0.7119023353709084;0;N;1.889832076142352;0.8931696425264136;0;cluster2
0.1593563611776473;0.4;N;0.6668074164956594;0.1522795888190384;0.1315334104411641;cluster5
0.1550309963786821;0.4;Y;1.3499467151308209;0.2233963821154578;0.3946002313234923;cluster8
0.1853860654696281;0.4;N;0.7890632199399299;0.1483638765504888;0.3946002313234923;cluster5
1.0342427830414644;0;N;1.5379966723370844;0.7317677120665798;0.1315334104411641;cluster2
0.2590133862697918;0;Y;1.3522798411507495;0.2786966812467606;0.1315334104411641;cluster8
1.0342427830414644;0;Y;1.7839081548375826;0.5690729998781598;0.1315334104411641;cluster8
0.2563344506523682;0.8;N;0.8534574980899657;0.2300394439177988;0.5261336417646564;cluster1
0.0930185978272093;0;N;1.7722425247379388;0.0617955334723816;0;cluster3
0.0620123985514728;0.4;N;0.3733001631886127;0.1717605929875527;0.2630668208823282;cluster5
1.05027298806702;0;Y;1.225824410870607;0.433141845412796;0.3946002313234923;cluster8
0.1860371956544186;0;N;0.462425577149894;0.0742263909326169;0;cluster7
0.0146225235784373;0;N;1.0153764438730264;0.0606188059969357;0.1315334104411641;cluster4
0.8567012859885975;0;N;1.6523198473135967;0.4741676951628348;0.2630668208823282;cluster2
0.8150506585015007;0;Y;1.050839959375945;0.376526314469234;0.3946002313234923;cluster8
0.4333116348784166;0;N;1.8375700532959465;0.4464055189338051;0.5261336417646564;cluster3
0.4709221545998849;1.2;Y;0.8464581200301793;0.3173734765606476;0.2630668208823282;cluster6
0.1240247971029457;0;Y;0.7214025653619941;0.1061913570782275;0.2630668208823282;cluster6
0.2098840635173874;0.4;N;0.8357257403385064;0.2314247110409183;0;cluster5
1.269083736355892;0;Y;1.5039330324461233;0.8931696425264136;0.1315334104411641;cluster8
0.4893398369696723;0;N;1.2505555466818523;0.312562744345001;0;cluster4
0.0391918358845308;0;N;1.482934898266764;0.0478872218344759;0.1315334104411641;cluster4
0.8282934062121678;0;N;0.7517332036210689;0.6886525874200341;0.1315334104411641;cluster2
0.1550309963786821;0.4;N;0.5058217211205702;0.2233963821154578;0.3946002313234923;cluster5
0.1111262182042393;0.8;Y;0.3191716395262639;0.1217476987787213;0.5261336417646564;cluster6
0.4991998083393565;0;N;1.4652031405153048;0.3640423524921378;0;cluster4
1.394742560160669;0.4;N;1.124566741605696;0.525624405716325;0.1315334104411641;cluster2
0.1976366148034715;0;N;1.7190472514835613;0.1715155066920393;0.3946002313234923;cluster3
0.1547209343859247;0;N;0.7764643394323144;0.1783470447782398;0.2630668208823282;cluster7
0.8567012859885975;0.4;Y;0.6094125164054103;0.2665624483139924;0;cluster6
0.1860371956544186;0.4;Y;0.7615323329047698;0.0369338931369066;0.2630668208823282;cluster6
0.213232733039167;0;N;1.1105679854861228;0.2346467828504677;0;cluster4
0.1444888886249317;0;N;2.161407944862068;0.0808243288126251;1.0522672835293128;cluster3
0.5338523366499195;0;Y;1.7610435198422807;0.3878584603594121;0.3946002313234923;cluster8
0.217043394930155;0.4;Y;0.1936494596540927;0.0943524807280014;0.1315334104411641;cluster6
0.8567012859885975;0;Y;1.2407564173981511;0.6097466592790157;0;cluster8
0.2790557934816278;0.8;Y;0.8287263622787201;0.1239497461885624;0.2630668208823282;cluster6
0.3590207814137521;0;N;1.165163134352457;0.4260980384291423;0.1315334104411641;cluster4
0.0350990175801336;0.8;Y;0.6994711807746632;0.0438122706003386;0.2630668208823282;cluster6
0.8376510771535851;0;N;0.717669563730108;0.3727741670960165;0.2630668208823282;cluster2
0.0567413446745976;0;N;2.0951471658960887;0.174083990185221;0.1315334104411641;cluster3
0.3609865744478338;0;N;2.095613791100075;0.3768147346471861;0;cluster3
0.1894695819142426;0;N;1.408741490833027;0.2648171594171531;0;cluster4
0.4030805905845736;0;N;1.861834563903206;0.474273158346601;0.2630668208823282;cluster3
0.1732936477520909;0;Y;0.8161274817711046;0.2453616633171311;0;cluster6
0.1746765242397887;0.4;Y;1.1152342375259805;0.1975482060432951;0.2630668208823282;cluster6
0.1093898710447981;0;Y;0.4544929486821359;0.2247886602281629;0;cluster6
0.1860371956544186;0.4;Y;1.2178917824028488;0.1736730268595123;0.5261336417646564;cluster8
0.143825355960431;0.4;N;0.3499689029893243;0.2800113909640506;0;cluster5
0.0930185978272093;0.4;N;0.0251977610152313;0.1985347417799828;0;cluster5
0.1240247971029457;0;Y;0.3093725102425627;0.1488113865240374;0.1315334104411641;cluster6
0.4359223568574336;0;N;1.9999556242829928;0.3740381590163043;0.1315334104411641;cluster3
0.1457291365959612;0;N;1.127833118033596;0.4247758702122931;0;cluster4
0.5113480372155901;0;N;1.4442050063359455;0.2605665605183981;0.1315334104411641;cluster4
0.43408678986031;0;N;1.3121500736079734;0.4471513688897192;0.3946002313234923;cluster4
0.0930185978272093;0.4;Y;0.6467425327242714;0.0848813796478204;0.1315334104411641;cluster6
0.43408678986031;0;N;0.8847213867570122;0.2482580224509327;0.1315334104411641;cluster4
0.3445408863519831;0;N;2.009754753566693;0.2577480681199939;0;cluster3
0.077515498189341;0.4;Y;0.2795084971874736;0.0742263909326169;0.1315334104411641;cluster6
0.1444888886249317;0;N;0.8879877631849126;0.2107169328649163;0.1315334104411641;cluster4
1.0542107753750387;0.4;N;0.7433339499493251;0.325950751053661;0.2630668208823282;cluster2
0.4960991884117828;0.4;Y;0.9710470494943788;0.2814069508165617;0;cluster6
0.5691249889459973;0;N;1.900564455834024;0.2883628966754087;0;cluster3
0.1860371956544186;0;Y;0.870722630637439;0.1107254535452256;0.3946002313234923;cluster6
0.1444888886249317;0.4;N;1.446538132355874;0.1421637004519696;0.2630668208823282;cluster4
0.1444888886249317;0;N;2.116611925279434;0.1620071876990582;0.2630668208823282;cluster3
0.3445408863519831;0;N;1.917362963177512;0.4298192330291894;0.3946002313234923;cluster3
0.4489201555938223;0;Y;1.2309572881144506;0.2095425921093294;0.2630668208823282;cluster8
0.3281696131343944;0;N;1.6537197229255542;0.2876389001232028;0;cluster3
0.7476369800361947;0;Y;0.1031241700808543;0.5347887387096383;0.1315334104411641;cluster6
0.0669733904355906;0;N;0.8627900021696812;0.038922851214343;0.2630668208823282;cluster4
0.3445408863519831;0;N;1.978490864899647;0.6945440562218003;0;cluster3
0.1629499796737052;0.4;N;0.5468847390713175;0.0662927103665619;0.7892004626469847;cluster5
0.5966212864637204;0;N;0.9897120576538094;0.4309984218094897;0.2630668208823282;cluster2
0.5261752017092473;0.4;N;0.9080526469563004;0.3719448565300354;0;cluster5
1.0983481000440494;0;Y;1.8305706752361592;0.5540590402656068;0;cluster8
0.1485817069293289;0.4;Y;0.8459914948261936;0.0613551836584098;0;cluster6
0.670940045507733;0.4;N;0.964047671434592;0.2107066401355247;0.2630668208823282;cluster5
0.3332360260960497;0.4;Y;0.4218291844031323;0.0872593730622617;0.1315334104411641;cluster6
0.8061611811691471;0;Y;1.3826104794098244;0.2873263889916748;0;cluster8
0.350425862974518;0.4;Y;0.7008710563866204;0.3054846282633752;0;cluster6
0.43408678986031;0;N;0.0849257871254094;0.5323913531963433;0;cluster7
0.4893398369696723;0;N;1.973357987655804;0.4168698606796026;0;cluster3
0.1860371956544186;0.8;Y;0.440494192562563;0.1107254535452256;0.3946002313234923;cluster6
0.0712212397363665;0;Y;1.4544707608236322;0.0980040875271617;0.1315334104411641;cluster8
0.3193638525400852;0;N;1.7129811238317465;0.2715157124562142;0.2630668208823282;cluster3
0.1649529801469178;0;Y;1.5631944333523158;0.1881922641963073;0;cluster8
1.266389297638831;0.4;N;1.2057595270992187;0.4049488662492302;0;cluster2
0.2294458746404495;0;N;1.2267576612785784;0.1453422892090892;0;cluster4
0.3720743913088372;0;N;2.043818393457655;0.2766714002764712;1.3153341044116411;cluster3
0.43408678986031;0;Y;1.8375700532959465;0.4471513688897192;0;cluster8
0.6213394285263375;0;Y;0.2393787296446978;0.3134831231905992;0.2630668208823282;cluster6
0.1550309963786821;0;Y;0.5417518618274741;0.089143390050901;0.1315334104411641;cluster6
0.6491705929962385;0;N;1.9304284688891131;0.363231613590059;0;cluster3
0.7441487826176744;0;N;1.4236734973605716;0.7454913512554011;0;cluster2
0.3515916960672857;0;Y;0.6154786440572252;0.4598084426415833;0.1315334104411641;cluster6
0.0780674085364491;0;Y;1.917362963177512;0.1539796792085492;0;cluster8
0.3445408863519831;0;N;0.6262110237488978;0.6018903979383847;0.3946002313234923;cluster7
0.7643803276450923;0.4;Y;0.5655497472307481;0.2547469170673864;0.1315334104411641;cluster6
0.5261752017092473;0;N;1.8553018110474049;0.582377173051775;0.1315334104411641;cluster3
0.1649529801469178;0;Y;1.0172429446889697;0.2045879854371869;0.3946002313234923;cluster6
0.1550309963786821;0.8;Y;0.6262110237488978;0.1488113865240374;0.1315334104411641;cluster6
1.2092417717537207;0;N;1.1548973798647706;0.6626191422188222;0.5261336417646564;cluster2
0.1629499796737052;0.8;Y;0.3695671615567265;0.186264987910225;0;cluster6
0.4893398369696723;0;N;0.95658166817082;0.2777936807051353;0;cluster4
0.5814282488186095;0;N;0.47829083408541;0.3270197777954728;0.2630668208823282;cluster7
0.0930185978272093;0;N;0.277175371167545;0.0781519484205845;0.2630668208823282;cluster7
0.4309861699327363;0.4;Y;1.65418634812954;0.2466005946789002;0.2630668208823282;cluster8
0.7324222380515908;0;N;1.5258644170334543;0.5243319223277211;0.6576670522058206;cluster2
0.3565712916709689;0.4;Y;0.912718898996158;0.1861038843197476;0.1315334104411641;cluster6
0.5891177862389921;0;Y;1.7311795067871916;0.4968747241456648;0.1315334104411641;cluster8
0.0620123985514728;0;N;1.5328637950932409;0.039885072242468;0.2630668208823282;cluster4
0.2376067062898234;0;N;0.5202871024441289;0.2150229484153958;0.3946002313234923;cluster7
0.8991797789963565;0;Y;0.2561772369881854;0.2482580224509327;0.2630668208823282;cluster6
1.4988117674097508;0;Y;1.6369212155820667;0.4226249135244321;0.5261336417646564;cluster8
0.0669733904355906;0.4;N;0.3849657932882568;0.0782042325024941;0.2630668208823282;cluster5
0.5891177862389921;0;N;1.568327310596159;0.2979813777068783;0.6576670522058206;cluster3
0.1557658433015171;0;N;0.8837881363490404;0.2804398817637233;0.2630668208823282;cluster4
0.217043394930155;0.8;Y;0.7442672003572968;0.1189773882874692;0;cluster6
0.3281696131343944;0;N;1.17589551404413;0.4316376898067038;0;cluster4
0.7728977305861372;0;N;1.6457870944577964;0.5521499627184489;0;cluster2
0.7658531221106898;1.2;Y;0.4754910828614954;0.7663751500209987;0.1315334104411641;cluster6
0.0403080590584573;0;N;0.2501111093363705;0.056823250156284;0;cluster7
0.2790557934816278;0;N;0.3322371452378653;0.1861038843197476;0.1315334104411641;cluster7
0.0310061992757364;0;Y;0.3401697737056233;0.0548895595605808;0.2630668208823282;cluster6
0.3820459849959139;0;N;2.049417895905484;0.3308385295697535;0.1315334104411641;cluster3
0.0930185978272093;0;Y;0.4367611909306768;0.0848813796478204;0.1315334104411641;cluster6
0.2956255063745814;0;N;1.1222336155857668;0.2615441460556149;0.1315334104411641;cluster4
0.3281696131343944;0;N;0.8310594882986491;0.191639731862534;0.1315334104411641;cluster4
0.7380002533012957;0;N;0.7265354426058375;0.4621000666311297;0.1315334104411641;cluster2
0.1087046340408043;0;N;1.8151720435046288;0.0607455259044456;0.9207338730881488;cluster3
0.3445408863519831;0.8;N;0.7050706832224922;0.3007658593472928;0.1315334104411641;cluster1
0.1395278967408139;0;N;2.034019264173953;0.1105109470979046;0.2630668208823282;cluster3
0.217043394930155;0.4;N;0.3271042679940217;0.1701213639544444;0.5261336417646564;cluster5
0.2099181703365907;0;N;0.934650283583489;0.1652243368988986;0;cluster4
0.4049161575816971;1.2;Y;0.683605923839147;0.2617927378459211;0.3946002313234923;cluster6
0.0462116394005575;0;Y;1.5057995332620666;0.1234724022167773;0.1315334104411641;cluster8
0.440740720224883;0;Y;1.5468625512128138;0.3238645341419734;0.5261336417646564;cluster8
0.0247119408227619;0;N;0.3224380159541642;0.0889942200597181;0;cluster7
1.3565832307120202;0;N;1.7489112645386502;0.6672069398826462;0.1315334104411641;cluster2
0.5445928840790346;0;Y;1.4437383811319593;0.2304073717010513;0;cluster8
0.260073798285022;0;N;0.8711892558414249;0.3497359061477649;0;cluster4
0.8567012859885975;0;Y;0.9481824144990764;0.711430845073654;0.1315334104411641;cluster8
0.3193607519201576;0;N;0.9897120576538094;0.2805757010406953;1.183800693970477;cluster4
0.2790557934816278;0;N;1.468936142147191;0.1239497461885624;0.5261336417646564;cluster4
0.7131425833419378;0;N;1.7022487441400738;1.193001324803924;0;cluster2
0.687345425544525;0.8;N;1.2132255303629913;0.3452384309136023;0.5261336417646564;cluster1
0.6009497518826132;0;Y;1.6373878407860525;0.2168073198499249;0.7892004626469847;cluster8
0.8341907853144128;0;N;0.8137943557511755;0.1730763468947809;0.2630668208823282;cluster2
0.8836766793584881;0;Y;1.2962848166724577;0.4885875107005064;0.5261336417646564;cluster8
0.6745336640037908;0;N;1.865100940331106;1.1310858586586312;0;cluster2
0.2790557934816278;0.4;N;0.6528086603760865;0.2482580224509327;0.1315334104411641;cluster5
0.5891177862389921;0;N;1.4656697657192903;0.4258413914593121;0.6576670522058206;cluster2
0.1550309963786821;0;Y;1.3480802143148776;0.1786453847606055;0.5261336417646564;cluster8
0.0685485053587981;0;N;1.9444272250086865;0.2391188991861292;0.5261336417646564;cluster3
0.1567673435381233;0;N;1.4815350226548067;0.1803160886618534;0;cluster4
0.8116802846402282;0;N;1.4670696413312478;0.918406296219722;0.1315334104411641;cluster2
0.5538017252639283;0;N;1.8133055426886864;0.3122519486683716;0.1315334104411641;cluster3
0.7914022303138966;0.4;Y;0.8567238745178661;0.4706633937299674;0.3946002313234923;cluster6
0.43408678986031;0;N;2.0223536340743093;0.2482580224509327;0.3946002313234923;cluster3
0.5936756975325254;0;Y;1.3242823289116037;0.7509733484313704;0;cluster8
0.5484624577486465;0;Y;0.820793733810962;0.2784222084629842;0.1315334104411641;cluster6
0.5271053876875194;0;N;0.7605990824967982;0.3352738755025886;0.3946002313234923;cluster7
0.0567413446745976;0;N;0.6640076652717447;0.0840716103506844;0.2630668208823282;cluster7
0.3410681920331007;0.4;N;1.116167487933952;0.3311302314875116;0.1315334104411641;cluster4
0.2790557934816278;0.4;N;0.7843969679000725;0.1239497461885624;0.3946002313234923;cluster5
0.1240247971029457;0;N;0.133454808339929;0.1488113865240374;0.2630668208823282;cluster7
1.030500334788883;0;N;1.4110746168529562;0.5103293352553878;0;cluster2
0.260452073916186;0;N;0.0937916660011388;0.2800809787649373;0.1315334104411641;cluster7
0.1547209343859247;0;N;0.4787574592893956;0.1783470447782398;0;cluster7
0.1550309963786821;0.4;Y;0.0718602814138079;0.1488113865240374;0.2630668208823282;cluster6
0.2480495942058914;0;N;1.6807839847567287;0.2233963821154578;0.5261336417646564;cluster3
0.1751850259079108;0.4;Y;0.7498667028051258;0.1649714937638436;0.2630668208823282;cluster6
0.1649529801469178;0;N;0.2398453548486837;0.3138928185713829;0.3946002313234923;cluster7
0.8006172727386455;0.4;N;1.0102435666291831;0.4164037044571561;0.5261336417646564;cluster2
0.2480495942058914;0;Y;1.6126567049748068;0.2233963821154578;0.1315334104411641;cluster8
0.1880898060464723;0;N;1.9103635851177252;0.1753188939572282;0;cluster3
0.5077575193394598;0;Y;0.5258866048919583;0.4316376898067038;0.2630668208823282;cluster6
0.1240247971029457;0.4;N;0.5151542252002854;0.1239497461885624;0.1315334104411641;cluster5
0.8116802846402282;0;N;1.3690783484942368;0.578804551762946;0.2630668208823282;cluster2
0.0930185978272093;0;Y;0.7703982117804994;0.0659391774874586;0.3946002313234923;cluster6
0.9206174651756006;0;N;0.2734423695356587;0.7626807314343691;0;cluster7
0.9194206258835572;0;N;0.2678428670878295;0.285421264449283;0.5261336417646564;cluster7
0.86817357972062;0;Y;1.6051907017110345;0.5026564784189161;0.6576670522058206;cluster8
0.1085216974650775;0;N;1.1866278937358026;0.0667678913734748;1.183800693970477;cluster4
0.1649529801469178;0.4;N;0.400364425019787;0.2139037259715509;0;cluster5
0.8567012859885975;0.4;Y;0.8917207648167985;0.5334835012867885;0.3946002313234923;cluster6
0.4100259792223385;0;N;0.9752466763302506;0.2522359386058056;0.5261336417646564;cluster4
0.3431611104842129;0;N;1.6583859749654115;0.1996535167138542;1.0522672835293128;cluster3
0.6046208858768604;0.4;N;1.6602524757813548;0.2936784201412181;0.6576670522058206;cluster3
0.2790557934816278;1.2;N;0.7871967191239869;0.3725663732982988;0.1315334104411641;cluster1
0.6747569086385762;0;Y;0.5412852366234885;0.2421704696957566;0.5261336417646564;cluster6
0.5576650976936851;0;Y;0.9243845290958024;0.4042244967720464;0.2630668208823282;cluster6
0.1240247971029457;0;N;0.7923295963678303;0.092872639830472;0.3946002313234923;cluster4
1.0542107753750387;0;N;1.2491556710698954;0.8697997021027671;0;cluster2
0.2790557934816278;0;N;0.9089858973642718;0.165385813414354;0.1315334104411641;cluster4
0.648562871490434;0;Y;1.7479780141306789;0.7103780032758854;0;cluster8
0.0804300809212603;0;N;1.6476535952737394;0.2140881746656485;0;cluster3
0.1204900903855117;0;N;0.9673140478624924;0.0907469674561165;0.1315334104411641;cluster4
0.1444888886249317;0;N;2.009754753566693;0.1403584452186749;0.2630668208823282;cluster3
0.1674334760889767;0;N;1.202026525467333;0.1832351962193104;0;cluster4
0.360912159569572;0.4;N;1.2449560442340235;0.1881922641963073;0.2630668208823282;cluster4
0.2015402952922868;0;Y;0.5702159992706057;0.2233963821154578;0.3946002313234923;cluster6
0.315227625556702;0.4;Y;1.0335748268284717;0.1037489968125909;0.3946002313234923;cluster6
0.0930185978272093;0.4;N;0.2911741272871178;0.0848813796478204;0.1315334104411641;cluster5
0.0620123985514728;1.2;N;1.102168731814379;0.1861038843197476;0;cluster1
0.4147389215122505;0;N;2.029353012134096;0.5357583436523268;0;cluster3
0.3565650904311138;0.8;N;0.6934050531228481;0.2327157773146058;0.1315334104411641;cluster1
0.1485320970104877;0.8;Y;1.4997334056102516;0.1723921787302208;0;cluster8
0.360912159569572;0;N;1.749844514946622;0.5542027655521116;0;cluster3
0.43408678986031;0;N;0.3056395086106767;0.3725663732982988;0;cluster7
1.826265137340876;0.4;Y;0.5977468863057662;0.5953269183263398;0.7892004626469847;cluster6
0.7038407235592169;0;N;0.5062883463245561;0.5888628605134182;0.6576670522058206;cluster7
0.2480495942058914;0;Y;2.033552638969968;0.1338943874057533;0;cluster8
0.7914022303138966;0;Y;1.690116488836444;0.43926191722605;0.1315334104411641;cluster8
1.0342427830414644;0;N;1.7153142498516754;1.024618238756733;0;cluster2
0.1485817069293289;0;Y;0.3420362745215662;0.1076404689575732;0.3946002313234923;cluster6
0.2027402352042578;0;N;0.6033463887535953;0.1870660307628769;0.3946002313234923;cluster7
0.0833136574539037;0.4;N;1.1334326204814251;0.0454738751321243;0.9207338730881488;cluster4
0.6784559482121715;0;N;1.2510221718858383;0.3409617272663903;0.1315334104411641;cluster2
0.0930185978272093;0;N;0.0111990048956583;0.1189773882874692;0.1315334104411641;cluster7
0.043284654188928;0.4;N;0.6738067945554458;0.0492818866670398;0;cluster5
0.0567413446745976;0;N;1.879566321654665;0.0914133843917258;2.23606797749979;cluster3
0.5298897443824804;0;Y;1.3863434810417106;1.0790235179409389;0.2630668208823282;cluster8
0.2547965431682916;0;N;0.2846413744313172;0.2079731000470991;0.1315334104411641;cluster7
0.3100619927573643;0;N;0.6332104018086843;0.2340513708306613;0.3946002313234923;cluster7
0.4960991884117828;0;N;0.6196782708930971;0.2814069508165617;0.2630668208823282;cluster7
0.3040436894779438;0;Y;1.8949649533861952;0.3659859628922545;0.2630668208823282;cluster8
0.2184200701779977;0;N;2.033086013765982;0.1710675492085172;0.1315334104411641;cluster3
0.5891177862389921;0;N;0.8613901265577238;0.156662426914977;0;cluster4
0.6898135190068737;0;N;1.7643098962701809;0.433121931218973;0.1315334104411641;cluster3
0.2922520318933813;0.8;Y;0.605679514773524;0.1724399131273994;0;cluster6
0.4451249968024721;0;Y;1.1749622636361583;0.1758456131960948;0.2630668208823282;cluster8
0.5077575193394598;0;Y;1.2986179426923865;0.1847826857078411;0.1315334104411641;cluster8
0.5891177862389921;0.4;Y;0.5151542252002854;0.1488113865240374;0.1315334104411641;cluster6
1.1570273321733806;0;N;1.9682251104119608;1.7857655772667382;0.1315334104411641;cluster2
0.1506808266202963;0.4;Y;1.1931606465916034;0.1453232700352134;0.2630668208823282;cluster8
0.5010384759564077;0.4;Y;0.4050306770596448;0.3364377743587927;0;cluster6
0.1521722248054592;0;N;0.9253177795037736;0.1255366165547654;0.3946002313234923;cluster4
0.4893398369696723;0.4;Y;0.980379553574094;0.3473318079848667;0;cluster6
0.2480495942058914;0.4;Y;0.1143231749765126;0.2311120507393991;0.3946002313234923;cluster6
0.43408678986031;0.8;Y;0.7032041824065491;0.2233963821154578;0;cluster6
0.1426285166683875;0;N;1.993422871427192;0.2084793829971737;0;cluster3
0.2882088235078252;0;N;1.2804195597369414;0.1177748544035487;0.3946002313234923;cluster4
0.284094300863935;0.4;Y;1.3228824532996464;0.2522980679071332;0.6576670522058206;cluster8
0.2790557934816278;0;N;0.6724069189434885;0.1239497461885624;0.3946002313234923;cluster7
0.3100619927573643;0;N;1.1628300083325287;0.3278153759434465;0.1315334104411641;cluster4
0.3270347862409024;0;N;1.1040352326303218;0.2149570898642886;0;cluster4
0.2325464945680232;0;N;1.5529286788646288;0.2344460000423356;0;cluster3
0.2790557934816278;0;N;1.7092481221998603;0.2586170579036296;0.6576670522058206;cluster3
0.3193607519201576;0.8;Y;0.5375522349916024;0.2805757010406953;0.1315334104411641;cluster6
0.3775934947799182;0;N;1.4633366396993617;0.4676799939063106;0.5261336417646564;cluster4
0.5136238922424291;0;Y;1.5977246984472624;0.523681541166164;0.1315334104411641;cluster8
0.1444888886249317;0.8;N;0.5062883463245561;0.1559936232595088;0.6576670522058206;cluster1
0.5076024883430811;0;N;1.9453604754166576;0.4315133566190529;0.2630668208823282;cluster3
0.1550309963786821;0;Y;0.4493600714382925;0.1488113865240374;0.1315334104411641;cluster6
0.8216642808070154;0;Y;1.2925518150405717;0.4554385823348776;0.5261336417646564;cluster8
0.43408678986031;0;Y;0.4418940681745202;0.1312619845713497;0.3946002313234923;cluster6
0.3410681920331007;0.4;Y;1.216025281586906;0.2233963821154578;0.6576670522058206;cluster8
0.4893398369696723;0.4;Y;0.6626077896597876;0.312562744345001;0;cluster6
0.4893398369696723;0;Y;1.766176397086124;0.357265783547688;0.2630668208823282;cluster8
0.1271254170305193;0;N;1.303284194732244;0.253230380352026;0;cluster4
0.2790557934816278;0;N;1.1208337399738098;0.092872639830472;0.2630668208823282;cluster4
0.0748117576124968;0;N;1.0214425715248414;0.0632773135797964;0.1315334104411641;cluster4
0.3262968386981399;0;N;1.781575028817654;0.4293852229398429;0.2630668208823282;cluster3
0.3281696131343944;0;Y;1.5361301715211413;0.246496399440059;0.1315334104411641;cluster8
0.1845488980891832;0.8;N;0.8408586175823503;0.1848252737403239;0.2630668208823282;cluster1
0.3317601310105246;0;Y;0.3938316721639864;0.2905178809530316;0.2630668208823282;cluster6
0.1023204576099302;0;N;1.869767192370964;0.1778166708745892;0.1315334104411641;cluster3
0.4709221545998849;1.6;N;0.5417518618274741;0.2679484612870678;0.1315334104411641;cluster1
0.6190387685400779;0.4;Y;1.1049684830382935;0.9194498894780374;0;cluster8
0.0930185978272093;0;Y;0.1446538132355875;0.0848813796478204;0.2630668208823282;cluster6
0.1444888886249317;0;N;0.4348946901147338;0.0840716103506844;0;cluster7
1.013155466914036;0;Y;0.7815972166761579;0.7172748032332286;0.3946002313234923;cluster6
0.2790557934816278;0;N;0.7615323329047698;0.0990880312680918;0;cluster7
0.22609720511867;0;N;0.3065727590186482;0.2057943231558825;0.1315334104411641;cluster7
0.4368401403559954;0.8;Y;0.4698915804136662;0.3747740891678048;0.3946002313234923;cluster6
0.5298897443824804;0;Y;1.6569860993534546;0.4493839215627572;0.3946002313234923;cluster8
0.1240247971029457;0;N;1.305150695548187;0.1488113865240374;0;cluster4
0.1393728657444352;0;N;1.5188650389736678;0.2045636707286241;0.1315334104411641;cluster3
0.3565650904311138;0;N;1.161896757924557;0.310407237972409;0;cluster4
0.43408678986031;0;N;2.098880167527975;0.2793351288090232;0;cluster3
0.4650929891360464;0.4;Y;0.717202938526122;0.3974280136337737;0.2630668208823282;cluster6
0.4546501012199784;0;N;0.8847213867570122;0.2592502099312052;0;cluster4
0.2080639996199017;0;N;0.1754510766986478;0.1913347538155606;0.2630668208823282;cluster7
0.4216843101500154;0;N;1.9112968355256967;0.3885488936636019;0;cluster3
0.1629499796737052;0;N;0.4992889682647695;0.0968411582759003;0.3946002313234923;cluster7
0.3393256436338043;0;Y;0.2673762418838438;0.2223484629273983;0.1315334104411641;cluster6
0.3317663322503797;0;N;0.8926540152247703;0.3005532921098572;0;cluster4
1.0342427830414644;0;Y;1.8725669435948784;0.7317677120665798;0.1315334104411641;cluster8
0.1420021914430177;0.4;Y;0.924851154299788;0.1185469582779111;0;cluster6
0.2318767606636673;0;N;1.685450236796586;0.3007658593472928;0.1315334104411641;cluster3
0.878005645510956;0;N;1.7022487441400738;0.436964550191843;0.3946002313234923;cluster2
1.1831345519635508;0;Y;0.4628922023538796;0.4168698606796026;0.2630668208823282;cluster6
0.5633206284415795;0.8;N;0.2645764906599291;0.2745731751804934;0;cluster1
0.8991797789963565;0;N;1.0256421983607134;0.4471513688897192;0.1315334104411641;cluster2
0.3461284037549009;0;N;0.8716558810454107;0.1886397741698559;0.2630668208823282;cluster4
0.0682136384066201;0;N;1.297218067080429;0.0951101896982146;0.1315334104411641;cluster4
1.0342427830414644;0.4;N;0.7120700612822787;0.5121298170489648;0.2630668208823282;cluster2
0.5891177862389921;0;N;1.3410808362550912;0.4258413914593121;0;cluster2
0.1240247971029457;0.4;Y;0.4451604446024206;0.3725663732982988;0;cluster6
0.4185836902224418;0.4;N;0.314972012690392;0.2769446051153226;0;cluster5
0.8055410571836324;0;N;1.2654875532093968;0.5027171906053275;0.2630668208823282;cluster2
0.6009497518826132;0.4;N;0.8893876387968698;0.6077060137996346;0.3946002313234923;cluster2
0.8744554356938842;0;Y;1.2491556710698954;0.4836582629268651;0.1315334104411641;cluster8
0.687345425544525;0;Y;1.8492356833955903;0.4316376898067038;0.2630668208823282;cluster8
0.8673550160597406;0;N;1.9406942233768;0.6170687428812212;0.3946002313234923;cluster3
0.8376510771535851;0;N;1.8501689338035616;0.5220272459639463;0.1315334104411641;cluster3
0.5891177862389921;0;N;1.7391121352549497;0.4258413914593121;0.1315334104411641;cluster3
0.1723727636336015;0;N;1.2603546759655535;0.1627164910071326;0.1315334104411641;cluster4
0.43408678986031;0;N;0.9323171575635602;0.3192913551372854;0.1315334104411641;cluster4
0.4371874097878837;0;N;0.848791246050108;0.3879977851311769;0.2630668208823282;cluster4
0.7103396229274114;0;Y;1.5543285544765864;0.3563008774597219;0.6576670522058206;cluster8
0.0618573675550941;0;Y;0.1315883075239859;0.1011787232795149;0.1315334104411641;cluster6
0.7364592451972917;0;Y;1.171695887208258;0.3073293389593379;0.2630668208823282;cluster8
0.0988477632910477;0;N;0.9831793047980087;0.0621137876485702;0;cluster4
0.1234387799366343;0;N;1.4838681486747354;0.1482475239573662;0.1315334104411641;cluster4
0.3262968386981399;0;N;0.7834637174921009;0.4293852229398429;0.1315334104411641;cluster7
0.1939189715103108;0.4;N;0.3658341599248404;0.450520149385597;0.2630668208823282;cluster5
0.0848205587387045;0.4;N;1.184294767715874;0.0553653372474585;0.1315334104411641;cluster4
0.0532314429165843;0;N;1.564127683760287;0.0927672512317013;0;cluster3
0.3218195435227236;0.8;Y;0.4358279405227053;0.1882452941281728;0.6576670522058206;cluster6
0.1240247971029457;1.2;Y;0.9425829120512472;0.0307185016992868;0.1315334104411641;cluster6
0.3441626107208192;0;N;1.563661058556301;0.4508731601697311;0.2630668208823282;cluster3
0.3410681920331007;0;N;1.5473291764167996;0.1488113865240374;0.5261336417646564;cluster3
1.1831345519635508;0.4;Y;1.115700862729966;0.8340983260180087;0.1315334104411641;cluster8
0.4742677235017368;0;Y;2.0288863869301097;0.2582434616607121;0;cluster8
1.0542107753750387;0;Y;0.9654475470465494;0.5217363644811397;0;cluster8
0.1085216974650775;0;N;2.1278109301750923;0.0555801420347618;0;cluster3
0.1547209343859247;0;N;1.556661680496515;0.2478437028004224;0.2630668208823282;cluster3
0.1444888886249317;0;N;1.5631944333523158;0.1403584452186749;0.2630668208823282;cluster3
0.4546501012199784;0;N;1.9504933526605013;0.4669372765202112;0.1315334104411641;cluster3
0.5185321735877781;0;N;1.3518132159467635;0.2640228292141046;0.1315334104411641;cluster4
0.4709221545998849;0;N;0.0849257871254094;0.4825941587947623;0;cluster7
0.3100619927573643;0;N;1.9523598534764444;0.1488113865240374;0.6576670522058206;cluster3
0.3640871943754075;0.8;N;0.5641498716187907;0.3273627196052022;0;cluster1
0.1800467979543463;0;Y;1.6831171107766574;0.1688697531434248;0.3946002313234923;cluster8
0.1257611442623869;0;N;1.2113590295470482;0.1504820904252852;0.1315334104411641;cluster4
0.4421825084912048;0.8;N;0.8590570005377948;0.4549410258292872;0.5261336417646564;cluster1
0.5934090442187541;0;N;1.44700475755986;0.3000458903848488;0.2630668208823282;cluster2
0.1257611442623869;0;N;0.1670518230269041;0.2091423690229858;0.1315334104411641;cluster7
0.1189273779420146;0;N;2.170740448941783;0.2400835069341131;0;cluster3
0.4518843482445827;0.8;N;0.7759977142283289;0.6449673350671875;0.1315334104411641;cluster1
0.1342568428639387;0;N;0.7340014458696096;0.0990259019667642;0;cluster7
0.1649529801469178;0.8;Y;0.6985379303666915;0.1567671442487874;0.1315334104411641;cluster6
0.2790557934816278;1.2;Y;1.3028175695282584;0.1861038843197476;0;cluster6
0.2821564134092015;0.4;N;1.4582037624555184;0.6273984664306506;0;cluster4
0.43408678986031;0;N;2.0512843967214267;0.6577442669069671;0;cluster3
0.0516253217941011;0;N;0.791396345959859;0.0564325739493761;0.3946002313234923;cluster4
0.7081877926976752;0;Y;1.169829386392315;0.322936174701847;0.2630668208823282;cluster8
0.0620123985514728;0.4;Y;0.0340636398909609;0.0635714022174133;0.1315334104411641;cluster6
0.1550309963786821;0;N;0.2342458524008544;0.1488113865240374;0.3946002313234923;cluster7
0.4650929891360464;0;Y;0.5954137602858371;0.2383133812337419;0.3946002313234923;cluster6
0.1339591833508917;0;N;1.9486268518445584;0.2641893775092602;0;cluster3
0.0930185978272093;0.8;N;0.6738067945554458;0.1985347417799828;0;cluster1
0.4538811474779401;0;Y;1.2412230426021371;0.2329193943525703;0.2630668208823282;cluster8
0.5077575193394598;0;N;1.802106537793028;0.323638616190327;0;cluster3
0.2318767606636673;0.4;N;1.1110346106901088;0.2104285126869643;0.2630668208823282;cluster4
0.3100619927573643;0;N;0.9682472982704642;0.092872639830472;0.5261336417646564;cluster4
0.0961192177547829;0;Y;2.1530086911903235;0.3594042845412852;0;cluster8
0.0742908534646644;0;N;1.931361719297085;0.1262867178554284;0.1315334104411641;cluster3
0.226875460720491;0;Y;0.3233712663621357;0.206418375813996;0;cluster6
0.6182636135581845;0.4;N;1.2594214255575822;0.4217521199060213;0.2630668208823282;cluster2
0.0930185978272093;0.4;Y;1.0573727122317451;0.165385813414354;0.1315334104411641;cluster6
0.3410681920331007;0;N;0.3537019046212104;0.2553613482610685;0;cluster7
0.7324222380515908;0.4;Y;0.5622833708028478;0.4587456064544056;0.3946002313234923;cluster6
0.5891177862389921;0;Y;1.3074838215681162;0.2979813777068783;0.2630668208823282;cluster8
0.5891177862389921;0.4;N;0.6010132627336666;0.2291336837313366;0;cluster5
1.1675353331079277;0.8;Y;1.2962848166724577;0.2742200152263679;0.3946002313234923;cluster8
0.8991797789963565;0;N;1.2612879263735253;0.63894138951837;0.3946002313234923;cluster2
0.1240247971029457;0;N;1.303284194732244;0.414002515109086;0;cluster4
0.4928094306686272;0;N;1.164229883944486;0.1571453647614315;0;cluster4
0.0321720323685041;0;N;1.363012220842422;0.0604311501480277;0.1315334104411641;cluster4
0.3286657123228061;0.8;N;1.1469647513970125;0.246837402039903;0.5261336417646564;cluster1
1.1553840036117664;0.4;N;0.4507599470502498;0.4073336468982703;0.3946002313234923;cluster5
0.687345425544525;0;Y;1.1674962603723864;0.4933514781239173;0.1315334104411641;cluster8
0.4258825495319501;0.4;Y;0.9477157892950906;0.2966791982688477;0.2630668208823282;cluster6
0.0465092989136046;0;Y;1.579059690287831;0.1239497461885624;0;cluster8
0.1395278967408139;0.8;Y;0.5697493740666202;0.1637283856423214;0.5261336417646564;cluster6
0.1395278967408139;0.4;Y;0.8739890070653393;0.1075933312403595;0.6576670522058206;cluster6
0.3030266861416997;0;N;0.1628521961910322;0.4013972033441623;0.1315334104411641;cluster7
1.826265137340876;0.8;N;0.7088036848543783;0.7442482431338789;0.3946002313234923;cluster2
0.4359223568574336;0;N;0.5613501203948764;0.3205529603377143;0;cluster7
0.2480495942058914;0;N;1.540796423560999;0.3352738755025886;0;cluster3
0.8116802846402282;0;Y;1.4614701388834186;0.3374865885667992;0.2630668208823282;cluster8
0.1854170716689038;0;N;0.4148298063433459;0.0871377249344521;0.5261336417646564;cluster7
0.6666332844283333;0;Y;1.8156386687086148;0.1674576354218925;0;cluster8
0.494759720603071;0;N;0.8427251183982933;0.4212157046177278;0;cluster4
0.7004641484580892;0;Y;1.5076660340780097;0.3195581456665159;0.2630668208823282;cluster8
0.799581665682836;0;N;0.845058244418222;0.5704893689444409;0.2630668208823282;cluster2
0.1550309963786821;0.4;Y;0.7605990824967982;0.089143390050901;0.2630668208823282;cluster6
0.0655719102283274;0;Y;1.835703552480003;0.0660177900728119;0.6576670522058206;cluster8
0.1342568428639387;0;N;2.065283152841;0.1132236779725602;0;cluster3
0.687345425544525;0;N;1.7283797555632767;0.6908354664860082;0.1315334104411641;cluster2
0.3445408863519831;0;Y;0.3205715151382212;0.2254847619920176;0.2630668208823282;cluster6
0.1705340960165503;0;Y;1.8291707996242024;0.2548006182642122;0.5261336417646564;cluster8
0.1547209343859247;0.4;N;0.6677406669036311;0.2974841195412703;0.1315334104411641;cluster5
0.0441032178498074;0;N;1.974291238063776;0.1502036646367424;0.1315334104411641;cluster3
0.2480495942058914;0;Y;1.5141987869338105;0.2233963821154578;0.1315334104411641;cluster8
0.1547209343859247;0;N;0.6822060482271897;0.1783470447782398;0.1315334104411641;cluster7
0.1240247971029457;0.4;Y;0.6229446473209975;0.0536885173765721;0.2630668208823282;cluster6
0.471095789315829;0;N;0.8973202672646277;0.268041319606579;1.0522672835293128;cluster4
0.1521722248054592;0;N;2.1208115521153057;0.2666918532813435;0.1315334104411641;cluster3
0.2954270666992167;0;Y;1.540796423560999;0.2450260308369697;0;cluster8
0.9633626114971308;0;Y;0.9775798023501796;0.2388354762028818;0;cluster8
0.5138967467960556;0;Y;1.279019684124984;0.2181008474284669;0.2630668208823282;cluster8
0.4061688080324369;0.4;Y;0.4292951876669045;0.4202888368775133;0.5261336417646564;cluster6
0.3875774909467054;0;N;0.8408586175823503;0.2233963821154578;0.7892004626469847;cluster4
0.687345425544525;0;N;0.7605990824967982;0.3138205457106547;0.2630668208823282;cluster7
0.306958272209863;0.8;Y;0.6612079140478304;0.1803011716627351;0.3946002313234923;cluster6
0.7441487826176744;0.4;N;0.3728335379846269;0.2068219552251412;0.1315334104411641;cluster5
0.1665404975498355;0.8;N;0.9239179038918164;0.1184403763192109;0.2630668208823282;cluster1
0.662788515718142;0;N;1.000444437345482;0.5559460406540698;0.2630668208823282;cluster2
0.5633206284415795;0.8;N;0.6252777733409262;0.4761897689783137;0.5261336417646564;cluster1
0.2563344506523682;0;N;1.775508901165839;0.2300394439177988;0;cluster3
0.1271254170305193;0.8;Y;0.5804817537582926;0.1185112320650228;0.3946002313234923;cluster6
0.1506808266202963;0;N;1.8707004427789355;0.0791042496442958;0.1315334104411641;cluster3
0.4937830253258853;0;Y;0.1647186970069754;0.280168839889744;0.3946002313234923;cluster6
0.5077575193394598;0;N;1.6359879651740954;0.7947266223001964;0;cluster2
0.4898979485566356;0;Y;0.9407164112353038;0.1135530453130919;0.3946002313234923;cluster6
0.4853152323036817;0;N;0.7708648369844854;0.4964431007761771;0.5261336417646564;cluster7
0.0930185978272093;0.4;Y;0.251044359744342;0.0742263909326169;0.3946002313234923;cluster6
0.4709221545998849;0;Y;0.7540663296409975;0.301486872499675;0;cluster6
0.0988477632910477;1.2;N;0.5310194821358016;0.1558223761096308;0.3946002313234923;cluster1
0.2790557934816278;0;N;0.1264554302801425;0.1180303080134493;0.1315334104411641;cluster7
0.5616338912009794;0;N;1.3280153305434896;0.5698765040356661;0;cluster2
0.1271254170305193;0;Y;0.4549595738861217;0.2109655246552225;0.3946002313234923;cluster6
0.4147389215122505;0.8;Y;1.1833615173079022;0.2379156194522528;0.2630668208823282;cluster6
0.2790557934816278;0.4;Y;0.4759577080654811;0.1861038843197476;0.1315334104411641;cluster6
0.3100619927573643;0.4;N;0.8095947289153038;0.2213805734396085;0.2630668208823282;cluster5
0.1860371956544186;0;N;1.9406942233768;0.2084793829971737;0.1315334104411641;cluster3
0.4893398369696723;0;N;0.4605590763339509;0.4168698606796026;0.2630668208823282;cluster7
0.5891177862389921;0.4;N;0.6266776489528836;0.3725663732982988;0.3946002313234923;cluster5
0.5113480372155901;0.4;Y;1.1786952652680445;0.2714384424007815;0.3946002313234923;cluster8
0.5261752017092473;0;Y;1.034508077236443;0.7442482431338789;0.1315334104411641;cluster8
0.0875211986956212;0;N;0.1301884319120286;0.0946800580286389;0.2630668208823282;cluster7
1.0542107753750387;0;N;1.3541463419666928;0.8154147846223578;0;cluster2
0.2790557934816278;0.8;N;0.4754910828614954;0.3386641364771965;0.5261336417646564;cluster1
0.5814282488186095;0;N;1.2505555466818523;0.736242811802065;0;cluster2
0.8371673804448836;0;N;1.4451382567439168;0.3477047329628238;0.5261336417646564;cluster2
0.5891177862389921;0;N;1.384943605429753;0.4258413914593121;0.5261336417646564;cluster2
0.3642391247518585;0.8;Y;0.6500089091521718;0.3165605001087012;0.5261336417646564;cluster6
0.4960991884117828;0.8;Y;0.5912141334499654;0.3166276266047334;0.3946002313234923;cluster6
0.0465092989136046;0;N;2.2080704652606444;0.1093251948379923;0;cluster3
0.2563344506523682;0;N;1.8389699289079031;0.1724399131273994;0.2630668208823282;cluster3
0.43408678986031;0;N;1.866500815943064;0.55902886227685;0.1315334104411641;cluster3
0.294558893119496;0;N;1.747511388926693;0.6261553583091284;0;cluster3
0.1240247971029457;0;N;0.6682072921076168;0.2865067744751206;0.1315334104411641;cluster7
0.1240247971029457;0;N;1.431139500624344;0.2482580224509327;0.5261336417646564;cluster4
0.1550309963786821;0;Y;0.0051328772438433;0.1488113865240374;0;cluster6
0.1593563611776473;0;Y;0.5809483789622786;0.0828986121250181;0.3946002313234923;cluster6
0.2544089656773449;0;Y;1.3401475858471197;0.3429225668004887;0;cluster8
0.1240247971029457;0.4;N;0.2720424939237014;0.0905986924848808;0.3946002313234923;cluster5
0.3410681920331007;0;Y;1.7335126328071202;0.5963213600725602;0.1315334104411641;cluster8
0.7134898527738261;0;N;0.2776419963715307;0.3578164445701395;0;cluster7
0.5261752017092473;0.4;N;0.528219730911887;0.3825820940162883;0.2630668208823282;cluster5
0.3069861777892112;0;Y;0.849257871254094;0.080945007335492;0.1315334104411641;cluster6
0.077515498189341;0;N;1.6971158668962305;0.1627960731974287;0.5261336417646564;cluster3
0.4960991884117828;0.4;Y;0.2599102386200716;0.1947098740360636;0.1315334104411641;cluster6
0.3565650904311138;0;N;1.869767192370964;0.1691500435568574;0;cluster3
0.4893398369696723;0;N;1.8637010647191488;0.2777936807051353;0.2630668208823282;cluster3
0.2032270325328868;0.4;Y;0.3411030241135948;0.1123303734803618;0;cluster6
0.1473817670173579;0.4;N;0.9635810462306064;0.3572329661496278;0;cluster4
0.5891177862389921;0.4;N;0.1469869392555161;0.4258413914593121;0.1315334104411641;cluster5
0.1240247971029457;0;N;1.9546929794963728;0.1239497461885624;0;cluster3
0.583635890207042;0;N;1.741911886478864;0.49247913201548;0;cluster3
0.1952739424186604;0.4;N;0.4269620616469757;0.3198259803856847;0;cluster5
0.9590217435985278;0.8;Y;0.6271442741568692;0.5666649487104952;0;cluster6
1.2092417717537207;0;Y;1.859034812679291;0.3590871491400305;0.5261336417646564;cluster8
0.1731386167557122;0;N;2.1212781773192915;0.1633306238608324;0;cluster3
0.662788515718142;0;N;1.5958581976313195;0.3030803063454902;0.2630668208823282;cluster3
0.0049113819652766;0.4;N;0.952382041334948;0.0613551836584098;0.1315334104411641;cluster4
0.0804300809212603;0;Y;0.8954537664486846;0.1783470447782398;0;cluster6
0.4039983740831354;0;Y;0.3037730077947335;0.1213155533142646;0.3946002313234923;cluster6
0.1860371956544186;0;Y;0.5188872268321715;0.260688879911168;0.2630668208823282;cluster6
0.0930185978272093;0.4;N;0.6098791416093959;0.1189773882874692;0;cluster5
0.2821564134092015;0;Y;0.8870545127769409;0.2507442386939772;0.2630668208823282;cluster6
0.5814282488186095;0.8;N;0.5506177407032036;0.3270197777954728;0.5261336417646564;cluster1
0.5013950472480787;0.4;N;0.3733001631886127;0.6399834164917776;0;cluster5
0.1453570622046524;0;Y;1.6905831140404295;0.2117611228031962;0.1315334104411641;cluster8
0.5271053876875194;0;N;0.1217891782402848;0.5366533635994238;0;cluster7
0.5744642564612792;0;N;1.3662785972703226;0.4851250514501659;0;cluster2
0.1649529801469178;0;N;0.5025553446926698;0.1567671442487874;0;cluster7
0.5076024883430811;0;N;1.610790204158864;0.5885577332964536;0.2630668208823282;cluster3
0.294558893119496;0;Y;1.610790204158864;0.217180990677838;0;cluster8
0.2775178859975513;0;N;0.3462359013574382;0.4362005014970045;0;cluster7
0.43408678986031;0;N;2.027019886114167;0.2233963821154578;0;cluster3
0.3117983399168055;0;N;1.054572961007831;0.2745119408991128;0.1315334104411641;cluster4
0.1550309963786821;1.2;N;0.9687139234744498;0.1786453847606055;0;cluster1
1.0945002307139304;0;Y;1.8002400369770846;0.1801341012726103;0.1315334104411641;cluster8
0.1528481599496703;0;N;1.9472269762326009;0.1260011319073088;0.2630668208823282;cluster3
0.2480495942058914;0;Y;1.9495601022525295;0.2233963821154578;0.2630668208823282;cluster8
0.8567012859885975;0;Y;0.4166963071592889;0.387890233567534;0;cluster6
0.3558023379289307;0;Y;0.8291929874827062;0.1159492374664575;0.1315334104411641;cluster6
0.0277815545510598;0;N;1.5160652877497534;0.0198432634921018;0.1315334104411641;cluster4
0.628098779968448;0;N;0.2897742516751606;0.316735028998385;0.1315334104411641;cluster7
0.6750669706313336;0.4;Y;0.5912141334499654;0.3770745887718266;0;cluster6
0.2318767606636673;0;N;1.5715936870240594;0.2104285126869643;0.1315334104411641;cluster3
0.1444888886249317;0;N;0.1819838295544486;0.1685018253601723;0.2630668208823282;cluster7
0.0930185978272093;0;N;0.0587947757022064;0.1101376491949696;0.2630668208823282;cluster7
0.7119023353709084;0;Y;1.564594308964273;0.3570526942152833;0.1315334104411641;cluster8
0.3445408863519831;0;N;1.1404319985412117;0.2254847619920176;0.1315334104411641;cluster4
0.625953150978567;0.8;Y;1.0970358545705354;0.3508206703236466;0;cluster6
0.0930185978272093;0;N;1.726046629543348;0.1488113865240374;0.5261336417646564;cluster3
0.6784559482121715;0.4;Y;1.1539641294567988;0.3788861837297466;0.2630668208823282;cluster8
1.0342427830414644;0.4;Y;0.9850458056139516;1.4232203693911067;0.2630668208823282;cluster8
0.1550309963786821;0;N;0.0933250407971531;0.089143390050901;0.1315334104411641;cluster7
0.1271254170305193;0.4;N;0.9290507811356596;0.1517947863476942;0;cluster5
0.4278855500051627;0;Y;1.197826898631461;0.3150293447342048;0;cluster8
0.1550309963786821;0;N;1.398942361549326;0.2030550400227965;0.1315334104411641;cluster4
0.986465330577482;0.4;Y;0.9243845290958024;0.6115199175492019;0;cluster6
0.0321720323685041;0;N;0.4250955608310327;0.0890380760371259;0.2630668208823282;cluster7
0.7119023353709084;0.4;N;0.8791218843091828;0.8931696425264136;0.2630668208823282;cluster2
0.2089569781590429;0.4;N;1.1054351082422793;0.2882554942817571;0.1315334104411641;cluster4
0.8362371944666115;0;Y;0.8889210135928838;0.3205863744157393;0.2630668208823282;cluster6
0.43408678986031;0;N;0.7666652101486133;0.2793351288090232;0;cluster7
0.1444888886249317;0;N;0.2029819637338082;0.1202559988668929;0.2630668208823282;cluster7
0.1585036906975646;0.8;Y;0.5958803854898231;0.1819867925631012;0.1315334104411641;cluster6
0.8567012859885975;0.4;Y;0.8254599858508197;0.8209369085259554;0.6576670522058206;cluster6
0.2995198850036139;0.4;Y;0.9276509055237028;0.1321540957036187;0.2630668208823282;cluster6
0.277716325672916;0;Y;1.656052848945483;0.2966925489830585;0.2630668208823282;cluster8
0.0742908534646644;0.4;N;1.028441949584628;0.1685018253601723;0;cluster4
0.43408678986031;0;Y;1.5734601878400023;0.1772246897645801;0.7892004626469847;cluster8
0.0465092989136046;0;N;1.8184384199325292;0.0597906142058886;0.7892004626469847;cluster3
0.2790557934816278;0;Y;1.4362723778681874;0.1861038843197476;0.1315334104411641;cluster8
0.1550309963786821;0;N;1.5309972942772978;0.1488113865240374;0.3946002313234923;cluster4
0.0228701725857831;0;N;1.7251133791353763;0.0716407528904491;0.3946002313234923;cluster3
0.3783593479020289;0;Y;1.5449960503968707;0.2184687752117194;0.3946002313234923;cluster8
0.3410681920331007;0.4;N;0.8632566273736669;0.1985347417799828;0.2630668208823282;cluster5
0.179299548551801;0;N;0.1003244188569395;0.2525852201401602;0.1315334104411641;cluster7
0.3834226602437567;0.4;N;0.3700337867607123;0.4980929208786594;0.1315334104411641;cluster5
0.5113480372155901;0.4;Y;0.869322755025482;0.2368460706154719;0.6576670522058206;cluster6
0.2954270666992167;0;N;0.2645764906599291;0.1118172287106928;0.1315334104411641;cluster7
0.1854170716689038;0;N;0.7321349450536665;0.0864085820175504;0.2630668208823282;cluster7
0.1240247971029457;0;Y;1.5491956772327429;0.1061913570782275;0;cluster8
0.6969139386410175;0;Y;1.3065505711601446;0.5468295912279261;0.3946002313234923;cluster8
0.7627525021831162;0;Y;0.3597680322730255;0.3893099589586168;0.3946002313234923;cluster6
0.4444552628981162;0.4;Y;1.070438217943347;0.4571278579000276;0;cluster6
0.2790557934816278;0;N;1.944893850212672;0.3725663732982988;0.2630668208823282;cluster3
0.2096422151630367;0;N;1.4694027673511767;0.1282805985425738;0;cluster4
0.4960991884117828;0;N;1.8487690581916043;0.1581345109729649;0;cluster3
0.2506541149450533;0;N;1.1133677367100374;0.2254847619920176;0.7892004626469847;cluster4
0.5581115869632557;0;Y;1.7171807506676182;0.1413528869648953;0.9207338730881488;cluster8
0.2656766184941476;0;N;1.7409786360708923;0.1874483534502785;0;cluster3
0.2015402952922868;0;N;1.323349078503632;0.2233963821154578;0.2630668208823282;cluster4
0.0228701725857831;0.8;N;0.3793662908404276;0.0559887186406115;0.5261336417646564;cluster1
0.2018317535654787;0;N;0.424628935627047;0.0929895145185638;0.7892004626469847;cluster7
0.2158124488189082;0;N;0.6112790172213534;0.1558832374660335;0.5261336417646564;cluster7
0.4147389215122505;1.2;N;0.7759977142283289;0.305993969198269;0.1315334104411641;cluster1
0.2790557934816278;0;N;1.8567016866593624;0.3725663732982988;0.9207338730881488;cluster3
0.8055720633829082;0;Y;0.3858990436962283;0.5292144798941223;0;cluster6
0.3445408863519831;0.4;Y;0.7587325816808552;0.3007658593472928;0.5261336417646564;cluster6
0.1240247971029457;0.4;N;0.4297618128708904;0.14890692990339;0.1315334104411641;cluster5
0.2635526938437597;0;N;0.2179139702613525;0.2830643785885942;0.2630668208823282;cluster7
0.5001734029966146;0;N;1.7241801287274052;0.2319587396093528;0.1315334104411641;cluster3
0.4100259792223385;0.4;N;0.4381610665426341;0.4240001862581424;0.2630668208823282;cluster5
0.3478771533940524;0;N;1.747511388926693;0.6072406034271441;0.2630668208823282;cluster3
0.4000047756164205;0;N;1.3480802143148776;0.5180369486998053;0.3946002313234923;cluster4
0.1240247971029457;0;N;2.063883277229042;0.0789871512012173;0;cluster3
0.1240247971029457;0;N;2.173540200165698;0.1239497461885624;0.7892004626469847;cluster3
0.8130445574083607;0;Y;1.448871258375803;0.4057119453391261;0.2630668208823282;cluster8
0.1550309963786821;0;N;0.1147898001804984;0.1786453847606055;0.5261336417646564;cluster7
0.1224868896188692;0.4;N;0.4684917048017089;0.1187463985561225;0;cluster5
0.0846779302220361;0;N;1.929961843685128;0.198410408592332;0;cluster3
0.5713078253750091;0.8;N;0.7554662052529548;0.4136008749078261;0.3946002313234923;cluster1
0.0544282822086277;0;Y;1.88563244930648;0.0757568004571572;0.2630668208823282;cluster8
0.0882591462383837;0;N;0.3341036460538084;0.0952718153836612;0.2630668208823282;cluster7
0.2661572145829215;0;Y;1.3074838215681162;0.2643905332423703;0.2630668208823282;cluster8
0.1403960703205345;0;N;0.8217269842189336;0.0511796272948679;0.1315334104411641;cluster4
0.1550309963786821;0.4;N;0.5898142578380081;0.1786453847606055;0.1315334104411641;cluster5
0.2433366519159795;0.4;Y;1.0247089479527418;0.1688537173693726;0.3946002313234923;cluster6
0.5936756975325254;0.4;Y;0.631810526196727;0.3753073718862834;0.9207338730881488;cluster6
0.1444888886249317;0;N;0.3359701468697514;0.0599486598115468;0;cluster7
0.2790557934816278;0;N;0.3509021533972959;0.0873884796896305;0.3946002313234923;cluster7
0.3317601310105246;0;N;1.8534353102314616;0.3486932079093969;0;cluster3
0.1240247971029457;0;N;1.338747710235162;0.1488113865240374;0.2630668208823282;cluster4
0.2673354501553995;0.4;N;0.8063283524874034;0.0840716103506844;0.5261336417646564;cluster5
0.1976366148034715;0;N;1.5851258179396468;0.152418391495834;0.2630668208823282;cluster3
0.1240247971029457;0;N;0.3541685298251962;0.0529164135022098;0;cluster7
0.3558085391687858;0;N;1.3345480833992904;0.3098006382032639;0.6576670522058206;cluster4
1.0164886333361776;0.8;N;0.4750244576575096;0.3356060024879572;1.0522672835293128;cluster1
0.043284654188928;0.4;N;1.2640876775974397;0.1187784701042268;0.1315334104411641;cluster4
0.4495898894981782;0.4;N;1.297218067080429;0.770352991590876;0.6576670522058206;cluster2
0.3445408863519831;0.4;Y;0.1815172043504629;0.231275615634731;0.2630668208823282;cluster6
0.1547209343859247;0;N;1.2486890458659092;0.3433060828478198;0.3946002313234923;cluster4
0.7441487826176744;0;N;1.4400053795000736;0.7454913512554011;0;cluster2
0.8567012859885975;0;N;1.909430334709754;0.6097466592790157;0.2630668208823282;cluster2
0.2883576532643488;0;Y;1.8030397882009996;0.239711849901081;0.3946002313234923;cluster8
0.3441626107208192;0;N;1.1231668659937384;0.4508731601697311;0;cluster4
0.2243670591990839;0;N;1.089103226102777;0.3067898656862251;0.3946002313234923;cluster4
0.1593563611776473;0.4;N;0.7909297207558732;0.1828072275146068;0.1315334104411641;cluster5
0.110146422307126;0.4;N;0.9897120576538094;0.1694117623063877;0.1315334104411641;cluster4
0.3961662081460843;0.4;Y;0.6864056750630616;0.2182706774634286;0.1315334104411641;cluster6
0.7241807902841001;0;Y;1.6863834872045578;0.1064997660349981;0.1315334104411641;cluster8
0.2821564134092015;0.8;Y;0.6336770270126699;0.1879685092095331;0.1315334104411641;cluster6
1.0342427830414644;0;Y;1.9537597290884012;0.42671508009767;0;cluster8
0.598419646021713;0;N;0.854857373701923;0.2159378825563158;0.6576670522058206;cluster4
0.3193607519201576;0.4;N;0.8557906241098945;0.2103421432620694;0.2630668208823282;cluster5
0.4100259792223385;0;N;0.0919251651851958;0.1764575830849224;0.3946002313234923;cluster7
0.021642327094464;1.2;N;0.7535997044370117;0.0662968125413194;0;cluster1
0.1550309963786821;0;N;1.8623011891071917;0.2979813777068783;0.3946002313234923;cluster3
0.5138967467960556;0;Y;0.424628935627047;0.1767706908964151;0.3946002313234923;cluster6
0.417963566236927;1.2;Y;0.5772153773303923;0.359638332257451;0;cluster6
0.747249402545248;0;N;1.5459293008048425;0.4676622426773599;0.1315334104411641;cluster2
0.1575362972801616;0;Y;1.652786472517583;0.0500343001025661;0.2630668208823282;cluster8
0.2956255063745814;0;N;1.608457078138935;0.1960684397307613;0.2630668208823282;cluster3
0.3565712916709689;0;N;1.3508799655387922;0.4049946614365233;0;cluster4
0.5705140666735503;0;Y;0.3481024021733814;0.180510009650391;0.2630668208823282;cluster6
0.4199603654702845;0;Y;1.7806417784096824;0.2082556280103994;0.2630668208823282;cluster8
0.4000047756164205;0;N;1.5048662828540948;0.1616400057657617;0.1315334104411641;cluster4
0.2159705804352145;0;N;0.7442672003572968;0.1976744784408314;0.1315334104411641;cluster7
0.8744554356938842;0;N;1.8926318273662663;0.4836582629268651;0.1315334104411641;cluster3
0.2790557934816278;0;N;0.7657319597406417;0.4383766679133754;0.7892004626469847;cluster7
0.1271254170305193;0;Y;0.7405341987254104;0.1264358878466112;0.2630668208823282;cluster6
0.303860752902217;0;Y;0.4759577080654811;0.2233963821154578;0.2630668208823282;cluster6
0.5891177862389921;0.4;Y;0.5804817537582926;0.2979813777068783;0.1315334104411641;cluster6
0.2790557934816278;0;N;0.2883743760632033;0.1861038843197476;0.5261336417646564;cluster7
0.4196503034775271;0.4;Y;1.0629722146795748;0.1664180697533392;0;cluster6
0.7666592832918588;0;N;1.7587103938223514;0.2394880949143068;0.3946002313234923;cluster3
0.217043394930155;0;N;1.2897520638166569;0.2979813777068783;0.3946002313234923;cluster4
0.0747621476936556;0;N;2.003688625914879;0.1409882409214488;0;cluster3
0.1649529801469178;0;N;0.3802995412483991;0.1567671442487874;0;cluster7
0.747249402545248;0;Y;1.5706604366160877;0.3400201662820442;0;cluster8
0.4333116348784166;0;N;0.6915385523069051;0.318758594513776;0;cluster7
0.2070593987633678;0;N;0.9355835339914604;0.142807294378928;0.1315334104411641;cluster4
0.4371874097878837;0;N;1.811439041872743;0.5490235834582433;0;cluster3
0.2790557934816278;0;Y;1.20342640107929;0.0990880312680918;0.2630668208823282;cluster8
0.16567852520997;0;N;0.6705404181275454;0.1573489072144005;0.3946002313234923;cluster7
1.7034805882089594;0;Y;0.9617145454146636;0.8340983260180087;0.2630668208823282;cluster2
0.687345425544525;0;Y;1.668185104249113;0.3452384309136023;0.2630668208823282;cluster8
0.6182636135581845;0;Y;1.2426229182140949;0.5574305804063214;0.3946002313234923;cluster8
0.0787309412009499;0;N;1.5473291764167996;0.0436366229357208;0.1315334104411641;cluster3
0.2204168694113551;0.8;Y;0.42649543644299;0.3776381529985153;0;cluster6
0.2790557934816278;0.4;Y;0.1367211847678293;0.2127413934002543;0.1315334104411641;cluster6
0.2089569781590429;0.4;Y;0.2715758687197157;0.0958461198497152;0.3946002313234923;cluster6
0.5891177862389921;0;Y;1.4460715071518886;0.0990880312680918;0;cluster8
0.306958272209863;0;N;1.2426229182140949;0.2164331269270428;0.9207338730881488;cluster4
0.43408678986031;0;Y;0.7410008239293963;0.2147903923991418;0;cluster6
0.8069890466898094;0;N;1.0998356057944505;0.4475938816685631;0.3946002313234923;cluster2
0.3627353240869853;0;N;0.2155808442414238;0.2488887131736538;0.1315334104411641;cluster7
0.5445928840790346;0;N;1.089569851306763;0.7688612916790476;0;cluster2
0.0620123985514728;0;N;0.3896320453281146;0.0825136043777752;0.1315334104411641;cluster7
0.5814282488186095;0;N;2.055950648761284;0.3270197777954728;0;cluster3
0.2263452547128759;0;Y;0.5174873512202142;0.1544052611933939;0.1315334104411641;cluster6
0.1393728657444352;0.4;N;0.3541685298251962;0.1167398384197265;0;cluster5
0.0930185978272093;0;N;1.8585681874753053;0.0593093918143328;0;cluster3
0.43408678986031;0;N;0.7610657077007842;0.4657976177875743;0.1315334104411641;cluster7
0.4709221545998849;0;Y;0.8828548859410691;0.2008717134468488;0;cluster6
0.1550309963786821;0;N;0.1950493352660501;0.1786453847606055;0.2630668208823282;cluster7
0.3445408863519831;0;N;0.9187850266479728;0.5642498119682494;0;cluster4
0.1429943898198412;0;N;2.192205208325128;0.2458508663032153;0;cluster3
0.271127508326822;0;N;1.0359079528484003;0.3024658005668125;0;cluster4
0.3880363826959862;0;Y;0.6971380547547341;0.0836414786811087;0.2630668208823282;cluster6
0.3193607519201576;0;N;0.958448168986763;0.3367625920145933;0.1315334104411641;cluster4
0.2790557934816278;0.4;N;1.4638032649033474;0.1730948439736876;0;cluster4
0.3262968386981399;0.8;N;0.6103457668133817;0.4293852229398429;0.2630668208823282;cluster1
0.5983142249441755;0;N;0.996711435713596;0.3780968507214027;0.6576670522058206;cluster2
0.1550309963786821;0;Y;1.161896757924557;0.2793351288090232;0.1315334104411641;cluster8
0.077515498189341;0;N;0.1721847002707476;0.0742263909326169;0;cluster7
0.6465133617183079;0;Y;0.5202871024441289;0.2959621381212317;0.2630668208823282;cluster6
0.2058811631908899;0.4;Y;1.6602524757813548;0.1895845423090124;0.1315334104411641;cluster8
0.2954270666992167;0.4;N;0.5991467619177232;0.2239930620801892;0.1315334104411641;cluster5
0.2058811631908899;0.4;N;0.6929384279188623;0.5176681258966057;0.1315334104411641;cluster5
0.1204900903855117;0.8;Y;0.5291529813198583;0.1454103107250686;0.1315334104411641;cluster6
0.0465092989136046;0;N;0.5170207260162285;0.1550267779616572;0;cluster7
1.3218934949623262;0;N;1.6616523513933124;0.3250795983051532;0.3946002313234923;cluster2
0.1444888886249317;0;N;1.3821438542058382;0.2810754205111578;0.1315334104411641;cluster4
0.6898135190068737;0;N;1.7316461319911771;0.3849574023708883;0.2630668208823282;cluster3
0.5429371530377103;0;Y;0.8637232525776526;0.2120434270115097;0.3946002313234923;cluster6
0.2752110247714365;0;N;1.9761577388797185;0.3679421035716307;0;cluster3
0.7105566663223414;0;Y;1.9126967111376545;0.5942478971951187;0.3946002313234923;cluster8
0.5731495936119878;0;N;1.8702338175749496;0.2072540261046022;0.3946002313234923;cluster3
0.7782556018209843;0;Y;1.7134477490357325;0.2991288678640523;0;cluster8
0.2790557934816278;0;Y;0.6192116456891115;0.1861038843197476;0;cluster6
0.2790557934816278;0;Y;1.0816372228390052;0.165385813414354;0.2630668208823282;cluster8
0.077515498189341;0;N;0.6532752855800723;0.2369572768438987;0;cluster7
0.2790557934816278;0.4;N;0.5870145066140934;0.2482580224509327;0.1315334104411641;cluster5
0.3887371227996179;0;N;0.3728335379846269;0.4035161630689146;0.2630668208823282;cluster7
0.1550309963786821;0;N;1.3074838215681162;0.2233963821154578;1.0522672835293128;cluster4
0.1550309963786821;0.4;N;0.3509021533972959;0.2233963821154578;0.6576670522058206;cluster5
0.3852706297205905;0;Y;0.4726913316375808;0.2857409357403879;0;cluster6
0.3772834327871608;0.4;N;1.1003022309984358;0.3270197777954728;1.4468675148528052;cluster4
1.10564385873363;0.4;N;1.1544307546607848;0.6831905044378874;0.3946002313234923;cluster2
0.3772834327871608;0;N;0.2057817149577227;0.2802514800648594;0.1315334104411641;cluster7
0.2790557934816278;0.8;Y;0.5268198552999296;0.2979813777068783;0;cluster6
0.2537237286733512;0.8;N;1.5141987869338105;0.1953310924643446;0.2630668208823282;cluster4
0.1550309963786821;0.4;N;0.5711492496785776;0.1488113865240374;0.2630668208823282;cluster5
0.9611921775478292;0;N;1.8184384199325292;0.7952147065113465;0;cluster2
0.1444888886249317;0;N;2.061083526005128;0.3123459257628168;0;cluster3
0.1240247971029457;0;Y;1.4619367640874044;0.1239497461885624;0.1315334104411641;cluster8
0.5271053876875194;0.4;N;0.2505777345403563;0.2233963821154578;0.2630668208823282;cluster5
0.0628991758507589;0;N;1.2132255303629913;0.0899966424004668;0.3946002313234923;cluster4
0.340448068047586;0;N;1.6317883383382232;0.2549351695962591;0.5261336417646564;cluster3
0.1976955265820954;0.4;N;0.9864456812259093;0.1830210626969674;0.2630668208823282;cluster4
0.4359223568574336;0;N;1.4572705120475469;0.2242794684632602;1.0522672835293128;cluster4
0.2790557934816278;0.4;Y;1.0788374716150906;0.165385813414354;0.2630668208823282;cluster6
0.1550309963786821;0;Y;1.0503733341719588;0.0635714022174133;0.2630668208823282;cluster8
0.0620123985514728;0;N;1.4241401225645576;0.2233963821154578;0.6576670522058206;cluster4
0.3642391247518585;0.8;Y;1.0279753243806422;0.0947171267714478;0;cluster6
0.1550185938989718;0.4;Y;0.3215047655461927;0.1860914286254838;0.2630668208823282;cluster6
0.7119023353709084;0;N;1.5557284300885432;0.9924505505931048;0;cluster2
0.8602514958056694;0;N;0.8982535176725993;0.4284230764967136;0.1315334104411641;cluster2
0.1705340960165503;0;N;1.1385654977252688;0.1381563978088338;0.1315334104411641;cluster4
0.1444888886249317;0;N;2.134343683030893;0.1403584452186749;0;cluster3
0.4742677235017368;0;N;1.125499992013667;0.2379609671295725;0.2630668208823282;cluster4
0.6680719720747275;0;N;1.8039730386089707;0.5601824684036625;0.3946002313234923;cluster3
0.1333266568856666;0;N;0.4698915804136662;0.1408201263413858;0.2630668208823282;cluster7
0.2821564134092015;0;N;0.364434284312883;0.3009647775305351;0.2630668208823282;cluster7
0.65618419527241;0;N;1.4236734973605716;0.1373936916439159;0.2630668208823282;cluster4
0.3136525106334945;0.8;Y;0.7396009483174389;0.2434860744329937;0.6576670522058206;cluster6
0.5261752017092473;0;N;1.508599284485981;0.6697875807301092;0;cluster2
0.1953390554371395;0;N;0.3900986705321002;0.2718766292498811;0;cluster7
0.6465133617183079;0;N;1.0555062114158025;0.4652882768526806;0.1315334104411641;cluster2
0.2790557934816278;0;N;0.4880899633691111;0.165385813414354;0;cluster7
0.5891177862389921;0.4;N;0.58188162937025;0.0435149002229156;0.7892004626469847;cluster5
0.7998886270556657;1.2;N;0.412496680323417;0.7991239298852797;0.2630668208823282;cluster1
0.0497215411585709;0;N;1.6835837359806434;0.2336046067070687;0.1315334104411641;cluster3
0.2790557934816278;0.8;Y;0.9911119332657669;0.2482580224509327;0.5261336417646564;cluster6
0.7364592451972917;0.4;N;1.0172429446889697;0.512454709289761;0;cluster2
0.5076024883430811;0;N;1.6593192253733835;0.5178877787086225;0.1315334104411641;cluster3
0.143825355960431;0;N;1.3121500736079734;0.2896793218475973;0.2630668208823282;cluster4
0.8673550160597406;0.4;N;1.4731357689830629;1.0801393094749865;1.183800693970477;cluster2
0.1240247971029457;0.4;N;0.480157334901353;0.1861038843197476;0.3946002313234923;cluster5
0.4427685256575162;0;N;0.964047671434592;0.5694707616596488;1.183800693970477;cluster4
0.6790357641386278;0.4;Y;1.02050932111687;0.1704410352455493;0;cluster6
0.4371874097878837;0;N;1.4652031405153048;0.3750525149563475;0.1315334104411641;cluster4
0.8055410571836324;0;N;1.95282647868043;0.2363829723778447;0.5261336417646564;cluster3
0.6598987379456432;0;Y;0.0648609033540214;0.4744878139639131;0.2630668208823282;cluster6
0.6465133617183079;0;Y;1.64205409282591;0.271268761535811;0;cluster8
0.4100259792223385;0.4;N;0.1460536888475447;0.3532736962436528;0.1315334104411641;cluster5
0.0815339016154765;0;N;1.3877433566536677;0.0842394265907651;0;cluster4
0.7678592232038299;0;N;2.055017398353313;0.4800564043197642;0.1315334104411641;cluster3
0.6784714513118094;0;Y;1.7353791336230633;0.4872525138644156;0;cluster8
0.0310061992757364;0.8;N;0.4591592007219935;0.0990880312680918;0;cluster1
0.1731386167557122;0;N;1.6644521026172268;0.1399464377030279;0.1315334104411641;cluster3
0.5891177862389921;0.8;N;0.9738468007182932;0.4258413914593121;0.1315334104411641;cluster1
0.1240247971029457;0.4;Y;0.3709670371686838;0.0229492064635153;0.1315334104411641;cluster6
0.2130994063822813;0.4;N;0.636010153032599;0.2345184966580504;0;cluster5
0.1323096535494224;0.4;Y;0.492289590204983;0.1960684397307613;0.1315334104411641;cluster6
0.3281696131343944;0.8;Y;0.4218291844031323;0.3082101877572725;0.5261336417646564;cluster6
0.8712741996481936;0;N;1.1203671147698238;1.2054321822641592;0;cluster2
0.1395278967408139;0;N;1.398942361549326;0.2047501332176027;0.5261336417646564;cluster4
0.7441487826176744;0.4;Y;0.553884117131104;0.7454913512554011;0.1315334104411641;cluster6
0.4893398369696723;0.4;Y;0.687338925471033;0.2777936807051353;0;cluster6
0.0992198376823565;0.4;N;0.6192116456891115;0.1156625327434041;0.2630668208823282;cluster5
0.1813056496449412;0;N;0.6705404181275454;0.08476025361498;0.9207338730881488;cluster7
0.2790557934816278;0;N;0.4428273185824917;0.1583329070612381;0.5261336417646564;cluster7
0.1550309963786821;0.8;N;1.0219091967288272;0.1115188887283271;0.2630668208823282;cluster1
0.4893398369696723;0.4;Y;0.6817394230232039;0.2082556280103994;0.3946002313234923;cluster6
0.2041448160314486;0.4;N;0.1227224286482563;0.1410545469825296;0;cluster5
0.1864960874036994;0.4;N;0.5062883463245561;0.0713125043248513;0.1315334104411641;cluster5
0.5637795201908603;0;Y;0.5767487521264066;0.2380995460513813;0.5261336417646564;cluster6
0.8991797789963565;0;N;1.0447738317241295;0.55902886227685;0;cluster2
1.5473767773353366;0;N;0.7088036848543783;1.0844354052210523;0;cluster2
0.2778651554294395;0.4;Y;0.7526664540290405;0.1347297393563772;0.1315334104411641;cluster6
0.3445408863519831;0.8;N;0.4446938193984349;0.4513281286428388;0.3946002313234923;cluster1
0.3772834327871608;0.8;Y;0.587947757022065;0.2580980209193089;0.1315334104411641;cluster6
0.5261752017092473;0;N;0.8903208892048412;0.5357583436523268;0.3946002313234923;cluster2
0.4371874097878837;0;N;1.2057595270992187;0.3879977851311769;0.5261336417646564;cluster4
0.5261752017092473;0;N;1.5160652877497534;0.2058401929281713;0.2630668208823282;cluster3
0.0874374819575767;0.4;N;1.1992267742434184;0.1895845423090124;0.2630668208823282;cluster4
0.43408678986031;0;N;1.5272642926454114;0.7454913512554011;0.2630668208823282;cluster2
0.4646558017262585;0;N;1.941627473784772;0.7448341082742493;0;cluster3
0.0712212397363665;0;N;1.9145632119535971;0.1362562704611468;0;cluster3
0.1767353358716976;0.4;Y;0.3359701468697514;0.1245712629568257;0;cluster6
0.2366889227912615;0.4;N;1.2519554222938098;0.0987086173955183;0.3946002313234923;cluster4
0.5966212864637204;0;N;0.9318505323595744;0.6035411876458097;0.5261336417646564;cluster2
0.7134898527738261;0;Y;0.9691805486784358;0.5113200477518287;0.1315334104411641;cluster8
0.4030805905845736;0;Y;0.8917207648167985;0.2979813777068783;0.2630668208823282;cluster6
0.662788515718142;0;Y;0.7321349450536665;0.3547294461876062;0.3946002313234923;cluster6
0.181953679209804;1.6;N;0.629944025380784;0.1182228864720664;0.2630668208823282;cluster1
0.5520591768646319;0;N;1.0923696025306775;0.5005542257331763;0.2630668208823282;cluster2
0.5436751005804729;0;N;0.1110567985486122;0.3452384309136023;0.2630668208823282;cluster7
0.1444888886249317;0;Y;0.3051728834066908;0.1915282272941248;0.6576670522058206;cluster6
0.8296855845596484;0;Y;0.2804417475954452;0.4137178987659091;0;cluster6
0.6382316058917586;0;N;0.4698915804136662;0.804562667763806;0.1315334104411641;cluster7
0.5891177862389921;0;Y;0.7396009483174389;0.2708595882499965;0;cluster6
0.1012042344360037;1.6;N;0.5291529813198583;0.1268535638219232;0;cluster1
0.8282934062121678;0;N;1.1049684830382935;0.8264548556697999;0;cluster2
0.5138967467960556;0;Y;1.186161268531817;0.3273305734721023;0.3946002313234923;cluster8
0.0217043394930155;0.4;Y;0.8879877631849126;0.0503591923433623;0.3946002313234923;cluster6
0.1755446978195093;0;Y;1.757310518210394;0.3308783579573994;0.1315334104411641;cluster8
0.8991797789963565;0;Y;0.8016621004475457;0.3192913551372854;0.5261336417646564;cluster6
0.5488097271805348;0;N;2.0265532609101813;0.3095835212810973;0.6576670522058206;cluster3
0.3317601310105246;0;N;1.9514266030684728;0.3486932079093969;0;cluster3
0.2480495942058914;0;N;1.7722425247379388;0.1970722791864263;0.7892004626469847;cluster3
0.1250045930000589;0.8;N;0.5128210991803568;0.187282327250092;0.3946002313234923;cluster1
1.0303049957334458;0.4;Y;1.169829386392315;0.2549383767510695;0;cluster8
0.7534506424003952;1.2;N;0.5123544739763708;0.7544415507263714;0.2630668208823282;cluster1
0.86817357972062;0;Y;0.5310194821358016;1.0811238314167932;0;cluster6
0.184499288170342;0;N;1.416674119300785;0.3452384309136023;0.2630668208823282;cluster4
0.1547209343859247;0.8;N;0.3350368964617798;0.7442482431338789;0.1315334104411641;cluster1
0.2139675799620019;0.4;N;0.6551417863960152;0.0978549175359789;0.5261336417646564;cluster5
0.2790557934816278;0.4;Y;0.5212203528521006;0.1730948439736876;0;cluster6
0.3281696131343944;0.4;N;0.7074038092424209;0.1325633435744288;0.2630668208823282;cluster5
0.1550309963786821;0.8;Y;1.1203671147698238;0.089143390050901;0.1315334104411641;cluster6
0.1085216974650775;0;N;0.1362545595638435;0.1338943874057533;0;cluster7
0.3005368883398581;0.8;Y;1.1833615173079022;0.2275049711826068;0.3946002313234923;cluster6
0.6116096831936114;0;Y;1.568327310596159;0.2572753484179355;0.5261336417646564;cluster8
0.3317601310105246;0;N;1.579992940695803;0.2905178809530316;0.1315334104411641;cluster3
0.0620123985514728;0;N;1.6331882139501803;0.1488113865240374;0;cluster3
0.4100259792223385;0;Y;1.2822860605528843;0.2353962874711659;0.6576670522058206;cluster8
0.3220086813383055;0;N;1.1483646270089696;0.1540364383901943;0.1315334104411641;cluster4
0.1737246339220236;0.4;N;0.4278953120549472;0.3074396501678175;0.1315334104411641;cluster5
0.7119023353709084;0;Y;1.186161268531817;0.3570526942152833;0.3946002313234923;cluster8
0.5373188297289468;0;N;1.39520935991744;0.3902408542885933;0;cluster2
0.9590217435985278;0;N;2.0279531365221386;2.6457513110645907;0.1315334104411641;cluster2
0.5903673360698043;0.4;N;0.7288685686257661;0.1989354869612955;1.0522672835293128;cluster5
0.1342568428639387;0;N;1.6126567049748068;0.198410408592332;0;cluster3
0.2790557934816278;0.4;N;0.5398853610115312;0.2660164115612676;0.5261336417646564;cluster5
1.0342427830414644;0;N;1.0494400837639877;0.5121298170489648;0.3946002313234923;cluster2
0.1463430593416207;0.4;N;1.5277309178493976;0.4262526531250033;0.1315334104411641;cluster4
0.2139675799620019;0;N;0.3774997900244846;0.2942819619255438;0.1315334104411641;cluster7
0.5271053876875194;0;N;1.5300640438693265;0.4471513688897192;0.1315334104411641;cluster3
0.5261752017092473;0;Y;0.5174873512202142;0.1967432101858769;0.3946002313234923;cluster6
0.7441487826176744;0;Y;1.3891432322656252;0.2865067744751206;0.2630668208823282;cluster8
0.3367056197950046;0.8;N;0.5790818781463353;0.1962026927228259;0.2630668208823282;cluster1
0.3445408863519831;0;Y;1.975224488471747;0.1803160886618534;0.9207338730881488;cluster8
0.021642327094464;0;N;1.7395787604589352;0.1051791641030564;0.2630668208823282;cluster3
0.1567673435381233;0;N;0.2851079996353028;0.128694769023093;0.2630668208823282;cluster7
0.0248049594205891;0;N;1.7997734117730988;0.0667678913734748;0.1315334104411641;cluster3
0.3772834327871608;0;N;1.1632966335365145;0.2802514800648594;0;cluster4
0.5596060857683463;0;Y;0.687338925471033;0.2182121282418893;0.6576670522058206;cluster6
0.6465133617183079;0;N;1.4479380079678317;0.4935092999745887;0.5261336417646564;cluster2
1.013155466914036;0;Y;1.0405742048882578;0.1928503955109739;0.3946002313234923;cluster8
0.43408678986031;0;N;0.6696071677195742;0.7454913512554011;0.5261336417646564;cluster7
0.1853860654696281;0;N;0.7643320841286846;0.1791340656517205;0.2630668208823282;cluster7
0.0310061992757364;0.8;N;0.3733001631886127;0.0674459435683964;0;cluster1
0.1767353358716976;0;N;1.8707004427789355;0.249501130572455;0.1315334104411641;cluster3
0.2318767606636673;0.4;N;0.3840325428802853;0.1803160886618534;0.1315334104411641;cluster5
0.43408678986031;0.4;N;0.9859790560219236;0.2793351288090232;0.1315334104411641;cluster4
0.168034996354926;0;Y;1.3499467151308209;0.1447295734703057;0.2630668208823282;cluster8
0.2527439327762379;0;N;1.9682251104119608;0.2726642468033265;0;cluster3
0.294558893119496;0;N;1.8156386687086148;0.1562698860831794;0;cluster3
0.3117983399168055;0.4;N;0.7825304670841295;0.2352447307601241;0.1315334104411641;cluster5
0.2027402352042578;0.4;N;0.9551817925588628;0.1870660307628769;0;cluster4
0.2790557934816278;0;N;0.9355835339914604;0.1488113865240374;0.3946002313234923;cluster4
0.8730725592061864;0.4;N;1.1516310034368702;0.362099637111968;0.2630668208823282;cluster2
0.1240247971029457;0;Y;1.1385654977252688;0.1772246897645801;0.1315334104411641;cluster8
0.1550309963786821;0.4;N;0.7811305914721722;0.2030550400227965;0.7892004626469847;cluster5
0;0;Y;1.1222336155857668;0.0493647505971419;0.2630668208823282;cluster8
0.8371673804448836;0;Y;0.5361523593796451;0.260688879911168;0;cluster6
0.1479987903829451;0;Y;0.3910319209400717;0.0502995243468892;0.2630668208823282;cluster6
0.1506808266202963;0;Y;1.6075238277309636;0.1245115949603526;0.2630668208823282;cluster8
0.6004660551739117;0;N;1.749844514946622;0.3371965275189442;1.0522672835293128;cluster3
0.2790557934816278;0;Y;1.006510564997297;0.1861038843197476;0.1315334104411641;cluster6
0.6225920789770771;0;N;0.9715136746983644;0.3926968636084231;0.3946002313234923;cluster2
0.6182636135581845;0;N;1.4698693925551625;0.5202446645693114;0.1315334104411641;cluster2
0.4814208536746492;0;N;0.7078704344464068;0.3078004923764888;0.1315334104411641;cluster7
0.0713142583341937;0.8;N;1.0998356057944505;0.2047501332176027;0;cluster1
0.260452073916186;0;N;1.3499467151308209;0.1999553621910126;0.6576670522058206;cluster4
0.8991797789963565;0;Y;1.907097208689825;0.4471513688897192;0.2630668208823282;cluster8
0.0930185978272093;0.4;N;0.243111731276584;0.2291336837313366;0.1315334104411641;cluster5
0.1943220521008953;0;N;1.1199004895658382;0.3007658593472928;0;cluster4
0.0930185978272093;0.8;Y;0.7927962215718163;0.0990880312680918;0;cluster6
0.3445408863519831;0;N;0.4703582056176519;0.3222747549609422;0.1315334104411641;cluster7
0.2790557934816278;0.8;N;0.4446938193984349;0.1861038843197476;0.1315334104411641;cluster1
0.0350990175801336;0;N;1.779708528001711;0.0608010917261612;0.3946002313234923;cluster3
0.662788515718142;0.4;N;0.3131055118744489;0.5179376014856775;0.5261336417646564;cluster5
0.1809087702942117;0;N;2.109145922015661;0.2423835590281613;0.6576670522058206;cluster3
0.164332856161403;0;N;0.4068971778755877;0.0667678913734748;0.1315334104411641;cluster7
0.1550309963786821;0.8;Y;0.5963470106938088;0.0570144860849804;0;cluster6
0.4371874097878837;0;N;1.1455648757850552;0.4501347687133761;0.2630668208823282;cluster4
0.687345425544525;0;N;1.8986979550180811;0.8224914835890673;0.1315334104411641;cluster3
0.1550309963786821;0;Y;0.2636432402519577;0.1488113865240374;0;cluster6
0.1593563611776473;0;N;1.6392543416019956;0.1473557857500752;0.1315334104411641;cluster3
0.0953502640127446;0.8;N;0.4899564641850541;0.1212209049548591;0.7892004626469847;cluster1
0.3505808939708966;0;N;0.1600524449671176;0.2618993198046212;0;cluster7
0.6225920789770771;0;N;2.041485267437725;0.5611492391165185;0.1315334104411641;cluster3
0.7119023353709084;0;Y;1.275286682493098;0.4826296612526638;0;cluster8
0.6791597889357307;0.4;N;0.4432939437864776;0.2843571603171803;0.2630668208823282;cluster5
0.2563344506523682;0.4;N;0.3490356525813529;0.1724399131273994;0.3946002313234923;cluster5
0.3036127033080111;0.4;N;0.7839303426960865;0.1606256498257183;0.3946002313234923;cluster5
0.1240247971029457;0;N;1.7241801287274052;0.1691527286166987;0.1315334104411641;cluster3
0.077515498189341;0;N;1.9546929794963728;0.217180990677838;0.2630668208823282;cluster3
0.2563344506523682;0;N;0.9159852754240584;0.1971253837032874;0.1315334104411641;cluster4
0.5891177862389921;1.2;Y;0.6826726734311757;0.2660164115612676;0.2630668208823282;cluster6
0.217043394930155;0.4;N;0.3378366476856944;0.2482580224509327;0.1315334104411641;cluster5
0.4805960887739146;0;Y;1.2897520638166569;0.409858871094009;0;cluster8
0.3505808939708966;0;N;1.0653053406995034;0.2618993198046212;0.2630668208823282;cluster4
0.3117983399168055;0;Y;0.8114612297312469;0.2057943231558825;0;cluster6
0.4147389215122505;0.8;Y;0.6075460155894673;0.4285349539901007;0;cluster6
1.3271149389203605;0;N;1.3798107281859096;0.816376931065487;0;cluster2
0.8346868845028247;0.4;Y;0.3802995412483991;0.8326066261061802;0;cluster6
0.3590207814137521;0;Y;1.6369212155820667;0.141793609703845;0.1315334104411641;cluster8
0.5077575193394598;0.4;Y;1.034508077236443;0.3923653333030193;0.1315334104411641;cluster6
0.4884096509914002;0;N;2.012554504790608;0.3566265155504739;0.1315334104411641;cluster3
0.1593563611776473;0;N;1.5561950552925294;0.4575559757747224;0.1315334104411641;cluster3
0.2015402952922868;0.4;Y;0.3065727590186482;0.1744499787585881;0.5261336417646564;cluster6
0.315227625556702;0.4;Y;0.815194231363133;0.1662135576954276;0.1315334104411641;cluster6
0.0181324253364506;0;N;1.1894276449597174;0.0981433377139309;0.6576670522058206;cluster4
0.3131626126849379;0;Y;0.9957781853056242;0.2361824133246994;0;cluster6
0.1444888886249317;0;N;2.059217025189185;0.4217924703886362;0.1315334104411641;cluster3
0.3861574070198766;0;N;0.719536064546051;0.2637154644472723;0.1315334104411641;cluster7
0.5373188297289468;0.4;Y;1.0181761950969412;0.6831905044378874;0.3946002313234923;cluster6
0.3303834557626819;0;Y;1.7582437686183658;0.2713032198037743;0.1315334104411641;cluster8
0.8960791590687828;0;N;1.7185806262795758;0.4285051199918641;0;cluster2
0.1506808266202963;0;Y;0.9201849022599302;0.0974144931370115;0.2630668208823282;cluster6
0.6750669706313336;0.4;Y;0.7577993312728839;0.3393312992627618;0;cluster6
0.5426084873253875;0;Y;0.912252273792172;0.7662094221607946;0.1315334104411641;cluster6
0.4709221545998849;0;N;0.9687139234744498;0.4825941587947623;0;cluster4
0.1860371956544186;0;N;1.5141987869338105;0.2266391885537816;0.2630668208823282;cluster4
0.0930185978272093;0;N;0.0947249164091105;0.165385813414354;0;cluster7
0.2916877190665629;0;N;1.1408986237451977;0.1937003661207338;0;cluster4
0.1444888886249317;0;Y;1.6537197229255542;0.1202559988668929;0.1315334104411641;cluster8
0.0516253217941011;0;Y;2.058750399985199;0.1321540957036187;0;cluster8
0.217043394930155;0.4;N;1.073704594371247;0.1701213639544444;0;cluster4
0.1642770450027067;0;N;2.053617522741356;0.2759656770481851;0.2630668208823282;cluster3
0.5077575193394598;0;N;0.1208559278323133;0.2588391720205008;0.1315334104411641;cluster7
0.6827099987528025;0;N;1.0933028529386497;0.4765399455326154;0.9207338730881488;cluster2
0.8959489330318248;0;N;1.990623120203277;0.2783636592414449;0.1315334104411641;cluster3
0.3772834327871608;0;N;1.5272642926454114;0.3065586521998917;0.2630668208823282;cluster3
0.0391918358845308;0;Y;0.4297618128708904;0.0840716103506844;0;cluster6
0.1240247971029457;0;N;0.0881921635533097;0.121911860354018;0;cluster7
0.5891177862389921;0.4;Y;0.9131855242001438;0.2291336837313366;0.2630668208823282;cluster6
0.4960991884117828;0;Y;0.7036708076105349;0.2109655246552225;0;cluster6
0.43408678986031;0;N;1.1912941457756605;0.2190089943347881;0.1315334104411641;cluster4
0.0930185978272093;0;Y;0.1698515742508188;0.0742263909326169;0.5261336417646564;cluster6
0.6768498270896883;0;N;1.684516986388615;0.4253259345547798;0;cluster3
0.2790557934816278;0;N;0.7167363133221364;0.3548080587729595;0;cluster7
0.1678210535799234;0.4;Y;0.1381210603797867;0.1590668234178577;0.2630668208823282;cluster6
0.3445408863519831;0;Y;0.3770331648204987;0.1502036646367424;0.2630668208823282;cluster6
0.3255650923952324;0;N;1.5575949309044863;0.285550520246643;0.1315334104411641;cluster3
0.43408678986031;0;Y;0.9673140478624924;0.4471513688897192;0.1315334104411641;cluster6
0.5077575193394598;0;N;1.223491284850678;0.4316376898067038;0.2630668208823282;cluster4
0.5113480372155901;0;N;0.1740512010866907;0.2895582703997524;0.2630668208823282;cluster7
0.3445408863519831;0.4;N;0.6808061726152322;0.2003910877352577;0.2630668208823282;cluster5
0.8346868845028247;1.2;N;1.279019684124984;0.6937791125070146;0;cluster1
0.1649529801469178;0;N;0.0690605301898933;0.4401808043717362;0;cluster7
0.3486337046563804;0;N;1.775508901165839;0.1570928569245351;0.7892004626469847;cluster3
0.43408678986031;0;N;1.3373478346232046;0.3386641364771965;0.1315334104411641;cluster4
0.5298897443824804;0.8;Y;1.5692605610041308;0.5393324566410677;0;cluster8
0.1620383974149986;0;N;1.530530669073312;0.3092188752376509;0.2630668208823282;cluster3
0.2821564134092015;0;Y;0.6033463887535953;0.0938049522753648;0.2630668208823282;cluster6
0.1364272768132403;0.8;Y;0.7549995800489692;0.1434838548739378;0;cluster6
0.3565650904311138;0;Y;1.746111513314736;0.310407237972409;0.2630668208823282;cluster8
0.2041448160314486;0;N;0.211381217405552;0.2259024379673295;0;cluster7
0.43408678986031;0;N;0.617811770077154;0.2793351288090232;0.2630668208823282;cluster7
0.3036127033080111;0;Y;0.3266376427900361;0.145990731160761;0.1315334104411641;cluster6
0.5271053876875194;0;Y;1.763376645862209;0.2233963821154578;0.2630668208823282;cluster8
0.43408678986031;0;N;0.1283219310960856;0.2030550400227965;0.3946002313234923;cluster7
0.1781058098796852;0;N;1.038241078868329;0.2008478462482596;0.2630668208823282;cluster4
0.3281696131343944;0;Y;1.4400053795000736;0.1436401850246974;0.6576670522058206;cluster8
0.7364592451972917;0.8;N;0.717202938526122;1.0252679486533298;0.1315334104411641;cluster1
0.954990937692682;0;N;1.6037908260990772;0.6238000387333468;0.1315334104411641;cluster2
0.0516036174546081;0.8;N;0.4535596982741643;0.0989997972183072;0.1315334104411641;cluster1
0.9802175814234212;0;N;1.976624364083704;0.4419114000244439;0;cluster3
0.2790557934816278;0;Y;1.5538619292726;0.2482580224509327;0.5261336417646564;cluster8
0.477495468846341;0;N;1.3532130915587208;0.3491253533738536;0.3946002313234923;cluster4
0.0637487457109141;0.4;Y;0.6430095310923855;0.1515958681644518;0.2630668208823282;cluster6
0.7441487826176744;0.8;Y;0.7223358157699654;0.5323913531963433;0.3946002313234923;cluster6
0.3445408863519831;0;N;1.808172665444843;0.3007658593472928;0.2630668208823282;cluster3
0.1393728657444352;0;N;1.867900691555021;0.1060945457539499;0.2630668208823282;cluster3
0.1444888886249317;0;Y;0.2748422451476161;0.1403584452186749;0.6576670522058206;cluster6
0.1550309963786821;0;Y;0.6439427815003568;0.089143390050901;0.2630668208823282;cluster6
0.5814282488186095;0;Y;0.873055756657368;0.4907090063151088;0.5261336417646564;cluster6
0.4893398369696723;0;N;1.2206915336267634;0.24997847454424;0;cluster4
0.8217914062240459;0;Y;1.8515688094155192;0.2560655052044471;0.3946002313234923;cluster8
0.3961662081460843;0.4;Y;1.0307750756045566;0.2051528921937964;0.3946002313234923;cluster6
0.7543219166000434;0;Y;1.7843747800415688;0.1713774498651996;0;cluster8
0.0742908534646644;0.4;N;0.7601324572928125;0.0418565028459404;0.5261336417646564;cluster5
0.5445928840790346;0;Y;1.000444437345482;0.5534797386048483;0.1315334104411641;cluster8
0.1746765242397887;0;N;1.5939916968153762;0.4119472509705688;0;cluster3
0.277716325672916;0;N;1.8921652021622803;0.2471839985144163;0.6576670522058206;cluster3
0.1506808266202963;0.8;N;0.8921873900207843;0.1453232700352134;0;cluster1
0.3478771533940524;0.4;N;0.8366589907464782;0.3501793885315516;0;cluster5
0.5891177862389921;0;Y;0.9323171575635602;0.3311302314875116;0;cluster6
0.3445408863519831;0.4;N;0.4190294331792177;0.4513281286428388;0;cluster5
0.1128997728028114;0;N;2.09281403987616;0.0985453508401687;0.1315334104411641;cluster3
0.6413260245794772;0;N;2.0382188910098256;1.0104452249694733;0.2630668208823282;cluster3
0.2790557934816278;0.4;N;1.115700862729966;0.4968747241456648;0;cluster4
0.1444888886249317;0;N;0.5958803854898231;0.2634858172458463;0;cluster7
0.1723727636336015;0;Y;1.9514266030684728;0.1219477357368975;0.1315334104411641;cluster8
0.0930185978272093;0;Y;1.3308150817674045;0.1985347417799828;0.1315334104411641;cluster8
0.1943220521008953;0;N;0.6747400449634176;0.2164510273259847;0;cluster7
0.1240247971029457;0.4;Y;0.8590570005377948;0.1772246897645801;0.2630668208823282;cluster6
0.3445408863519831;0;N;0.2916407524911036;0.3007658593472928;0.3946002313234923;cluster7
0.1884680816776363;0.4;N;0.3331703956458368;0.2108183684589206;0;cluster5
0.4650929891360464;0;Y;0.1899164580222067;0.4442447916115216;0.1315334104411641;cluster6
0.1550309963786821;0;N;1.0116434422411404;0.1275014090936302;0.3946002313234923;cluster4
0.1550309963786821;0;N;1.519331664177654;0.1275014090936302;0;cluster3
0.1550309963786821;0.8;Y;0.3751666640045557;0.1275014090936302;0.1315334104411641;cluster6
0.4650929891360464;0;N;1.347613589110892;0.3974280136337737;0.1315334104411641;cluster4
0.1547209343859247;0;Y;0.6985379303666915;0.1272883197612256;0;cluster6
0.5077575193394598;0;N;1.976624364083704;0.4316376898067038;0.3946002313234923;cluster3
0.43408678986031;0;N;0.7144031873022078;0.2233963821154578;0.3946002313234923;cluster7
0.4030805905845736;0.8;N;0.4619589519459082;0.4173173706531511;0.3946002313234923;cluster1
0.9688041994700226;0.4;N;0.5422184870314598;0.3432171775330748;0.1315334104411641;cluster5
0.0930185978272093;0.4;N;0.9197182770559446;0.070674728027549;0.1315334104411641;cluster5
0.1746765242397887;0.4;N;0.2407786052566552;0.1095895986473638;0.1315334104411641;cluster5
0.4100259792223385;0.8;N;0.4866900877571538;0.2118207907996694;0.1315334104411641;cluster1
0.2058811631908899;0.8;N;0.3560350306411393;0.3795276146918328;0;cluster1
0.43408678986031;0;N;1.6793841091447717;0.3725663732982988;0.7892004626469847;cluster3
0.88228140039108;0;Y;1.2962848166724577;0.3990779829062472;0;cluster8
0.5891177862389921;0;N;0.8464581200301793;0.9319538402339522;0.2630668208823282;cluster2
0.1240247971029457;0;N;0.3331703956458368;0.1772246897645801;0.1315334104411641;cluster7
0.2089569781590429;0;Y;1.5533953040686146;0.2305326744936449;0;cluster8
0.1521722248054592;0;Y;0.9537819169469054;0.0877680427321952;0.1315334104411641;cluster6
0.0265537090597406;0.4;N;1.1385654977252688;0.0919477858851384;0;cluster4
0.3445408863519831;0;N;1.181028391287973;0.3609907819825103;0.3946002313234923;cluster4
0.2790557934816278;0;N;1.3140165744239165;0.1861038843197476;0.3946002313234923;cluster4
0.2995198850036139;0;Y;0.9355835339914604;0.1586566059421048;0.1315334104411641;cluster6
0.5113480372155901;0;N;0.3369033972777229;0.2895582703997524;0.3946002313234923;cluster7
0.0682136384066201;0;N;1.7190472514835613;0.0515265966943592;0;cluster3
0.5149416557116478;0;N;1.855768436251391;0.3858973224853313;0.3946002313234923;cluster3
0.3262968386981399;0;Y;1.446538132355874;0.1007576163944058;0.2630668208823282;cluster8
1.1570273321733806;0;N;1.670051605065056;1.142760871773543;0.2630668208823282;cluster2
0.230140413504226;0;N;1.5879255691635614;0.1138567554151402;0.1315334104411641;cluster3
0.1240247971029457;0;N;1.7153142498516754;0.0493647505971419;0.3946002313234923;cluster3
0.3281696131343944;0.4;Y;0.6733401693514601;0.3452384309136023;0.1315334104411641;cluster6
0.1773151517981539;0;N;1.7045818701600028;0.2000870792932271;0;cluster3
0.6182636135581845;1.2;N;0.7545329548449835;0.1558223761096308;0.7892004626469847;cluster1
0.1567673435381233;0.4;N;0.7424006995413533;0.2653394781412799;0.2630668208823282;cluster5
0.2790557934816278;0.8;N;0.9869123064298948;0.2568310455991974;0.1315334104411641;cluster1
0.1444888886249317;0.8;Y;0.5935472594698941;0.1001535525151109;0;cluster6
0.43408678986031;0.4;Y;0.6224780221170114;0.3192913551372854;0.1315334104411641;cluster6
0.4991998083393565;0;N;0.8105279793232752;0.4247758702122931;0;cluster7
0.0742908534646644;0.4;N;1.1315661196654825;0.1685018253601723;0.2630668208823282;cluster4
0.1175755076535925;0;Y;0.1833837051664059;0.1187784701042268;0.1315334104411641;cluster6
0.1550309963786821;0;Y;0.3429695249295379;0.1275014090936302;0;cluster6
0.8061611811691471;0;N;1.0247089479527418;0.6709063556639807;0;cluster2
0.7788168140278752;0;Y;1.181028391287973;0.5562180521329917;0;cluster8
0.1547209343859247;0.8;Y;0.6150120188532394;0.1272883197612256;0.1315334104411641;cluster6
0.2790557934816278;0;N;0.105457296100783;0.1239497461885624;0.2630668208823282;cluster7
0.3410681920331007;0.8;N;1.0125766926491122;0.2553613482610685;0.3946002313234923;cluster1
0.8116802846402282;0;Y;1.8464359321716757;0.3374865885667992;0.3946002313234923;cluster8
0.2673819594543131;0.4;Y;0.4647587031698228;0.1790835716097051;0.1315334104411641;cluster6
0.0122784549131916;0;N;1.4003422371612833;0.0293901429278036;0.3946002313234923;cluster4
0.4960991884117828;0;Y;0.2995733809588616;0.4222897285542443;0;cluster6
0.1649529801469178;0.4;Y;0.4302284380748761;0.1343205660705626;0.3946002313234923;cluster6
0.2670439918822075;0;N;1.1227002407897528;0.1020636742522071;0.1315334104411641;cluster4
0.7091613873549333;0.8;N;0.901053268896514;0.5233070499032995;0.5261336417646564;cluster1
0.1012042344360037;0;N;1.171695887208258;0.1268535638219232;0.1315334104411641;cluster4
0.1271254170305193;0;N;1.5785930650838458;0.1264358878466112;0.2630668208823282;cluster3
0.5891177862389921;0.4;N;0.7330681954616383;0.4258413914593121;0.1315334104411641;cluster5
0.2922520318933813;0;N;1.1786952652680445;0.155160061348779;0.1315334104411641;cluster4
0.2752110247714365;0.4;N;0.7055373084264779;0.1224082980846745;0;cluster5
0.3526924161415742;0;N;1.3345480833992904;0.461132326313331;0;cluster4
0.2204168694113551;0;Y;0.6234112725249831;0.3020388014670516;0.6576670522058206;cluster6
0.5445928840790346;0.4;N;1.147898001804984;0.3457903598809788;0;cluster4
0.3193607519201576;0;N;1.8646343151271203;0.1401085854834436;0.1315334104411641;cluster3
1.1796649582645955;0;N;0.0671940293739503;0.6468087640233442;0.2630668208823282;cluster7
0.5445928840790346;0;Y;1.4115412420569418;0.1381009811571094;0.3946002313234923;cluster8
0.1557658433015171;0;N;2.1040130447718184;0.1017499697607496;0;cluster3
0.1395278967408139;0;N;0.0909919147772243;0.1637283856423214;0.1315334104411641;cluster7
0.1444888886249317;0;N;2.0755489073286864;0.2107169328649163;0;cluster3
0.6182636135581845;0.4;N;0.9509821657229908;1.040847933797426;0.3946002313234923;cluster2
0.8991797789963565;0.4;N;1.1805617660839876;0.5128409103969334;0.9207338730881488;cluster2
0.2418483543507441;0.4;N;0.8226602346269053;0.2621805798229965;0.1315334104411641;cluster5
0.1984396753647131;0;N;1.393342859101497;0.2624647486561998;0.1315334104411641;cluster4
0.1943220521008953;0;Y;0.5114212235683995;0.2164510273259847;0.2630668208823282;cluster6
0.3720743913088372;0;Y;0.8534574980899657;0.3874833724165829;0.2630668208823282;cluster6
0.2790557934816278;0;N;1.540796423560999;0.4968747241456648;0.6576670522058206;cluster3
0.0567413446745976;0;Y;0.2379788540327406;0.0656025008173589;0.1315334104411641;cluster6
0.3445408863519831;0;Y;1.4297396250123866;0.1000162415382271;0.9207338730881488;cluster8
0.1240247971029457;0;Y;0.4129633055274028;0.1061913570782275;0;cluster6
0.8861013641418508;0;Y;1.5398631731530272;0.400748686807495;0;cluster8
0.1342568428639387;0;N;1.0349747024404288;0.2405735303551487;0;cluster4
0.4893398369696723;0;N;0.1791840783305341;0.2777936807051353;0;cluster7
0.0375547085627719;0;N;1.0769709707991475;0.065610332241896;0.1315334104411641;cluster4
0.3117983399168055;0;N;1.4656697657192903;0.1265047297975421;0.3946002313234923;cluster4
0.0185727133661661;0;Y;1.5132655365258385;0.1132236779725602;0.3946002313234923;cluster8
0.168034996354926;0;N;0.3672340355367978;0.1592383689077179;0.1315334104411641;cluster7
0.2790557934816278;0;Y;1.349480089926835;0.1488113865240374;0.2630668208823282;cluster8
0.1521722248054592;0;N;0.1586525693551603;0.1255366165547654;0;cluster7
0.475430455974577;0;N;1.41060799164897;0.2703583770796222;0.1315334104411641;cluster4
0.43408678986031;0;N;2.0279531365221386;0.6988757290107633;0.2630668208823282;cluster3
0.4832006095130765;0;Y;0.9276509055237028;0.3530464357620858;0.3946002313234923;cluster6
1.5745568116204471;0.8;Y;1.0797707220230623;0.1541278050097938;0.2630668208823282;cluster6
0.1550309963786821;0;Y;1.210425779139077;0.1115188887283271;0.7892004626469847;cluster8
0.8824674375867345;0;N;1.655586223741497;0.6274553001972912;0;cluster2
0.2046409152198604;1.2;Y;0.6425429058883997;0.1008639000131236;0.3946002313234923;cluster6
0.2143396543533108;0;N;2.040552017029754;0.2357118565875131;0.2630668208823282;cluster3
0.6747569086385762;0;N;1.508599284485981;0.4038565689887939;0.3946002313234923;cluster2
0.4371874097878837;0;Y;0.7405341987254104;0.3879977851311769;0.1315334104411641;cluster6
0.3281696131343944;0;N;0.5179539764242002;0.2614573291207465;0.1315334104411641;cluster7
0.3445408863519831;0.4;Y;0.3317705200338795;0.3609907819825103;0;cluster6
0.184499288170342;0;Y;1.0438405813161582;0.1292402836808486;0.1315334104411641;cluster8
0.0473774724933252;0;N;0.5165541008122428;0.0750617428832408;0;cluster7
0.1854170716689038;0.4;Y;0.9187850266479728;0.1731758432788999;0.2630668208823282;cluster6
0.7441487826176744;0.8;Y;1.2267576612785784;0.5823366733991688;0;cluster8
0.1444888886249317;0;Y;1.2594214255575822;0.0840716103506844;0.3946002313234923;cluster8
0.5261752017092473;0.4;Y;0.4983557178567979;0.3042533045711564;0.3946002313234923;cluster6
0.2024580787908485;0.4;Y;0.7717980873924567;0.1600971405469576;0.1315334104411641;cluster6
0.1649529801469178;0;N;2.095613791100075;0.2045879854371869;0.5261336417646564;cluster3
0.7119023353709084;0;N;0.444227194194449;0.3245607850758193;0.2630668208823282;cluster7
0.1773151517981539;0.4;N;0.7144031873022078;0.1428169158433593;0.1315334104411641;cluster5
0.306958272209863;0.4;N;0.8609235013537382;0.2319182399567467;0.5261336417646564;cluster5
0.5767153065286976;0;N;1.002777563365411;0.2084793829971737;0.1315334104411641;cluster4
0.2997679345978197;0;N;0.8651231281896098;0.1985595785835148;0;cluster4
0.6078951405203782;0;Y;1.7563772678024228;0.5295960567315681;0.1315334104411641;cluster8
0.064926981283392;0;Y;0.0452626447866192;0.0919477858851384;0;cluster6
0.43408678986031;0.4;N;0.4666252039857659;0.2940558202189107;0.2630668208823282;cluster5
0.0950743088391906;0;N;1.893098452570252;0.1374981852227395;0;cluster3
0.1916834245425301;0;N;1.1982935238354468;0.2139121540760528;0;cluster4
0.8460475559174544;0;N;1.6765843579208568;0.4215895992006276;0.2630668208823282;cluster2
0.0620123985514728;0.8;Y;0.4834237113292534;0.1115188887283271;0.3946002313234923;cluster6
0.077515498189341;0;N;1.6663186034331698;0.1182993360925475;0.1315334104411641;cluster3
0.2790557934816278;0;N;0.6887388010829903;0.2979813777068783;0.1315334104411641;cluster7
0.4997455174466094;0.4;Y;0.5576171187629904;0.4252134603814279;0.5261336417646564;cluster6
0.0712212397363665;0.4;N;0.7615323329047698;0.0907179538928315;0.3946002313234923;cluster5
1.0342427830414644;0;Y;0.9052528957323857;0.5690729998781598;0;cluster8
0.2922520318933813;0;N;0.9173851510360156;0.2588391720205008;0.5261336417646564;cluster4
0.6201239855147286;0;Y;1.0102435666291831;0.6522601067661254;0.1315334104411641;cluster8
0.4064478638259186;0.4;N;0.8217269842189336;0.2334835552592239;0.3946002313234923;cluster5
0.1550309963786821;1.2;Y;0.9407164112353038;0.089143390050901;0.6576670522058206;cluster6
0.9277178848097444;0.4;N;0.9617145454146636;0.4903218356029937;0.1315334104411641;cluster2
0.2790557934816278;0;N;1.1511643782328844;0.2979813777068783;0.2630668208823282;cluster4
0.0915737089409599;0;N;1.144165000173098;0.1470735561267573;0.2630668208823282;cluster4
0.1550309963786821;0.4;N;1.202026525467333;0.089143390050901;0.1315334104411641;cluster4
1.320324581278974;0;N;1.6331882139501803;1.083177380100412;0.3946002313234923;cluster2
0.3281696131343944;0;Y;1.562261182944344;0.1724399131273994;0.2630668208823282;cluster8
0.4985455775346384;0;N;0.1189894270163703;0.3180988156427742;0.1315334104411641;cluster7
0.1550309963786821;0.8;N;0.6574749124159439;0.2127413934002543;0.3946002313234923;cluster1
0.4247849300775891;0;N;1.1586303814966563;0.6641259082997601;0.1315334104411641;cluster2
0.4518843482445827;0.4;N;0.4736245820455523;0.2636383435618308;0.3946002313234923;cluster5
0.1240247971029457;0;N;1.37094484931018;0.2482580224509327;0;cluster4
0.5484624577486465;1.6;N;0.7307350694417092;0.3664582350843394;0;cluster1
0.4371874097878837;0;N;1.6387877163980098;0.4893080763429151;0.1315334104411641;cluster3
0.158435477059158;0;Y;1.5491956772327429;0.1515411973626833;0;cluster8
0.0350990175801336;0;N;2.1194116765033484;0.1442006912665669;0;cluster3
0.0186037195654418;0;N;0.7797307158602148;0.0394200347949555;0;cluster7
0.2694314692264393;0;Y;0.6700737929235597;0.3609907819825103;0.5261336417646564;cluster6
0.4997455174466094;0;N;1.863234439515163;0.4252134603814279;0;cluster3
0.1085216974650775;0;N;1.7055151205679742;0.1115188887283271;0;cluster3
0.0582358434796881;0;N;1.8170385443205723;0.1785335072672184;0;cluster3
0.077515498189341;0;N;1.4241401225645576;0.092872639830472;0;cluster4
0.6182636135581845;0;N;1.0373078284603574;0.3467102166316078;0.7892004626469847;cluster2
0.4525044722300974;0.4;Y;0.8137943557511755;0.0965645971122473;0.2630668208823282;cluster6
0.662788515718142;0.4;Y;1.0293751999925995;0.4168698606796026;0.2630668208823282;cluster6
0.3642391247518585;0;N;1.3662785972703226;0.379944321062202;0;cluster4
0.5077575193394598;0;N;1.9364945965409284;0.6476358370394575;0.1315334104411641;cluster3
0.1563797660471766;0;N;2.0470847698855548;0.1730084745487927;0.1315334104411641;cluster3
0.360912159569572;0;N;0.2883743760632033;0.2139037259715509;0.6576670522058206;cluster7
0.1550309963786821;0;N;0.4036308014476874;0.1275014090936302;0.1315334104411641;cluster7
0.1175755076535925;0;N;0.6304106505847696;0.1113324262393486;0.2630668208823282;cluster7
0.4100259792223385;0;N;1.2720203060651978;0.4291543077934918;0;cluster4
0.7441487826176744;0.4;Y;0.6901386766949478;0.5323913531963433;0.3946002313234923;cluster6
0.1550309963786821;0;N;1.5221314154015682;0.1488113865240374;0.5261336417646564;cluster4
0.1731386167557122;0;N;1.9327615949090424;0.1960684397307613;0.1315334104411641;cluster3
0.1581316163062557;0;Y;1.2668874288213543;0.0906350899627294;0;cluster8
0.1506808266202963;0.4;N;0.3201048899342353;0.174459674808015;0;cluster5
0.1453570622046524;0.4;N;1.2071594027111765;0.1057012590721963;0.1315334104411641;cluster4
0.4617133134149911;0;Y;1.2122922799550195;0.3482385377762716;0.1315334104411641;cluster8
0.8058728235158829;0;Y;1.014443193465055;0.4469972017038318;0.2630668208823282;cluster8
0.0591350232586845;0.4;N;0.9864456812259093;0.1441970366017829;0;cluster4
0.1342568428639387;0;N;0.1320549327279716;0.1803404779554117;0.1315334104411641;cluster7
0.6827099987528025;0;N;1.7447116377027785;0.3811602056603335;0.2630668208823282;cluster3
0.0930185978272093;0.4;N;0.033597014686975;0.1293543987241035;0;cluster5
0.1550309963786821;0.4;N;0.769464961372528;0.1786453847606055;0;cluster5
0.1550309963786821;0;Y;0.4829570861252677;0.089143390050901;0.1315334104411641;cluster6
0.5891177862389921;0;Y;0.4423606933785061;0.4614679587934924;0.3946002313234923;cluster6
0.2790557934816278;0.4;Y;0.4838903365332392;0.2482580224509327;0.2630668208823282;cluster6
0.7119023353709084;0.4;Y;0.2370456036247689;0.3570526942152833;0.3946002313234923;cluster6
0.1240247971029457;0;N;0.7018043067945918;0.2637338869411834;0;cluster7
0.3332360260960497;0;N;1.566460809780216;0.3366336345572158;0.5261336417646564;cluster3
0.1854170716689038;1.2;Y;0.4908897145930256;0.1731758432788999;0.2630668208823282;cluster6
0.1854170716689038;0;N;0.8315261135026348;0.1297922126482251;0.2630668208823282;cluster4
0.1860371956544186;0;N;0.1315883075239859;0.1058316336444901;0.2630668208823282;cluster7
1.0342427830414644;0;N;1.9061639582818533;1.024618238756733;0;cluster2
0.2563344506523682;0;Y;1.3830771046138102;0.0674055185007859;0.1315334104411641;cluster8
0.4832006095130765;0;N;0.819393858199005;0.2057943231558825;0.3946002313234923;cluster4
0.1891378155819922;0.4;N;0.5034885951006414;0.2114627828208305;0;cluster5
0.2775178859975513;0.8;Y;0.2795084971874736;0.1480715033677705;0.3946002313234923;cluster6
0.2790557934816278;0;N;1.841769680131818;0.1239497461885624;0.2630668208823282;cluster3
0.0944076755547622;0;Y;1.1045018578343078;0.0666816711185711;0.5261336417646564;cluster8
0.1354753864954751;0;Y;1.6075238277309636;0.0797352387069992;0.2630668208823282;cluster8
0.628098779968448;0.4;Y;0.4997555934687553;0.528130759908179;0;cluster6
0.3720743913088372;0;N;1.393342859101497;0.2766714002764712;0.2630668208823282;cluster4
0.5261752017092473;0.4;N;1.3914763582855538;0.3347144880356529;0.1315334104411641;cluster4
0.3281696131343944;0;Y;0.2599102386200716;0.2156395425739501;0.1315334104411641;cluster6
0.1212900503268257;0;N;0.4544929486821359;0.2031672904411616;0;cluster7
0.1240247971029457;0;N;0.2935072533070467;0.1861038843197476;0;cluster7
0.5261752017092473;0.8;N;0.6332104018086843;0.5357583436523268;0.2630668208823282;cluster1
0.3007570323547158;0;N;0.8669896290055529;0.1852348945361119;0.1315334104411641;cluster4
0.9383716148808874;0;Y;2.020953758462352;0.4660064557752303;0.2630668208823282;cluster8
0.7441487826176744;0.8;N;0.7438005751533108;0.6655788240138809;0.9207338730881488;cluster1
0.7308037144493973;0.4;N;1.0919029773266922;0.3661460968777894;0.7892004626469847;cluster2
0.4061688080324369;0;N;2.013021129994593;0.350180954816459;0.5261336417646564;cluster3
0.3505808939708966;0;N;1.165629759556443;0.2546143795302204;0.1315334104411641;cluster4
0.2790557934816278;0;N;0.9435161624592184;0.2979813777068783;0.1315334104411641;cluster4
0.3505808939708966;0;Y;0.434428064910748;0.2291170512773198;0.5261336417646564;cluster6
0.5676180876611965;0;N;1.2780864337170128;0.2396385328504146;0.3946002313234923;cluster4
0.931268094626816;0;N;0.3513687786012817;0.5140275576767929;0.1315334104411641;cluster7
0.1547209343859247;0;N;0.9369834096034176;0.2230234571375007;0.1315334104411641;cluster4
0.1257611442623869;0.4;N;0.2636432402519577;0.1881922641963073;0.3946002313234923;cluster5
0.7728977305861372;0.4;N;1.277153183309041;0.3863974148807718;0.2630668208823282;cluster2
0.1444888886249317;0.4;Y;0.6383432790525277;0.1315636062935214;0.2630668208823282;cluster6
0.4992184120589219;0;N;1.3191494516677602;0.3640551811113794;0.5261336417646564;cluster4
0.2334146681477438;0.4;Y;0.7251355669938802;0.0905072512802857;0.3946002313234923;cluster6
0.3590207814137521;0;N;0.2533774857642708;0.2676998694967616;0;cluster7
0.3138447490690041;0;Y;0.9999778121414964;0.1839823887051452;0;cluster6
0.3281696131343944;0.8;Y;0.4040974266516732;0.2156395425739501;0.1315334104411641;cluster6
0.0620123985514728;0;Y;0.0209981341793594;0.0776972782874592;0.1315334104411641;cluster6
1.0342427830414644;1.2;Y;0.8254599858508197;0.42671508009767;0.1315334104411641;cluster6
0.2024580787908485;0.8;N;0.9453826632751616;0.1244402917045671;0.1315334104411641;cluster1
0.0620123985514728;0.4;Y;0.920651527463916;0.0742263909326169;0;cluster6
0.8567012859885975;0;Y;0.7055373084264779;0.2665624483139924;0.3946002313234923;cluster6
0.5445928840790346;0.4;Y;0.6621411644558016;0.3457903598809788;0.2630668208823282;cluster6
0.1393728657444352;0;N;2.1828727042454124;0.1635792156511386;0.1315334104411641;cluster3
0.1271254170305193;0;N;0.4913563397970115;0.0947372647202575;0.1315334104411641;cluster7
0.0620123985514728;0;N;1.1469647513970125;0.1115188887283271;0;cluster4
0.610753912093601;0.4;Y;0.7769309646363001;0.5142231941202292;0.1315334104411641;cluster6
0.306958272209863;0;Y;0.1003244188569395;0.2028836437029274;0;cluster6
0.4969828650911413;0;N;1.6891832384284724;0.5076696343125978;0;cluster3
0.5447479150754133;0;Y;1.161896757924557;0.4612976812485572;0.2630668208823282;cluster8
0.5891177862389921;0;Y;0.6700737929235597;0.5521228137800536;0.6576670522058206;cluster6
0.5891177862389921;0.4;Y;0.8431917436022789;0.3311302314875116;0;cluster6
0.3410681920331007;0.4;Y;1.0326415764205;0.1488113865240374;0.6576670522058206;cluster6
0.3445408863519831;0.4;N;0.4460936950103921;0.2819456036547229;0;cluster5
0.5031189919278096;0;N;0.171251449862776;0.2137799148788692;0.1315334104411641;cluster7
0.4402880297154573;0;N;1.1054351082422793;0.323553365540366;0;cluster4
0.3445408863519831;1.2;Y;0.384499168084271;0.2577480681199939;0.2630668208823282;cluster6
0.1864960874036994;0;N;2.022820259278295;0.2089209261710749;0.2630668208823282;cluster3
0.5637795201908603;0.8;Y;1.2328237889303937;0.4084268391786538;0.1315334104411641;cluster8
0.2343820615651468;0.4;Y;0.1647186970069754;0.1384213982981701;0.2630668208823282;cluster6
0.2060485966669789;0;N;0.631810526196727;0.20329572580357;0.5261336417646564;cluster7
0.1767353358716976;0;N;0.2543107361722423;0.0995852894336998;0.2630668208823282;cluster7
0.8602514958056694;0.4;N;1.0905031017147346;0.7936815373419693;0.1315334104411641;cluster2
0.1240247971029457;0;Y;0.9495822901110336;0.0617955334723816;0.2630668208823282;cluster6
0.1894695819142426;0;N;1.3359479590112475;0.117497323634953;0.3946002313234923;cluster4
0.0185727133661661;0;N;2.1203449269113204;0.0791490006416506;0;cluster3
0.1085216974650775;1.2;Y;1.0723047187592898;0.1674576354218925;0.1315334104411641;cluster6
0.1093898710447981;0;N;0.6066127651814957;0.1872641285111677;1.0522672835293128;cluster7
0.5587193084690601;0;N;1.5725269374320312;0.3373977578370499;0;cluster3
0.3956763101975277;0;N;1.9080304590977968;0.2562361556743603;0;cluster3
0.2356316113959589;0;N;1.6611857261893266;0.1279201292588805;0.5261336417646564;cluster3
0.0185727133661661;0.4;Y;1.006510564997297;0.033716072672106;0;cluster6
0.4928094306686272;0;Y;1.0811705976350197;0.3312286090966967;0.3946002313234923;cluster8
0.4805960887739146;0;N;1.1777620148600731;0.2457718807928839;0.1315334104411641;cluster4
0.1550309963786821;0.4;N;1.1287663684415676;0.1786453847606055;0;cluster4
0.8346868845028247;0;Y;0.4983557178567979;0.2772964971245228;0.1315334104411641;cluster6
0.1140035934970277;0;N;1.0592392130476886;0.174050949032174;0;cluster4
0.5891177862389921;0.4;Y;0.6140787684452678;0.2979813777068783;0.7892004626469847;cluster6
0.1240247971029457;0;N;1.632721588746195;0.1239497461885624;0.5261336417646564;cluster3
0.7193438231970852;0.4;Y;1.0559728366197882;0.7216241526661464;0.6576670522058206;cluster8
0.5077575193394598;0;Y;1.5757933138599314;0.4316376898067038;0;cluster8
0.1240247971029457;0;Y;0.4619589519459082;0.0674459435683964;0.3946002313234923;cluster6
0.3772834327871608;0.4;N;1.3359479590112475;0.2451752008281526;0.6576670522058206;cluster4
0.1649529801469178;0;N;2.1203449269113204;0.090290880208075;0;cluster3
0.7119023353709084;0.4;Y;1.17589551404413;0.2549351695962591;0.3946002313234923;cluster8
0.0620123985514728;0;N;0.0284641374431316;0.1861038843197476;0;cluster7
0.3100619927573643;0;N;1.849702308599576;0.3278153759434465;0.2630668208823282;cluster3
0.3281696131343944;0.4;Y;0.0942582912051246;0.2876389001232028;0.2630668208823282;cluster6
0.7441487826176744;0;N;0.8833215111450547;0.6211830004080351;0.6576670522058206;cluster2
0.5891177862389921;0;Y;0.0741934074337367;0.3921940115681458;0;cluster6
0.1064318796338928;0;N;0.500222218672741;0.2200450545085485;0;cluster7
0.3852706297205905;1.2;N;0.7736645882083998;0.4168698606796026;0.1315334104411641;cluster1
0.5818933418077455;0.4;Y;1.3835437298177955;0.4603669350885718;0.2630668208823282;cluster8
0.687345425544525;0;Y;0.6383432790525277;0.2090941125308382;0.3946002313234923;cluster6
0.4000047756164205;0.8;Y;0.7461337011732396;0.3699239014894904;0.1315334104411641;cluster6
0.1642770450027067;0;Y;0.2571104873961569;0.1170792001496675;0.7892004626469847;cluster6
0.5891177862389921;0;N;1.6891832384284724;0.2482580224509327;0.1315334104411641;cluster3
1.2092417717537207;0;N;1.6117234545668353;0.5963213600725602;0.2630668208823282;cluster2
0.7441487826176744;0;Y;1.384943605429753;0.5323913531963433;0;cluster8
0.43408678986031;0.8;N;0.4026975510397159;0.5323913531963433;0.7892004626469847;cluster1
1.3565832307120202;0;N;1.4115412420569418;1.1122506113819473;0.1315334104411641;cluster2
0.4030805905845736;0.8;N;0.7517332036210689;0.2818549083000837;0.6576670522058206;cluster1
0.1395278967408139;0;N;1.08443697406292;0.1637283856423214;0;cluster4
0.1342568428639387;0;Y;1.51093241050591;0.1468776959283342;0;cluster8
0.5445928840790346;0.4;Y;1.3644120964543796;0.2765605669730224;0.6576670522058206;cluster8
0.0681516260080686;0;N;1.877699820838722;0.2164803392292522;0;cluster3
0.5860171663114185;0;Y;0.9621811706186492;0.2964896777950498;0.5261336417646564;cluster6
0.1593563611776473;1.2;N;0.3481024021733814;0.0828986121250181;0.1315334104411641;cluster1
0.2581638164096366;0;N;1.9724247372478323;0.1735400418123728;0.6576670522058206;cluster3
0.1506808266202963;0;N;1.8543685606394336;0.1453232700352134;0.1315334104411641;cluster3
0.1791011088764363;0;N;0.4708248308216377;0.3365815742302929;0;cluster7
0.5891177862389921;0.8;Y;0.636010153032599;0.414002515109086;0.2630668208823282;cluster6
0.2055897049176979;0;Y;0.280908372799431;0.1419234621811697;0;cluster6
0.3117983399168055;0;N;0.0629944025380784;0.3294860798446943;0;cluster7
0.7364592451972917;0;N;0.6089458912014243;0.204766691086624;0;cluster7
0.3281696131343944;0;N;0.7727313378004284;0.2270078621869899;0.1315334104411641;cluster7
0.1608601618425206;0;N;1.644387218845839;0.0919477858851384;0.1315334104411641;cluster3
0.6413260245794772;0;N;0.2636432402519577;0.3230986208222451;0.3946002313234923;cluster7
0.43408678986031;0;N;0.2085814661816372;0.2793351288090232;0.1315334104411641;cluster7
0.1550309963786821;0.4;Y;0.5249533544839866;0.1488113865240374;0.1315334104411641;cluster6
0.3515916960672857;0;N;1.514665412137796;0.2625940044535597;0.1315334104411641;cluster3
0.3642391247518585;0.4;Y;1.9714914868398608;0.0947171267714478;0;cluster8
0.1547209343859247;0;N;2.1609413196580816;0.1592000322199839;0;cluster3
0.6201239855147286;0;N;1.6373878407860525;0.3128983768251624;0.1315334104411641;cluster3
0.2058811631908899;0;N;0.6304106505847696;0.2275731418685773;0.3946002313234923;cluster7
0.4100259792223385;0.8;N;0.4022309258357302;0.4240001862581424;0.2630668208823282;cluster1
0.1342568428639387;0;N;1.8641676899231348;0.198410408592332;0;cluster3
0.2790557934816278;0.4;N;0.4012976754277587;0.2758821418531227;0.1315334104411641;cluster5
0.2318767606636673;0;N;1.502999782038152;0.3509532824458081;0.2630668208823282;cluster4
0.0930185978272093;0;N;1.976624364083704;0.2482580224509327;0;cluster3
0.4875228736921141;0;N;1.0387077040723147;0.4154129919607153;0.2630668208823282;cluster4
0.0620123985514728;0.4;N;0.5361523593796451;0.1239497461885624;0.1315334104411641;cluster5
0.3553062387405188;0;N;1.2206915336267634;0.6191542885279485;0;cluster4
0.1093898710447981;0;N;2.106346170791747;0.0961330483277553;1.0522672835293128;cluster3
0.8371673804448836;0;N;0.2781086215755164;0.5797469331822436;0.1315334104411641;cluster7
0.2790557934816278;0.8;N;0.7466003263772254;0.4968747241456648;0;cluster1
0.2139675799620019;0;N;1.2967514418764434;0.1469616786333701;0;cluster4
0.3367056197950046;0;N;1.299084567896372;0.3534517306281295;1.0522672835293128;cluster4
0.1240247971029457;0.4;Y;0.4745578324535238;0.0825136043777752;0.2630668208823282;cluster6
0.3193607519201576;0.8;Y;0.5613501203948764;0.5615100813251898;0.5261336417646564;cluster6
0.4371874097878837;0;Y;0.9453826632751616;0.1122647386842413;0.9207338730881488;cluster6
0.0620123985514728;0;Y;1.488067775510607;0.0443923926960487;0.2630668208823282;cluster8
0.8600189493111013;0;N;1.5417296739689703;0.4283111990033265;0.3946002313234923;cluster2
0.2089569781590429;0;N;0.2622433646400005;0.3203237606462619;0;cluster7
0.1240247971029457;0;N;0.0592614009061922;0.2482580224509327;0;cluster7
0.1240247971029457;0;N;0.0732601570257652;0.2327195065643854;0;cluster7
0.360912159569572;0;N;1.0499067089679732;0.3622391856387196;0.2630668208823282;cluster4
0.181531994899654;0.8;N;0.7218691905659796;0.0726782301791258;0.1315334104411641;cluster1
0.4017814308349202;0;Y;1.6686517294530987;0.2599076020823479;0;cluster8
0.3117983399168055;0.4;Y;0.5212203528521006;0.2745119408991128;0.2630668208823282;cluster6
0.4368401403559954;0.4;Y;0.7834637174921009;0.321183725645431;0.5261336417646564;cluster6
0.0930185978272093;0.4;N;0.3504355281933101;0.1239497461885624;0.5261336417646564;cluster5
0.1585036906975646;0;Y;1.2967514418764434;0.1819867925631012;0.1315334104411641;cluster8
0.0465092989136046;0;Y;0.5216869780560862;0.0617955334723816;0.6576670522058206;cluster6
0.1395278967408139;0.4;N;0.3928984217560148;0.1021957642793996;0.6576670522058206;cluster5
0.0930185978272093;0.4;N;1.1609635075165856;0.0659391774874586;0;cluster4
0.662788515718142;0.4;N;0.8165941069750903;0.5211769770142041;0.6576670522058206;cluster5
0.4359223568574336;0;N;1.7843747800415688;0.4156377911374279;0.3946002313234923;cluster3
0.1649529801469178;0.4;Y;0.8847213867570122;0.1343205660705626;0.1315334104411641;cluster6
0.43408678986031;0;N;1.6313217131342377;0.9319538402339522;0;cluster2
0.5891177862389921;0;Y;1.9439605998047005;0.4258413914593121;0.2630668208823282;cluster8
0.0930185978272093;0;Y;0.1894498328182209;0.0659391774874586;0.5261336417646564;cluster6
0.1809087702942117;0;N;1.5594614317204296;0.1452867233873736;0.3946002313234923;cluster3
0.747249402545248;0;N;1.1534975042528133;0.4676622426773599;0.9207338730881488;cluster2
0.43408678986031;0;N;0.5394187358075454;0.3192913551372854;0.5261336417646564;cluster7
0.5113480372155901;0.4;N;1.1301662440535247;0.8693919459318686;0.1315334104411641;cluster2
0.1550309963786821;0;N;0.5734823756985062;0.0990880312680918;1.0522672835293128;cluster7
0.9166672753878716;0;N;1.528664168257369;0.3795773628838924;0.3946002313234923;cluster2
0.5580433733248491;0;N;1.000911062549468;0.3145193325343508;0.1315334104411641;cluster4
0.6177675143697726;0;N;1.3219492028916746;0.2225866128183217;0.1315334104411641;cluster4
0.1240247971029457;0;N;1.8310373004401452;0.2865067744751206;0.2630668208823282;cluster3
0.158435477059158;0;N;0.1199226774243418;0.2528077071820094;0.1315334104411641;cluster7
0.0846779302220361;0;Y;1.7983735361611417;0.252620125918097;0;cluster8
0.5467106074895675;0;N;0.0508621472344484;0.3966956635620616;0.1315334104411641;cluster7
0.5261752017092473;0;N;1.7507777653545935;0.6697875807301092;0;cluster3
0.6710423659653428;0;Y;1.9178295883814975;0.3066902201321149;0.2630668208823282;cluster8
0.8211929865780242;0.4;Y;1.0433739561121724;1.1385045298301273;0.2630668208823282;cluster8
0.0930185978272093;0;Y;0.5314861073397874;0.1293543987241035;0.5261336417646564;cluster6
0.5429371530377103;0;N;1.5165319129537391;0.2120434270115097;0.5261336417646564;cluster3
0.0930185978272093;1.2;N;0.3378366476856944;0.0990880312680918;0.1315334104411641;cluster1
0.1507893483177614;0;N;1.737712259642992;0.0871027445715197;0.2630668208823282;cluster3
0.043284654188928;0;N;2.11381217405552;0.1783470447782398;0.1315334104411641;cluster3
0.3036127033080111;0;N;0.412496680323417;0.145990731160761;0.1315334104411641;cluster7
0.186812350636312;0;N;0.7372678222975099;0.2092252329530879;0.3946002313234923;cluster7
0.7441487826176744;0;N;1.560861307332387;0.4657976177875743;0;cluster2
0.3720743913088372;0;N;1.4694027673511767;0.2151091686702995;0.5261336417646564;cluster4
0.8346868845028247;0;Y;1.7867079060614974;0.4161240107236883;0;cluster8
0.0988477632910477;0.4;N;0.8525242476819943;0.124586179955944;0.2630668208823282;cluster5
0.4893398369696723;0.4;N;0.3989645494078299;0.2777936807051353;0.6576670522058206;cluster5
0.3445408863519831;0;N;0.7815972166761579;0.1803160886618534;0.2630668208823282;cluster7
0.4323318389813033;0;Y;0.5025553446926698;0.2225520799653629;0.1315334104411641;cluster6
0.0930185978272093;0.8;Y;0.7727313378004284;0.1861038843197476;0.1315334104411641;cluster6
0.2821564134092015;0;N;1.917362963177512;0.5495015986949887;0;cluster3
0.2790557934816278;0;N;1.0279753243806422;0.1352504917955965;0.2630668208823282;cluster4
1.2092417717537207;0;Y;1.7727091499419243;0.4258413914593121;0.2630668208823282;cluster8
0.2790557934816278;0.4;Y;0.3975646737958725;0.2127413934002543;0.2630668208823282;cluster6
0.306958272209863;0.4;Y;0.8175273573830619;0.324828992719966;0.1315334104411641;cluster6
0.2740886003576549;0;N;1.501599906426195;0.1330780546290052;0;cluster4
0.5891177862389921;0.4;N;0.902919769712457;0.165385813414354;0.1315334104411641;cluster5
0.0742908534646644;0;N;2.1231446781352346;0.1262867178554284;0.3946002313234923;cluster3
0.1853860654696281;0;N;1.8207715459524587;0.1483638765504888;0.1315334104411641;cluster3
0.6201239855147286;0;Y;0.6266776489528836;0.5217363644811397;0.3946002313234923;cluster6
0.1593563611776473;0;N;0.5366189845836308;0.2285986855579594;0;cluster7
0.5066847048445193;0.8;N;0.4680250795977232;0.5875542667657667;0.1315334104411641;cluster1
1.157349796645848;0.8;Y;0.6374100286445561;0.7142849890999508;0.1315334104411641;cluster6
0.0930185978272093;0;Y;0.2263132239330965;0.0990880312680918;0.2630668208823282;cluster6
0.1444888886249317;0;N;2.0746156569207157;0.0677302615715909;0.2630668208823282;cluster3
0.1240247971029457;0.8;N;0.5468847390713175;0.1093251948379923;0;cluster1
0.4928094306686272;0;N;0.5786152529423496;0.4196518810151625;0;cluster7
0.4650929891360464;0;N;1.4437383811319593;0.4111447910030007;0.1315334104411641;cluster4
0.1581316163062557;0.4;N;1.0219091967288272;0.1512975281820862;0.2630668208823282;cluster4
0.6635512682203251;0;N;1.884232573694523;0.2780994791870601;0.6576670522058206;cluster3
0.1649529801469178;0;N;2.090947539060217;0.1881922641963073;0;cluster3
0.306958272209863;0.4;Y;0.7638654589246986;0.2319182399567467;0;cluster6
0.0516253217941011;0;N;2.2160030937284025;0.1321540957036187;0.1315334104411641;cluster3
0.3461284037549009;1.2;N;0.8310594882986491;0.5332839118385858;0;cluster1
0.1550309963786821;0.4;Y;0.5646164968227767;0.0990880312680918;0.1315334104411641;cluster6
0.1547209343859247;0.4;Y;0.2034485889377938;0.1485627947337311;0;cluster6
0.0620123985514728;0;N;1.2323571637264077;0.1115188887283271;0;cluster4
0.0620123985514728;0;Y;0.8590570005377948;0.0635714022174133;0.3946002313234923;cluster6
0.6312490098148628;0.4;N;0.4218291844031323;0.3979028963007043;0;cluster5
0.6091601934508282;0;Y;1.7185806262795758;0.2329613111200928;0.1315334104411641;cluster8
0.3782756311639844;0;N;1.7405120108669063;0.1965457837025464;0;cluster3
0.1593563611776473;0;Y;1.9164297127695404;0.1141200404495779;0.3946002313234923;cluster8
0.0889753894416532;0.4;N;0.2916407524911036;0.1920507697732383;0;cluster5
0.0310061992757364;0.4;N;0.3998977998158013;0.0873884796896305;0.1315334104411641;cluster5
0.3701644094334517;0;Y;0.8520576224780083;0.4821466488212137;0.3946002313234923;cluster6
0.0575909145347528;0;N;1.7162475002596471;0.1417208147481478;0.2630668208823282;cluster3
0.4797248145742664;0;N;1.363012220842422;0.2044008516832481;0;cluster4
0.8567012859885975;0;N;2.033086013765982;0.42671508009767;0.6576670522058206;cluster3
0.1342568428639387;0;N;0.5720825000865488;0.1416192299841523;0.2630668208823282;cluster7
0.43408678986031;0;Y;1.1287663684415676;0.55902886227685;0;cluster8
0.3297664323970948;0.4;N;0.3882321697161572;0.1924933571370778;0.1315334104411641;cluster5
0.1891378155819922;0;Y;1.9280953428691845;0.1320297625159677;0.3946002313234923;cluster8
0.4875228736921141;0.4;Y;0.8931206404287559;0.1659500489060031;0.5261336417646564;cluster6
1.0342427830414644;0;Y;1.063905465087546;0.5121298170489648;0.1315334104411641;cluster8
0.5891177862389921;0;N;0.3807661664523849;0.7454913512554011;0;cluster7
0.4775698837246027;0;N;0.2855746248392888;0.2035368590943171;0.6576670522058206;cluster7
0.3317601310105246;0;N;0.6719402937395028;0.2723381612026008;0.2630668208823282;cluster7
0.2480495942058914;0;N;1.4288063746044148;0.2233963821154578;0;cluster4
0.4928094306686272;0;N;1.3891432322656252;0.3596504150267369;0.2630668208823282;cluster4
0.0473681706335425;0;N;2.036352390193882;0.0939056420194132;0;cluster3
0.2954270666992167;0;Y;1.3513465907427782;0.1223337130890831;0.3946002313234923;cluster8
0.168034996354926;0.4;N;1.2925518150405717;0.1592383689077179;0;cluster4
0.0685485053587981;0;N;0.9393165356233468;0.1037620491868194;0.3946002313234923;cluster4
0.1093898710447981;0;N;0.3210381403422069;0.1122149904921818;0.1315334104411641;cluster7
0.1240247971029457;0.4;N;0.2725091191276872;0.2068219552251412;0.1315334104411641;cluster5
0.4893398369696723;0;Y;1.0849035992669056;0.312562744345001;0;cluster8
0.1240247971029457;0.8;N;0.8483246208461224;0.1861038843197476;0.1315334104411641;cluster1
0.294558893119496;0;N;1.4890010259185789;0.2522680101539099;0;cluster4
0.3515916960672857;0;Y;1.9994889990790068;0.2041600913174789;1.4468675148528052;cluster8
0.1444888886249317;0;Y;1.560861307332387;0.1403584452186749;0.1315334104411641;cluster8
0.5261752017092473;0.4;Y;0.1376544351758009;0.3825820940162883;0.1315334104411641;cluster6
0.5891177862389921;0.8;N;0.5632166212108195;0.3725663732982988;0.2630668208823282;cluster1
0.6511301847904649;0;Y;0.7834637174921009;0.6559893565456966;0.3946002313234923;cluster6
0.5257163099599663;0;N;1.062038964271603;0.4460375911505526;0.1315334104411641;cluster4
0.3262968386981399;0.4;Y;1.0998356057944505;0.1906386520517059;0.2630668208823282;cluster6
0.5101542985434742;0;N;1.4222736217486145;0.2363239756463319;0.2630668208823282;cluster4
0.1257611442623869;0;N;0.3541685298251962;0.0873394773475269;0.1315334104411641;cluster7
0.3193607519201576;0;N;0.5380188601955881;0.2404422607629078;0;cluster7
0.5891177862389921;0;Y;0.2127810930175091;0.5323913531963433;0;cluster6
0.5261752017092473;0.8;N;0.750799953213097;0.2676998694967616;0;cluster1
0.0816579264125794;0;N;0.5842147553901791;0.0843326578352544;0.7892004626469847;cluster7
0.130226036958093;0;N;2.1996712115889;0.1381563978088338;0.5261336417646564;cluster3
0.3317601310105246;0;N;1.9565594803123163;0.4844355877509188;0.3946002313234923;cluster3
0.4743948489187674;0;N;0.4470269454183636;0.2823705889596028;0;cluster7
0.0527105387687519;0.8;N;0.747533576785197;0.060665496204176;0.5261336417646564;cluster1
0.4060850912943924;0;Y;1.6210559586465507;0.525350007517544;1.3153341044116411;cluster8
0.3036127033080111;0;N;0.6140787684452678;0.2296189337126544;0.1315334104411641;cluster7
0.184499288170342;0;Y;1.9476936014365869;0.6095185037775016;0;cluster8
0.4682835270415197;0;Y;1.8828326980825651;0.1712177633896383;0;cluster8
0.5891177862389921;0;N;1.8291707996242024;0.7454913512554011;0.1315334104411641;cluster3
0.5936756975325254;0;Y;1.4092081160370131;0.5005293889296444;0.1315334104411641;cluster8
0.5261752017092473;0;N;1.7181140010755898;0.7442482431338789;0.5261336417646564;cluster3
0.0846779302220361;0;N;1.3004844435083294;0.185159116180591;0;cluster4
0.3306408072166705;0;Y;0.9901786828577952;0.3476162005730567;0.2630668208823282;cluster6
0.1240247971029457;0;Y;0.7862634687160156;0.1239497461885624;0.1315334104411641;cluster6
0.3410681920331007;0;Y;1.6014577000791486;0.2233963821154578;0.1315334104411641;cluster8
0.8116802846402282;0;N;2.01348775519858;0.2248715241582649;0.1315334104411641;cluster3
0.3445408863519831;0;Y;0.2398453548486837;0.1502036646367424;0.2630668208823282;cluster6
0.1240247971029457;0;Y;1.8067727898328856;0.1550267779616572;0.1315334104411641;cluster8
0.5261752017092473;0;N;1.78204165402164;0.6697875807301092;0.2630668208823282;cluster3
0.4359223568574336;0;N;0.3518354038052674;0.2038577983303469;0;cluster7
0.7119023353709084;0;N;0.9197182770559446;0.5953269183263398;0;cluster2
0.0930185978272093;0.4;Y;1.0611057138636315;0.0990880312680918;0.3946002313234923;cluster6
0.7441487826176744;0;Y;0.1432539376236301;0.5323913531963433;0.1315334104411641;cluster6
0.7466261779398056;0.4;N;0.8889210135928838;0.3114054089684089;0.5261336417646564;cluster5
0.6973108179917469;0.4;Y;0.1292551815040571;0.318178994513035;0;cluster6
0.1506808266202963;0;N;0.9617145454146636;0.108902820007958;0.1315334104411641;cluster4
0.7096016753846488;0;N;1.4241401225645576;0.5236185168448892;0;cluster2
0.5373188297289468;0;N;1.7507777653545935;0.5464806826185494;0.2630668208823282;cluster3
0.0918403622547313;0;N;0.9145853998121012;0.0840716103506844;0.1315334104411641;cluster4
0.2204168694113551;0;Y;1.8231046719723876;0.3020388014670516;0.2630668208823282;cluster8
0.8247649007345891;0;N;0.7783308402482575;0.3607897754193915;0;cluster2
0.1593563611776473;0;N;1.8641676899231348;0.1757623763410148;0.1315334104411641;cluster3
0.8371673804448836;0.4;N;0.8903208892048412;0.4173173706531511;0;cluster2
0.4893398369696723;0;Y;0.9780464275541654;0.2082556280103994;0;cluster6
0.5891177862389921;0;Y;1.6205893334425647;0.3170243441962842;0.6576670522058206;cluster8
0.4893398369696723;0.8;Y;1.11196786109808;0.4168698606796026;0;cluster6
0.4100259792223385;0;N;1.5039330324461233;0.3532736962436528;0;cluster3
0.43408678986031;0;N;1.9980891234670493;0.7987663694164143;0;cluster3
0.615510263062499;0;N;1.9327615949090424;0.4570492453146743;0.2630668208823282;cluster3
1.228651652500332;0.4;Y;1.080237347227048;0.2016473974009996;0.6576670522058206;cluster8
0.179299548551801;0;N;1.2841525613688278;0.1008189252607819;0.2630668208823282;cluster4
0.1093898710447981;0;N;1.0727713439632758;0.1122149904921818;0;cluster4
0.1943220521008953;0.8;N;0.5403519862155167;0.1803160886618534;0;cluster1
0.3441626107208192;0.4;N;0.9859790560219236;0.2252572777554638;0;cluster4
0.5109325541452951;0;Y;1.4390721290921018;0.2603666727302131;0.1315334104411641;cluster8
0.1085216974650775;0.4;Y;0.9687139234744498;0.1115188887283271;0.6576670522058206;cluster6
0.9802175814234212;0;Y;1.3261488297275466;0.6946371382962984;0;cluster8
0.0669733904355906;0;N;2.042885143049683;0.1567671442487874;0;cluster3
0.3193607519201576;0;N;0.6509421595601436;0.1869309573358608;0;cluster7
0.1854170716689038;0.8;N;0.5823482545742357;0.1924574071692028;0.1315334104411641;cluster1
0.2790557934816278;0;N;1.2239579100546636;0.2482580224509327;0;cluster4
0.3170073813951292;0;N;2.0088215031587224;0.2786887006522323;0;cluster3
0.5077575193394598;0;N;1.2622211767814966;0.2876389001232028;0.3946002313234923;cluster4
0.0930185978272093;0;N;0.045729269990605;0.1985347417799828;0;cluster7
0.43408678986031;0;N;0.5132877243843424;0.3725663732982988;0.1315334104411641;cluster7
0.2480495942058914;0;N;0.9691805486784358;0.3352738755025886;0.1315334104411641;cluster4
0.0310061992757364;0;N;0.308905885038577;0.0825136043777752;0;cluster7
0.3445408863519831;0;N;1.4974002795903223;0.2254847619920176;0.2630668208823282;cluster4
0;0.4;Y;0.6336770270126699;0.0369338931369066;0;cluster6
0.5891177862389921;0.8;Y;0.533819233359716;0.3921940115681458;0.3946002313234923;cluster6
0.12968032785084;0;N;0.1628521961910322;0.142800357974338;0.2630668208823282;cluster7
0.3505808939708966;0;N;0.6159452692612111;0.1526251411036134;0.7892004626469847;cluster7
0.1550309963786821;0.4;N;0.5837481301861931;0.1205900650621469;0;cluster5
0.662788515718142;0.4;Y;1.1982935238354468;0.4764739378115171;0.3946002313234923;cluster8
0.7441487826176744;0.4;N;0.9621811706186492;1.0355441201759248;0;cluster2
0.3117983399168055;0.4;Y;0.5436183626434172;0.1370767054126524;0.2630668208823282;cluster6
0.1550309963786821;0;Y;0.0732601570257652;0.1488113865240374;0.3946002313234923;cluster6
0.1240247971029457;0;N;1.243556168622066;0.2660164115612676;0;cluster4
1.0270307410899282;0;N;1.608923703342921;0.4986793826989948;0.3946002313234923;cluster2
0.0261537290890836;0;N;1.048506833356016;0.0389263567091358;0;cluster4
0.4371874097878837;0;N;1.6495200960896823;0.1756153693147041;0.7892004626469847;cluster3
0.1551178137366542;0;Y;0.6411430302764424;0.1787289199556679;0.1315334104411641;cluster6
0.2325464945680232;0;N;1.8609013134952344;0.2109655246552225;0.5261336417646564;cluster3
0.7627525021831162;0;N;1.4936672779584366;0.1587560277412282;0;cluster2
0.7441487826176744;0.4;Y;0.8725891314533823;0.414002515109086;0.2630668208823282;cluster6
0.4373052333451314;0;N;2.0092881283627078;0.2319129444220597;0.5261336417646564;cluster3
0.1755446978195093;0;N;0.9075860217523148;0.3101760244860755;0;cluster4
0.1472918490394583;0;Y;0.1945827100620643;0.1945929993479719;0.2630668208823282;cluster6
0.43408678986031;0;Y;0.9738468007182932;0.3725663732982988;0.5261336417646564;cluster6
0.5077575193394598;0;N;1.8231046719723876;0.8096344474640226;0.1315334104411641;cluster3
0.3410681920331007;0;N;1.8725669435948784;0.2553613482610685;0.1315334104411641;cluster3
0.892209585399171;0;Y;1.0513065845799303;1.4801634776353063;0.1315334104411641;cluster8
0.1240247971029457;0;N;0.3551017802331678;0.0825136043777752;0.3946002313234923;cluster7
0.2694314692264393;0;Y;0.119456052220356;0.1803160886618534;0;cluster6
0.2790557934816278;0;N;1.833370426460074;0.2127413934002543;0.5261336417646564;cluster3
0.1354753864954751;0;N;2.037285640601854;0.2666208483655405;0;cluster3
0.6345046607388152;0;N;1.1007688562024216;0.3198168810162226;0.2630668208823282;cluster2
0.3720743913088372;0;N;0.7326015702576525;0.6056444845214877;0;cluster7
0.43408678986031;0;N;0.769464961372528;0.2233963821154578;0.1315334104411641;cluster7
0.8362371944666115;0.4;Y;0.9598480445987204;0.4632286121994235;0.3946002313234923;cluster6
0.3852706297205905;0.4;N;0.9929784340817098;0.4001807220660663;0;cluster4
0.1240247971029457;0.8;Y;0.5016220942846983;0.1061913570782275;0.2630668208823282;cluster6
0.2790557934816278;0.4;Y;0.3672340355367978;0.0742263909326169;0.2630668208823282;cluster6
0.390386652601087;0.4;N;1.0018443129574393;0.3164084958876858;0;cluster4
0.8318467166491672;0;N;1.6644521026172268;0.4147576136044535;0;cluster2
0.3961662081460843;0;N;1.4138743680768704;0.4106643890463963;0.1315334104411641;cluster4
0.2343820615651468;0;N;1.9280953428691845;0.2549965530476308;0;cluster3
0.0841136173952177;0;N;0.344836025745481;0.1200410449095984;0.6576670522058206;cluster7
0.8116802846402282;0;Y;1.4484046331718172;0.4219478309344532;0;cluster8
0.2506541149450533;0.4;N;1.1394987481332404;0.2706534353221818;0.1315334104411641;cluster4
0.8567012859885975;0.8;Y;1.0919029773266922;0.8537887648541435;0.2630668208823282;cluster6
0.4997455174466094;1.2;Y;0.8851880119609978;0.1991282891748994;0.5261336417646564;cluster6
0.2532586356842151;0;N;1.700848868528117;0.1950114957582353;1.0522672835293128;cluster3
0.0988477632910477;0;N;0.5711492496785776;0.1004033376653465;0.2630668208823282;cluster7
0.0865693083778561;0.4;N;1.0438405813161582;0.0853463425103374;0;cluster4
0.46819360906362;0;N;1.899631205426053;0.9233478505176362;0.1315334104411641;cluster3
0.1240247971029457;0.8;Y;0.8660563785975817;0.1861038843197476;0.1315334104411641;cluster6
0.3032313270569195;0;N;0.500222218672741;0.4725848523863937;0.5261336417646564;cluster7
0.060251246432611;0;N;1.9878233689793627;0.0484232641977914;0.3946002313234923;cluster3
0.2790557934816278;0.4;N;0.5734823756985062;0.165385813414354;0.9207338730881488;cluster5
0.0930185978272093;0;Y;0.0055995024478292;0.1189773882874692;0;cluster6
0.1085216974650775;0;N;1.4274064989924575;0.2233963821154578;0;cluster4
0.0124024797102945;0;N;1.6313217131342377;0.0692540330315236;0;cluster3
1.2092417717537207;0;Y;1.4876011503066218;0.9941079783651372;0.1315334104411641;cluster8
0.3782756311639844;0.8;Y;0.4395609421545914;0.5178108069931721;0;cluster6
0.7455781684042858;0.4;N;1.1903608953676887;0.3732540469576517;0.1315334104411641;cluster2
0.2790557934816278;0;N;1.1352991212973682;0.2482580224509327;0.1315334104411641;cluster4
0.7364592451972917;0;Y;0.3023731321827763;0.3688669575169643;0.3946002313234923;cluster6
0.0155030996378682;0;N;1.6910497392444157;0.0316063614868071;0.7892004626469847;cluster3
0.4997455174466094;0;N;1.118500613953881;0.3644174404349669;0.5261336417646564;cluster4
0.3875774909467054;0;N;0.8973202672646277;0.402400371534867;0;cluster4
0.1395278967408139;0.4;N;1.2911519394286142;0.2047501332176027;0;cluster4
0.3959522653710818;0;N;1.79417390932527;0.128021714022876;0.2630668208823282;cluster3
0.3719131590726033;0.4;N;0.7228024409739515;0.3873282356257527;0.1315334104411641;cluster5
0.1240247971029457;0;Y;0.972913550310322;0.1861038843197476;0.2630668208823282;cluster6
0.1240247971029457;0;N;0.5482846146832748;0.1061913570782275;0.1315334104411641;cluster7
0.3136525106334945;0;N;1.7139143742397178;0.2365190899947991;0.2630668208823282;cluster3
0.5185321735877781;0;N;1.927628717665199;0.2640228292141046;0;cluster3
0.1593563611776473;0;N;0.3215047655461927;0.3049177822968804;0.2630668208823282;cluster7
0.1674334760889767;0.8;Y;0.7624655833127413;0.0791987488337101;0.2630668208823282;cluster6
0.4960991884117828;0;N;0.5954137602858371;0.4222897285542443;0;cluster7
0.0841446235944935;0;N;1.808172665444843;0.0919726226886703;0.1315334104411641;cluster3
0.1550309963786821;0;Y;1.5557284300885432;0.1942109750005526;0.5261336417646564;cluster8
0.1547209343859247;0;N;1.7904409076933836;0.2230234571375007;0;cluster3
0.0310061992757364;0.4;Y;0.7405341987254104;0.0493647505971419;0;cluster6
0.1393728657444352;0;Y;2.0937472902841314;0.1514356595939215;0.1315334104411641;cluster8
0.5261752017092473;0;N;0.0886587887572954;0.3825820940162883;0;cluster7
0.3389442673827127;0.4;Y;1.134365870889397;0.1973993343920947;0.2630668208823282;cluster8
0.1444888886249317;0;N;2.070416030084843;0.3514339827423948;0;cluster3
0.1257611442623869;0.8;Y;0.4082970534875451;0.2091423690229858;0.1315334104411641;cluster6
1.0542107753750387;0.4;Y;1.0877033504908205;0.474273158346601;0.1315334104411641;cluster8
0.7051553864085082;0;Y;0.9332504079715318;0.3538067552071447;0.2630668208823282;cluster6
0.3445408863519831;0;N;0.5403519862155167;0.3007658593472928;0.2630668208823282;cluster7
0.1342568428639387;0;N;1.685450236796586;0.0791490006416506;0.1315334104411641;cluster3
0.1772221332003267;0;Y;1.7713092743299672;0.3335683404083996;0.1315334104411641;cluster8
0.2728545536264806;0;Y;0.8604568761497522;0.2920145780595646;0;cluster6
0.2468434530540652;0.8;Y;0.2874411256552318;0.2224292384776238;0.2630668208823282;cluster6
0.3036127033080111;0;N;0.575815501718435;0.1002565543940226;0.5261336417646564;cluster7
0.1781058098796852;0.8;N;0.818927232995019;0.0715008314387196;0.1315334104411641;cluster1
0.2790557934816278;0.8;Y;0.7699315865765136;0.1861038843197476;0;cluster6
0.4709221545998849;0;N;1.797906910957156;0.4825941587947623;0;cluster3
0.0061392274565958;0;N;1.6294552123182944;0.0353825252286051;0.5261336417646564;cluster3
0.43408678986031;0;N;2.07741540814463;0.2068219552251412;0.2630668208823282;cluster3
0.8362371944666115;0;Y;1.4078082404250556;0.1094383402763044;1.183800693970477;cluster8
0.2262150286759178;0.8;N;0.7330681954616383;0.3433870821530321;0.2630668208823282;cluster1
0.1395527017002345;0.4;N;1.058305962639717;0.1062068707573106;0;cluster4
0.4893398369696723;0.4;N;0.7260688174018518;0.4168698606796026;0.2630668208823282;cluster5
0.3069613728297906;0.4;N;1.2370234157662654;0.0899721039369172;0.1315334104411641;cluster4
0.4017814308349202;0;Y;1.04804020815203;0.2417495119806386;0.3946002313234923;cluster8
0.077515498189341;0;Y;1.824037922380359;0.0518508922551907;0.1315334104411641;cluster8
0.1240247971029457;0;Y;2.0312195129500386;0.1959177034546711;0.1315334104411641;cluster8
0.7119023353709084;0.4;Y;1.0242423227487565;0.5953269183263398;0.1315334104411641;cluster6
0.0040928183043972;0;Y;0.2627099898439861;0.0418565028459404;0.1315334104411641;cluster6
0.0408289632062897;0.4;Y;0.2417118556646267;0.0687608024556776;0.1315334104411641;cluster6
0.8991797789963565;0.4;N;1.4647365153113192;0.3725663732982988;0.2630668208823282;cluster2
1.0542107753750387;0;N;1.510465785301924;0.434720511429484;0.2630668208823282;cluster2
0.1860371956544186;0.8;N;0.8170607321790759;0.0742263909326169;0.2630668208823282;cluster1
0.4893398369696723;0;N;1.7386455100509637;0.6254840933488055;0.1315334104411641;cluster3
0.2635526938437597;0;N;1.4264732485844862;0.2020864046850507;0;cluster4
0.0804300809212603;0.4;Y;0.2925740028990752;0.0762295201592156;0;cluster6
0.8960791590687828;0;Y;1.102635357018365;0.4456596689778909;0.1315334104411641;cluster8
0.5261752017092473;0;N;0.4894898389810683;0.6697875807301092;0.1315334104411641;cluster7
0.2661572145829215;0;N;1.873033568798864;0.1426059148908312;0.2630668208823282;cluster3
0.3389442673827127;0;N;2.017687382034452;0.4940363175534377;0;cluster3
0.3772834327871608;0;N;1.146031500989041;0.4088644293477886;0;cluster4
0.294558893119496;0;N;1.8011732873850563;0.3128983768251624;0.6576670522058206;cluster3
0.5922184061665658;0;N;0.4558928242940932;0.7135263851097904;0;cluster7
0.272705723869957;0;Y;0.9878455568378663;0.1822851325454668;0;cluster6
0.1891378155819922;0;N;0.4381610665426341;0.1354243494203201;0.2630668208823282;cluster7
0.0391918358845308;0;Y;0.2645764906599291;0.0334134813449916;0.2630668208823282;cluster6
0.0310061992757364;0;N;1.8245045475843444;0.1488113865240374;0.1315334104411641;cluster3
0.8991797789963565;0;Y;1.4381388786841305;0.3725663732982988;0;cluster8
0.306958272209863;0;Y;1.301417693916301;0.0809382946858888;0.2630668208823282;cluster8
0.43408678986031;0;N;1.0307750756045566;0.2482580224509327;0.5261336417646564;cluster4
0.7441487826176744;0;Y;1.8119056670767288;0.4657976177875743;0.1315334104411641;cluster8
0.1547209343859247;0.4;N;0.2902408768791463;0.0989223034078877;0.6576670522058206;cluster5
0.1649529801469178;0;N;1.6075238277309636;0.2353299814100851;0.1315334104411641;cluster3
0.2139675799620019;0.8;N;0.4050306770596448;0.2942819619255438;0.3946002313234923;cluster1
0.5508592369526609;1.2;Y;0.7531330792330261;0.399546973358526;0.2630668208823282;cluster6
0.5522669183997794;0;N;0.2925740028990752;0.9350118250532006;0.1315334104411641;cluster7
0.1550309963786821;0;N;1.4908675267345222;0.1488113865240374;0;cluster4
0.1175755076535925;0;N;1.4736023941870484;0.1113324262393486;0.1315334104411641;cluster4
0.1210357994927647;0;N;0.1087236725286833;0.1041371371296486;0.2630668208823282;cluster7
0.0620123985514728;0;N;0.9920451836737382;0.0443923926960487;0;cluster4
0.0375547085627719;0;N;0.0639276529460499;0.0912648856655033;0;cluster7
0.2115614988982048;0;Y;0.8809883851251261;0.1663537774871394;0.3946002313234923;cluster6
0.8006172727386455;0.4;N;0.5506177407032036;0.4997561662803481;0.3946002313234923;cluster5
0.1364272768132403;0.4;N;0.346702526561424;0.1827136233451395;0.1315334104411641;cluster5
0.1571146129700116;0;N;0.7661985849446277;0.0692601490011621;0.6576670522058206;cluster7
0.3203436484371985;0;Y;1.4572705120475469;0.4222250633630665;0;cluster8
0.0391918358845308;0;N;2.0190872576464094;0.0750254945753833;0.6576670522058206;cluster3
0.3590207814137521;0.4;Y;0.823126859830891;0.4687437251134355;0.1315334104411641;cluster6
0.7441487826176744;0;N;0.9117856485881864;1.2427246800598697;0.2630668208823282;cluster2
0.1240247971029457;0;N;2.178673077409541;0.1061913570782275;0.1315334104411641;cluster3
0.43408678986031;0.8;Y;0.952382041334948;0.3192913551372854;0;cluster6
0.2139675799620019;0;N;1.1394987481332404;0.3462773253171952;0;cluster4
0.5057235126669715;0;N;1.5300640438693265;0.5160798384154863;0;cluster3
0.1444888886249317;0;N;2.14787581394648;0.3514339827423948;0;cluster3
0.0930185978272093;0.4;N;0.4829570861252677;0.0990880312680918;0.1315334104411641;cluster5
0.5922184061665658;1.2;N;0.624344522932955;0.3744309981880843;0.5261336417646564;cluster1
0.0558111586963255;0;N;1.6910497392444157;0.1040603891691851;0;cluster3
0.4775698837246027;0;Y;1.5239979162175112;0.1525630118022858;0.1315334104411641;cluster8
0.7649756466711866;0;Y;1.2010932750593617;0.3985421642979184;0.1315334104411641;cluster8
0.2011434159415573;0;N;0.3868322941041999;0.6201222526007338;0;cluster7
0.4030805905845736;0;N;0.2099813417935946;0.260688879911168;0.5261336417646564;cluster7
0.6312490098148628;0;Y;1.1833615173079022;0.6368597968764089;0;cluster8
0.1547209343859247;0;N;2.0946805406921025;0.0634648202587132;0.3946002313234923;cluster3
0.0408289632062897;0;N;0.5860812562061221;0.0687608024556776;0.1315334104411641;cluster7
0.5891177862389921;0.4;N;0.1119900489565837;0.3725663732982988;0.1315334104411641;cluster5
0.5292448154375451;0;N;1.841303054927832;0.2691766524094717;0;cluster3
0.1521722248054592;0.4;Y;0.394764922571958;0.2199580138186933;0.6576670522058206;cluster6
0.5436751005804729;0;Y;0.9995111869375106;0.2761190237991211;0.1315334104411641;cluster8
0.1593563611776473;0;N;1.8940317029782237;0.1828072275146068;0.1315334104411641;cluster3
0.1342568428639387;0;N;0.2230468475051961;0.0564325739493761;0;cluster7
0.5113480372155901;0;N;1.573926813043988;0.5214917256955999;0.1315334104411641;cluster3
0.7241807902841001;0.8;Y;0.400364425019787;0.9079374716535148;0;cluster6
0.1240247971029457;0.8;Y;0.7270020678098231;0.1061913570782275;0.2630668208823282;cluster6
0.8285352545665186;0.4;Y;1.2113590295470482;0.2293764578919867;0.2630668208823282;cluster8
0.1240247971029457;0;Y;0.920651527463916;0.1239497461885624;0.1315334104411641;cluster6
1.3565832307120202;0;Y;0.4507599470502498;0.5131533469434658;0.3946002313234923;cluster6
0.1506808266202963;0;N;1.7307128815832054;0.2181642446747196;0;cluster3
0.2060485966669789;0;N;1.502999782038152;0.1625648597110953;0.2630668208823282;cluster4
0.2249592776052505;0;N;1.9164297127695404;0.6153629094470497;0;cluster3
0.1649529801469178;0;N;0.9892454324498238;0.2353299814100851;0.5261336417646564;cluster4
0.5891177862389921;0.8;Y;0.9337170331755174;0.4258413914593121;0;cluster6
0.0930185978272093;0.4;N;0.5912141334499654;0.0593093918143328;0.2630668208823282;cluster5
0.1457291365959612;0;N;0.3313038948298938;0.2830643785885942;0.2630668208823282;cluster7
0.5891177862389921;0.8;Y;0.5496844902952323;0.2708595882499965;0.1315334104411641;cluster6
0.1550309963786821;0;N;0.1833837051664059;0.1717605929875527;0.2630668208823282;cluster7
1.3565832307120202;0;Y;1.1511643782328844;0.7413808975633622;0;cluster8
0.0567413446745976;1.2;N;0.1791840783305341;0.2107169328649163;0.2630668208823282;cluster1
0.3748618486237258;0.4;N;0.789529845143916;0.3901654488580504;0.1315334104411641;cluster5
0.5138967467960556;0;N;0.4082970534875451;0.1744089570110128;0;cluster7
0.1530341971453247;0.4;N;1.272953556473169;0.1050477453408243;0.5261336417646564;cluster4
0.4502906296018099;0.8;Y;0.6308772757887556;0.4449310481559583;0;cluster6
0.198076902833187;0.4;Y;0.42649543644299;0.0998334337140325;0.1315334104411641;cluster6
0.0465092989136046;0;N;0.1791840783305341;0.092872639830472;0;cluster7
0.2790557934816278;0;N;0.6775397961873323;0.3725663732982988;0.2630668208823282;cluster7
0.217043394930155;0;N;0.5664829976387198;0.1985347417799828;0.1315334104411641;cluster7
0.1575362972801616;0;N;1.7997734117730988;0.3019990476644014;0.3946002313234923;cluster3
0.4709221545998849;0.4;N;0.3471691517654098;0.2191653990705433;0.2630668208823282;cluster5
0.8319056284277911;0;N;0.9113190233842008;0.4609131210112878;0;cluster2
0.0921752292069092;0.8;N;1.0242423227487565;0.1093862799493816;0;cluster1
0.2790557934816278;0.4;N;1.3088836971800732;0.2660164115612676;0.3946002313234923;cluster4
0.4154830702948681;0.8;N;0.9290507811356596;0.3065053985130394;0;cluster1
0.0350990175801336;0;N;1.6397209668059811;0.226805960603924;0.1315334104411641;cluster3
0.1547209343859247;0;Y;1.1068349838542366;0.1783470447782398;0.2630668208823282;cluster8
0.2115614988982048;0.8;N;0.5422184870314598;0.1455147297188966;0.1315334104411641;cluster1
0.1240247971029457;0;N;2.090947539060217;0.1861038843197476;0.2630668208823282;cluster3
0.3204676732343015;0;N;0.2566438621921712;0.3378276657516388;0;cluster7
0.1375186950277462;0.8;Y;0.8063283524874034;0.1154654791850515;0;cluster6
0.3961662081460843;0;N;1.962158982760145;0.3948558008908124;0.2630668208823282;cluster3
0.5891177862389921;0;Y;0.9817794291860512;0.2291336837313366;0.7892004626469847;cluster8
0.3182538306060138;0.4;Y;1.1646965091484716;0.3649197703802752;0.2630668208823282;cluster8
0.3410681920331007;0.4;Y;1.2127589051590055;1.2782413091105478;0;cluster8
0.164332856161403;0.4;N;1.0331082016244857;0.3128983768251624;0.3946002313234923;cluster4
0.1463430593416207;0;N;2.0041552511188643;0.2129470242330998;0;cluster3
0.1271254170305193;0;N;1.608923703342921;0.1725429895913067;0;cluster3
0.9802175814234212;0;N;1.9962226226511064;0.3471393041112453;0;cluster3
0.1444888886249317;0;N;2.1217448025232777;0.0934527619261821;0;cluster3
0.5891177862389921;0;N;1.6238557098704651;0.3311302314875116;0;cluster3
0.383565288760425;0;N;1.2528886727017816;0.3320568008877438;0.2630668208823282;cluster4
0.5298897443824804;0;N;1.3028175695282584;0.3369483086536159;0.3946002313234923;cluster4
0.8673550160597406;0;N;0.9015198941004996;0.2697658738746439;0;cluster2
0.1085216974650775;0.8;N;0.4558928242940932;0.2233963821154578;0;cluster1
0.3685892945102443;0.8;Y;0.213247718221495;0.1918857131779945;0.1315334104411641;cluster6
0.3445408863519831;0.4;Y;0.3751666640045557;0.2577480681199939;0;cluster6
0.7847762055286717;0;N;0.2804417475954452;0.5603138871658946;0.1315334104411641;cluster7
0.3834226602437567;0;N;1.5487290520287569;0.2427884809692271;1.0522672835293128;cluster3
0.6923219205282808;0;Y;1.1334326204814251;0.2482065588039747;0.1315334104411641;cluster8
0.0591350232586845;0;N;1.6229224594624938;0.07708195207383;0.9207338730881488;cluster3
0.295482877857913;0;N;0.0634610277420641;0.3137874299726121;0;cluster7
0.0558111586963255;0;N;1.5048662828540948;0.0831765904035873;0.1315334104411641;cluster4
0.2089569781590429;0.4;N;0.4367611909306768;0.1645637375929453;0.3946002313234923;cluster5
0.0253258635684215;0;Y;1.9122300859336685;0.0843326578352544;0.2630668208823282;cluster8
0.6108221257320077;0;N;1.6098569537508924;0.4407583905775962;0.2630668208823282;cluster3
0.7441487826176744;0;N;0.821260359014948;0.414002515109086;0;cluster2
0.1342568428639387;0.4;N;0.5524842415191467;0.0990259019667642;0.2630668208823282;cluster5
0.5298897443824804;0.4;N;1.3266154549315323;0.2994697958789007;0.2630668208823282;cluster4
0.43408678986031;0.8;N;0.982712679594023;0.55902886227685;0.1315334104411641;cluster1
0.4650929891360464;0;N;1.3242823289116037;0.2166159347512374;0;cluster4
0.1737246339220236;0.8;Y;0.5650831220267624;0.1403491966792216;0;cluster6
0.2263452547128759;0.8;N;0.8725891314533823;0.1121969409232487;0;cluster1
0.7364592451972917;0;Y;0.9043196453244144;0.6150173571624747;0.2630668208823282;cluster6
0.3445408863519831;0.4;Y;1.034508077236443;0.1430340327655259;0;cluster6
0.1240247971029457;0.8;N;0.6444094067043428;0.2482580224509327;0;cluster1
0.1860371956544186;0;Y;1.000444437345482;0.1736730268595123;0.2630668208823282;cluster6
0.8602514958056694;0;Y;1.5454626756008565;0.4284230764967136;0;cluster8
0.5561054858701157;0.4;N;0.2347124776048403;0.3134834215305815;0.1315334104411641;cluster5
0.6355774752337556;0;N;0.9397831608273324;0.4577722722619375;0.3946002313234923;cluster2
0.0620123985514728;0.4;N;1.167962885576372;0.0742263909326169;0.6576670522058206;cluster4
0.1974970869067307;0;Y;1.5851258179396468;0.2195060287454093;0.1315334104411641;cluster8
0.4294730674080804;0;Y;1.0592392130476886;0.2765605669730224;0.3946002313234923;cluster8
0.6831905948415765;0.8;N;0.6397431546644851;0.3814171509701459;0.1315334104411641;cluster1
0.1649529801469178;0;N;2.166074196901925;0.1343205660705626;0.2630668208823282;cluster3
0.306958272209863;0;Y;1.1455648757850552;0.5416207243058125;0;cluster8
0.6182636135581845;0;N;1.2934850654485428;0.6243653184149343;0.1315334104411641;cluster2
0.184499288170342;0.4;N;0.3103057606505342;0.1148403823369998;0.1315334104411641;cluster5
0.365922761372531;0;N;1.0587725878437029;0.1985595785835148;0.6576670522058206;cluster4
0.1649529801469178;0;N;1.765709771882138;0.3622391856387196;0.1315334104411641;cluster3
0.1240247971029457;0;N;0.3401697737056233;0.2482580224509327;0;cluster7
0.1444888886249317;0.4;N;0.6294774001767983;0.0699998829874379;0.2630668208823282;cluster5
0.4278111351269009;0;N;1.406874990017084;0.4595076413543631;0.5261336417646564;cluster4
0.2055897049176979;0.4;N;1.0125766926491122;0.2104296314618982;0.3946002313234923;cluster4
0.217043394930155;0;Y;0.874922257473311;0.1189773882874692;0.3946002313234923;cluster6
0.771480747279236;0;N;1.9350947209289708;0.3896154591005592;0.3946002313234923;cluster3
0.8116802846402282;0.4;N;1.149764502620927;0.3265883035959765;0.3946002313234923;cluster2
1.0542107753750387;0.4;N;0.8543907484979374;1.043831333621083;0;cluster2
0.1240247971029457;0;N;1.3928762338975111;0.092872639830472;0.2630668208823282;cluster4
0.4832006095130765;0;N;1.5099991600979383;0.4119472509705688;0;cluster3
0.1649529801469178;0;N;2.063883277229042;0.2353299814100851;0;cluster3
0.3410681920331007;0.8;Y;0.3882321697161572;0.2233963821154578;0.3946002313234923;cluster6
0.2336131078231085;0;N;0.6990045555706771;0.2118207907996694;0.2630668208823282;cluster7
0.5581115869632557;0.4;N;0.2991067557548759;0.5664873618359919;0.1315334104411641;cluster5
0.3094542712515599;0.8;Y;0.91691852583203;0.0815387039003997;0.3946002313234923;cluster6
0.217043394930155;0;Y;1.4642698901073334;0.1189773882874692;0.5261336417646564;cluster8
0.1444888886249317;0;N;0.4908897145930256;0.1403584452186749;0;cluster7
0.1444888886249317;0;N;2.210403591280573;0.2218261442032716;0;cluster3
0.2563344506523682;0;N;0.4362945657266912;0.2300394439177988;0;cluster7
0.1943220521008953;0.4;N;1.6448538440498248;0.1803160886618534;0.1315334104411641;cluster3
0.1737246339220236;0;N;1.2757533076970835;0.1638005093330583;0.1315334104411641;cluster4
0.1472918490394583;0;N;1.2906853142246284;0.2140881746656485;0;cluster4
0.4338356396461765;0;N;1.9873567437753767;0.2481237694588682;0;cluster3
0.168034996354926;0;N;1.7470447637227071;0.4349058551435286;0.2630668208823282;cluster3
0.5113480372155901;0.4;Y;0.7647987093326704;0.1627196235769475;0.2630668208823282;cluster6
0.3007570323547158;0;Y;1.0536397105998592;0.3986673925055164;0.3946002313234923;cluster8
0.3978529453866844;0;Y;1.7386455100509637;0.2340993289828266;0.2630668208823282;cluster8
0.0516253217941011;0;N;2.1950049595490424;0.0791490006416506;0.3946002313234923;cluster3
0.1550309963786821;0;Y;1.1152342375259805;0.1488113865240374;0.1315334104411641;cluster8
0.4030805905845736;0;N;1.380743978593881;0.4173173706531511;0.5261336417646564;cluster4
0.5484314515493708;0;Y;0.6546751611920295;0.2530649508318042;0.1315334104411641;cluster6
0.0930185978272093;0;Y;0.4666252039857659;0.0742263909326169;0.3946002313234923;cluster6
0.2497270295867087;0.4;Y;1.0732379691672616;0.0671713961996244;0.1315334104411641;cluster6
0.2089569781590429;0;Y;0.3625677834969401;0.0884457220021388;0.2630668208823282;cluster6
0.1342568428639387;1.2;N;0.6052128895695383;0.198410408592332;0.1315334104411641;cluster1
0.0918403622547313;0;Y;0.191316333634164;0.1178436963544796;0;cluster6
0.0930185978272093;0;Y;1.97709098928769;0.2708595882499965;0.2630668208823282;cluster8
0.4475000716669936;0;N;1.7325793823991489;0.4600575565268587;0.1315334104411641;cluster3
0.5891177862389921;0;N;1.5099991600979383;0.414002515109086;0.2630668208823282;cluster2
0.1052970527404009;0;Y;2.114278799259505;0.0816103054961675;0.5261336417646564;cluster8
0.3236892173390505;0;N;2.185672455469327;0.2662711193212123;0;cluster3
0.1605221942704151;0;N;0.2389121044407121;0.3067874043813706;0;cluster7
0.2821564134092015;0;N;1.7400453856629208;0.1777285114098002;0.5261336417646564;cluster3
0.5581115869632557;0;N;0.7923295963678303;0.4045313394439094;0;cluster7
0.0748117576124968;0.8;N;0.7498667028051258;0.115343085207286;0.3946002313234923;cluster1
0.0744148782617674;0;Y;0.1413874368076871;0.0503591923433623;0.1315334104411641;cluster6
0.43408678986031;0;N;1.7713092743299672;0.4471513688897192;0.1315334104411641;cluster3
0.3689737713812634;0;N;1.41060799164897;0.4807146169058585;0.2630668208823282;cluster4
0.4709221545998849;0;Y;1.7759755263698251;0.2008717134468488;0.2630668208823282;cluster8
0.272705723869957;0.8;Y;0.8422584931943072;0.3649288697497373;0.1315334104411641;cluster6
0.0465092989136046;0;N;0.3285041436059791;0.0742263909326169;0;cluster7
0.2024580787908485;0;N;0.9239179038918164;0.1868398144712481;0;cluster4
0.1342568428639387;0;N;2.156275067618224;0.198410408592332;0;cluster3
0.2027402352042578;0.4;Y;0.2608434890280431;0.2807783484737172;0;cluster6
0.3117983399168055;0.8;Y;0.6719402937395028;0.1645637375929453;0.1315334104411641;cluster6
0.3348669521779534;0;N;1.9523598534764444;0.4187380656491765;0;cluster3
0.2262150286759178;0.4;N;0.3243045167701072;0.1371396551489316;0.1315334104411641;cluster5
0.1342568428639387;0.4;N;1.375144476146052;0.0990259019667642;0.2630668208823282;cluster4
0.0620123985514728;0.8;N;0.5123544739763708;0.0742263909326169;0.1315334104411641;cluster1
0.43408678986031;0;N;1.2024931506713188;0.1488113865240374;0.5261336417646564;cluster4
0.43408678986031;0;Y;1.5244645414214972;0.3165748204278547;0.3946002313234923;cluster8
0.4485356787228031;0.4;Y;0.7876633443279729;0.1918966771723464;0.2630668208823282;cluster6
0.1550309963786821;0;N;1.6000578244671912;0.1115188887283271;0.3946002313234923;cluster3
0.0712212397363665;0;N;1.8347703020720316;0.1635792156511386;0;cluster3
0.4709221545998849;0.4;N;0.3173051387103208;0.2411177770679793;0.5261336417646564;cluster5
0.6078951405203782;0;N;1.7176473758716042;0.3838585416308399;0.2630668208823282;cluster3
0.8669333317495905;0.4;N;0.5128210991803568;0.4316376898067038;0.2630668208823282;cluster5
0.1976955265820954;0;N;1.7526442661705366;0.2033965647176096;0.7892004626469847;cluster3
1.0542107753750387;0;Y;1.4194738705247;0.474273158346601;0.2630668208823282;cluster8
0.2141536171576563;0;Y;0.1810505791464771;0.1068647850034225;0.2630668208823282;cluster6
0.5240295727193662;0.4;N;1.2164919067908917;0.5336938309743563;0.3946002313234923;cluster2
0.0988477632910477;0;Y;1.4670696413312478;0.1731758432788999;0;cluster8
0.3445408863519831;0.4;Y;0.9430495372552328;0.4298192330291894;0.1315334104411641;cluster6
0.4893398369696723;0;Y;1.002310938161425;0.5003155537472838;0.1315334104411641;cluster8
0.3445408863519831;0.4;Y;1.4194738705247;0.3007658593472928;0;cluster8
0.1884680816776363;0;Y;1.3896098574696107;0.1756222311342985;0;cluster8
0.2742932412728747;0.4;Y;0.854857373701923;0.162840003759832;0;cluster6
0.0155030996378682;0;Y;1.4162074940967997;0.0369338931369066;0.2630668208823282;cluster8
0.217043394930155;0;Y;1.929495218481142;0.1985347417799828;0.3946002313234923;cluster8
0.3262968386981399;0;N;1.8902987013463373;0.2452092861711378;0.3946002313234923;cluster3
0.5298897443824804;0.8;N;1.295818191468472;0.5393324566410677;0;cluster1
0.2994361682655694;0;N;0.1894498328182209;0.3175912647477746;0.2630668208823282;cluster7
0.4893398369696723;0.8;N;0.6444094067043428;0.4168698606796026;0.2630668208823282;cluster1
0.1550309963786821;0;N;0.533819233359716;0.1786453847606055;0.1315334104411641;cluster7
0.1550309963786821;0;N;0.2006488377138793;0.089143390050901;0.2630668208823282;cluster7
0.3895308815010767;0;N;0.7256021921978658;0.1260909322420009;0;cluster7
0.1085216974650775;0;N;1.7087814969958746;0.1861038843197476;0;cluster3
0.4495898894981782;0;Y;1.3840103550217813;0.1441498242995736;0.6576670522058206;cluster8
0.5298897443824804;0;N;0.9901786828577952;0.3547013276442682;0.5261336417646564;cluster4
0.0682136384066201;0;Y;1.253821923109753;0.0951101896982146;0.1315334104411641;cluster8
0.0238623709626067;0.4;N;1.5281975430533832;0.0524356386206275;0.5261336417646564;cluster4
0.8216642808070154;0;N;1.4278731241964435;0.2047501332176027;0.1315334104411641;cluster2
0.43408678986031;0;N;1.5057995332620666;1.1184163292125031;0.3946002313234923;cluster2
0.2192417344588047;0.4;N;1.4936672779584366;0.0999694021609957;0.1315334104411641;cluster4
0.3445408863519831;1.2;Y;1.6378544659900385;0.3007658593472928;0.1315334104411641;cluster8
0.8346868845028247;0;N;1.1637632587405;0.5946165708283271;0;cluster2
0.2318767606636673;0;N;0.6052128895695383;0.2525859659901161;0;cluster7
0.1547209343859247;0;N;1.5319305446852691;0.2027159766328378;0.3946002313234923;cluster3
0.8567012859885975;0.8;N;0.4694249552096804;0.6097466592790157;0;cluster1
0.0930185978272093;0.4;Y;0.7815972166761579;0.0990880312680918;0.1315334104411641;cluster6
0.3100619927573643;0.4;Y;0.912252273792172;0.1904402559634328;0.5261336417646564;cluster6
0.5074753629260506;0;N;1.9672918600039888;0.1615551280407786;0;cluster3
0.0930185978272093;0.8;Y;0.6976046799587201;0.1061913570782275;0.1315334104411641;cluster6
0.43408678986031;0;Y;0.7979290988156598;0.2030550400227965;0.2630668208823282;cluster6
0.5257163099599663;0;N;1.9887566193873336;0.4460375911505526;0.2630668208823282;cluster3
0.6933637288239456;0.4;N;0.0461958951945907;0.5804621287049696;0.5261336417646564;cluster5
0.3100619927573643;0.4;N;0.7881299695319586;0.2731197373714033;0.1315334104411641;cluster5
0.8567012859885975;0.4;N;0.5478179894792893;0.2820975332907426;0.1315334104411641;cluster5
0.0620123985514728;0;Y;0.1301884319120286;0.0674459435683964;0.1315334104411641;cluster6
0.3332360260960497;0;Y;1.9262288420532416;0.2302150169974211;0.1315334104411641;cluster8
0.7119023353709084;0;Y;1.7540441417824937;0.7766224571502998;0;cluster8
0.2563344506523682;0;N;1.0391743292763007;0.2300394439177988;0.1315334104411641;cluster4
0.662788515718142;0;N;1.7162475002596471;0.4168698606796026;0;cluster3
0.1901176114791055;0;Y;0.7069371840384352;0.1178436963544796;0.3946002313234923;cluster6
0.1472515409803998;0;Y;1.2855524369807847;0.2953632206066326;0.2630668208823282;cluster8
0.5922184061665658;0;N;2.0433517682536686;0.3327877338445397;0;cluster3
0.8567012859885975;0;Y;0.4339614397067622;0.711430845073654;0.3946002313234923;cluster6
0.2343820615651468;0.4;Y;0.3350368964617798;0.1273189741944136;0.1315334104411641;cluster6
0.5891177862389921;0.4;N;0.5832815049822073;0.3932297734019239;0.3946002313234923;cluster5
0.077515498189341;0;N;1.0242423227487565;0.0866572483928522;0.1315334104411641;cluster4
0.7119023353709084;0;Y;0.8347924899305352;0.8931696425264136;0.1315334104411641;cluster6
0.7572768073910211;0;N;0.9271842803197168;0.3788822307249803;0;cluster2
0.0712212397363665;0;N;1.8837659484905367;0.0816103054961675;0.5261336417646564;cluster3
0.5891177862389921;0;N;1.5057995332620666;1.2427246800598697;0;cluster2
0.7364592451972917;0;Y;1.4208737461366574;0.6150173571624747;0.2630668208823282;cluster8
0.0992198376823565;0;N;1.875833320022779;0.1420309391598169;0;cluster3
0.6898135190068737;0;N;1.0667052163114608;0.693210252745639;0.2630668208823282;cluster2
0.1396488209179893;0;N;1.7605768946382945;0.1364774895580709;0.6576670522058206;cluster3
0.9053810188515038;0;N;1.0634388398835604;0.5627581120564209;0.1315334104411641;cluster2
0.340448068047586;0;N;0.6822060482271897;0.1113324262393486;0.3946002313234923;cluster7
0.184499288170342;0;Y;1.08443697406292;0.2069996166846399;0.2630668208823282;cluster8
0.3258565506684244;0;N;1.2337570393383648;0.1006329848667725;0;cluster4
0.1240247971029457;0;Y;0.5520176163151609;0.2482580224509327;0;cluster6
0.6538835352861504;1.2;Y;0.4932228406129545;0.1826961704561712;0.9207338730881488;cluster6
0.3010050819489216;0;N;1.073704594371247;0.1660264985264843;0;cluster4
0.0681516260080686;0;N;1.7503111401506075;0.1399488990078824;0.1315334104411641;cluster3
0.43408678986031;0;Y;1.3984757363453402;0.4471513688897192;0.1315334104411641;cluster8
0.0804300809212603;0;N;1.512332286117867;0.0592099700152094;0.3946002313234923;cluster4
0.3445408863519831;0;Y;0.5286863561158727;0.3007658593472928;0.5261336417646564;cluster6
0.0930185978272093;0;N;1.4899342763265504;0.0848813796478204;0.1315334104411641;cluster4
0.1192126349753514;0;N;1.20016002465139;0.2061267484812335;0.2630668208823282;cluster4
0.4100259792223385;0;N;1.1576971310886852;0.3027548174247292;0.1315334104411641;cluster4
0.0930185978272093;0;N;2.0400853918257686;0.1985347417799828;0;cluster3
0.1860371956544186;0;Y;0.8777220086972257;0.1407481518206401;0;cluster6
0.1012042344360037;0;N;1.7839081548375826;0.1268535638219232;0.2630668208823282;cluster3
0.2556647167480123;0;N;1.548262426824771;0.2550424974049151;0;cluster3
0.1943220521008953;0.4;Y;0.0844591619214235;0.1080462113335906;0.2630668208823282;cluster6
0.0742908534646644;0;N;2.05968365039317;0.1579480484839864;0.5261336417646564;cluster3
0.4630279762642824;0;N;0.9757133015342364;0.2373199090924642;0.2630668208823282;cluster4
0.3117983399168055;0;N;1.5081326592819952;0.4119472509705688;0;cluster3
0.5261752017092473;0;N;0.68547242465509;0.4464055189338051;0.6576670522058206;cluster7
0.294558893119496;0.8;N;0.7769309646363001;0.3912126221961539;0.2630668208823282;cluster1
0.1798359557992713;0;N;0.1717180750667618;0.2979813777068783;0.2630668208823282;cluster7
0.7241807902841001;0.4;Y;1.1534975042528133;0.0904710029724283;0.3946002313234923;cluster8
0.2790557934816278;0;Y;0.3014398817748048;0.1861038843197476;0.6576670522058206;cluster6
0.4890297749769149;1.2;Y;0.6612079140478304;0.2498293045530572;0.1315334104411641;cluster6
0.306958272209863;0;N;1.279019684124984;0.1351362275823504;0.2630668208823282;cluster4
0.6047697156333839;0;Y;0.5823482545742357;0.2545331564700213;0;cluster6
0.3679257618457436;0;Y;0.7703982117804994;0.140762770479776;0.6576670522058206;cluster6
0.5445928840790346;0;Y;1.570193811412102;0.2304073717010513;0;cluster8
0.7007401036316434;0;Y;0.9043196453244144;1.035056632644739;0.2630668208823282;cluster8
0.43408678986031;0.4;Y;0.4376944413386483;0.3192913551372854;0;cluster6
0.6465133617183079;0;N;1.3154164500358738;0.4070824446331184;0.1315334104411641;cluster2
0.2790557934816278;0.8;N;0.3616345330889685;0.3386641364771965;0.1315334104411641;cluster1
0.5906401906234309;0;N;1.3284819557474754;0.2488684260548529;0.3946002313234923;cluster4
0.1688721637353708;0;N;0.1185228018123844;0.1654361582863782;0;cluster7
0.5891177862389921;0.4;Y;0.7755310890243428;0.1488113865240374;0.7892004626469847;cluster6
0.086817357972062;0;Y;0.0550617740703203;0.17678075987082;0;cluster6
0.1648537603092354;0;Y;1.7969736605491844;0.1566875620584913;0.2630668208823282;cluster8
0.3775934947799182;0;N;1.8921652021622803;0.2453616633171311;0.1315334104411641;cluster3
0.0804300809212603;0;N;1.8441028061517468;0.1783470447782398;0.1315334104411641;cluster3
0.3262968386981399;0.4;N;0.3415696493175806;0.2861372804069607;0;cluster5
0.3445408863519831;0.8;Y;0.5795485033503213;0.3609907819825103;0.3946002313234923;cluster6
0.0391918358845308;0;N;1.450737759191746;0.0934527619261821;0.2630668208823282;cluster4
0.179299548551801;0.4;N;0.5305528569318156;0.1441807024877484;0.1315334104411641;cluster5
0.4100259792223385;0;N;0.6962048043467628;0.5300898839873788;0.2630668208823282;cluster7
0.946510742190768;0.4;N;0.243111731276584;0.5221755955201776;0.1315334104411641;cluster5
0.0947053350678093;0;N;0.2659763662718865;0.2236394546160902;0;cluster7
0.43408678986031;0;N;1.964025483576088;0.7454913512554011;0;cluster3
0.8991797789963565;0;Y;1.0331082016244857;0.2793351288090232;0.2630668208823282;cluster8
0.5891177862389921;0;Y;2.051751021925413;0.1861038843197476;0.1315334104411641;cluster8
0.1610337965584647;0;N;1.875833320022779;0.2306162096887073;0;cluster3
0.522460659036014;0;Y;0.7060039336304639;0.3324806674176899;0.3946002313234923;cluster6
0.4960991884117828;0;Y;1.0653053406995034;0.3166276266047334;0.5261336417646564;cluster8
0.4185836902224418;0;Y;0.8562572493138805;0.2700120043600956;0.1315334104411641;cluster6
0.6355774752337556;0;Y;0.3928984217560148;0.3559653941495516;0.7892004626469847;cluster6
0.2821564134092015;0.4;N;0.7106701856703213;0.125192779725089;0;cluster5
0.5891177862389921;0;Y;1.0181761950969412;0.1101376491949696;1.0522672835293128;cluster8
0.2790557934816278;0;N;1.6229224594624938;0.092872639830472;0.2630668208823282;cluster3
0.43408678986031;0.4;Y;1.0270420739726709;0.2233963821154578;0.1315334104411641;cluster6
0.1444888886249317;0;Y;2.076948782940644;0.2107169328649163;0.2630668208823282;cluster8
0.1444888886249317;0.4;N;0.2837081240233456;0.1685018253601723;0;cluster5
0.0804300809212603;0;N;1.5986579488552335;0.1573228770509391;0;cluster3
0.0742908534646644;0;N;0.624344522932955;0.1403584452186749;0.2630668208823282;cluster7
0.0778007552226778;0;N;1.9103635851177252;0.0868859259893354;0;cluster3
0.1240247971029457;0;N;1.824037922380359;0.4657976177875743;0.1315334104411641;cluster3
0.2821564134092015;0;Y;1.2566216743336671;0.1072568783252466;1.5784009252939697;cluster8
0.2511502141334651;0;N;1.656052848945483;0.1935623838788896;0;cluster3
0.5077575193394598;0;Y;1.6947827408763017;0.1616400057657617;0.5261336417646564;cluster8
0.1829365757268449;0;N;1.6014577000791486;0.093211628635435;0.7892004626469847;cluster3
0.382256827150989;0;N;1.0018443129574393;0.5519184508921331;0.6576670522058206;cluster4
0.2790557934816278;0;Y;1.335014708603276;0.1488113865240374;0;cluster8
0.8549556369693736;0;Y;1.5655275593722444;0.6085468850399323;0.3946002313234923;cluster8
0.1444888886249317;0;N;0.3005066313668333;0.0840716103506844;0;cluster7
1.2261091441597212;0.4;N;0.7797307158602148;0.629636016298393;0;cluster2
0.2733072441359063;0;N;0.9551817925588628;0.2283982010898096;0.1315334104411641;cluster4
0.5261752017092473;0;N;0.88052175992114;0.6088652138011164;0.1315334104411641;cluster2
0.1240247971029457;0;Y;2.2188028449523167;0.0952631635241726;0.2630668208823282;cluster8
0.2563344506523682;0;Y;1.6131233301787926;0.1971253837032874;0;cluster8
0.0620123985514728;0.8;N;0.8996533932845566;0.1239497461885624;0;cluster1
0.1027173369606596;0;Y;2.0680829040649145;0.1283094629358677;0.2630668208823282;cluster8
0.5891177862389921;0;N;0.5072215967325275;0.1985347417799828;0;cluster7
0.362701217267782;0;N;1.805839539424914;0.4731703446017862;0.1315334104411641;cluster3
0.5891177862389921;0;N;0.5986801367137375;0.2482580224509327;0.1315334104411641;cluster7
0.0780674085364491;0;N;1.1366989969093255;0.1636258312733832;0.1315334104411641;cluster4
0.4100259792223385;0.4;Y;0.6971380547547341;0.1175188041136833;0.3946002313234923;cluster6
0.9084692362993672;0;N;1.22769091168655;0.9035996083099178;0;cluster2
0.3445408863519831;0;N;0.2417118556646267;0.2577480681199939;0;cluster7
0.5891177862389921;0;Y;1.6765843579208568;0.4258413914593121;0.1315334104411641;cluster8
0.0473774724933252;0;N;1.3662785972703226;0.2615175937971843;0;cluster4
0.4709221545998849;0;Y;1.4428051307239882;0.2008717134468488;0.1315334104411641;cluster8
0.2015402952922868;0;N;1.5594614317204296;0.1861038843197476;0.1315334104411641;cluster3
0.1918167511994158;1.2;Y;0.5468847390713175;0.2974178134801895;0;cluster6
0.1860371956544186;0.4;Y;0.4680250795977232;0.2084793829971737;0.3946002313234923;cluster6
0.1705340960165503;0;Y;1.609390328546907;0.1208420131772547;0;cluster8
0.1342568428639387;0.8;N;0.5468847390713175;0.1321540957036187;0.1315334104411641;cluster1
0.43408678986031;0;N;1.056439461823774;0.1594663752392409;0.6576670522058206;cluster4
0.5676180876611965;0;N;2.0288863869301097;0.435999793273868;0.2630668208823282;cluster3
0.2263452547128759;0;Y;0.6028797635496096;0.2472635807047123;0.1315334104411641;cluster6
0.1774546796948947;0;N;0.4507599470502498;0.1853635536535071;0;cluster7
0.0983268591432153;0;Y;0.5496844902952323;0.1551958621466629;0.2630668208823282;cluster6
0.3117983399168055;0.4;Y;1.116167487933952;0.2057943231558825;0.1315334104411641;cluster6
0.0912884519076232;0.8;N;0.4250955608310327;0.1544720147644482;0;cluster1
0.3007570323547158;0;N;1.950959977864487;0.2656587019224112;0;cluster3
0.0409839942026684;0.4;N;1.3154164500358738;0.0689099724468604;0.2630668208823282;cluster4
0.662788515718142;0;N;1.853901935435448;0.3086995399133478;0.9207338730881488;cluster3
0.0473774724933252;0;N;1.4124744924649133;0.1253419497162718;0.1315334104411641;cluster4
0.6382316058917586;0;Y;0.2697093679037727;0.4595963974991169;0.1315334104411641;cluster6
1.190638052188279;0;Y;1.5673940601881875;0.5873711606015898;0.1315334104411641;cluster8
0.0708925740240437;0;N;1.0998356057944505;0.163052123487294;0.1315334104411641;cluster4
0.2015402952922868;0;N;1.580926191103775;0.2793351288090232;0.2630668208823282;cluster3
0.446697011105752;0;N;1.4288063746044148;0.2085702275218041;0.3946002313234923;cluster4
1.105780286010443;0;N;1.4558706364355898;0.5255114840329994;0;cluster2
0.0040928183043972;0.4;N;0.7997955996316027;0.0493062013756026;0;cluster5
0.1342568428639387;0;N;1.195493772611532;0.0564325739493761;0.6576670522058206;cluster4
0.3203436484371985;0;N;0.8338592395225636;0.5630862860370233;0.5261336417646564;cluster4
0.1550309963786821;0;N;0.587481131818079;0.2233963821154578;0.1315334104411641;cluster7
1.1831345519635508;0;Y;1.5473291764167996;0.4864079133743384;0;cluster8
1.020091553692018;0;N;1.279952934532956;0.3608416119913275;0.5261336417646564;cluster2
1.0342427830414644;0;N;0.1329881831359433;0.4491926110490652;0.2630668208823282;cluster7
0.0555631091021196;0;N;1.3653453468623509;0.0901810910945644;0.1315334104411641;cluster4
0.2325464945680232;0.4;N;0.8287263622787201;0.1470768378665633;0.5261336417646564;cluster5
0.3281696131343944;0;N;1.618256207422636;0.2876389001232028;0.1315334104411641;cluster3
0.43408678986031;0.4;N;0.8599902509457664;0.3192913551372854;0.1315334104411641;cluster5
0.0567413446745976;0;N;0.450293321846264;0.1051791641030564;0;cluster7
0.1953390554371395;0;N;0.8716558810454107;0.2718766292498811;0;cluster4
0.7268349209421031;0;N;0.302839757386762;0.7288320466401014;0;cluster7
0.1335995114392931;0;N;1.082103848042991;0.3955982199369294;0.2630668208823282;cluster4
0.5373188297289468;0;N;1.43487250225623;0.8038168178078918;0.2630668208823282;cluster2
0.1444888886249317;0;N;2.164207696085982;0.1169055662799307;0;cluster3
0.1342568428639387;0;N;0.9071193965483288;0.1321540957036187;0;cluster4
0.0988477632910477;0;N;0.6108123920173674;0.124586179955944;0;cluster7
0.3117983399168055;0.4;N;0.8875211379809269;0.2745119408991128;0;cluster5
0.0930185978272093;0;N;1.43487250225623;0.0990880312680918;0.7892004626469847;cluster4
0.9380150435892164;0.4;Y;1.7974402857531702;0.7766305869148191;0.3946002313234923;cluster8
0.1550309963786821;0;N;0.4647587031698228;0.0635714022174133;0.2630668208823282;cluster7
0.1240247971029457;0;N;0.7829970922881151;0.1239497461885624;0.1315334104411641;cluster7
0.1550309963786821;1.2;Y;0.6593414132318873;0.1061913570782275;0.1315334104411641;cluster6
0.6382316058917586;0.4;N;1.124566741605696;0.4021020315525013;0;cluster2
0.1204900903855117;0;Y;1.267820679229326;0.0725258530331325;0;cluster8
0.03410681920331;0.8;N;0.7647987093326704;0.0387985180266921;0.5261336417646564;cluster1
0.6442344060715413;0;N;1.5977246984472624;0.6493542753378837;0;cluster2
0.8991797789963565;0;N;1.171695887208258;0.55902886227685;0.3946002313234923;cluster2
0.1444888886249317;0;N;2.165140946493953;0.1504096683945659;0.3946002313234923;cluster3
0.6747569086385762;0;N;1.1474313766009985;0.2260018597664529;0.2630668208823282;cluster2
0.4709221545998849;0.4;N;1.808172665444843;0.1721244931810432;0;cluster3
0.7441487826176744;0;N;2.029819637338081;0.2865067744751206;0.7892004626469847;cluster3
0.5538017252639283;0.8;N;0.9817794291860512;0.7030151962660871;0.3946002313234923;cluster1
0.0930185978272093;0;Y;0.3439027753375095;0.1189773882874692;0;cluster6
0.1550309963786821;0.4;N;0.0027997512239145;0.2979813777068783;0;cluster5
0.1550309963786821;0;N;0.6462759075202859;0.0742263909326169;0.5261336417646564;cluster7
0.1506808266202963;0;N;1.5043996576501093;0.3638461193687367;0.3946002313234923;cluster4
0.7364592451972917;0;N;0.3145053874864061;0.3688669575169643;0.2630668208823282;cluster7
0.1984024679255822;0.4;N;0.0172651325474733;0.1573098246767106;0;cluster5
0.43408678986031;0;Y;1.8823660728785792;0.414002515109086;0.2630668208823282;cluster8
0.3073272459812444;0;N;1.960759107148188;0.3251840172989812;0;cluster3
0.1240247971029457;0;N;2.0643499024330283;0.1239497461885624;0;cluster3
0.1612322362338294;0.8;N;0.3565016558451251;0.1774978946034315;0.6576670522058206;cluster1
0.3117983399168055;0.4;Y;0.3429695249295379;0.0821025664670709;0.1315334104411641;cluster6
0.3445408863519831;0;N;0.2804417475954452;0.3609907819825103;0;cluster7
0.2790557934816278;0;N;1.5337970455012122;0.1352504917955965;0.6576670522058206;cluster4
0.98300503873831;0;Y;1.0676384667194323;0.6094389961722012;0.1315334104411641;cluster8
0.7119023353709084;0;Y;1.5020665316301802;0.9924505505931048;0.1315334104411641;cluster8
0.43408678986031;0.4;N;0.9463159136831332;0.3854258707281979;0.2630668208823282;cluster5
0.3497189216310312;0;Y;1.0811705976350197;0.1828072275146068;0.5261336417646564;cluster8
0.3486337046563804;0;N;1.3345480833992904;0.1301012182849604;0.5261336417646564;cluster4
0.4928094306686272;0;N;1.7050484953639884;0.6296571238521455;0;cluster3
0.4630279762642824;0;N;2.002288750302921;0.1977068483289181;0.5261336417646564;cluster3
0.1550309963786821;0;N;0.6192116456891115;0.1488113865240374;0.2630668208823282;cluster7
0.2790557934816278;0;N;1.6159230814027077;0.1861038843197476;0;cluster3
0.2325464945680232;0;Y;1.004644064181354;0.180776352669648;0.2630668208823282;cluster6
0.2694314692264393;0;Y;1.17589551404413;0.2061267484812335;0.6576670522058206;cluster8
0.2089569781590429;0;N;0.3672340355367978;0.0958461198497152;0;cluster7
0.1772221332003267;0;N;0.6570082872119583;0.2500866227878476;0;cluster7
0.4247849300775891;0;Y;1.2300240377064788;0.2189212823799726;0.6576670522058206;cluster8
0.0620123985514728;0.4;N;0.2631766150479719;0.1115188887283271;0.1315334104411641;cluster5
0.8116802846402282;0.4;N;0.9953115601016383;0.5064091478871029;0.3946002313234923;cluster2
0.4030805905845736;0;N;0.1581859441511746;0.1736730268595123;0.2630668208823282;cluster7
0.3389442673827127;0.8;Y;0.5156208504042712;0.2221191140659547;0.2630668208823282;cluster6
0.3281696131343944;0.4;N;0.8217269842189336;0.1230688973906277;0.2630668208823282;cluster5
0.1746765242397887;0.4;N;1.165629759556443;0.1410033816755539;0.7892004626469847;cluster4
0.5445928840790346;0.4;N;0.5422184870314598;0.1842541764290803;0.3946002313234923;cluster5
0.4278111351269009;0;N;1.1595636319046283;0.2790537942056523;0.2630668208823282;cluster4
0.3852706297205905;0;N;1.6187228326266216;0.3334241676119213;0;cluster3
0.3162632326125115;0;N;1.7703760239219957;0.5217363644811397;0.2630668208823282;cluster3
0.8327676007676565;0;Y;2.0279531365221386;0.6922401257079814;0;cluster8
0.8424973461003826;0.8;N;0.8049284768754462;0.5249416546666811;0;cluster1
0.7441487826176744;0;N;1.1129011115060516;0.5323913531963433;0.1315334104411641;cluster2
0.3701644094334517;0;N;2.030752887746053;0.240894022081205;0;cluster3
0.3445408863519831;0;Y;0.4241623104230612;0.1803160886618534;0.5261336417646564;cluster6
1.1472293732022478;0;Y;0.4162296819553031;0.5664873618359919;0.3946002313234923;cluster6
0.2635185870245563;0;Y;1.5230646658095397;0.1570804012302713;0.1315334104411641;cluster8
0.0465092989136046;0;N;0.1437205628276158;0.0617955334723816;0.1315334104411641;cluster7
0.1052970527404009;0;N;1.9882899941833485;0.1089332506861593;1.0522672835293128;cluster3
0.3940174785362758;0;N;1.1511643782328844;0.1018802697480478;0;cluster4
0.6597127007499888;0.4;Y;1.2552217987217102;0.5534797386048483;0;cluster8
0.4617133134149911;0.4;N;0.982712679594023;0.3947181169889506;0.5261336417646564;cluster4
0.7105566663223414;0;Y;1.8109724166687573;0.6483029998250226;0.6576670522058206;cluster8
1.1782355724779845;0;N;1.6653853530251983;0.5285168118453601;0.5261336417646564;cluster2
0.6523828352412048;0.4;Y;0.444227194194449;0.4106121795494823;0;cluster6
0.1649529801469178;0;Y;1.2342236645423508;0.1567671442487874;0.3946002313234923;cluster8
0.0135683128030622;0.4;Y;0.8142609809551615;0.0711236551160138;0;cluster6
0.2089569781590429;0.4;N;0.9780464275541654;0.1439484448114767;0;cluster4
0.3262286250597332;0;N;0.8814550103291117;0.4293031794446924;0.1315334104411641;cluster4
0.3193607519201576;0;Y;1.186161268531817;0.5504930570413854;0;cluster8
0.3852706297205905;0;N;1.958892606332245;0.312562744345001;0.5261336417646564;cluster3
0.5445928840790346;0;Y;1.2906853142246284;0.1727158776110876;0.2630668208823282;cluster8
0.6182636135581845;0;N;0.9906453080617807;0.91835304253287;0.3946002313234923;cluster2
0.1521722248054592;0;N;1.0933028529386497;0.1465191658545262;0.3946002313234923;cluster4
0.2058811631908899;0;N;0.528219730911887;0.1895845423090124;0.1315334104411641;cluster7
0.0990027942874264;0;N;0.1339214335439148;0.1038863823744703;0;cluster7
0.43408678986031;0.4;Y;0.3215047655461927;0.3192913551372854;0.2630668208823282;cluster6
0.2480495942058914;0.8;N;0.5324193577477587;0.3352738755025886;0.3946002313234923;cluster1
0.5077575193394598;0;N;0.8931206404287559;0.6476358370394575;0.2630668208823282;cluster2
0.5445928840790346;0.4;N;1.0247089479527418;0.4611733480609062;0.2630668208823282;cluster2
0.2058811631908899;0;Y;0.6500089091521718;0.2106893364165475;0;cluster6
0.3262968386981399;0.8;Y;0.8119278549352326;0.3434364574201136;0;cluster6
0.0681516260080686;0.4;Y;0.8893876387968698;0.1189028032918777;0;cluster6
0.4809619619253683;0;N;1.0695049675353754;0.0908660051090804;0.1315334104411641;cluster4
0.4100259792223385;1.2;Y;0.2379788540327406;0.4240001862581424;0;cluster6
0.1175755076535925;0.4;N;0.9173851510360156;0.198203211474579;0.1315334104411641;cluster5
0.0620123985514728;0.4;Y;1.194560522203561;0.1046315610654242;0;cluster8
0.5077575193394598;0;N;1.6737846066969422;0.4316376898067038;0.5261336417646564;cluster3
0.1593563611776473;0;N;1.974291238063776;0.2913067664514021;0.1315334104411641;cluster3
0.035619921727966;0;Y;0.9145853998121012;0.0316950430465653;1.0522672835293128;cluster6
0.7119023353709084;0;N;1.6229224594624938;0.9924505505931048;0;cluster2
0.2790557934816278;0;Y;1.000444437345482;0.2482580224509327;0.2630668208823282;cluster6
0.4742677235017368;0.4;Y;1.684516986388615;0.2427273212728422;0.3946002313234923;cluster8
0.0865693083778561;0;Y;0.5202871024441289;0.112771916654263;0;cluster6
0.1746765242397887;0;Y;1.7918407833053407;0.4119472509705688;0.3946002313234923;cluster8
0.6974782514678358;0;Y;0.7335348206656239;0.2917013210780807;0.2630668208823282;cluster6
0.43408678986031;1.2;Y;1.2846191865728136;0.3192913551372854;0;cluster6
0.4927443176501481;0;N;1.889832076142352;0.740744240040994;0;cluster3
0.2015402952922868;0;Y;0.8413252427863359;0.2164582620705571;0;cluster6
0.217043394930155;0;Y;0.8959203916526707;0.1293543987241035;0.1315334104411641;cluster6
1.4548108700175533;0;Y;0.8945205160407133;0.2379156194522528;0.1315334104411641;cluster8
0.3410681920331007;0;Y;0.5814150041662643;0.1786453847606055;0.5261336417646564;cluster6
0.5579224491476737;0;N;1.5179317885656964;0.1663072364498904;0.1315334104411641;cluster3
1.1831345519635508;0.8;N;0.8161274817711046;0.648663469108716;0.2630668208823282;cluster1
0.2563344506523682;0;Y;0.9393165356233468;0.2300394439177988;0.2630668208823282;cluster6
0.6312490098148628;0.4;N;0.5650831220267624;0.5685864073669213;0.2630668208823282;cluster5
0.0918403622547313;0;N;0.0685939049859075;0.1090879399670159;0.1315334104411641;cluster7
0.4371874097878837;0;N;1.2183584076068348;0.3750525149563475;0;cluster4
0.164332856161403;0;N;1.7685095231060526;0.3336040666212878;0.1315334104411641;cluster3
0.0744148782617674;0;N;0.3299040192179365;0.1010769893455282;0;cluster7
0.1705340960165503;0;Y;0.5025553446926698;0.096601889610043;0.2630668208823282;cluster6
0.5077575193394598;0;N;1.4731357689830629;0.5180369486998053;0;cluster2
0.1354753864954751;0;N;1.011176817037155;0.1331311591458663;0;cluster4
0.3795871933933481;0;Y;1.6149898309947357;0.281834770351274;0.5261336417646564;cluster8
0.1395278967408139;0;Y;0.9323171575635602;0.2155453417245181;0.6576670522058206;cluster6
0.0620123985514728;0;N;0.5058217211205702;0.1488113865240374;0.6576670522058206;cluster7
0.1085216974650775;0.4;N;0.9197182770559446;0.2233963821154578;0;cluster5
0.5891177862389921;0;N;0.6901386766949478;0.2190089943347881;0.2630668208823282;cluster7
0.1395278967408139;0.8;N;0.5804817537582926;0.1637283856423214;0.2630668208823282;cluster1
0.2821564134092015;0.4;N;0.5767487521264066;0.3009647775305351;0.1315334104411641;cluster5
0.3129982798287765;0;N;1.975224488471747;0.5392202808076982;0.2630668208823282;cluster3
0.8132057896445944;0;Y;1.028441949584628;0.2385520532196344;0;cluster8
0.3193607519201576;0;N;1.8716336931869069;0.4210428911829425;0;cluster3
0.3680745916022671;0.4;N;0.6089458912014243;0.3196358632319222;0;cluster5
0.3505808939708966;0;N;0.5837481301861931;0.2036197230244191;0.1315334104411641;cluster7
0.1445571022633383;0;N;1.3690783484942368;0.0934892339890263;0.3946002313234923;cluster4
0.0930185978272093;0.4;Y;0.791396345959859;0.1488113865240374;0.2630668208823282;cluster6
0.43408678986031;0.4;Y;1.2706204304532402;0.7454913512554011;0;cluster8
1.1315650413281455;0;N;1.6826504855726718;0.4657329525963966;0.2630668208823282;cluster2
0.184499288170342;0.4;N;0.9304506567476172;0.5756364794902048;0;cluster5
0.1860371956544186;0;Y;1.5879255691635614;0.1736730268595123;0;cluster8
0.6182636135581845;0.4;N;1.2603546759655535;0.7805462991833687;0.6576670522058206;cluster2
0.3193607519201576;1.2;N;1.0466403325400728;0.215744707417734;0.5261336417646564;cluster1
0.5336042870557136;0;Y;1.741911886478864;0.2465800838051126;0.3946002313234923;cluster8
0.8061611811691471;0;N;1.572060312228045;0.4471513688897192;0.3946002313234923;cluster2
0.7537265975739492;0.8;N;0.8627900021696812;0.4715574440721218;0.2630668208823282;cluster1
0.5413744405942132;0;N;1.746111513314736;0.4585927072134432;0.1315334104411641;cluster3
0.2638069446778207;0;N;0.8977868924686135;0.2022611573297214;0;cluster4
0.3100619927573643;0;N;1.6952493660802872;0.125862180060522;0.6576670522058206;cluster3
0.5077575193394598;0;N;1.5291307934613547;0.323638616190327;0.3946002313234923;cluster3
0.1575362972801616;0;N;1.3877433566536677;0.1130255056392738;0.5261336417646564;cluster4
0.5261752017092473;0.8;N;0.8170607321790759;0.5357583436523268;0;cluster1
0.2821564134092015;0;N;1.8007066621810703;0.1503030864358658;0.1315334104411641;cluster3
0.4709221545998849;0;Y;0.3271042679940217;0.2411177770679793;0;cluster6
0.5445928840790346;0;N;0.6976046799587201;0.4611733480609062;0;cluster7
0.5261752017092473;0;N;1.7484446393346649;0.3347144880356529;0.1315334104411641;cluster3
0.1550309963786821;0;N;1.1250333668096817;0.1786453847606055;0.2630668208823282;cluster4
0.5240295727193662;0.4;Y;0.6304106505847696;0.2666676131577763;0.2630668208823282;cluster6
0.0767465444473028;0;N;1.460536888475447;0.0514809506770573;0.3946002313234923;cluster4
0.4893398369696723;0.4;N;1.0251755731567276;0.24997847454424;0.3946002313234923;cluster4
0.6232246054423023;0;N;1.9182962135854835;0.4492823367987617;0.1315334104411641;cluster3
0.3410681920331007;0;Y;1.321482577687689;0.2708595882499965;0.1315334104411641;cluster8
0.5077575193394598;0.4;N;0.8590570005377948;0.2876389001232028;0;cluster5
0.4100259792223385;0;Y;1.418540620116728;0.2118207907996694;0;cluster8
0.5445928840790346;0.8;Y;1.297684692284415;0.3073293389593379;0.1315334104411641;cluster8
0.4100259792223385;0.4;Y;0.6010132627336666;0.3311717007450604;0.2630668208823282;cluster6
0.0930185978272093;0;N;0.1413874368076871;0.0990880312680918;0.6576670522058206;cluster7
0.4102864312962547;0;N;2.0386855162138118;0.2119460935922629;0.1315334104411641;cluster3
0.2821564134092015;0;N;1.3046840703442015;0.3009647775305351;1.0522672835293128;cluster4
0.2806991220432419;0;Y;1.2594214255575822;0.1591739274715269;0.3946002313234923;cluster8
0.6225920789770771;0;N;0.4269620616469757;1.0477893355821328;0;cluster7
0.7303665270396095;0;N;1.811439041872743;0.5229190587562328;0.3946002313234923;cluster3
0.2015402952922868;0;N;1.3378144598271908;0.2233963821154578;1.0522672835293128;cluster4
0.1290850088247459;0;N;0.9696471738824216;0.2563728699712793;0.1315334104411641;cluster4
0.2243670591990839;0;N;0.0732601570257652;0.2190331598733597;0.2630668208823282;cluster7
0.3410681920331007;0;Y;1.5039330324461233;0.1488113865240374;0.6576670522058206;cluster8
0.0286621306104907;0.4;N;0.8917207648167985;0.0751842114460019;0.1315334104411641;cluster5
0.9921983768235656;0;Y;0.921118152667902;0.8200763468468215;0;cluster8
0.6182636135581845;0.4;N;1.5183984137696822;0.6003374637451757;0;cluster2
0.306958272209863;0.8;N;0.5972802611017802;0.4512908361450431;0.1315334104411641;cluster1
0.3281696131343944;0;N;0.8016621004475457;0.1148403823369998;0.6576670522058206;cluster4
0.164332856161403;0.4;Y;0.8735223818613536;0.1338943874057533;0.3946002313234923;cluster6
0.0248049594205891;0;N;2.048018020293526;0.0667678913734748;0;cluster3
0.2336131078231085;0;Y;0.4101635543034881;0.1815094485913161;0.2630668208823282;cluster6
0.2336131078231085;0;N;1.7139143742397178;0.1295471263527117;0.3946002313234923;cluster3
0.3281696131343944;0.8;Y;0.7447338255612824;0.165793793340239;0.2630668208823282;cluster6
0.5891177862389921;0;N;0.4358279405227053;0.5963213600725602;0.3946002313234923;cluster7
0.3875774909467054;0;Y;1.4736023941870484;0.2233963821154578;0;cluster8
0.199233434066172;0;N;1.96495873398406;0.2765605669730224;0;cluster3
0.1506808266202963;0.4;N;0.5678828732506771;0.1557291448651416;0;cluster5
0.2046409152198604;0;Y;0.7055373084264779;0.1413528869648953;0.3946002313234923;cluster6
0.7441487826176744;0;N;1.691982989652387;0.6902431870360167;0;cluster2
0.5891177862389921;0;N;1.4428051307239882;1.2427246800598697;0.2630668208823282;cluster2
0.1649529801469178;0.4;Y;0.819393858199005;0.1174856883756408;0.3946002313234923;cluster6
0.4870329757435576;0.4;Y;1.44700475755986;0.3772584407859595;0;cluster8
0.3679257618457436;0;N;0.9379166600113896;0.3423647456184605;0.3946002313234923;cluster4
0.1240247971029457;0;Y;0.687338925471033;0.1032316752831688;0.1315334104411641;cluster6
0.6376114819062438;0;Y;1.712514498627761;0.5357583436523268;0.3946002313234923;cluster8
0.0532314429165843;0;N;2.05968365039317;0.1685018253601723;0.1315334104411641;cluster3
1.0542107753750387;0.4;N;1.089103226102777;0.8697997021027671;0.5261336417646564;cluster2
0.2821564134092015;0.4;Y;1.1567638806807137;0.1670432411863865;0;cluster8
0.1204900903855117;0.8;N;0.3280375184019934;0.2425895627859848;0.3946002313234923;cluster1
0.077515498189341;0.4;N;0.874922257473311;0.260688879911168;0;cluster5
0.43408678986031;0;N;2.05315089753737;0.55902886227685;0;cluster3
0.7441487826176744;0;N;1.2682873044333116;0.5323913531963433;0;cluster2
0.3218195435227236;0.8;N;0.7862634687160156;0.2118207907996694;0.5261336417646564;cluster1
0.3106697142631687;0;Y;0.3159052630983635;0.2051155996960006;0.3946002313234923;cluster6
0.5447479150754133;0.8;N;0.8137943557511755;0.3074122028894399;0.7892004626469847;cluster1
0.5298897443824804;0;N;0.7484668271931684;0.2994697958789007;0.2630668208823282;cluster7
0.4412089138339466;0;N;1.054106335803845;0.4540042382846589;0.1315334104411641;cluster4
0.4427685256575162;0.4;N;0.5268198552999296;0.3252581547845991;0.3946002313234923;cluster5
0.1690582009310253;0.4;Y;0.8646565029856242;0.192142285562829;0;cluster6
0.4371874097878837;0;N;1.4717358933711056;0.2248880820272862;0.5261336417646564;cluster4
0.0228701725857831;0.4;Y;1.1730957628202154;0.0678513130194358;0.2630668208823282;cluster6
0.4649968699182917;0;Y;1.1035686074263362;0.0848648963637947;0;cluster8
0.4718399380984466;1.2;Y;1.3779442273699667;0.3661836877155674;0;cluster8
0.4371874097878837;0;Y;1.9486268518445584;0.1756153693147041;0.6576670522058206;cluster8
0.5891177862389921;0;Y;0.2659763662718865;0.4258413914593121;0.2630668208823282;cluster6
0.1984024679255822;0;Y;0.8179939825870477;0.1222724042227069;0.5261336417646564;cluster6
0.5261752017092473;0;N;1.891231951754309;0.5357583436523268;0.3946002313234923;cluster3
0.3410681920331007;0;N;1.8408364297238464;0.3438798652189046;0;cluster3
0.1860371956544186;0;N;1.454937386027618;0.2084793829971737;0.1315334104411641;cluster4
1.495342173710796;0.8;Y;0.9024531445084708;0.9175440190856898;0;cluster6
0.4890297749769149;0;N;0.6766065457793604;0.390560003484729;0.5261336417646564;cluster7
0.4742677235017368;0;N;1.86136793869922;0.3034988027557536;0.2630668208823282;cluster3
0.5271053876875194;0.8;N;0.8721225062493964;0.2233963821154578;0;cluster1
0.2956255063745814;0.8;Y;0.2767087459635591;0.1633306238608324;0.3946002313234923;cluster6
0.1649529801469178;0;N;1.1017021066103931;0.0939168297687519;0.1315334104411641;cluster4
0.1240247971029457;0;Y;1.6341214643581523;0.1861038843197476;0.1315334104411641;cluster8
0.1444888886249317;0;N;1.478735271430892;0.2479655746832188;0;cluster4
0.2821564134092015;0;N;1.3126166988119596;1.0757962997666937;0.1315334104411641;cluster2
0.1860371956544186;0.8;N;0.7396009483174389;0.1736730268595123;0;cluster1
0.86817357972062;0;Y;0.9043196453244144;0.450259101901027;0.9207338730881488;cluster6
0.0930185978272093;0;N;0.0055995024478292;0.1189773882874692;0;cluster7
0.5445928840790346;0;N;1.6411208424179389;0.2126561427502933;0.3946002313234923;cluster3
0.43408678986031;0;N;0.8539241232939514;0.4471513688897192;0.1315334104411641;cluster4
0.3445408863519831;0.8;N;0.6504755343561576;0.1803160886618534;0.3946002313234923;cluster1
0.688836823729688;0;N;1.45913701286349;0.8654277534161848;0.5261336417646564;cluster2
0.217043394930155;0.8;N;0.5646164968227767;0.1804534742237327;0.6576670522058206;cluster1
0.4893398369696723;0;N;1.8441028061517468;0.5956820920753462;0.2630668208823282;cluster3
0.7998886270556657;0;N;1.7470447637227071;0.688850461413338;0.6576670522058206;cluster2
0.2601110057241529;0.4;N;1.454937386027618;0.3497806571451198;0;cluster4
0.4928094306686272;0;N;1.390543107877582;0.2926719702107074;0;cluster4
0.1550309963786821;0.4;N;1.2304906629104644;0.1786453847606055;0.2630668208823282;cluster4
0.391099795184429;0;N;0.9761799267382224;0.2027154545378687;0.9207338730881488;cluster4
0.3193607519201576;0;N;1.3779442273699667;0.1401085854834436;0;cluster4
0.1393728657444352;0.4;Y;0.665407540883702;0.0715439415661714;0.2630668208823282;cluster6
0.3262968386981399;0;N;0.0541285236623488;0.2682312875903505;0;cluster7
0.2015402952922868;0.4;N;1.0527064601918878;0.1861038843197476;0.1315334104411641;cluster4
1.2092417717537207;0.8;N;0.5492178650912466;0.9941079783651372;0.2630668208823282;cluster1
0.3410681920331007;0.4;N;0.846924745234165;0.2233963821154578;0.2630668208823282;cluster5
0.0930185978272093;0;N;0.6038130139575809;0.1417080607139017;0;cluster7
0.3193607519201576;0;N;1.0429073309081869;0.1200417907595543;0.1315334104411641;cluster4
0.5891177862389921;0.8;Y;1.4731357689830629;0.4968747241456648;0.5261336417646564;cluster8
0.1403960703205345;0.8;Y;1.0471069577440586;0.0821025664670709;0.7892004626469847;cluster6
0.2790557934816278;0.8;Y;0.3872989193081857;0.1352504917955965;0.2630668208823282;cluster6
0.3569712716416259;0.4;Y;0.3168385135063349;0.2070357158225062;0.3946002313234923;cluster6
0.8567012859885975;0;Y;0.4465603202143779;0.5334835012867885;0.2630668208823282;cluster6
0.3193607519201576;0.8;N;0.9281175307276884;0.5615100813251898;0.7892004626469847;cluster1
0.7284193377250933;0.4;Y;0.665874166087688;0.4055942502160827;0.2630668208823282;cluster6
0.0990027942874264;0;N;0.5347524837676877;0.0889942200597181;0;cluster7
0.1300772072015694;0.4;N;0.8828548859410691;0.1933833798894702;0;cluster5
0.0712212397363665;0;N;1.3224158280956602;0.1635792156511386;0;cluster4
0.2790557934816278;0.8;N;0.6649409156797164;0.2979813777068783;0.1315334104411641;cluster1
0.1854170716689038;0;N;0.3900986705321002;0.1442534228584501;0.3946002313234923;cluster7
0.4805960887739146;0;N;1.7918407833053407;0.4919023662445715;0;cluster3
0.2015402952922868;0;N;0.9687139234744498;0.1594663752392409;0.6576670522058206;cluster4
0.5891177862389921;0.8;Y;0.6812727978192182;0.2979813777068783;0.2630668208823282;cluster6
0.1240247971029457;0.4;Y;0.3639676591088974;0.1861038843197476;0.2630668208823282;cluster6
0.0930185978272093;0.8;Y;0.6565416620079726;0.0593093918143328;0.2630668208823282;cluster6
0.0930185978272093;0.4;N;0.845058244418222;0.1189773882874692;0.2630668208823282;cluster5
0.2790557934816278;0;Y;0.7396009483174389;0.2127413934002543;0.6576670522058206;cluster6
0.6511301847904649;0;N;0.163318821395018;0.3670058381219717;0;cluster7
0.5271053876875194;0.4;N;0.5996133871217092;0.2233963821154578;0;cluster5
0.3066203046377576;0;N;1.13623237170534;0.2316859822804751;0.2630668208823282;cluster4
0.2356316113959589;0;N;0.2566438621921712;0.2561988631765645;0.2630668208823282;cluster7
0.6511301847904649;0;Y;0.798862349223631;0.4684613463201263;0.2630668208823282;cluster6
0.0804300809212603;0;Y;0.6649409156797164;0.133670632418979;0;cluster6
0.1271254170305193;0.8;N;0.5198204772401432;0.1264358878466112;0.5261336417646564;cluster1
0.43408678986031;0;N;1.5981913236512482;0.6211830004080351;0;cluster3
0.1550309963786821;0.4;N;0.7997955996316027;0.1786453847606055;0.2630668208823282;cluster5
0.1547209343859247;0;N;1.4255399981765149;0.2347804391625675;0.7892004626469847;cluster4
0.0930185978272093;0.4;N;0.6140787684452678;0.0990880312680918;0.2630668208823282;cluster5
0.4867973286290619;0;Y;0.854857373701923;0.2646561304116713;0.5261336417646564;cluster6
0.1854170716689038;0;N;0.3541685298251962;0.1731758432788999;0;cluster7
0.0516253217941011;0;N;2.0078882527507504;0.0791490006416506;0.1315334104411641;cluster3
0.5420782813177725;0;N;1.115700862729966;0.3059851681687893;0.2630668208823282;cluster4
0.7441487826176744;0.4;Y;0.2743756199436303;0.7454913512554011;0.1315334104411641;cluster6
0.2480495942058914;0;Y;1.6168563318106788;0.2233963821154578;0.1315334104411641;cluster8
0.2015402952922868;0;N;1.616389706606693;0.2233963821154578;0;cluster3
0.0930185978272093;0;N;0.0307972634630605;0.1985347417799828;0.2630668208823282;cluster7
0.0620123985514728;0.4;N;0.3037730077947335;0.0742263909326169;0.7892004626469847;cluster5
0.0930185978272093;0;Y;0.8557906241098945;0.1189773882874692;0;cluster6
0.2419661779079919;0.8;Y;0.4423606933785061;0.1190289265194228;0;cluster6
0.5814282488186095;0;N;1.207626027915162;0.736242811802065;0.1315334104411641;cluster2
0.7441487826176744;0.8;Y;0.5622833708028478;0.414002515109086;0.3946002313234923;cluster6
0.2790557934816278;0;Y;0.2916407524911036;0.3725663732982988;0;cluster6
0.1457291365959612;0;N;1.863234439515163;0.1008639000131236;0.1315334104411641;cluster3
0.1444888886249317;0;N;1.18802776934776;0.1559936232595088;0;cluster4
0.7649756466711866;0;Y;0.8963870168566562;1.0633767792257882;0.1315334104411641;cluster8
0.2883576532643488;0.4;N;0.7456670759692537;0.1532864862595226;0.2630668208823282;cluster5
0.5891177862389921;0;Y;0.2244467231171533;0.2708595882499965;0.2630668208823282;cluster6
0.5298897443824804;0.4;N;1.0116434422411404;0.6742552219660354;0.2630668208823282;cluster2
0.2115614988982048;0;N;0.7643320841286846;0.2330387303455166;0;cluster7
0.1248185558044045;0;N;0.3457692761534525;0.170020674210396;0.2630668208823282;cluster7
0.1093898710447981;0.8;N;0.476424333269467;0.0961330483277553;0.2630668208823282;cluster1
0.6666332844283333;0;N;1.9192294639934555;0.3352738755025886;0;cluster3
0.0742908534646644;0;Y;1.3060839459561586;0.1685018253601723;0;cluster8
0.3193607519201576;0;Y;1.592591821203419;0.2274259856722755;0.5261336417646564;cluster8
0.2635185870245563;0;N;0.5422184870314598;0.1008521901688157;0.3946002313234923;cluster7
1.0542107753750387;0;N;0.3121722614664775;0.3725663732982988;0.3946002313234923;cluster7
0.143825355960431;0.4;Y;0.3299040192179365;0.1047801343766423;0.7892004626469847;cluster6
0.0915737089409599;0;N;1.9262288420532416;0.1962176097219442;0.2630668208823282;cluster3
0.2790557934816278;0;N;0.1740512010866907;0.3725663732982988;0.1315334104411641;cluster7
0.3193607519201576;0.4;N;0.5016220942846983;0.38273365072733;0.1315334104411641;cluster5
0.3565650904311138;0.4;Y;1.1754288888401443;0.310407237972409;0.3946002313234923;cluster8
0.0589117786238992;0;N;1.684050361184629;0.0477072482401138;0.7892004626469847;cluster3
0.1860371956544186;0;N;1.506732783670038;0.260688879911168;0;cluster3
0.3100619927573643;0.8;N;0.8632566273736669;0.2340513708306613;0;cluster1
0.0620123985514728;0.4;Y;0.7200026897500368;0.0742263909326169;0.6576670522058206;cluster6
0.1550309963786821;0;N;0.0690605301898933;0.1275014090936302;0.1315334104411641;cluster7
0.585155193971553;0;Y;0.8310594882986491;0.2691264567074387;0.5261336417646564;cluster6
0.9802175814234212;0.4;Y;1.0527064601918878;0.3471393041112453;0.5261336417646564;cluster8
0.2790557934816278;0;Y;1.548262426824771;0.2256565312368646;0.3946002313234923;cluster8
0.0930185978272093;0.4;Y;0.8259266110548057;0.0742263909326169;0;cluster6
0.2318767606636673;0;N;0.587481131818079;0.1577317519967712;0.3946002313234923;cluster7
0.5113480372155901;0;N;1.8403698045198604;0.4345166706365326;0;cluster3
0.0551972359506659;0;N;0.6430095310923855;0.0342016209934061;0.5261336417646564;cluster7
0.2089569781590429;0;N;1.5687939358001446;0.1439484448114767;0.3946002313234923;cluster3
0.920884118489372;0;Y;1.8441028061517468;0.4159612662633078;0.6576670522058206;cluster8
0.4893398369696723;0;Y;1.8567016866593624;0.312562744345001;0.2630668208823282;cluster8
0.2671091049006866;0;Y;0.7050706832224922;0.2557529194879234;0.2630668208823282;cluster6
0.8567012859885975;0.4;Y;0.948649039703062;0.6097466592790157;0.1315334104411641;cluster6
0.4431064932296217;0;N;1.7783086523897538;0.455830078976737;0.2630668208823282;cluster3
0.3169980795353465;0;Y;0.3135721370784346;0.1518449820497272;0;cluster6
0.3069861777892112;0;N;1.164229883944486;0.1887195801151387;0;cluster4
0.2790557934816278;0;Y;1.5846591927356608;0.3725663732982988;0;cluster8
0.628098779968448;0;Y;1.45913701286349;0.1437748855267355;0.2630668208823282;cluster8
0.1642770450027067;0;N;1.8511021842115327;0.3128088748304527;0;cluster3
0.3281696131343944;0.4;N;0.5142209747923141;0.2876389001232028;0.2630668208823282;cluster5
0.6750669706313336;0;Y;0.7097369352623499;0.1694863473019791;0.2630668208823282;cluster6
0.8567012859885975;0.4;N;1.1595636319046283;0.5334835012867885;0;cluster2
0.8346868845028247;0;N;1.2351569149503223;1.040847933797426;0;cluster2
0.2790557934816278;0.4;Y;1.0905031017147346;0.3921940115681458;0.1315334104411641;cluster6
0.4012047155283915;0;N;1.8949649533861952;0.296692101473085;0.6576670522058206;cluster3
0.7441487826176744;0;N;1.0858368496748774;0.4657976177875743;0.2630668208823282;cluster2
0.3478771533940524;0;N;0.8665230038015672;0.2021744895648441;0.1315334104411641;cluster4
0.4928094306686272;0;N;1.355079592374664;0.4196518810151625;0.1315334104411641;cluster4
0.6898135190068737;0.8;N;0.4138965559353744;0.577615443178232;0.3946002313234923;cluster1
0.1342568428639387;0;N;1.0387077040723147;0.1321540957036187;0;cluster4
0.2790557934816278;0;N;0.820793733810962;0.1861038843197476;0.2630668208823282;cluster4
0.1037281390570486;0.8;N;0.4068971778755877;0.1292820512783798;0.2630668208823282;cluster1
0.2318767606636673;0;N;1.7059817457719602;0.3948672869801335;0.1315334104411641;cluster3
0.3199839765255999;0;N;1.0424407057042009;0.2408706023925894;0.2630668208823282;cluster4
0.3431611104842129;0.4;N;0.7382010727054816;0.1796522822010897;0.1315334104411641;cluster5
0.3410681920331007;0;N;1.18802776934776;0.4471513688897192;0;cluster4
0.3772834327871608;0;N;0.3980312989998583;0.4907090063151088;0;cluster7
0.5445928840790346;0.4;Y;0.6812727978192182;0.4611733480609062;0.3946002313234923;cluster6
0.7441487826176744;0;N;1.966825234800003;0.4657976177875743;0.6576670522058206;cluster3
0.662788515718142;0;N;1.996689247855092;0.3705111091597816;0.1315334104411641;cluster3
0.4196503034775271;0;N;1.5375300471330986;0.4332606593107731;0.6576670522058206;cluster3
0.1550309963786821;0;N;0.5468847390713175;0.1115188887283271;0.3946002313234923;cluster7
0.1342568428639387;0;N;0.1693849490468329;0.1321540957036187;0.2630668208823282;cluster7
1.2212938814121996;0;Y;0.9976446861215676;0.669061644968018;0.1315334104411641;cluster8
0.1085216974650775;0.4;Y;0.3868322941041999;0.2233963821154578;0;cluster6
1.1831345519635508;0;N;1.7190472514835613;0.729791209683407;0.7892004626469847;cluster2
0.0497215411585709;0;N;1.990623120203277;0.1106067888172396;0.2630668208823282;cluster3
0.662788515718142;0;N;1.243556168622066;0.4168698606796026;0.2630668208823282;cluster2
1.2092417717537207;0;Y;0.3224380159541642;0.542077706573801;0;cluster6
0.0310061992757364;0;N;0.9999778121414964;0.0990880312680918;0.1315334104411641;cluster4
0.0371454267323322;0;N;1.3042174451402158;0.0777070489218817;0.1315334104411641;cluster4
0.3676777122515377;0;N;1.3200827020757315;0.1914471534039169;0.3946002313234923;cluster4
0.43408678986031;0.8;N;1.0102435666291831;0.3192913551372854;0.1315334104411641;cluster1
0.8991797789963565;0;N;1.1203671147698238;0.4968747241456648;0;cluster2
0.340448068047586;0;N;0.9654475470465494;0.7442482431338789;0.2630668208823282;cluster4
0.1421324174799758;0;N;2.098413542323989;0.2772964971245228;0.3946002313234923;cluster3
0.151955181410529;0;N;1.3284819557474754;0.1290858181549788;0.3946002313234923;cluster4
0.1023700675287714;0;Y;2.062950026821071;0.1730656066554158;0.1315334104411641;cluster8
0.4741716042839821;0.4;N;0.8165941069750903;0.3468409641288796;0;cluster5
0.216854257114573;0;N;1.0779042212071193;0.1486976444057604;0.3946002313234923;cluster4
0.1860371956544186;0;Y;1.481068397450821;0.1736730268595123;0.2630668208823282;cluster8
0.1755446978195093;0;N;1.8305706752361592;0.0990124766675577;0;cluster3
0.8960791590687828;0.8;Y;0.5361523593796451;0.7430052095973523;0;cluster6
0.1550309963786821;0;N;0.2365789784207833;0.165385813414354;0.1315334104411641;cluster7
0.306958272209863;0;N;1.4899342763265504;0.324828992719966;0;cluster4
0.6933296220047424;0;Y;1.070904843147333;0.3481174117434312;0.1315334104411641;cluster8
0.1550309963786821;0.4;N;0.6663407912916737;0.1786453847606055;0.2630668208823282;cluster5
0.0692864529015606;0;N;1.3373478346232046;0.1202677087112007;0.1315334104411641;cluster4
0.217043394930155;0.4;N;1.253821923109753;0.2291336837313366;0.1315334104411641;cluster4
0.3640871943754075;0;Y;1.335014708603276;0.2372393572972254;0;cluster8
0.3117983399168055;0;N;1.1684295107803575;0.1645637375929453;0.2630668208823282;cluster4
0.130226036958093;0;N;1.9355613461329568;0.1935623838788896;0.5261336417646564;cluster3
0.1342568428639387;0;N;1.729779631175234;0.1076680654059421;0.3946002313234923;cluster3
0.3030266861416997;0;N;1.808172665444843;0.1909536990730841;0;cluster3
0.1984396753647131;0;N;1.6196560830345932;0.1836177426616987;0.1315334104411641;cluster3
0.0120955183374647;0;N;0.5697493740666202;0.0292643926252365;0.1315334104411641;cluster7
0.3193607519201576;0;N;1.9761577388797185;0.4678652630353597;0.2630668208823282;cluster3
0.1085216974650775;0.4;Y;1.12736649282961;0.2393789024807609;0.1315334104411641;cluster6
0.2503440529522959;0;Y;1.3336148329913189;0.3072705659828118;0.3946002313234923;cluster8
0.2790557934816278;0;N;0.5627499960068337;0.1061913570782275;0.1315334104411641;cluster7
0.7441487826176744;0;Y;0.7335348206656239;0.4657976177875743;0.2630668208823282;cluster6
0.7364592451972917;0;N;0.8917207648167985;0.3688669575169643;0.1315334104411641;cluster2
0.3539574690720243;1.6;Y;0.8324593639106062;0.0922438883176363;0.1315334104411641;cluster1
0.5257163099599663;0.4;Y;1.070438217943347;0.2972388094907701;0.2630668208823282;cluster6
0.2790557934816278;0;N;1.5398631731530272;0.2660164115612676;0.1315334104411641;cluster3
0.3281696131343944;0;N;1.2426229182140949;0.191639731862534;0;cluster4
0.1550309963786821;0;N;1.2192916580148063;0.1205900650621469;0.7892004626469847;cluster4
0.1755446978195093;0;Y;0.5706826244745915;0.082450654641496;0.2630668208823282;cluster6
1.3271149389203605;0;N;0.9710470494943788;0.4663473837900788;0.5261336417646564;cluster2
1.0342427830414644;0;N;1.2085592783231336;0.3657045537038881;0.2630668208823282;cluster2
0.5445928840790346;0;Y;1.6887166132244866;0.2304073717010513;0.5261336417646564;cluster8
0.4147389215122505;0.4;Y;0.8067949776913891;0.2140881746656485;0.6576670522058206;cluster6
0.1342568428639387;0;N;2.111012422831605;0.1468776959283342;0;cluster3
0.7364592451972917;0;N;0.7619989581087556;0.512454709289761;0.2630668208823282;cluster2
0.2790557934816278;0;N;1.297684692284415;0.2127413934002543;0.5261336417646564;cluster4
0.1854170716689038;0.8;Y;0.324771141974093;0.2078827030324423;0.2630668208823282;cluster6
0.3193607519201576;0;N;1.430672875420358;0.7019771968824412;0.2630668208823282;cluster2
0.2790557934816278;0;N;0.1964492108780074;0.0873884796896305;0.2630668208823282;cluster7
0.0146225235784373;0.4;N;1.3784108525739525;0.0310011788325783;0.3946002313234923;cluster4
0.2055897049176979;0.4;N;0.1241223042602137;0.2185368713126944;0.5261336417646564;cluster5
0.207741535147434;0;Y;0.9747800511262648;0.1059940797648882;0.6576670522058206;cluster6
0.5271053876875194;0;N;1.2855524369807847;0.1488113865240374;0.2630668208823282;cluster4
0.0350990175801336;0.4;N;0.8394587419703929;0.0526464904031644;0.2630668208823282;cluster5
0.4234826697080081;0;Y;1.094236103346621;0.4369481414928129;0.2630668208823282;cluster8
0.174645518040513;0.8;Y;0.2883743760632033;0.1202980648044064;0;cluster6
0.3441626107208192;0;N;1.5314639194812836;0.3004625967552181;0.1315334104411641;cluster3
0.5891177862389921;0;Y;1.9887566193873336;0.2291336837313366;0.2630668208823282;cluster8
0.892209585399171;0;Y;1.6952493660802872;0.3962098169007791;0.2630668208823282;cluster8
0.1444888886249317;0;N;2.159541444046124;0.1452107212768659;0.1315334104411641;cluster3
0.7441487826176744;0;N;1.3798107281859096;0.5823366733991688;0;cluster2
0.0053516699949921;0.4;Y;0.4073638030795736;0.0246295318291944;0.6576670522058206;cluster6
1.0342427830414644;0.8;Y;0.8324593639106062;0.6402519224759068;0.1315334104411641;cluster6
0.3642391247518585;0;N;1.5342636707051984;0.2712863635947706;0.1315334104411641;cluster3
0.2790557934816278;0;N;0.5562172431510329;0.1239497461885624;0.3946002313234923;cluster7
0.6046208858768604;0;N;1.573926813043988;0.2180688504653582;0.3946002313234923;cluster3
0.4718399380984466;0.4;N;0.2995733809588616;0.6044362075929067;0;cluster5
0.0620123985514728;0.4;Y;0.3359701468697514;0.0443923926960487;0.1315334104411641;cluster6
0.1240247971029457;0;N;1.822171421564416;0.2482580224509327;0;cluster3
0.8124988483011076;0;N;1.8156386687086148;0.4054494061546442;0;cluster3
0.5240295727193662;0;N;0.0867922879413524;0.296337226064061;0.2630668208823282;cluster7
0.8116802846402282;0;N;1.6947827408763017;0.4050555973779216;0.1315334104411641;cluster2
0.998734483630891;0.8;N;0.8599902509457664;0.6188982382380831;0.1315334104411641;cluster1
0.5744642564612792;0;N;0.5898142578380081;0.2909316039235772;0.2630668208823282;cluster7
0.5891177862389921;0;N;0.3033063825907478;0.5323913531963433;0.1315334104411641;cluster7
0.5445928840790346;0.4;N;0.9953115601016383;0.4941399161123141;1.0522672835293128;cluster2
0.5261752017092473;0;Y;1.498333529998294;0.2676998694967616;0.6576670522058206;cluster8
0.1547209343859247;0.8;N;0.5450182382553745;0.2230234571375007;0;cluster1
0.1240247971029457;0;N;0.2907075020831322;0.092872639830472;0;cluster7
0.340448068047586;0;N;0.4946227162249119;0.405790632509475;0.2630668208823282;cluster7
0.3136525106334945;0;N;2.0223536340743093;0.3312701529392411;0.1315334104411641;cluster3
0.7119023353709084;0;N;1.983157116939505;0.5953269183263398;0.5261336417646564;cluster3
0.43408678986031;0;N;1.8030397882009996;0.7454913512554011;0;cluster3
0.3461284037549009;0;N;0.358834781865054;0.3356385215460351;0;cluster7
0.8567012859885975;0.8;N;0.641609655480428;0.8893782634455148;0.6576670522058206;cluster1
0.1240247971029457;0;N;2.01348775519858;0.1488113865240374;0;cluster3
0.8991797789963565;0;Y;1.9196960891974408;0.406468610119401;0;cluster8
0.5143804435047571;0;N;1.8301040500321737;0.7284859722605572;0;cluster3
0.43408678986031;0;N;0.2202470962812814;0.3020129950585769;0;cluster7
0.3720743913088372;0;Y;0.5893476326340223;0.2420426310133129;0.1315334104411641;cluster6
0.3193607519201576;0;N;1.9920229958152345;0.2103421432620694;0.2630668208823282;cluster3
1.7034805882089594;0.4;Y;1.1133677367100374;1.0427125586872117;0;cluster2
0.5891177862389921;0;Y;1.7204471270955186;0.4657976177875743;0;cluster8
0.4331628051218931;0.8;Y;0.767598460556585;0.2787794705918671;0;cluster6
0.6139351481392916;0;Y;1.3858768558377246;0.162946436548541;0;cluster8
0.5891177862389921;0;Y;1.6266554610943798;0.4968747241456648;0.6576670522058206;cluster8
0.0944076755547622;0;N;2.081148409776516;0.1672421593696288;0.5261336417646564;cluster3
0.0020464091521986;0.8;N;0.6742734197594318;0.0526464904031644;0.6576670522058206;cluster1
0.1393728657444352;0;N;1.3625455956384365;0.1948054920004118;0.2630668208823282;cluster4
0.1240247971029457;0;N;2.1170785504834195;0.1488113865240374;0.1315334104411641;cluster3
0.2790557934816278;0;N;1.704115244956017;0.2190089943347881;0.9207338730881488;cluster3
0.1690582009310253;0;N;1.058305962639717;0.1600588038592235;0;cluster4
0.1240247971029457;0;N;1.6126567049748068;0.2386958530911347;0.1315334104411641;cluster3
0.7844568416761316;0;N;1.8935650777742377;0.1631068688740581;0.3946002313234923;cluster3
0.1444888886249317;0.4;Y;0.2874411256552318;0.2810754205111578;0.1315334104411641;cluster6
0.2790557934816278;0.4;N;0.2888410012671891;0.165385813414354;0;cluster5
0.3085891982917668;0.4;N;1.040107579684272;0.4080874774487128;0;cluster4
0.4100259792223385;0.4;N;0.9444494128671902;0.3027548174247292;0.1315334104411641;cluster5
0.1506808266202963;0;Y;1.6835837359806434;0.108902820007958;0.7892004626469847;cluster8
0.3497189216310312;0.4;N;0.3084392598345912;0.2031590115066509;0.5261336417646564;cluster5
0.2318767606636673;0;Y;1.2024931506713188;0.1577317519967712;0.2630668208823282;cluster8
0.0804300809212603;0;N;1.4834015234707496;0.0989223034078877;0.5261336417646564;cluster4
0.6222572120248993;0;Y;1.4558706364355898;0.7853495728994561;0;cluster8
0.6784559482121715;0;N;1.437672253480145;0.3409617272663903;0.1315334104411641;cluster2
0.1395278967408139;0.4;N;0.5963470106938088;0.1168464203784267;0.2630668208823282;cluster5
0.2790557934816278;0;N;1.108234859466194;0.1861038843197476;0.1315334104411641;cluster4
0.3538055386955732;0;Y;1.9626256079641315;0.3853328632386954;0;cluster8
0.2480495942058914;0;N;1.0653053406995034;0.2233963821154578;0.3946002313234923;cluster4
1.0542107753750387;0.4;N;0.838992116766407;0.7454913512554011;0.3946002313234923;cluster2
1.1623200903897488;0;Y;1.9355613461329568;0.4097171596023853;0.2630668208823282;cluster8
0.5170903853214565;0;N;1.8963648289981525;0.3763382111103525;0.1315334104411641;cluster3
0.1271254170305193;0;N;0.5403519862155167;0.180776352669648;0.3946002313234923;cluster7
0.1550309963786821;0;N;0.1427873124196443;0.1115188887283271;0;cluster7
0.1291470212232973;0.4;N;0.846924745234165;0.1280568435557995;0;cluster5
0.5261752017092473;0;N;1.4236734973605716;0.4464055189338051;0.1315334104411641;cluster2
0.3106139031044724;0;N;1.783441529633597;0.1822552985472302;0;cluster3
0.8567012859885975;0;N;0.5286863561158727;0.6097466592790157;0.3946002313234923;cluster7
0.1240247971029457;0;Y;0.3695671615567265;0.1239497461885624;0.7892004626469847;cluster6
0.0930185978272093;0.8;Y;0.6304106505847696;0.0559319594589665;0.1315334104411641;cluster6
0.0772054361965837;0.8;N;0.6215447717090402;0.0430250259718712;0.2630668208823282;cluster1
0.3627632296663335;0;N;1.704115244956017;0.2101318881594972;0.1315334104411641;cluster3
0.5261752017092473;0;N;1.8627678143111772;0.6697875807301092;0;cluster3
0.198076902833187;0;Y;0.1185228018123844;0.3057837886806924;0;cluster6
0.1984024679255822;0;N;0.5884143822260507;0.1573098246767106;0.2630668208823282;cluster7
0.5891177862389921;0;N;0.2412452304606408;0.414002515109086;0.1315334104411641;cluster7
0.6382316058917586;0;Y;1.542196299172956;0.3216099043102403;0;cluster8
0.1085216974650775;0;Y;0.8763221330852683;0.0667678913734748;0;cluster6
0.1705340960165503;0.4;N;0.3331703956458368;0.1935623838788896;0.5261336417646564;cluster5
0.43408678986031;0.4;Y;0.3243045167701072;0.3192913551372854;0.6576670522058206;cluster6
0.0930185978272093;0.8;N;0.8165941069750903;0.165385813414354;0;cluster1
0.2790557934816278;0;N;1.2169585319948777;0.2979813777068783;0;cluster4
0.3410681920331007;0;Y;0.7619989581087556;0.1786453847606055;0.2630668208823282;cluster6
0.4000047756164205;0;Y;1.1982935238354468;0.1881488557288731;0.3946002313234923;cluster8
0.998874011527632;0.4;N;0.4386276917466198;0.2749039596359413;0;cluster5
0.2708453519134128;0;N;1.625722210686408;0.1958845877166285;0.5261336417646564;cluster3
0.3117983399168055;0;N;2.0354191397859105;0.3432296332273385;0.2630668208823282;cluster3
0.3281696131343944;0;Y;0.912252273792172;0.5756364794902048;0;cluster6
0.7364592451972917;0;N;1.3620789704344505;0.4391956111649692;0;cluster2
0.1550309963786821;0;Y;1.6915163644484017;0.1275014090936302;0.2630668208823282;cluster8
0.5538017252639283;0.4;N;0.4022309258357302;0.3267919952189366;0.2630668208823282;cluster5
0.7119023353709084;0;N;1.335014708603276;0.4464055189338051;0;cluster2
0.4650929891360464;0;N;1.46240338929139;0.2383133812337419;0;cluster4
0.5762161067203582;0;N;1.78204165402164;0.3648076691319012;0.1315334104411641;cluster3
0.4884096509914002;0;N;1.0074438154052685;0.8326066261061802;0;cluster2
0.4433886496430309;0;N;1.3149498248318885;0.4561015683606897;0.1315334104411641;cluster4
0.0620123985514728;0;N;0.5963470106938088;0.089143390050901;0.1315334104411641;cluster7
0.1550309963786821;0.4;Y;1.2169585319948777;0.2233963821154578;0.3946002313234923;cluster8
0.2790557934816278;0;Y;0.2561772369881854;0.2660164115612676;0.2630668208823282;cluster6
0.086817357972062;0;N;2.0358857649898967;0.1413528869648953;0;cluster3
0.8567012859885975;0;N;1.6019243252831343;0.42671508009767;0.5261336417646564;cluster2
0.8567012859885975;0.4;N;1.0909697269187206;0.4741676951628348;0.6576670522058206;cluster2
0.0591350232586845;0;N;1.929495218481142;0.0863747950145474;0.1315334104411641;cluster3
0.6349759549678063;0;N;1.8408364297238464;0.5336451269722351;0;cluster3
0.0918403622547313;0;N;1.2542885483137387;0.1227687673683678;0;cluster4
0.946510742190768;0;Y;1.887032324918437;0.3613958530935673;0.3946002313234923;cluster8
0.2027402352042578;0.4;N;0.8959203916526707;0.1245911771506486;0;cluster5
0.3410681920331007;0;Y;0.9257844047077592;0.1115188887283271;0.5261336417646564;cluster6
1.1831345519635508;0.4;Y;0.9542485421508914;0.729791209683407;0.2630668208823282;cluster6
0.6182636135581845;0;N;1.8347703020720316;0.91835304253287;0.3946002313234923;cluster2
0.3410681920331007;0;Y;1.6378544659900385;0.2233963821154578;0.5261336417646564;cluster8
0.3410681920331007;0;N;1.1096347350781512;0.2127413934002543;0.1315334104411641;cluster4
0.077515498189341;0.8;Y;0.3835659176762995;0.0866572483928522;0.1315334104411641;cluster6
0.43408678986031;0;N;1.5631944333523158;0.4471513688897192;0;cluster3
0.1395278967408139;0;N;1.5561950552925294;0.0908008178229335;0.3946002313234923;cluster3
0.0846779302220361;0;Y;0.7573327060688979;0.0460208069047962;0;cluster6
0.160965582920058;0;Y;1.8860990745104655;0.1150877807673766;0;cluster8
0.2671091049006866;0;N;1.9962226226511064;0.2923402907353124;0.2630668208823282;cluster3
1.3565832307120202;0;N;1.2416896678061229;1.1122506113819473;0;cluster2
0.0742908534646644;0.4;N;0.978513052758151;0.3162547016267764;0;cluster4
0.43408678986031;0.4;Y;1.0293751999925995;0.2030550400227965;0.5261336417646564;cluster6
0.1649529801469178;0;N;0.2846413744313172;0.2942521279273072;0.1315334104411641;cluster7
0.2790557934816278;0;N;1.179161890472031;0.2327195065643854;0.3946002313234923;cluster4
0.6182636135581845;0;N;1.839436554111889;0.3250184386087683;0.5261336417646564;cluster3
0.3445408863519831;0;Y;0.2557106117841997;0.2577480681199939;0;cluster6
0.1085216974650775;0.8;Y;0.6434761562963711;0.0575090591907471;0.2630668208823282;cluster6
0.5891177862389921;0.4;Y;1.498333529998294;0.1985347417799828;0;cluster8
0.3010050819489216;0.8;Y;0.8515909972740227;0.2278267308535882;0.1315334104411641;cluster6
0.0339207820076556;0;N;1.1203671147698238;0.0308775914948833;0.3946002313234923;cluster4
0.1547209343859247;0;Y;1.426939873788472;0.1783470447782398;0.2630668208823282;cluster8
0.4704570616107488;0;N;1.630388462726266;0.3012071787662072;0.2630668208823282;cluster3
0.7119023353709084;0;N;0.6663407912916737;0.5953269183263398;0.2630668208823282;cluster7
0.7986886871436947;0;Y;1.8543685606394336;0.3988053747473605;0.2630668208823282;cluster8
0.1085216974650775;0;N;0.6812727978192182;0.1338943874057533;0.1315334104411641;cluster7
0.2790557934816278;0;Y;1.462870014495376;0.2979813777068783;0;cluster8
0.3887371227996179;0.4;N;0.689672051490962;0.1679225236994138;0.5261336417646564;cluster5
0.0742908534646644;0;Y;1.3457470882949487;0.0720101723736134;0.3946002313234923;cluster8
0.5261752017092473;0;N;1.841769680131818;0.5357583436523268;0;cluster3
0.0930185978272093;0;N;1.3317483321753758;0.1985347417799828;0;cluster4
0.6827099987528025;0.4;N;1.187094518939788;0.3811602056603335;0;cluster2
0.7501763877568774;0;N;0.0984579180409965;0.7512910805125899;0;cluster7
0.2115614988982048;0;N;1.9943561218351635;0.3643247312854468;0.2630668208823282;cluster3
0.268895061978969;0.8;N;0.6066127651814957;0.1308065685882684;0;cluster1
0.2821564134092015;0;N;1.4661363909232763;0.5791094552249237;0.3946002313234923;cluster4
0.8116802846402282;0;N;1.562261182944344;0.6139053694632023;0.1315334104411641;cluster2
0.5261752017092473;0;N;1.9285619680731705;0.3938450250305575;0.3946002313234923;cluster3
1.0219643281282726;0.4;N;1.1189672391578664;0.684210678007587;0;cluster2
0.5077575193394598;0.8;Y;0.920651527463916;0.1616400057657617;0.7892004626469847;cluster6
0.2661572145829215;0;N;1.0191094455049123;0.2855704344404659;0;cluster4
0.3775934947799182;0;Y;1.53846329754107;0.4269809756069535;0;cluster8
0.3350498887536802;0;N;1.5510621780486855;0.4399128950675718;0;cluster3
0.340448068047586;0;Y;1.921562590013384;0.2230234571375007;0.6576670522058206;cluster8
0.2480495942058914;0;N;1.0503733341719588;0.1914314159698472;0.1315334104411641;cluster4
0.0541833332343494;0;N;1.3980091111413546;0.1460144491893591;0.1315334104411641;cluster4
0.7105566663223414;0;N;1.8786330712466932;0.4817547792543764;0.2630668208823282;cluster3
0.2015402952922868;0;Y;0.9472491640911046;0.2233963821154578;0.2630668208823282;cluster6
0.3834226602437567;0;N;0.6584081628239157;0.1242542767255621;0.2630668208823282;cluster7
1.1570273321733806;0;Y;1.8893654509383664;0.816155339043585;0;cluster8
0.0930185978272093;0;N;0.177317577514591;0.1352504917955965;0.1315334104411641;cluster7
0.8567012859885975;0;N;1.621989209054522;0.4539750755513828;0.5261336417646564;cluster2
0.04441948108242;0;N;1.2841525613688278;0.1004388401232481;0;cluster4
0.6549873559803667;0;Y;1.4876011503066218;0.2943107517338421;0.5261336417646564;cluster8
0.0020464091521986;0;N;2.1576749432301816;0.0564325739493761;0.1315334104411641;cluster3
0.2480495942058914;0;Y;0.7591992068848412;0.0667678913734748;0;cluster6
0.3100619927573643;0;N;1.2071594027111765;0.2340513708306613;0.3946002313234923;cluster4
0.303860752902217;0;N;1.4218069965446285;0.4471513688897192;0.1315334104411641;cluster4
0.1240247971029457;0;N;1.45913701286349;0.2068219552251412;0.1315334104411641;cluster4
0.7649756466711866;0;N;1.6154564561987212;0.2771375564989176;0;cluster2
0.1061652263201215;0;N;1.045707082132101;0.1096294270350097;0.1315334104411641;cluster4
0.8116802846402282;0;Y;0.4866900877571538;0.2892229362595734;0;cluster6
0.5930369698274452;0;N;1.548262426824771;0.7502051229767789;0;cluster2
0.0228701725857831;0.4;Y;0.4232290600150896;0.0428410247877471;0;cluster6
0.159446279155547;0;N;0.3490356525813529;0.1828937461094928;0.1315334104411641;cluster7
0.329226924529697;0.4;Y;0.824993360646834;0.1922049369591258;0.1315334104411641;cluster6
0.3052188244304942;0;N;1.057839337435731;0.1151820562018041;0.1315334104411641;cluster4
0.7119023353709084;0;N;1.0475735829480446;0.5102289438513219;0.6576670522058206;cluster2
0.5261752017092473;0.8;N;0.4227624348111038;0.3618825947747969;0.2630668208823282;cluster1
0.0918403622547313;0.8;Y;0.7055373084264779;0.1178436963544796;0;cluster6
1.0108020963890074;0.8;Y;0.6742734197594318;0.6261553583091284;0.2630668208823282;cluster6
0.4100259792223385;0.4;N;0.9715136746983644;0.6236984539693513;0;cluster5
0.0618573675550941;0;N;1.9308950940930991;0.0889942200597181;0;cluster3
0.3083690542769091;0.4;Y;0.5930806342659085;0.1810553005531599;0.2630668208823282;cluster6
0.3069613728297906;0;N;1.2654875532093968;0.3248319761197897;0.3946002313234923;cluster4
0.6750669706313336;0;N;1.3919429834895394;0.3946296591841792;0.3946002313234923;cluster2
0.8567012859885975;0.4;N;1.3718780997181514;0.711430845073654;0.1315334104411641;cluster2
0.1853860654696281;0;N;1.6583859749654115;0.1731509318903723;0.1315334104411641;cluster3
0.5261752017092473;0;N;0.8007288500395741;0.5357583436523268;0.5261336417646564;cluster2
0.1240247971029457;0;N;2.128744180583064;0.1861038843197476;0.2630668208823282;cluster3
0.6320923784351629;0.8;N;0.791396345959859;0.2275092225273555;0;cluster1
0.88228140039108;0;N;1.695715991284273;0.4390216043702544;0.3946002313234923;cluster2
0.2384655780097613;0;N;1.2738868068811409;0.215711666264687;0.1315334104411641;cluster4
0.6598987379456432;0.4;N;0.5258866048919583;0.5931994559120901;0;cluster5
0.687345425544525;0;N;1.1693627611883295;0.6908354664860082;0.1315334104411641;cluster2
0.662788515718142;0;Y;1.6205893334425647;0.4168698606796026;0;cluster8
0.2790557934816278;0;N;0.3051728834066908;0.1239497461885624;0.2630668208823282;cluster7
0.2123862637989393;0.4;Y;0.6962048043467628;0.2338323146986094;0.5261336417646564;cluster6
0.2821564134092015;0;N;1.7955737849372269;0.4427639811090494;0;cluster3
0.5077575193394598;0;N;1.5379966723370844;0.2588391720205008;0.2630668208823282;cluster3
0.0098227639305533;0;N;0.902919769712457;0.0277024336475609;0.3946002313234923;cluster4
0.3281696131343944;0;N;0.9645142966385782;0.5756364794902048;0;cluster4
0.4278855500051627;0;N;1.4227402469526;0.3037344913418225;0.5261336417646564;cluster4
0.2790557934816278;0;N;0.4064305526716021;0.3725663732982988;0;cluster7
0.0532314429165843;0;N;1.2486890458659092;0.0671855673487868;0.1315334104411641;cluster4
0.1550309963786821;0;N;1.088169975694806;0.2127413934002543;0.2630668208823282;cluster4
0.9754488279748128;0;Y;1.1077682342622082;0.2716654791273618;0.2630668208823282;cluster8
0.2719863800467599;0;N;2.046618144681569;0.4413653632717192;0.2630668208823282;cluster3
0.3461284037549009;0.4;N;0.3966314233879009;0.2012396412301013;0.7892004626469847;cluster5
0.2506541149450533;0.4;N;0.7759977142283289;0.2254847619920176;0.5261336417646564;cluster5
0.4928094306686272;0;N;1.2328237889303937;0.8396623666891286;0;cluster2
0.2586692174578311;0.4;N;0.4633588275578654;0.3480465559976193;0;cluster5
0.2956255063745814;0.8;N;0.9337170331755174;0.3924954841203263;0.1315334104411641;cluster1
0.1444888886249317;0.8;N;0.719536064546051;0.1403584452186749;0.2630668208823282;cluster1
0.3394620709106176;0.4;N;1.6005244496711768;0.3561039730713605;0.5261336417646564;cluster3
0.5261752017092473;0.8;Y;1.0125766926491122;0.4464055189338051;0.5261336417646564;cluster6
0.3642391247518585;0;N;1.393342859101497;0.3165605001087012;0.2630668208823282;cluster4
0.4893398369696723;0.4;Y;0.7643320841286846;0.5003155537472838;0.1315334104411641;cluster6
0.3720743913088372;0.4;N;0.9659141722505354;0.1381563978088338;0.5261336417646564;cluster4
0.6750669706313336;0.4;Y;0.9906453080617807;0.3770745887718266;0.5261336417646564;cluster6
0.4809619619253683;0.4;N;1.516998538157725;0.4922544074237631;0;cluster2
0.4964588603233814;0;Y;0.9481824144990764;0.4225780741472007;0.3946002313234923;cluster6
0.1393728657444352;0;N;1.3462137134989345;0.2045636707286241;1.0522672835293128;cluster4
0.1199195763188382;0;N;0.7549995800489692;0.1448613651575157;0.2630668208823282;cluster7
0.1100844099085746;0;N;1.6728513562889706;0.1353980209168763;0.1315334104411641;cluster3
0.3565650904311138;0.4;N;0.6285441497688266;0;0.3946002313234923;cluster5
0.2480495942058914;0;N;0.398497924203844;0.3352738755025886;0.1315334104411641;cluster7
0.4997455174466094;0.8;N;0.9159852754240584;0.4252134603814279;0;cluster1
0.2790557934816278;0;Y;0.0928584155931673;0.0742263909326169;0.3946002313234923;cluster6
0.5891177862389921;1.2;N;1.063905465087546;0.2482580224509327;0.2630668208823282;cluster1
0.348280233984637;0;N;0.8030619760595031;0.2277334996090989;0.5261336417646564;cluster4
0.4371874097878837;0.4;N;0.7200026897500368;0.3214223976313235;0;cluster5
0.193553098358857;0;N;1.5076660340780097;0.1796994945032991;0.6576670522058206;cluster4
1.1831345519635508;0;N;0.7512665784170831;0.4489643809625555;0.7892004626469847;cluster2
0.1697651422745121;0;N;1.2272242864825642;0.3216099043102403;0;cluster4
0.1444888886249317;0.8;Y;0.8408586175823503;0.1403584452186749;0;cluster6
0.4893398369696723;0.8;Y;0.7223358157699654;0.357265783547688;0.5261336417646564;cluster6
1.2092417717537207;0;N;1.0261088235646991;0.3725663732982988;0;cluster2
0.1488297565235348;0;Y;1.165163134352457;0.1165584477104482;0.3946002313234923;cluster8
0.1665404975498355;0;Y;1.1035686074263362;0.1354116699710695;0.1315334104411641;cluster8
0.7119023353709084;0;N;0.5487512398872606;0.5102289438513219;0.6576670522058206;cluster7
1.3271149389203605;0;N;0.617811770077154;0.4080091632033418;0.3946002313234923;cluster2
0.7441487826176744;0;N;1.1268998676256246;0.2586170579036296;0.5261336417646564;cluster2
0.945689077909961;0;Y;1.5505955528447;0.4695268675671453;0.3946002313234923;cluster8
0.5261752017092473;0.4;N;1.4297396250123866;0.2788689725865768;0.5261336417646564;cluster4
0.4518843482445827;0;Y;0.4232290600150896;0.290038075676392;0;cluster6
0.3281696131343944;0;N;0.6906053018989334;0.1436401850246974;0.2630668208823282;cluster7
1.826265137340876;0;Y;1.8637010647191488;0.3570526942152833;0.5261336417646564;cluster8
0.5891177862389921;0;Y;0.3065727590186482;0.3311302314875116;0;cluster6
0.1593563611776473;1.2;N;1.6653853530251983;0.6269216445538345;0;cluster1
0.3445408863519831;0;N;1.7591770190263376;0.6638865650489073;0;cluster3
0.2884444706223208;0;N;1.8156386687086148;0.3838585416308399;0.2630668208823282;cluster3
0.7441487826176744;0.8;N;0.6915385523069051;0.7454913512554011;0.2630668208823282;cluster1
0.2790557934816278;0;N;0.3005066313668333;0.2865067744751206;0;cluster7
0.5596060857683463;0.4;Y;1.5846591927356608;0.2837833779460955;0;cluster8
0.3960173783895608;0;N;1.863234439515163;0.2564412644122367;0;cluster3
0.1550309963786821;0;N;0.5977468863057662;0.1786453847606055;0.1315334104411641;cluster7
0.43408678986031;0;N;1.6607191009853406;0.3725663732982988;0.1315334104411641;cluster3
0.2954270666992167;0.4;Y;0.4400275673585772;0.0868892823141371;0;cluster6
0.8567012859885975;0;Y;1.5244645414214972;0.3046940273101062;0;cluster8
0.306958272209863;0;N;1.126433242421639;0.1351362275823504;0;cluster4
0.1550309963786821;0.4;Y;1.0125766926491122;0.0810068382968373;0.6576670522058206;cluster6
0.3757517265429395;0;N;1.8707004427789355;0.1549509996061363;0.3946002313234923;cluster3
0.2790557934816278;0;N;1.0289085747886135;0.2979813777068783;0;cluster4
0.1240247971029457;0.4;N;0.3611679078849827;0.1061913570782275;0;cluster5
0.1550309963786821;0;Y;1.4362723778681874;0.089143390050901;0.1315334104411641;cluster8
0.0372074391308837;0;N;1.0503733341719588;0.0543370339132395;0;cluster4
0.3642391247518585;0.8;N;0.815194231363133;0.4750200524924535;0.3946002313234923;cluster1
0.1012042344360037;0.4;N;1.1017021066103931;0.1268535638219232;0.1315334104411641;cluster4
0.2790557934816278;0;N;1.3336148329913189;0.2256565312368646;0.2630668208823282;cluster4
0.3193607519201576;0;N;1.9122300859336685;0.4210428911829425;0.3946002313234923;cluster3
0.1093898710447981;0;N;0.462425577149894;0.1685018253601723;0.2630668208823282;cluster7
1.0072301822324428;0;Y;1.3480802143148776;0.4991341274171156;0.3946002313234923;cluster8
0.477495468846341;0;N;0.4446938193984349;0.4889189664209147;0;cluster7
0.7596518822555425;0.4;Y;0.3383032728896802;0.3166276266047334;0.1315334104411641;cluster6
0.2480495942058914;0.8;Y;1.0429073309081869;0.1914314159698472;0.1315334104411641;cluster6
0.1393728657444352;0;N;0.6420762806844138;0.1362562704611468;0;cluster7
0.5261752017092473;0;Y;0.6248111481369405;0.2058401929281713;1.3153341044116411;cluster6
0.1550309963786821;0.4;Y;0.8959203916526707;0.0522896011992595;0.2630668208823282;cluster6
0.0516036174546081;0;N;1.4017421127732406;0.0989997972183072;0;cluster4
0.2790557934816278;0;Y;1.1894276449597174;0.1861038843197476;0;cluster8
0.184499288170342;0;N;1.1735623880242012;0.2588391720205008;0;cluster4
0.0681516260080686;0;N;1.1702960115963008;0.0990259019667642;0.6576670522058206;cluster4
0.1585284956569852;0;N;0.1950493352660501;0.1516157823582747;0;cluster7
0.2480495942058914;0;N;0.912252273792172;0.1914314159698472;0;cluster4
0.1085216974650775;1.2;N;0.0578615252942348;0.2030550400227965;0;cluster1
0.3410681920331007;0;N;1.1087014846701797;0.3082689607337985;0.2630668208823282;cluster4
0.3262968386981399;0.4;N;0.7549995800489692;0.3577612516734018;0.3946002313234923;cluster5
0.8116802846402282;0.4;N;0.8371256159504639;0.6331010860235793;0;cluster2
0.4100259792223385;0.8;N;0.7666652101486133;0.2353962874711659;0.1315334104411641;cluster1
0.6182636135581845;0;N;1.4208737461366574;0.5202446645693114;0.1315334104411641;cluster2
0.3007601329746434;0;N;1.9112968355256967;0.4430077248746423;0.1315334104411641;cluster3
0.5953190260941394;0.4;N;0.9071193965483288;0.4704591800120381;0.6576670522058206;cluster5
0.8116802846402282;0;Y;1.3317483321753758;0.5064091478871029;0.3946002313234923;cluster8
0.7053011155451041;0;Y;1.6504533464976536;0.5056920877394869;0;cluster8
0.3270347862409024;0.8;Y;0.6929384279188623;0.1652688641412666;0.5261336417646564;cluster6
0.1939189715103108;0.8;N;0.5319527325437731;0.1198756899743722;0.2630668208823282;cluster1
0.0155030996378682;0.4;Y;0.7036708076105349;0.0742263909326169;0;cluster6
0.1550309963786821;0.4;Y;1.0303084504005708;0.1786453847606055;0.3946002313234923;cluster6
0.9590217435985278;0;Y;1.2738868068811409;0.4759411771880076;0.2630668208823282;cluster8
0.5240295727193662;0;N;1.7885744068774403;0.4446850668404977;0;cluster3
0.0620123985514728;0.4;Y;0.3541685298251962;0.0601157302016716;0.7892004626469847;cluster6
0.1593563611776473;0;N;1.3322149573793614;0.1522795888190384;0;cluster4
0.7441487826176744;0;Y;0.0919251651851958;0.2865067744751206;0.1315334104411641;cluster6
0.1240247971029457;0;Y;0.654208535988044;0.1488113865240374;0.6576670522058206;cluster6
0.5077575193394598;0;N;1.6532530977215685;0.3699239014894904;0.1315334104411641;cluster3
0.2638255483973861;0;N;1.9864234933674048;0.2529320403696603;0;cluster3
0.1746765242397887;0;N;1.964025483576088;0.2057943231558825;0.2630668208823282;cluster3
0.1061652263201215;0;N;0.8021287256515315;0.2196173841438273;0.1315334104411641;cluster7
1.0542107753750387;0;N;0.7787974654522432;0.1301651376261823;0;cluster2
0.5490081668558995;0;N;1.0410408300922438;0.5577280999537356;0.1315334104411641;cluster2
0.4069749692136061;0;Y;1.3513465907427782;0.087437854956712;0.3946002313234923;cluster8
0.306958272209863;0;N;1.7703760239219957;0.5416207243058125;0.1315334104411641;cluster3
0.0544282822086277;0;N;2.050817771517441;0.2932292692977665;0.2630668208823282;cluster3
0.2814773776450628;0;N;0.9113190233842008;0.0787651116693416;0.2630668208823282;cluster4
0.6715322639138996;0.8;Y;0.6145453936492538;0.5629570302396633;0.1315334104411641;cluster6
0.5271053876875194;0;N;0.2874411256552318;0.5366533635994238;0;cluster7
0.1085216974650775;0;Y;1.2351569149503223;0.1338943874057533;0.1315334104411641;cluster8
0.0930185978272093;0.4;N;0.6868723002670473;0.0990880312680918;0;cluster5
0.7119023353709084;0.4;Y;1.1250333668096817;0.198203211474579;0.3946002313234923;cluster8
0.1240247971029457;0;N;0.9682472982704642;0.0825136043777752;0.5261336417646564;cluster4
0.8460475559174544;0;N;1.766176397086124;0.3242169482461428;0.3946002313234923;cluster3
0.2790557934816278;0;N;0.5860812562061221;0.1488113865240374;0;cluster7
0.43408678986031;0;N;1.7087814969958746;0.4860652699045914;0.3946002313234923;cluster3
0.29535885306081;0.4;N;1.0307750756045566;0.3136680939796659;0.3946002313234923;cluster4
0.5447479150754133;0;Y;0.617345144873168;0.2766351519686137;0.2630668208823282;cluster6
0.0681516260080686;0;Y;2.094213915488117;0.0950505217017415;0.1315334104411641;cluster8
0.0718351624820261;0.4;N;1.0559728366197882;0.0985948006922458;0.3946002313234923;cluster4
0.8991797789963565;0;Y;0.715336437710179;0.4968747241456648;0.2630668208823282;cluster6
0.1395278967408139;0.8;N;0.8422584931943072;0.2047501332176027;0;cluster1
0.8929785391412092;0;N;1.7274465051553054;0.3700802316402499;0.1315334104411641;cluster2
1.0342427830414644;0;Y;1.43487250225623;0.42671508009767;0.3946002313234923;cluster8
0.1767353358716976;0.4;N;0.6080126407934531;0.1847226447863901;0.1315334104411641;cluster5
0.3887402234195455;0;N;1.877699820838722;0.4035191464687383;0;cluster3
0.2890211859288495;0.4;Y;0.3387698980936659;0.38455218208984;0.2630668208823282;cluster6
0.3389442673827127;0;N;1.918762838789469;0.2115249121221582;0.3946002313234923;cluster3
0.1085216974650775;0.4;N;0.6556084116000009;0.1674576354218925;0;cluster5
0.5538017252639283;0;N;1.34341396227502;0.3122519486683716;1.183800693970477;cluster4
0.5373188297289468;0;Y;0.4670918291897515;0.5464806826185494;0.1315334104411641;cluster6
0.3281696131343944;0;Y;0.3131055118744489;0.2156395425739501;0.3946002313234923;cluster6
0.1177305386499712;0;N;1.5795263154918175;0.0646930859661127;0;cluster3
0.43408678986031;0;Y;0.533819233359716;0.2793351288090232;0;cluster6
0.3036127033080111;0;N;2.2090037156686155;0.178512772638444;0;cluster3
0.3497189216310312;0;N;2.078348658552601;0.2285986855579594;0.1315334104411641;cluster3
0.4274204570160266;0;Y;1.0783708464111048;0.3553637169901156;0;cluster8
0.0391918358845308;0.4;Y;0.8884543883888981;0.0418565028459404;0.2630668208823282;cluster6
0.5676242889010517;0.4;N;0.5865478814101077;0.1104104065238474;0.2630668208823282;cluster5
0.4030805905845736;0;N;1.98595686816342;0.5217363644811397;0.3946002313234923;cluster3
0.2790557934816278;0;N;0.1385876855837724;0.2127413934002543;0.1315334104411641;cluster7
0.2432374320782971;0;Y;0.4204293087911749;0.1828884505748058;0;cluster6
0.2159705804352145;0.4;N;0.9813128039820656;0.3709534727686343;0;cluster4
0.5891177862389921;0;Y;0.3112390110585057;0.2127413934002543;0.1315334104411641;cluster6
0.0391918358845308;0;N;1.7829749044296117;0.0840716103506844;0.3946002313234923;cluster3
0.1772221332003267;0;N;0.400364425019787;0.1427529219171419;0.2630668208823282;cluster7
0.310303841111715;0;N;1.777842027185768;0.5127768418857204;0;cluster3
1.9889856711399403;0;Y;0.9164519006280444;0.5581544277885362;0.3946002313234923;cluster2
0.8567012859885975;0;N;1.2542885483137387;1.0673256072323805;0.2630668208823282;cluster2
1.1317262735643796;0;N;0.8613901265577238;0.1861038843197476;0.2630668208823282;cluster2
0.7441487826176744;0;Y;1.1992267742434184;0.1691527286166987;0.2630668208823282;cluster8
0.2015402952922868;0;Y;0.8767887582892541;0.2233963821154578;0;cluster6
0.4147389215122505;0;N;1.8762999452267648;0.4285349539901007;0.5261336417646564;cluster3
0.1605221942704151;0;N;0.4768909584734527;0.2300008834750781;0.7892004626469847;cluster7
0.3193607519201576;0;N;1.4988001552022798;0.8424443870246884;0;cluster2
0.8991797789963565;0;Y;1.766176397086124;0.6043845947759574;0.2630668208823282;cluster8
0.2480495942058914;0;Y;1.6952493660802872;0.2233963821154578;0.3946002313234923;cluster8
0.0846779302220361;0;N;1.3126166988119596;0.1109520427618323;0;cluster4
1.1782355724779845;0.4;N;0.9201849022599302;0.4151864027441086;0.2630668208823282;cluster2
0.5891177862389921;0;Y;0.6397431546644851;0.5963213600725602;0;cluster6
0.2070593987633678;0.4;N;0.9575149185787918;0.1905292358631733;0.5261336417646564;cluster4
0.6747569086385762;0.4;N;0.8385254915624212;0.2421704696957566;0.7892004626469847;cluster5
0.4221680068587169;0;N;1.9439605998047005;1.0897458569071614;0.1315334104411641;cluster3
0.4890297749769149;0;N;1.5389299227450557;0.4629523493757529;0.1315334104411641;cluster3
0.4141249987665909;1.2;Y;0.5706826244745915;0.3565604332443799;0.6576670522058206;cluster6
0.9454720345150308;0.4;N;0.8067949776913891;0.293254553611272;0.3946002313234923;cluster2
0.4154830702948681;0;N;1.3200827020757315;0.3901955811962693;0.1315334104411641;cluster4
0.1064318796338928;0;N;0.2412452304606408;0.0731092568686486;0;cluster7
0.2801906203751198;0;N;0.3131055118744489;0.2990733020423367;0.7892004626469847;cluster7
0.1952739424186604;0;N;0.4194960583832035;0.2173669310718474;0;cluster7
0.1240247971029457;0.8;N;0.8618567517617095;0.0742263909326169;0;cluster1
0.1649529801469178;0;Y;0.1147898001804984;0.2353299814100851;0.2630668208823282;cluster6
0.3073272459812444;0;N;0.7377344475014959;0.2321718289417575;0;cluster7
0.3956763101975277;0;N;2.1320105570109646;0.445893120014092;0.1315334104411641;cluster3
0.1093898710447981;0;N;1.4418718803160169;0.0746904587751867;0.2630668208823282;cluster4
0.2619217677618559;0;N;1.1432317497651263;0.1757999671787928;0;cluster4
0.8567012859885975;0;Y;1.319616076871746;0.6097466592790157;0.1315334104411641;cluster8
0.5860171663114185;0;N;0.5445516130513889;0.4943885079026203;0.3946002313234923;cluster7
0.4100259792223385;0;Y;1.8721003183908929;0.2161509718887204;1.0522672835293128;cluster8
0.0391918358845308;0;Y;1.235623540154308;0.0568822468877968;0.2630668208823282;cluster8
0.217043394930155;0.8;N;1.283219310960856;0.2708595882499965;0.2630668208823282;cluster1
0.8567012859885975;0.8;N;0.9379166600113896;0.8209369085259554;0.1315334104411641;cluster1
0.0541833332343494;0;Y;0.6574749124159439;0.0451797119095117;0.6576670522058206;cluster6
0.2790557934816278;0;N;1.2384232913782225;0.1143875768287643;0.6576670522058206;cluster4
0.43408678986031;0;N;1.1404319985412117;0.4471513688897192;0.1315334104411641;cluster4
0.6487551099259435;0;Y;1.2024931506713188;0.7105790844239999;0.1315334104411641;cluster8
0.077515498189341;0;N;0.7092703100583643;0.1084111557170194;0.3946002313234923;cluster7
1.0342427830414644;0;Y;1.1469647513970125;0.9147992912479256;0;cluster8
0.4147389215122505;0.4;N;0.9295174063396456;0.5357583436523268;0.3946002313234923;cluster5
0.2821564134092015;0;Y;0.3042396329987193;0.1670432411863865;0;cluster6
0.1012042344360037;0;N;2.1502089399664093;0.1056515108801368;0.5261336417646564;cluster3
0.1952739424186604;0;N;1.6891832384284724;0.1206000594515561;0;cluster3
0.43408678986031;0;N;0.4152964315473315;0.3725663732982988;0;cluster7
0.7119023353709084;0;N;0.4045640518556589;0.5102289438513219;0.5261336417646564;cluster7
0.0988477632910477;0;N;0.8287263622787201;0.1558223761096308;0;cluster4
0.655849328320232;0.4;Y;0.3201048899342353;0.4717047494384149;0;cluster6
0.0620123985514728;0;N;1.4712692681671198;0.1115188887283271;0;cluster4
0.2318767606636673;0.4;N;0.4684917048017089;0.217697044262335;0.2630668208823282;cluster5
0.1240247971029457;0;N;0.9430495372552328;0.1488113865240374;0.2630668208823282;cluster4
0.43408678986031;0;N;1.808172665444843;0.6211830004080351;0.3946002313234923;cluster3
0.4061812105121472;0;Y;0.400364425019787;0.4203007704768078;0.2630668208823282;cluster6
0.7241807902841001;0;N;1.5295974186653407;0.259154591966857;1.183800693970477;cluster2
1.1614612186698108;0;N;0.2701759931077583;0.4094220267748301;0.3946002313234923;cluster7
0.1755446978195093;0;N;1.9042974574659104;0.1416000616402853;0.1315334104411641;cluster3
0.207741535147434;0;N;0.2585103630081142;0.2293631817627714;0.2630668208823282;cluster7
0.1550309963786821;0.8;N;0.5552839927430614;0.1786453847606055;0.1315334104411641;cluster1
0.1550309963786821;0.8;N;0.7661985849446277;0.1115188887283271;0;cluster1
0.5581115869632557;0.4;Y;0.8357257403385064;0.4720130092251942;0.1315334104411641;cluster6
0.6312490098148628;0.4;Y;0.9379166600113896;0.6368597968764089;0.5261336417646564;cluster6
0.5445928840790346;0;N;1.7157808750556611;0.2608859334695206;0;cluster3
0.3367056197950046;0.8;Y;1.2650209280054112;0.1260022506822427;0;cluster8
0.340448068047586;0;Y;1.41060799164897;0.3570526942152833;0.3946002313234923;cluster8
0.2790557934816278;0.4;N;1.1231668659937384;0.1239497461885624;0.1315334104411641;cluster4
0.2027402352042578;0;N;1.8039730386089707;0.1245911771506486;0;cluster3
0.8836766793584881;0.4;N;0.3285041436059791;0.4396928693305773;0.2630668208823282;cluster5
0.2431444134804699;0.4;N;0.2986401305508901;0.263427640949285;0.1315334104411641;cluster5
0.3772834327871608;0;Y;0.1497866904794308;0.2451752008281526;0.6576670522058206;cluster6
0.4893398369696723;0.8;Y;0.8735223818613536;0.8340983260180087;0.2630668208823282;cluster6
0.6004660551739117;0;N;1.805839539424914;0.5421406563100801;0;cluster3
0.5891177862389921;0.4;N;0.6560750368039869;0.2327195065643854;0.1315334104411641;cluster5
0.6182636135581845;0;N;0.7657319597406417;0.6243653184149343;0.1315334104411641;cluster2
0.2821564134092015;0;N;1.221624784034735;0.2507442386939772;0.2630668208823282;cluster4
0.1240247971029457;0;N;1.69384949046833;0.3104122351671136;0;cluster3
0.1361482210197586;0;N;1.013976568261069;0.133670632418979;0;cluster4
0.5891177862389921;0;N;1.3583459688025643;0.7454913512554011;0.1315334104411641;cluster2
0.43408678986031;0;N;1.8721003183908929;1.39811006268033;0;cluster2
0.4426103940412099;0;Y;1.2897520638166569;0.4743407323526069;0.2630668208823282;cluster8
0.1550309963786821;0;N;0.265043115863915;0.0443923926960487;0.1315334104411641;cluster7
0.1421324174799758;0;N;1.2986179426923865;0.1186364602726208;0.7892004626469847;cluster4
0.0930185978272093;0.4;N;0.1539863173153027;0.1488113865240374;0.1315334104411641;cluster5
0.8567012859885975;0.4;N;0.767131835352599;0.42671508009767;0.2630668208823282;cluster5
0.3719131590726033;0;N;1.7507777653545935;0.2765605669730224;0;cluster3
0.6666332844283333;0;N;0.3737667883925983;0.2094116954420664;0.1315334104411641;cluster7
0.0865693083778561;0;N;1.9896898697953056;0.112771916654263;0.5261336417646564;cluster3
0.4709221545998849;1.2;Y;0.8968536420606419;0.1337949656066299;0.5261336417646564;cluster6
0.8567012859885975;0.8;Y;1.083970348858934;0.3046940273101062;0.3946002313234923;cluster6
0.1395278967408139;0;N;1.7811084036136684;0.2275400261305348;0.1315334104411641;cluster3
0.0742908534646644;0;N;0.878655259105197;0.0840716103506844;0.2630668208823282;cluster4
0.1062148362389627;0;N;1.735845758827049;0.0631189696341558;0;cluster3
0.0713142583341937;0.4;N;0.6906053018989334;0.0699643805295363;0.5261336417646564;cluster5
0.1697651422745121;0;N;2.011621254382637;0.3446076656058857;0;cluster3
0.3394620709106176;0.4;Y;0.868856129821496;0.3423939083517368;0.3946002313234923;cluster6
0.5185321735877781;0;N;1.171695887208258;0.2030117061403578;0;cluster4
0.1444888886249317;0;N;1.317282950851817;0.2107169328649163;0;cluster4
0.1240247971029457;0.4;Y;0.6584081628239157;0.1861038843197476;0;cluster6
0.7119023353709084;0.8;N;1.0158430690770124;0.4578610284066913;0;cluster1
0.3281696131343944;0;Y;0.7927962215718163;0.2331529199737671;0.7892004626469847;cluster6
0.1550309963786821;0;Y;1.6789174839407854;0.2030550400227965;0.1315334104411641;cluster8
0.0637611481906244;0;N;0.8823882607370831;0.2276029758668139;0;cluster4
0.4058649472795347;0;N;0.8945205160407133;0.4199964636947949;0.1315334104411641;cluster4
0.0712212397363665;0.4;N;0.2239800979131676;0.0816103054961675;0;cluster5
0.2432374320782971;0;Y;0.2006488377138793;0.0781758156191738;0.2630668208823282;cluster6
0.7119023353709084;0;N;1.955159604700359;0.5953269183263398;0.2630668208823282;cluster3
0.5261752017092473;0;Y;1.5561950552925294;0.4464055189338051;0.1315334104411641;cluster8
0.5261752017092473;0;N;1.6807839847567287;0.5357583436523268;0.1315334104411641;cluster3
0.3410681920331007;0;Y;0.3439027753375095;0.3576493741800147;0.1315334104411641;cluster6
0.2790557934816278;0;N;0.6098791416093959;0.1861038843197476;0;cluster7
0.2058811631908899;0.8;Y;0.5888810074300365;0.2586547233264032;0.2630668208823282;cluster6
0.440740720224883;0.4;Y;0.899186768080571;0.1887715658570659;0.6576670522058206;cluster6
0.8567012859885975;0;N;0.8917207648167985;0.4741676951628348;0.1315334104411641;cluster2
0.3720743913088372;0;N;1.7269798799513194;0.1759331759809191;1.183800693970477;cluster3
0.8991797789963565;0;Y;1.1730957628202154;0.3725663732982988;0;cluster8
0.3445408863519831;0;N;1.2855524369807847;0.1638911301027019;0.7892004626469847;cluster4
0.7119023353709084;0;Y;1.6149898309947357;0.4464055189338051;0.3946002313234923;cluster8
0.5336042870557136;0;N;0.4554261990901074;0.3876879590594902;0.1315334104411641;cluster7
0.9590217435985278;0.8;N;0.7340014458696096;0.7934743402242164;0.3946002313234923;cluster1
0.1860371956544186;0;N;1.6271220862983655;0.2084793829971737;0.3946002313234923;cluster3
0.2790557934816278;0;N;1.7059817457719602;0.2127413934002543;0.2630668208823282;cluster3
0.2790557934816278;0;N;1.7587103938223514;0.2127413934002543;0.2630668208823282;cluster3
0.0076027200624105;0;N;0.3037730077947335;0.0261765738077517;0.1315334104411641;cluster7
0.1250045930000589;0;Y;1.8469025573756608;0.1497541408683129;0.2630668208823282;cluster8
0.2790557934816278;0;Y;1.676117732716871;0.165385813414354;0;cluster8
0.3348669521779534;1.2;Y;0.944916038071176;0.2043164960532342;0.1315334104411641;cluster6
0.2821564134092015;0.4;N;0.7615323329047698;0.125192779725089;0.1315334104411641;cluster5
0.4199603654702845;0;N;1.808172665444843;0.4335589992931388;0;cluster3
0.1085216974650775;0.4;N;0.8427251183982933;0.0555801420347618;0.2630668208823282;cluster5
0.365922761372531;0;Y;0.6206115213010684;0.1360424352787862;0;cluster6
0.2790557934816278;0;N;0.7447338255612824;0.2256565312368646;0.1315334104411641;cluster7
0.8024001291970003;0;N;1.1693627611883295;0.2502348977590833;0.5261336417646564;cluster2
0.3317601310105246;0;Y;0.6910719271029194;0.2489641186041967;0;cluster6
0.2956255063745814;0;N;1.714380999443704;0.1742432291508087;0;cluster3
0.4100259792223385;0;Y;1.4941339031624223;0.2353962874711659;0.1315334104411641;cluster8
0.1342568428639387;0;N;2.181472828633455;0.2646667214810453;0;cluster3
0.5261752017092473;0;N;1.5851258179396468;0.6088652138011164;0.3946002313234923;cluster2
0.1697651422745121;0.8;N;0.6430095310923855;0.3216099043102403;0.1315334104411641;cluster1
0.7119023353709084;0;N;0.524020104076015;0.3967650276079615;0.6576670522058206;cluster7
0.5891177862389921;0.4;Y;0.7088036848543783;0.1985347417799828;0.2630668208823282;cluster6
0.4359223568574336;0;N;0.1045240456928114;0.3205529603377143;0;cluster7
0.5005733829672716;0;Y;1.0713714683513185;0.2553829033247944;0;cluster8
0.1140035934970277;0;N;1.2482224206619237;0.0771567608244082;0.1315334104411641;cluster4
0.1550309963786821;0;N;0.9864456812259093;0.1115188887283271;0.2630668208823282;cluster4
0.5077575193394598;0;N;1.9402275981728143;0.3699239014894904;0.6576670522058206;cluster3
1.0870711453674642;0;N;1.204359651487262;0.4886450157321074;0.1315334104411641;cluster2
0.1649529801469178;0.4;Y;0.3555684054371536;0.0939168297687519;0.1315334104411641;cluster6
0.168034996354926;0.8;Y;1.0303084504005708;0.0953995794811093;0.3946002313234923;cluster6
0.3497189216310312;0;N;1.8469025573756608;0.2540383596092678;0.2630668208823282;cluster3
0.0371454267323322;0.4;N;0.3793662908404276;0.0816103054961675;0.2630668208823282;cluster5
0.1164096745608248;0;N;0.3233712663621357;0.100957653352582;0.3946002313234923;cluster7
0.4711888079136562;0;N;1.4834015234707496;0.4023158667348619;0.2630668208823282;cluster4
0.1550309963786821;0;Y;0.3378366476856944;0.089143390050901;0;cluster6
1.0072301822324428;0;Y;1.3499467151308209;0.3118243528886459;0;cluster8
0.5113170310163143;0;N;1.6261888358903942;0.2368324961462743;0.6576670522058206;cluster3
0.1649529801469178;0;N;0.1292551815040571;0.2353299814100851;0.2630668208823282;cluster7
0.1445571022633383;0.4;Y;0.9617145454146636;0.1052201858506317;0.5261336417646564;cluster6
0.0310061992757364;0;N;1.261754551577511;0.0825136043777752;0.2630668208823282;cluster4
0.5261752017092473;0;N;1.7685095231060526;0.3347144880356529;0;cluster3
0.5077575193394598;0;N;1.7447116377027785;0.323638616190327;0;cluster3
0.119848262060504;0.4;Y;1.3499467151308209;0.1206008798865076;0;cluster8
0.2790557934816278;0.8;Y;0.6047462643655526;0.1458864613369242;0.6576670522058206;cluster6
0.1395278967408139;0.4;Y;0.9537819169469054;0.2047501332176027;0;cluster6
0.1550309963786821;0;N;0.6864056750630616;0.1488113865240374;0.2630668208823282;cluster7
0.2635526938437597;0;N;1.0279753243806422;0.0783700349476938;0;cluster4
0.4290420812381477;0;Y;1.3653453468623509;0.6144413372415222;0.2630668208823282;cluster8
0.0155030996378682;0.4;N;0.7755310890243428;0.0220168940186225;0.3946002313234923;cluster5
0.0620123985514728;0;N;1.805839539424914;0.0343320701506955;0.3946002313234923;cluster3
0.3720743913088372;0;N;0.6574749124159439;0.2151091686702995;0.1315334104411641;cluster7
0.4000047756164205;0;N;1.8207715459524587;0.3836380683838716;0;cluster3
0.5679622564731571;0.8;N;0.5716158748825632;0.3198215052859492;0;cluster1
0.2790557934816278;0;N;0.1227224286482563;0.1488113865240374;0.3946002313234923;cluster7
0.2790557934816278;0;N;0.4614923267419225;0.2127413934002543;0.3946002313234923;cluster7
0.1649529801469178;0;Y;2.089081038244274;0.1469467616342518;0.1315334104411641;cluster8
0.1240247971029457;0;N;1.9560928551083308;0.1861038843197476;0.1315334104411641;cluster3
1.2092417717537207;1.2;N;0.9131855242001438;0.2979813777068783;0.2630668208823282;cluster1
0.1547209343859247;0.8;Y;0.68547242465509;0.1783470447782398;0;cluster6
0.5561054858701157;0.8;N;0.7344680710735956;0.1565624084358889;0.2630668208823282;cluster1
0.2790557934816278;0;N;1.1096347350781512;0.2127413934002543;0.3946002313234923;cluster4
0.7856846871674508;0;Y;1.0326415764205;0.3270645287928277;0.2630668208823282;cluster8
0.1111262182042393;0;N;1.997155873059078;0.1705902052367321;0.1315334104411641;cluster3
0.0930185978272093;0;Y;0.2911741272871178;0.1985347417799828;0.1315334104411641;cluster6
0.5147029079772247;0;N;1.3560128427826357;0.2383133812337419;0;cluster4
0.43408678986031;0;Y;0.9682472982704642;0.3992038823788055;0.2630668208823282;cluster6
0.0591350232586845;0;Y;0.7167363133221364;0.1080581449328852;0.1315334104411641;cluster6
0.1705340960165503;0.4;Y;0.7242023165859087;0.1935623838788896;0.2630668208823282;cluster6
0.6018427304217544;0;Y;1.4316061258283297;0.4345870042873753;0.6576670522058206;cluster8
0.1444888886249317;0;N;1.991556370611249;0.2341697372186649;0.1315334104411641;cluster3
0.1085216974650775;0;Y;0.0004666252039856;0.1115188887283271;0;cluster6
0.3199839765255999;0;N;1.479201896634878;0.2107169328649163;0.3946002313234923;cluster4
0.586776818193674;0;Y;1.1520976286408555;0.2698356854305175;0;cluster8
0.4893398369696723;0.8;Y;0.464292077965837;0.2777936807051353;0.3946002313234923;cluster6
0.3504599697937213;0.8;Y;1.139965373337226;0.2476445608621933;0;cluster6
0.0713142583341937;0;Y;1.3798107281859096;0.0816848904917589;0.5261336417646564;cluster8
0.1395278967408139;0.4;N;0.9915785584697524;0.0816848904917589;0.2630668208823282;cluster4
0.199233434066172;0;Y;0.7237356913819227;0.1578809219879541;0.2630668208823282;cluster6
0.3332360260960497;0;N;1.0989023553864783;0.3501133062254575;0.1315334104411641;cluster4
0.2790557934816278;0;N;1.855768436251391;0.1861038843197476;0.1315334104411641;cluster3
0.3460787938360597;0;Y;1.3256822045235608;0.251606068318036;0.1315334104411641;cluster8
0.3037925392638104;0.4;N;0.8128611053432043;0.4235118782920053;0.5261336417646564;cluster5
0.662788515718142;0;Y;1.5328637950932409;0.450699227960012;0.9207338730881488;cluster8
0.3813669492317753;0;N;1.807706040240857;0.3964246216880824;0.2630668208823282;cluster3
0.1883874655595194;0;N;1.6910497392444157;0.1504266737735607;0;cluster3
0.5891177862389921;0.4;N;1.341547461459077;0.1352504917955965;0.1315334104411641;cluster4
0.4608823472744014;0;N;0.4876233381651253;0.1816769664914144;0.9207338730881488;cluster7
0.2563344506523682;0;N;1.638321091194024;0.2761190237991211;0.3946002313234923;cluster3
0.761102972381647;0;N;0.0634610277420641;0.3460792275689043;0;cluster7
0.4630279762642824;0;N;0.9925118088777242;0.474998422843732;0.7892004626469847;cluster4
0.0930185978272093;0;Y;0.2795084971874736;0.1239497461885624;0.5261336417646564;cluster6
0.5298897443824804;0;Y;1.6014577000791486;0.3851349892453914;0.1315334104411641;cluster8
0.4100259792223385;0.4;N;1.2374900409702512;0.3027548174247292;0;cluster4
0.6750669706313336;0;N;1.3023509443242722;0.4714329617144797;0.2630668208823282;cluster2
0.2997679345978197;0.4;N;1.2682873044333116;0.3179104885289059;0.2630668208823282;cluster4
0.1860371956544186;0.4;N;0.868856129821496;0.1488113865240374;0.2630668208823282;cluster5
0.0620123985514728;0;N;1.7876411564694692;0.0555801420347618;0;cluster3
0.2790557934816278;0.4;N;0.211381217405552;0.2482580224509327;0.2630668208823282;cluster5
0.7750309570963079;0;Y;1.5342636707051984;0.807521230783931;0;cluster8
0.3515916960672857;0;N;1.808172665444843;0.4598084426415833;0.2630668208823282;cluster3
0.43408678986031;0.4;N;1.1385654977252688;0.2030550400227965;0;cluster4
0.5891177862389921;0;Y;0.7937294719797877;0.3725663732982988;0.2630668208823282;cluster6
0.3590207814137521;0;N;1.050839959375945;0.2341925602273159;0.3946002313234923;cluster4
0.3255650923952324;0;Y;1.7470447637227071;0.237898986998236;0;cluster8
0.360912159569572;0;N;1.4176073697087568;0.4710185674789738;0;cluster4
0.020107520230315;0;N;2.034952514581925;0.076487211318984;0;cluster3
0.2790557934816278;0;Y;0.629944025380784;0.1488113865240374;0.2630668208823282;cluster6
0.3193607519201576;0;Y;0.60614613997751;0.4210428911829425;0.1315334104411641;cluster6
0.1550309963786821;0;N;1.901964331445981;0.2979813777068783;0.2630668208823282;cluster3
0.3262968386981399;0;Y;2.0354191397859105;0.2861372804069607;0.2630668208823282;cluster8
0.8991797789963565;0;N;0.334570271257794;0.1594663752392409;0.2630668208823282;cluster7
0.1798049495999955;0;N;1.8123722922807144;0.4053241033620506;0.1315334104411641;cluster3
0.3036127033080111;0;N;1.500666656018223;0.0801335225834574;0.6576670522058206;cluster4
0.4100259792223385;0;Y;0.3928984217560148;0.2648656396642876;0;cluster6
0.5109325541452951;0.4;N;1.5412630487649848;0.3255479920774674;0.6576670522058206;cluster4
0.0620123985514728;0;Y;1.2370234157662654;0.0443923926960487;0.6576670522058206;cluster8
0.1240247971029457;0.4;N;1.0298418251965853;0.1488113865240374;0.1315334104411641;cluster4
0.703105876636382;0.4;Y;0.332703770441851;0.4411155781214835;0.2630668208823282;cluster6
0.5445928840790346;0;N;0.9183184014439872;0.3457903598809788;0.6576670522058206;cluster4
0.3193607519201576;0.4;N;0.9757133015342364;0.2805757010406953;0.2630668208823282;cluster4
0.1550309963786821;1.2;Y;0.6630744148637733;0.1786453847606055;0.3946002313234923;cluster6
0.1547209343859247;0;Y;0.3760999144125272;0.1592000322199839;0.5261336417646564;cluster6
0.6776249820715817;0;N;0.9323171575635602;0.4257920907772263;0.6576670522058206;cluster2
0.5891177862389921;0;N;0.4740912072495381;0.2568310455991974;0;cluster7
0.4143730483607968;0;Y;1.6737846066969422;0.2182849977825821;0.3946002313234923;cluster8
0.1240247971029457;0;N;0.3611679078849827;0.092872639830472;0.3946002313234923;cluster7
0.8285352545665186;0.8;N;0.8809883851251261;0.2580933220645866;0;cluster1
0.2790557934816278;0.4;Y;1.0424407057042009;0.4968747241456648;0;cluster6
0.1943220521008953;0;N;1.2370234157662654;0.2164510273259847;0.1315334104411641;cluster4
0.3193607519201576;0;N;0.3280375184019934;0.4954078610373683;0;cluster7
0.5891177862389921;0;Y;1.5449960503968707;0.4258413914593121;0.6576670522058206;cluster8
0.5445928840790346;0;N;0.6663407912916737;0.2304073717010513;0.3946002313234923;cluster7
0.3193607519201576;0;N;1.0975024797745216;0.3006424957645846;0.9207338730881488;cluster4
0.353312540127089;0.4;N;0.5394187358075454;0.3077992244315637;0.1315334104411641;cluster5
0.1918167511994158;0.4;Y;0.635543527828613;0.1113075894358166;0.3946002313234923;cluster6
0.7441487826176744;0;Y;0.5006888438767267;0.2660164115612676;0.2630668208823282;cluster6
0.5077575193394598;0;N;1.828704174420216;0.4316376898067038;0.3946002313234923;cluster3
0.0391918358845308;0;N;0.4465603202143779;0.0559282302091869;0.1315334104411641;cluster7
0.2821564134092015;0;N;0.8319927387066205;0.5791094552249237;0.2630668208823282;cluster4
0.1550309963786821;0;N;1.593058446407405;0.2793351288090232;0.1315334104411641;cluster3
0.3317601310105246;0;N;1.925762216849256;0.2177987781963217;0;cluster3
0.4960991884117828;0;N;0.4656919535777943;0.3619113845830952;0.2630668208823282;cluster7
0.1485817069293289;0.8;Y;0.6747400449634176;0.0716407528904491;0.2630668208823282;cluster6
0.5891177862389921;0;N;1.5473291764167996;0.5323913531963433;0.2630668208823282;cluster2
0.2790557934816278;0;N;0.6733401693514601;0.2979813777068783;0.3946002313234923;cluster7
0.5508592369526609;0.4;N;0.3788996656364419;0.4661979154589135;0;cluster5
0.4518843482445827;0;Y;1.891231951754309;0.4298586884918572;0.2630668208823282;cluster8
0.0930185978272093;0.4;N;1.317282950851817;0.0990880312680918;0.2630668208823282;cluster4
1.4548108700175533;0.4;Y;0.2067149653656942;0.8931696425264136;0;cluster6
0.43408678986031;0;Y;1.6037908260990772;0.3725663732982988;0.3946002313234923;cluster8
0.43408678986031;0;N;1.97709098928769;0.7987663694164143;0.1315334104411641;cluster3
0.1012042344360037;0.8;Y;0.244978232092527;0.0736019653495255;0.1315334104411641;cluster6
0.5891177862389921;0;N;0.5963470106938088;0.3725663732982988;0.7892004626469847;cluster7
0.892209585399171;0;Y;1.3863434810417106;0.6165256149433245;0.2630668208823282;cluster8
0.360912159569572;0;Y;1.4773353958189346;0.1174856883756408;0;cluster8
0.2347851421557314;0;N;0.2160474694454095;0.2553843950247062;0.1315334104411641;cluster7
0.1240247971029457;0.8;N;0.6724069189434885;0.2402381216299741;0;cluster1
0.5138967467960556;0;Y;0.4610257015379366;0.2181008474284669;0.2630668208823282;cluster6
0.347269431888248;0;N;1.5468625512128138;0.4546098684488613;0.1315334104411641;cluster3
0.1547209343859247;0.4;Y;0.3695671615567265;0.1485627947337311;0.1315334104411641;cluster6
0.2002256324429955;0;Y;0.9943783096936673;0.1386976611218408;0.1315334104411641;cluster6
0.1342568428639387;0;Y;0.5767487521264066;0.1321540957036187;0.3946002313234923;cluster6
0.5240047677599456;0;N;1.6747178571049135;0.3810903941044599;0;cluster3
0.2468434530540652;0.8;N;0.7363345718895387;0.1667322963397659;0.1315334104411641;cluster1
0.1269393798348649;0;N;0.494156091020926;0.0787947219125914;0.5261336417646564;cluster7
0.6715322639138996;0;Y;1.8716336931869069;0.281299175497932;0.2630668208823282;cluster8
0.1665404975498355;0;Y;0.7484668271931684;0.1354116699710695;0.1315334104411641;cluster6
0.5197321134997492;0.4;N;0.5370856097876164;0.3308397975146786;0;cluster5
0.43408678986031;0;N;1.5529286788646288;0.3725663732982988;0.2630668208823282;cluster3
0.3441688119606743;0;Y;1.743778387294807;0.6442688465834739;0.2630668208823282;cluster8
0.0742908534646644;0;N;1.1684295107803575;0.0559282302091869;0;cluster4
0.1240247971029457;0.8;Y;0.7834637174921009;0.1328288661587342;0;cluster6
0.0391918358845308;0;N;0.4619589519459082;0.0478872218344759;0.3946002313234923;cluster7
0.306958272209863;0;N;1.1721625124122437;0.2899874324643854;0.2630668208823282;cluster4
0.0918403622547313;0;N;1.9318283445010709;0.1281221800119376;0;cluster3
0.1085216974650775;0.4;N;0.9957781853056242;0.1394882620751098;0.2630668208823282;cluster4
0.662788515718142;0;Y;0.3816994168603564;0.3030803063454902;0;cluster6
0.3332360260960497;0.8;Y;0.7330681954616383;0.312562744345001;0;cluster6
0.4371874097878837;0;Y;1.663985477413241;0.3515893432882118;0.3946002313234923;cluster8
0.4709221545998849;0;N;0.3434361501335236;0.2411177770679793;0.3946002313234923;cluster7
0.0848205587387045;0;N;2.126877679767121;0.2318244866172883;0.1315334104411641;cluster3
0.8567012859885975;0;N;1.8063061646289;0.8537887648541435;0.2630668208823282;cluster2
0.6225920789770771;0;N;1.196893648223489;0.3140857699549778;0.1315334104411641;cluster2
0.3705612887841812;0.4;Y;1.0592392130476886;0.160635569630132;0.1315334104411641;cluster6
0.3281696131343944;0;N;0.6075460155894673;0.1436401850246974;0.2630668208823282;cluster7
0.2603776590379242;0;Y;2.0578171495772275;0.4669213899161503;0.2630668208823282;cluster8
0.4148257388702225;0.4;N;0.8100613541192896;0.3826566790118796;0.2630668208823282;cluster5
0.3193607519201576;0;N;1.178228640064059;0.2475246281892823;0.3946002313234923;cluster4
0.8116802846402282;0.8;N;0.6710070433315314;0.5064091478871029;0;cluster1
0.1240247971029457;0.4;Y;0.187116706798292;0.1861038843197476;0.1315334104411641;cluster6
0.728645682979806;0;N;2.009754753566693;0.730574352137117;0;cluster3
0.5077575193394598;0;N;1.5319305446852691;0.5180369486998053;0.5261336417646564;cluster2
0.3277665325438098;0;N;0.3938316721639864;0.2462193907664325;0;cluster7
0.1943220521008953;0;N;1.6415874676219242;0.2164510273259847;0.6576670522058206;cluster3
0.2015402952922868;0;N;1.0074438154052685;0.2233963821154578;0.2630668208823282;cluster4
0.4030805905845736;0;N;0.8968536420606419;0.1488113865240374;0.2630668208823282;cluster4
1.1054578215379758;0;N;1.2883521882046995;0.58129009674103;0;cluster2
1.519303764511085;0.8;N;0.6042796391615669;0.8669087876736437;0.1315334104411641;cluster2
0.3410681920331007;0;N;1.1768287644521014;0.4707044900625383;0;cluster4
0.1240247971029457;0;N;0.4773575836774385;0.1377617685971596;0.5261336417646564;cluster7
0.4650557816969156;0.4;Y;1.2248911604626356;0.1701086099201983;1.0522672835293128;cluster8
0.1444888886249317;0;N;0.4848235869412108;0.3373622553791483;0.1315334104411641;cluster7
0.2192417344588047;0.4;N;0.2183805954653384;0.1396339265714999;0.5261336417646564;cluster5
0.2790557934816278;0.8;N;0.9108523981802152;0.1269195715430216;0.7892004626469847;cluster1
0.2055897049176979;0;Y;1.6215225838505365;0.070782428761183;0.2630668208823282;cluster8
0.5113480372155901;0.8;Y;1.0858368496748774;0.4345166706365326;0.2630668208823282;cluster6
0.3040436894779438;0;N;1.8184384199325292;0.229915110730148;0;cluster3
0.615510263062499;0;Y;0.4316283136868334;0.2588391720205008;0.1315334104411641;cluster6
0.3281696131343944;0;Y;1.6887166132244866;0.2876389001232028;0.1315334104411641;cluster8
0.6750669706313336;0.4;Y;0.5926140090619229;0.4849127079677172;0.1315334104411641;cluster6
0.1085216974650775;0;N;0.2076482157736657;0.2233963821154578;0;cluster7
0.1976955265820954;0.4;N;0.7064705588344496;0.2747108590823551;0.5261336417646564;cluster5
0.2790557934816278;0.8;N;0.7792640906562291;0.414002515109086;0.3946002313234923;cluster1
0.4893398369696723;0.8;Y;0.665874166087688;0.4168698606796026;0.1315334104411641;cluster6
0.2130994063822813;0;N;0.1502533156834165;0.2345184966580504;0;cluster7
0.1593563611776473;0;N;1.8762999452267648;0.0759604920801174;0;cluster3
0.5860171663114185;0.8;N;0.7144031873022078;0.4634668366753425;0.1315334104411641;cluster1
0.306958272209863;0.4;Y;0.7759977142283289;0.2319182399567467;0.1315334104411641;cluster6
0.1240247971029457;0.8;N;0.7820638418801434;0.1061913570782275;0.3946002313234923;cluster1
0.6491705929962385;0.4;N;1.3065505711601446;0.5450267972994858;0.5261336417646564;cluster2
0.5271053876875194;0;N;1.0993689805904645;0.609882254801001;0.5261336417646564;cluster2
0.8602514958056694;0;Y;1.4908675267345222;0.356959462970794;0.2630668208823282;cluster8
0.2024580787908485;0.4;Y;0.5613501203948764;0.1017495968357717;0.1315334104411641;cluster6
0.1444888886249317;0;N;1.4871345251026358;0.0934527619261821;0;cluster4
1.495342173710796;0.4;Y;1.6495200960896823;0.564504519728194;0.6576670522058206;cluster8
0.687345425544525;0;N;0.6640076652717447;0.2876389001232028;0.2630668208823282;cluster7
0.4893398369696723;0;N;1.5197982893816395;0.2777936807051353;0;cluster3
0.1395278967408139;0;N;1.9476936014365869;0.1021957642793996;0.1315334104411641;cluster3
0.3627353240869853;0;N;1.146498126193027;0.1574980772055833;0;cluster4
0.054273251212249;0;N;1.3331482077873331;0.0289468842990038;0.1315334104411641;cluster4
0.8371673804448836;0;N;1.206226152303205;0.278092020687501;0.3946002313234923;cluster2
0.3193607519201576;0.4;N;0.3121722614664775;0.3367625920145933;0.1315334104411641;cluster5
0.3445408863519831;0;N;0.8473913704381507;0.2577480681199939;0;cluster4
0.2109041674735592;0;N;0.3112390110585057;0.1659020161688422;0.1315334104411641;cluster7
0.340448068047586;0;N;0.9813128039820656;0.3570526942152833;0;cluster4
0.2318767606636673;0;Y;1.7890410320814265;0.2870783938813332;0.1315334104411641;cluster8
0.1705340960165503;0;N;1.687316737612529;0.2848192889498647;0.1315334104411641;cluster3
0.5077575193394598;0.4;N;0.7811305914721722;0.6476358370394575;0.3946002313234923;cluster5
0.2015402952922868;0;N;1.349480089926835;0.1691527286166987;0.1315334104411641;cluster4
0.230140413504226;0;N;1.147898001804984;0.1252783287150324;0;cluster4
0.9688041994700226;0.4;N;0.8063283524874034;0.9616535854784558;0.2630668208823282;cluster2
0.0681516260080686;0;N;0.1343880587479005;0.0950505217017415;0;cluster7
0.1395278967408139;0;N;1.000444437345482;0.1363805290638021;0.2630668208823282;cluster4
0.8567012859885975;0;N;1.7223136279114617;0.4741676951628348;0.1315334104411641;cluster2
0.1240247971029457;0;Y;1.208092653119148;0.0742263909326169;0.9207338730881488;cluster8
0.1444888886249317;0.4;Y;1.115700862729966;0.1403584452186749;0.2630668208823282;cluster6
0.6662581094170968;0.4;N;0.9332504079715318;1.1178146520530674;0;cluster2
1.1831345519635508;0.4;Y;0.5067549715285417;0.729791209683407;0.3946002313234923;cluster6
0.2018317535654787;0.4;Y;0.7615323329047698;0.1596667105373994;0;cluster6
0.306958272209863;0;Y;0.4493600714382925;0.1474539396042735;0.6576670522058206;cluster6
0.186812350636312;0;N;0.3653675347208546;0.086967969484486;0.1315334104411641;cluster7
0.1240247971029457;0;Y;2.0475513950895405;0.4600426395277404;0;cluster8
0.86817357972062;0;N;1.6149898309947357;0.4803002226703525;0.7892004626469847;cluster2
0.5891177862389921;0;Y;1.9700916112279037;0.4258413914593121;0;cluster8
0.2015402952922868;0;Y;1.905697333077868;0.2147903923991418;0.2630668208823282;cluster8
1.3565832307120202;0.4;Y;1.4834015234707496;0.8340983260180087;0.1315334104411641;cluster8
0.1175755076535925;0;N;1.6033242008950914;0.198203211474579;0.5261336417646564;cluster3
0.625953150978567;0;Y;0.3159052630983635;0.4934872974008892;0.1315334104411641;cluster6
0.5891177862389921;0;N;1.6047240765070487;0.2127413934002543;0.2630668208823282;cluster3
0.021642327094464;0;Y;0.2067149653656942;0.0313027259697544;0.2630668208823282;cluster6
0.3642391247518585;0;N;0.1805839539424914;0.2109207736578677;0.2630668208823282;cluster7
0.6750669706313336;0;Y;2.0316861381540243;0.8488661551451098;0;cluster8
0.8960791590687828;0;Y;1.0979691049785072;0.3908854924054899;0.1315334104411641;cluster8
0.2089569781590429;0;N;1.8361701776839887;0.262017835362616;0.5261336417646564;cluster3
0.0020464091521986;0;N;1.3914763582855538;0.0314444374613781;0;cluster4
0.4333116348784166;0;Y;2.015820881218509;0.5580965498319572;0.3946002313234923;cluster8
0.2480495942058914;0;N;0.9752466763302506;0.2233963821154578;0.2630668208823282;cluster4
0.2294458746404495;0;N;1.2584881751496104;0.2502469805283692;0.9207338730881488;cluster4
1.0342427830414644;0;N;1.3686117232902513;0.776138997208876;0.1315334104411641;cluster2
0.1705340960165503;0;N;1.2393565417861945;0.2420426310133129;0.2630668208823282;cluster4
0.0865693083778561;0.4;Y;0.5310194821358016;0.112771916654263;0.2630668208823282;cluster6
0.3262968386981399;0;N;1.7311795067871916;0.4771345371174703;0;cluster3
0.7441487826176744;0.8;Y;0.8156608565671186;0.1861038843197476;0;cluster6
1.316929402458281;0;N;0.3079726346306055;0.4984784507208715;0.3946002313234923;cluster7
0.217043394930155;0;Y;1.00837706581324;0.1701213639544444;0.6576670522058206;cluster6
1.1315650413281455;0;N;0.4726913316375808;0.3880510388180292;0.2630668208823282;cluster7
0.1342568428639387;0;N;2.1306106813990078;0.1803404779554117;0.1315334104411641;cluster3
0.2506541149450533;0;N;1.194093896999575;0.2416164523485035;0;cluster4
0.5148145302946173;0;N;1.6490534708856963;0.5248271666984482;0.2630668208823282;cluster3
0.3445408863519831;0;N;0.4465603202143779;0.2577480681199939;0.1315334104411641;cluster7
0.0742908534646644;0;Y;2.155808442414238;0.0840716103506844;0.3946002313234923;cluster8
0.1746765242397887;0.4;Y;0.8959203916526707;0.0985948006922458;0.2630668208823282;cluster6
0.5410333724021801;0;N;1.542196299172956;0.3054266011368051;0.7892004626469847;cluster3
0.0930185978272093;0;N;0;0.1985347417799828;0.1315334104411641;cluster7
0.217043394930155;0.4;N;1.0727713439632758;0.1985347417799828;0.2630668208823282;cluster4
0.4709221545998849;0;N;1.414807618484842;0.2008717134468488;0.1315334104411641;cluster4
1.3271149389203605;0;Y;0.4488934462343067;0.5727891226985068;0.3946002313234923;cluster6
0.1240247971029457;0.8;N;0.3471691517654098;0.1328288661587342;0;cluster1
0.3775934947799182;0;N;1.7157808750556611;0.1634548824634877;0.3946002313234923;cluster3
0.4890297749769149;0;N;1.4806017722468348;0.6251111683708483;0;cluster2
0.3425378858787706;0;N;1.102168731814379;0.1993203455385473;0;cluster4
0.3445408863519831;0.4;N;0.9276509055237028;0.2577480681199939;0.5261336417646564;cluster5
0.9809803339256042;0;N;1.0989023553864783;0.3474013957857536;0.2630668208823282;cluster2
0.6827099987528025;0;N;1.0611057138636315;0.4901655800372297;0.3946002313234923;cluster2
0.6869640492934336;0;N;1.7997734117730988;0.6164513282877154;0.5261336417646564;cluster3
0.3193607519201576;0;N;1.5403297983570132;0.4954078610373683;0;cluster3
1.2092417717537207;0;Y;1.3504133403348064;0.6626191422188222;0.2630668208823282;cluster8
0.43408678986031;0.4;N;0.9234512786878306;0.2233963821154578;0.5261336417646564;cluster5
0.3445408863519831;0.4;N;1.5253977918294686;0.2577480681199939;0;cluster4
0.399979970657;0;Y;1.8576349370673344;0.2958504097978358;0.3946002313234923;cluster8
0.1918167511994158;0;N;0.7498667028051258;0.1113075894358166;0.1315334104411641;cluster7
0.0899179778996356;0;N;0.4568260747020647;0.1935623838788896;0.2630668208823282;cluster7
0.5521770004218798;0;N;1.714380999443704;0.2981178682488106;0.3946002313234923;cluster3
0.4709221545998849;0.4;Y;0.8422584931943072;0.1721244931810432;0.1315334104411641;cluster6
0.662788515718142;0;N;1.2290907872985073;0.3334241676119213;0;cluster2
0.294558893119496;0;Y;1.2962848166724577;0.260688879911168;0;cluster8
0.1240247971029457;0;N;1.9920229958152345;0.2482580224509327;0;cluster3
0.1567673435381233;0;N;0.5412852366234885;0.3222747549609422;0;cluster7
0.3505808939708966;0;N;1.000911062549468;0.3274637822742285;0;cluster4
0.3425378858787706;0;N;0.6677406669036311;0.2991598206372227;0;cluster7
0.7291913920870591;0;Y;1.4064083648130985;0.6091897331169347;0;cluster8
0.43408678986031;0;Y;1.7867079060614974;0.2107310294290831;0;cluster8
0.0804300809212603;0;Y;1.6285219619103228;0.0889942200597181;0.1315334104411641;cluster8
0.391099795184429;0;Y;0.7582659564768696;0.3622736439066827;0.1315334104411641;cluster6
0.7048329219360405;0;Y;1.6261888358903942;0.3929861042213267;0;cluster8
0.0682136384066201;0;Y;0.9687139234744498;0.0951101896982146;0.1315334104411641;cluster6
0.1382318376110881;0;N;1.5263310422374403;0.1353413363202268;0.5261336417646564;cluster4
0.5187461163627808;0;N;2.002755375506907;0.528610117674845;0.1315334104411641;cluster3
0.7119023353709084;0;Y;1.189894270163703;0.3570526942152833;0;cluster8
0.1339467808711813;0.4;N;0.3336370208498225;0.1583582659597392;0.2630668208823282;cluster5
0.0450148001085141;0;N;2.025153385298224;0.202827481201247;0;cluster3
0.1118951719462776;0;N;1.5673940601881875;0.2288062556006903;0.3946002313234923;cluster3
0.3445408863519831;0.8;Y;0.3709670371686838;0.3609907819825103;0;cluster6
0.0901908324532621;0;N;1.5874589439595757;0.1939999740480245;0;cluster3
0.1550309963786821;0.8;N;0.3686339111487549;0.1115188887283271;0.2630668208823282;cluster1
0.43408678986031;0.4;N;0.7480002019891827;0.2233963821154578;0.3946002313234923;cluster5
0.3642391247518585;0.8;Y;0.9472491640911046;0.1581009477249488;0;cluster6
0.8991797789963565;0;N;1.5244645414214972;0.406468610119401;0;cluster2
0.6859005366582759;0;N;1.9378944721528857;0.5559347783197355;0;cluster3
0.1550309963786821;0.4;N;0.735401321481567;0.2233963821154578;0;cluster5
0.2055897049176979;0;N;0.7974624736116737;0.113467048813175;0;cluster7
0.0076027200624105;0;N;1.1413652489491837;0.039672952515006;0.1315334104411641;cluster4
0.340448068047586;0;N;0.3541685298251962;0.3570526942152833;0.2630668208823282;cluster7
0.1444888886249317;0.8;N;0.5291529813198583;0.0599486598115468;0.2630668208823282;cluster1
0.0879831910648296;0;N;1.0872367252868345;0.109728848834133;0.5261336417646564;cluster4
0.9688041994700226;0;Y;1.1506977530288984;0.3432171775330748;0.1315334104411641;cluster8
0.1192126349753514;0;Y;1.8893654509383664;0.2673076270049463;0.2630668208823282;cluster8
0.5538017252639283;0;N;0.3215047655461927;0.3513282958036418;0;cluster7
0.1547209343859247;0.8;Y;0.9747800511262648;0.1783470447782398;0.1315334104411641;cluster6
0.1918167511994158;0;N;0.4325615640948049;0.2057943231558825;0.1315334104411641;cluster7
0.8526704800827518;0;Y;1.094236103346621;0.6069763487877636;0;cluster8
0.8285352545665186;0;Y;0.765265334536656;0.4131644780986208;0.1315334104411641;cluster6
0.217043394930155;0;Y;1.3298818313594327;0.2979813777068783;0.2630668208823282;cluster8
0.360912159569572;0;N;0.7517332036210689;0.5233937922531723;0;cluster7
0.0930185978272093;0;N;0.8795885095131688;0.1861038843197476;0;cluster4
0.391099795184429;0;Y;0.0928584155931673;0.1688697531434248;0.2630668208823282;cluster6
0.4507743263105113;0;N;1.2393565417861945;0.5790996845905012;0;cluster2
0.1485817069293289;0;N;0.0634610277420641;0.2156395425739501;0;cluster7
0.1240247971029457;0.4;N;1.6518532221096112;0.2190089943347881;0.2630668208823282;cluster3
0.0953502640127446;0;N;1.6229224594624938;0.1516157823582747;0.1315334104411641;cluster3
0.294558893119496;0;N;1.8646343151271203;0.2233963821154578;0.1315334104411641;cluster3
0.4012047155283915;0.4;Y;0.3163718883023493;0.296692101473085;0.3946002313234923;cluster6
0.2590009837900815;0;Y;1.572060312228045;0.1546654882430123;0.5261336417646564;cluster8
0.1860371956544186;0.8;N;0.3635010339049115;0.1736730268595123;0.1315334104411641;cluster1
0.3220830962165673;0;Y;0.9542485421508914;0.1695117062004802;0.1315334104411641;cluster6
0.6399059406526485;0.4;N;0.4554261990901074;0.2479291026203746;0.5261336417646564;cluster5
0.2480495942058914;0;N;1.7153142498516754;0.1338943874057533;0;cluster3
0.1393728657444352;0.8;Y;0.6948049287348054;0.1362562704611468;0.1315334104411641;cluster6
0.9977701908334156;0;Y;1.5967914480392906;0.31289554259533;0.3946002313234923;cluster8
0.5261752017092473;0.4;N;1.236090165358294;0.2230234571375007;0.9207338730881488;cluster4
0.8567012859885975;0;Y;0.8870545127769409;0.6097466592790157;0.1315334104411641;cluster6
0.5116022880496511;0;N;1.823571297176373;0.4206857036390552;0;cluster3
0.3100619927573643;0;N;0.7218691905659796;0.1904402559634328;0.3946002313234923;cluster7
0.2318767606636673;0.4;N;1.0018443129574393;0.2525859659901161;0.2630668208823282;cluster4
0.0848205587387045;0;N;1.983157116939505;0.0729623990123291;0.3946002313234923;cluster3
0.3604966764992771;0;N;1.8347703020720316;0.3763433574750483;0;cluster3
0.43408678986031;0;N;0.3215047655461927;0.1394882620751098;0.1315334104411641;cluster7
0.1550309963786821;0;N;0.6546751611920295;0.1115188887283271;0;cluster7
0.7441487826176744;0.4;N;1.4558706364355898;0.4435997059846513;0;cluster2
0.217043394930155;0;Y;1.287885563000714;0.2837747260866069;0.2630668208823282;cluster8
0.1550309963786821;0;N;1.2206915336267634;0.2979813777068783;0.1315334104411641;cluster4
0.1204900903855117;0.4;N;0.9789796779621366;0.1211155163560884;0;cluster4
0.340448068047586;0.8;N;0.60614613997751;0.198203211474579;0.2630668208823282;cluster1
0.143825355960431;0;N;1.4134077428728848;0.247026698758714;0.1315334104411641;cluster4
0.0620123985514728;0;Y;1.1287663684415676;0.0369338931369066;0.2630668208823282;cluster8
0.6091601934508282;0;N;0.7386676979094673;0.3846193085858724;0.2630668208823282;cluster7
0.0930185978272093;0;N;1.8921652021622803;0.1079317979503533;0;cluster3
0.3281696131343944;0;Y;0.5963470106938088;0.2876389001232028;0.9207338730881488;cluster6
0.2480495942058914;0;N;2.156275067618224;0.1914314159698472;0.1315334104411641;cluster3
0.0804300809212603;0;N;0.9402497860313184;0.1783470447782398;0.3946002313234923;cluster4
0.6747569086385762;0;Y;0.3597680322730255;0.4846996186353124;0.3946002313234923;cluster6
0.3772834327871608;0.8;Y;0.5977468863057662;0.1224082980846745;0.3946002313234923;cluster6
0.294558893119496;0;N;1.4320727510323157;0.1562698860831794;0.3946002313234923;cluster4
0.7119023353709084;0;N;1.0513065845799303;0.5102289438513219;0.1315334104411641;cluster2
0.2115614988982048;0;Y;1.1964270230195038;0.3643247312854468;0.5261336417646564;cluster8
0.8217014882461462;0;N;1.734445883215092;0.5124356155308896;0.5261336417646564;cluster2
0.2790557934816278;0;N;1.9383610973568717;0.2660164115612676;0;cluster3
0.5814282488186095;0;Y;0.1623855709870465;0.4907090063151088;0.2630668208823282;cluster6
0.2344223696242052;0;Y;1.6415874676219242;0.3188838227213739;0;cluster8
0.3317601310105246;0;N;1.710181372607832;0.1546377426246523;0.1315334104411641;cluster3
0.3441626107208192;0;N;1.692449614856373;0.2574881394103578;0.7892004626469847;cluster3
0.2790557934816278;0;Y;1.263621052393454;0.3725663732982988;0.1315334104411641;cluster8
0.3262968386981399;0.4;N;1.036374578052386;0.4293852229398429;0;cluster4
0.4538811474779401;0;N;2.032619388561996;0.7772347253791096;0.1315334104411641;cluster3
0.799959941314;0.8;Y;0.9239179038918164;0.4871725587491415;0;cluster6
0.0620123985514728;0;N;1.0928362277346635;0.1488113865240374;0;cluster4
0.3107410285215029;0;N;1.8562350614553769;0.2736642078392207;0.1315334104411641;cluster3
0.43408678986031;0;N;0.9360501591954464;0.3286928684165796;0.7892004626469847;cluster4
0.3407860356196915;0;Y;1.8063061646289;0.2881385450086697;0.9207338730881488;cluster8
0.3445408863519831;0.4;N;0.6784730465953035;0.2577480681199939;0;cluster5
0.0391918358845308;0;N;0.3294373940139506;0.0885153098030256;0.1315334104411641;cluster7
0.9590217435985278;0.4;N;0.3453026509494667;0.6800696444673556;0.7892004626469847;cluster5
1.543959894175151;0;N;1.0853702244708914;0.8232413611347434;0;cluster2
1.2092417717537207;0;N;1.1772953896560872;0.2979813777068783;0.5261336417646564;cluster2
0.8991797789963565;0;Y;1.7106479978118176;0.2793351288090232;0.5261336417646564;cluster8
0.1240247971029457;0.4;Y;1.0676384667194323;0.0529164135022098;0.1315334104411641;cluster6
0.1550309963786821;0;N;0.3686339111487549;0.1488113865240374;0;cluster7
0.43408678986031;0;N;1.8487690581916043;0.7454913512554011;0;cluster3
0.3136525106334945;0;N;2.1464759383345227;0.2957385323044487;0;cluster3
0.0620123985514728;1.2;Y;0.6495422839481861;0.1488113865240374;0;cluster6
0.43408678986031;0.4;Y;1.825904423196302;0.55902886227685;0.1315334104411641;cluster8
0.5271053876875194;0.4;N;0.5557506179470469;0.3192913551372854;0.2630668208823282;cluster5
0.1860371956544186;0.4;N;0.8473913704381507;0.1930099328165439;0.5261336417646564;cluster5
0.0682136384066201;0;Y;0.9514487909269768;0.0504226641746106;0.1315334104411641;cluster6
0.7666592832918588;0.4;Y;0.346702526561424;0.383396114658173;0;cluster6
0.43408678986031;0;N;1.8212381711564445;0.3192913551372854;0;cluster3
0.3441626107208192;0.4;Y;0.9439827876632042;0.1801341012726103;0.2630668208823282;cluster6
0.0620123985514728;0;N;1.5818594415117462;0.0969261851708745;0;cluster3
0.2015402952922868;0;N;1.4638032649033474;0.1861038843197476;0.3946002313234923;cluster4
0.1547209343859247;0.4;Y;1.057839337435731;0.1113324262393486;0.2630668208823282;cluster6
0.1421324174799758;0;N;1.4222736217486145;0.2446311778703088;0.5261336417646564;cluster4
0.0930185978272093;1.2;N;0.5898142578380081;0.1985347417799828;0.1315334104411641;cluster1
0.2790557934816278;0;Y;1.4941339031624223;0.2482580224509327;0;cluster8
0.4617133134149911;0;Y;1.5417296739689703;0.263025851578034;0.3946002313234923;cluster8
0.2790557934816278;0;Y;1.562261182944344;0.0990880312680918;0.1315334104411641;cluster8
0.6579422467713444;0.4;Y;1.2029597758753043;0.3679205485079048;0.6576670522058206;cluster8
0.1854170716689038;0;Y;0.5072215967325275;0.2078827030324423;0.2630668208823282;cluster6
0.6747569086385762;0;N;1.3191494516677602;0.6787228632019614;0.1315334104411641;cluster2
0.8991797789963565;0;Y;1.2874189377967278;0.3336040666212878;0.3946002313234923;cluster8
1.4548108700175533;0;Y;0.2267798491370821;0.7938887344597223;0;cluster6
0.1444888886249317;0;Y;2.1100791724236334;0.1559936232595088;0.1315334104411641;cluster8
0.2437831411855501;0.8;N;0.848791246050108;0.1884991068681704;0;cluster1
0.43408678986031;0;Y;0.7955959727957307;0.4860652699045914;0.9207338730881488;cluster6
0.2015402952922868;0;N;1.998555748671035;0.1239497461885624;0;cluster3
0.5891177862389921;0;N;1.4194738705247;0.7454913512554011;0;cluster2
0.3078729550884973;0;N;1.8441028061517468;0.4092741993135679;0.2630668208823282;cluster3
0.3772834327871608;0;Y;0.324771141974093;0.3270197777954728;0;cluster6
0.7441487826176744;0;N;1.1735623880242012;1.0355441201759248;0;cluster2
0.43408678986031;0.8;Y;0.4913563397970115;0.2233963821154578;0.2630668208823282;cluster6
0.4709221545998849;0;N;0.2641098654559435;0.3293290038439788;0;cluster7
0.8567012859885975;0;N;1.6803173595527428;0.711430845073654;0.1315334104411641;cluster2
0.1649529801469178;0;N;2.134343683030893;0.167990396045402;0.1315334104411641;cluster3
0.7441487826176744;0;N;1.8151720435046288;0.5323913531963433;0.1315334104411641;cluster3
0.3445408863519831;0;Y;1.3821438542058382;0.3007658593472928;0.3946002313234923;cluster8
0.5057235126669715;0.4;N;1.0933028529386497;0.4300067397081062;0.2630668208823282;cluster4
0.1012042344360037;0;N;1.2309572881144506;0.0485691524491682;0;cluster4
0.0516253217941011;0;N;2.112878923647548;0.0990259019667642;0.6576670522058206;cluster3
0.306958272209863;0;N;1.744245012498793;0.2706310598235044;0.1315334104411641;cluster3
1.2252564736796383;0.4;Y;0.3336370208498225;0.4313446453590251;0.1315334104411641;cluster6
0.1575859071990028;0;N;0.3243045167701072;0.1508600125979469;0;cluster7
1.224744871391589;0;N;1.87350019400285;1.0065388358253728;0.2630668208823282;cluster2
0.198076902833187;0;Y;0.232845976788897;0.1833268611788922;0;cluster6
0.3005368883398581;0;N;1.978957490103633;0.2275049711826068;0;cluster3
0.0589117786238992;0;N;0.3714336623726696;0.0768901194651689;0.1315334104411641;cluster7
0.1547209343859247;0;N;1.82170479636043;0.6378758682713509;0.2630668208823282;cluster3
0.5066847048445193;0;Y;1.4026753631812123;0.4307775010525479;0.2630668208823282;cluster8
0.3317601310105246;0.4;N;1.0471069577440586;0.1338920752708899;0.1315334104411641;cluster4
0.1550309963786821;0;Y;1.1040352326303218;0.092872639830472;0.1315334104411641;cluster8
1.023589052970321;0;Y;1.0032441885693966;0.5070043361519223;0.3946002313234923;cluster8
0.2821564134092015;0;N;1.4157408688928137;0.2148723613092967;0.2630668208823282;cluster4
0.3772834327871608;0;Y;0.1287885563000713;0.3270197777954728;0.5261336417646564;cluster6
0.1550309963786821;0.4;N;0.5907475082459794;0.089143390050901;0.2630668208823282;cluster5
0.5521770004218798;0;N;1.841769680131818;0.3113834809797051;0.1315334104411641;cluster3
0.3032313270569195;0;Y;1.5151320373417816;0.1604421707365634;0.9207338730881488;cluster8
0.1649529801469178;0.4;N;0.4554261990901074;0.1174856883756408;0.1315334104411641;cluster5
0.3199839765255999;0;Y;1.394276109509469;0.1202559988668929;0.5261336417646564;cluster8
0.4148257388702225;0;Y;1.0555062114158025;0.5358627626461548;0.1315334104411641;cluster8
1.269083736355892;0.4;N;0.5011554690807125;0.3123762818560224;0.1315334104411641;cluster5
0.1506808266202963;0;N;1.6373878407860525;0.174459674808015;0.2630668208823282;cluster3
0.1717898470872176;0;Y;1.512798911321853;0.1390194207928221;0.3946002313234923;cluster8
0.5538017252639283;0;N;1.835703552480003;0.4685572626244569;0.7892004626469847;cluster3
0.1342568428639387;0;Y;0.4834237113292534;0.0357811820300412;0.6576670522058206;cluster6
0.1547209343859247;0;N;1.4372056282761587;0.1237425490708094;0.1315334104411641;cluster4
0.1755446978195093;0;N;1.6154564561987212;0.3308783579573994;0;cluster3
0.2027402352042578;0;Y;0.3135721370784346;0.1870660307628769;0.2630668208823282;cluster6
0.5975514724419925;0;Y;0.9682472982704642;0.3356385215460351;0.6576670522058206;cluster8
0.8567012859885975;0;N;1.8189050451365156;0.5334835012867885;0;cluster2
0.714668088346304;0.8;Y;0.8478579956421367;0.298592974670728;0.2630668208823282;cluster6
0.2775178859975513;0;Y;1.936961221744914;0.4944084220964433;0;cluster8
0.1506808266202963;0.4;N;0.5095547227524562;0.3638461193687367;0;cluster5
0.2790557934816278;0;N;1.0261088235646991;0.1143875768287643;0.5261336417646564;cluster4
0.3939585667576519;0.4;Y;0.4446938193984349;0.1456766537443255;0.1315334104411641;cluster6
0.021642327094464;0.4;Y;0.3579015314570823;0.0502995243468892;0;cluster6
0.2089569781590429;0.4;N;0.4451604446024206;0.2289003818651267;0.1315334104411641;cluster5
0.5426084873253875;0;N;1.4246067477685431;0.2119217788837001;0.6576670522058206;cluster4
0.6046208858768604;0;Y;0.2174473450573669;0.2180688504653582;0.5261336417646564;cluster6
0.5293068278360965;0.8;Y;0.4694249552096804;0.5387715774742202;0.1315334104411641;cluster6
0.6511301847904649;0.4;N;0.8291929874827062;0.3642791598531404;0;cluster5
0.0839306808194909;0.4;N;0.1549195677232742;0.0610812329696026;0.3946002313234923;cluster5
0.8521278715954264;0;Y;1.6075238277309636;0.6066034238098067;0.3946002313234923;cluster8
0.2790557934816278;0.4;N;0.7041374328145206;0.1959177034546711;0.2630668208823282;cluster5
0.2790557934816278;0.4;N;1.3891432322656252;0.2979813777068783;0;cluster4
0.2919636742401169;0.8;N;0.7130033116902503;0.2216127565308846;0.2630668208823282;cluster1
0.8116802846402282;0;Y;1.6173229570146643;0.5194031966490489;0.3946002313234923;cluster8
0.0284884958945466;0;N;0.8931206404287559;0.0175306065337986;0.3946002313234923;cluster4
0.4893398369696723;0.8;Y;0.5590169943749473;0.1561020698430987;0;cluster6
0.4893398369696723;0;Y;1.610790204158864;0.6254840933488055;0;cluster8
0.3445408863519831;0;N;1.4078082404250556;0.4513281286428388;0.2630668208823282;cluster4
0.0086569308377856;0.8;N;0.6817394230232039;0.0208434482829827;0;cluster1
0.8991797789963565;0;N;1.4824682730627785;0.860237532742969;0;cluster2
0.1342568428639387;0;Y;2.0312195129500386;0.198410408592332;0;cluster8
0.3379675721055271;0;N;0.7983957240196453;0.4434221191101482;0.3946002313234923;cluster7
0.4563337378406508;0.4;Y;0.8884543883888981;0.2927138123932342;0.1315334104411641;cluster6
0.5936756975325254;0;N;1.2505555466818523;0.6007069578133357;0.2630668208823282;cluster2
0.1521722248054592;0;N;1.9663586095960173;0.2973665735882182;0.7892004626469847;cluster3
0.347269431888248;0;N;1.7554440173944512;0.3636161738273283;0.2630668208823282;cluster3
0.3010050819489216;0.4;N;1.356946093190607;0.2658576201056535;0.1315334104411641;cluster4
0.0918403622547313;0;N;1.8389699289079031;0.0840716103506844;0;cluster3
0.4525044722300974;0.4;Y;1.04804020815203;0.1934877988832982;0.1315334104411641;cluster6
0.1547209343859247;0.4;N;0.4199626835871893;0.2974841195412703;0.2630668208823282;cluster5
0.3441626107208192;0;N;1.934161470521;0.4508731601697311;0.2630668208823282;cluster3
0.5298897443824804;0.8;N;0.8455248696222076;0.2245126957444746;0.2630668208823282;cluster1
0.4185836902224418;0;N;0.4605590763339509;0.3086363664220819;0.1315334104411641;cluster7
0.2015402952922868;0;Y;1.3326815825833471;0.2233963821154578;0.6576670522058206;cluster8
0.3445408863519831;0.4;Y;1.3308150817674045;0.2254847619920176;0.1315334104411641;cluster8
0.2262150286759178;0;Y;0.7396009483174389;0.2471382779121188;0;cluster6
0.0930185978272093;0.4;N;0.1404541863997154;0.1352504917955965;0.2630668208823282;cluster5
0.407309836165784;0;N;1.7129811238317465;0.3901463550991789;0.1315334104411641;cluster3
0.1550309963786821;0;Y;1.9887566193873336;0.1275014090936302;0.2630668208823282;cluster8
0.0310061992757364;0;N;1.319616076871746;0.0593093918143328;0.3946002313234923;cluster4
0.1271254170305193;0;Y;1.0634388398835604;0.1517947863476942;0.2630668208823282;cluster8
0.3895308815010767;0;N;1.6149898309947357;0.3887168590736738;0.2630668208823282;cluster3
0.3281696131343944;0.8;Y;0.7064705588344496;0.1724399131273994;0.2630668208823282;cluster6
0.0992198376823565;0;Y;0.8427251183982933;0.0751249909595023;0;cluster6
0.1771322152224271;0.4;N;0.5790818781463353;0.1999110587036313;0.1315334104411641;cluster5
0.0930185978272093;0.4;N;0.4932228406129545;0.0990880312680918;0.1315334104411641;cluster5
0.5445928840790346;0.8;N;1.1646965091484716;0.1727158776110876;0.1315334104411641;cluster1
0.3337290246645339;0;N;0.5795485033503213;0.1751145310693077;0.1315334104411641;cluster7
1.105780286010443;0;N;0.6794062970032752;0.6355773824622101;0;cluster2
0.2954270666992167;0.4;N;2.034019264173953;0.1305132258006074;0.3946002313234923;cluster3
0.0587877538267962;0;Y;0.1441871880316016;0.0860406542342979;0;cluster6
0.4061688080324369;0.4;Y;0.7521998288250544;0.2625460463013944;0.6576670522058206;cluster6
0.4650929891360464;0;N;0.2575771126001427;0.4789024252679738;0;cluster7
0.2790557934816278;0;N;0.4866900877571538;0.1861038843197476;0;cluster7
0.2976595130470697;0;N;1.2440227938260515;0.2631750215692168;0;cluster4
0.1240247971029457;0;N;2.192671833529114;0.1488113865240374;0.6576670522058206;cluster3
0.5447479150754133;0;Y;1.2724869312691836;0.2766351519686137;0;cluster8
0.2790557934816278;0;N;0.2804417475954452;0.3725663732982988;0.1315334104411641;cluster7
0.260073798285022;0;Y;1.6551195985375116;0.3497359061477649;0.3946002313234923;cluster8
1.0342427830414644;0;Y;1.5697271862081164;0.2693721396829168;0.1315334104411641;cluster8
0.3410681920331007;0;N;1.495067153570394;0.3192913551372854;0.1315334104411641;cluster4
1.0542107753750387;0;Y;1.6518532221096112;0.7454913512554011;0;cluster8
0.1333266568856666;0;N;1.4180739949127426;0.1125844099753461;0.1315334104411641;cluster4
0.2480495942058914;0;N;0.4428273185824917;0.55902886227685;0;cluster7
0.43408678986031;0;N;1.7447116377027785;0.3725663732982988;0;cluster3
0.3445408863519831;0;N;0.6864056750630616;0.2254847619920176;0;cluster7
0.3262968386981399;0;N;1.089569851306763;0.4771345371174703;0.2630668208823282;cluster4
0.4371874097878837;0;N;0.3956981729799295;0.2392655332874619;0.3946002313234923;cluster7
0.1323096535494224;0.4;N;0.9715136746983644;0.0978549175359789;0.1315334104411641;cluster4
0.4030805905845736;0;N;1.7825082792256255;0.2979813777068783;0.5261336417646564;cluster3
0.8116802846402282;0;N;1.670051605065056;0.7792840973029751;0.6576670522058206;cluster2
0.1085216974650775;0.4;N;0.5809483789622786;0.1861038843197476;0.2630668208823282;cluster5
0.1240247971029457;0;N;0.8039952264674743;0.2190089943347881;0.2630668208823282;cluster4
0.892209585399171;0.8;N;0.7745978386163714;0.4931487561058997;0.6576670522058206;cluster1
0.1854170716689038;0;N;1.7610435198422807;0.2078827030324423;0;cluster3
0.3117983399168055;0;N;0.0905252895732386;0.2352447307601241;0;cluster7
0.3445408863519831;0;N;0.0947249164091105;0.5310375609413633;0;cluster7
0.5261752017092473;0;Y;0.6528086603760865;0.5357583436523268;0.5261336417646564;cluster6
0.8371673804448836;0.4;N;1.1805617660839876;0.3477047329628238;0;cluster2
1.0342427830414644;0;N;1.981290616123562;0.6402519224759068;0.1315334104411641;cluster2
0.6821363840662014;0;N;0.3168385135063349;0.6123038804378632;0;cluster7
0.1240247971029457;0;N;1.245889294641995;0.0825136043777752;0;cluster4
0.1240247971029457;0;N;0.5996133871217092;0.1488113865240374;0.2630668208823282;cluster7
0.306958272209863;0;N;1.6616523513933124;0.3691727559988892;0.5261336417646564;cluster3
0.1506808266202963;0;N;1.193627271795589;0.1245115949603526;0.3946002313234923;cluster4
0.6004660551739117;0.8;N;0.7573327060688979;1.380548652543352;0.1315334104411641;cluster1
0.4928094306686272;0.4;N;0.665407540883702;0.2096466381781795;0;cluster5
0.1550309963786821;0;N;1.580926191103775;0.2233963821154578;0;cluster3
0.1240247971029457;0;Y;0.099391168448968;0.1488113865240374;0.1315334104411641;cluster6
0.1085216974650775;0;N;0.0793262846775801;0.1674576354218925;0;cluster7
0.4100259792223385;1.2;N;0.6346102774206417;0.2353962874711659;0.1315334104411641;cluster1
0.6141087828552357;0;N;1.3420140866630623;0.3875952499099701;0;cluster2
0.0620123985514728;0;Y;1.4554040112316036;0.0742263909326169;0;cluster8
0.1240247971029457;0;N;0.2673762418838438;0.3386641364771965;0;cluster7
0.1164096745608248;0;Y;0.4838903365332392;0.1178436963544796;0;cluster6
0.5891177862389921;0;N;1.677984233532814;0.2979813777068783;0.1315334104411641;cluster3
0.3281696131343944;0;N;1.115700862729966;0.3923653333030193;0.3946002313234923;cluster4
0.2204168694113551;0;N;1.9243623412372983;0.1587979445087506;0.7892004626469847;cluster3
0.2638069446778207;0;N;2.041485267437725;0.3728882821392714;0.2630668208823282;cluster3
0.1257611442623869;0;N;0.717202938526122;0.1881922641963073;0;cluster7
0.5891177862389921;0;Y;1.4675362665352336;0.3921940115681458;0.2630668208823282;cluster8
1.157349796645848;0;N;1.721847002707476;0.5713562703481999;0.2630668208823282;cluster2
0.7119023353709084;0;Y;0.8016621004475457;1.0508511242361562;0;cluster6
0.2790557934816278;0;N;1.5855924431436323;0.092872639830472;1.0522672835293128;cluster3
0.4893398369696723;0;N;0.9780464275541654;0.312562744345001;0.2630668208823282;cluster4
0.6182636135581845;0;N;0.9943783096936673;0.3545981765953653;0.1315334104411641;cluster2
0.5373188297289468;0.8;Y;0.7125366864862647;0.3793909003949138;0;cluster6
0.1364272768132403;0;N;0.185250205982349;0.2010208834380317;0.2630668208823282;cluster7
0.1240247971029457;0;N;0.1203893026283275;0.092872639830472;0.1315334104411641;cluster7
0.8371673804448836;0.4;N;0.3037730077947335;0.5963213600725602;0.1315334104411641;cluster5
0.0930185978272093;0;N;0.9467825388871188;0.1488113865240374;0;cluster4
0.1550309963786821;0.8;Y;0.6999378059786487;0.1488113865240374;0;cluster6
0.5066847048445193;0;Y;0.9164519006280444;0.0858685866494685;0;cluster6
0.1597253349490286;0;N;2.1950049595490424;0.0914018237174092;0;cluster3
0.3705612887841812;0.8;Y;0.6206115213010684;0.1069708448671535;0.6576670522058206;cluster6
0.3100619927573643;0.8;Y;0.5902808830419938;0.5465980048166147;0.1315334104411641;cluster6
0.8341907853144128;0;Y;1.0177095698929557;0.4158853387377958;0;cluster8
0.7968593213864262;0;Y;0.4974224674488264;0.2485688181275622;0.2630668208823282;cluster6
0.2480495942058914;0;Y;0.1829170799624201;0.095536368363024;0.1315334104411641;cluster6
0.2671091049006866;0.4;Y;0.6710070433315314;0.1589996969218254;0.2630668208823282;cluster6
0.046906178264334;0;N;1.4297396250123866;0.0464956895717267;0.2630668208823282;cluster4
0.0846779302220361;0;N;1.958892606332245;0.0692105499790938;0.6576670522058206;cluster3
0.2232446347853023;0;N;2.0358857649898967;0.2442801808810555;0;cluster3
0.1062148362389627;0.4;Y;0.5459514886633462;0.2196969663341234;0.5261336417646564;cluster6
0.4884096509914002;0;Y;0.1605190701711035;0.3284434561913218;0;cluster6
0.8567012859885975;0;Y;1.8641676899231348;0.8537887648541435;0;cluster8
0.4100259792223385;0.8;N;0.4540263234781502;0.1764575830849224;0.1315334104411641;cluster1
0.3565650904311138;0;N;1.068105091923418;0.2327157773146058;0.1315334104411641;cluster4
0.2573514539886123;0;N;0.7489334523971541;0.2565452358960911;0;cluster7
0.2552213280983693;0.4;Y;0.4558928242940932;0.0890591090058827;0.1315334104411641;cluster6
0.8341907853144128;0;Y;1.0769709707991475;0.4158853387377958;0.1315334104411641;cluster8
0.3193607519201576;0;N;1.2930184402445573;0.1752253643727565;0;cluster4
0.1269393798348649;0;N;1.1628300083325287;0.0580930597062279;0;cluster4
0.217043394930155;0;N;1.9546929794963728;0.4586259721214769;0.1315334104411641;cluster3
0.1943220521008953;0;Y;0.3210381403422069;0.1803160886618534;0;cluster6
0.3281696131343944;0.4;Y;0.5912141334499654;0.3452384309136023;0.1315334104411641;cluster6
0.1333266568856666;0.4;Y;0.5254199796879723;0.0874859622788684;0;cluster6
0.3642391247518585;0;N;0.5552839927430614;0.5278398784253724;0;cluster7
0.5136238922424291;0;Y;1.86136793869922;0.6546915776224058;0;cluster8
0.5113480372155901;0;N;2.0498845211094694;0.4345166706365326;0.2630668208823282;cluster3
0.2719863800467599;0;Y;0.1945827100620643;0.2274053256284966;0.3946002313234923;cluster6
0.4147389215122505;0;N;0.94118303643929;0.2379156194522528;0.7892004626469847;cluster4
0.382256827150989;0;Y;0.8702560054334533;0.283669561242823;0.5261336417646564;cluster6
0.8567012859885975;0;N;1.4036086135891837;0.5334835012867885;1.183800693970477;cluster2
0.1860371956544186;0;Y;0.3854324184922425;0.1930099328165439;0;cluster6
0.3005368883398581;0;Y;1.0499067089679732;0.5313229977194918;0.5261336417646564;cluster8
0.43408678986031;0;N;1.454937386027618;0.3725663732982988;0.3946002313234923;cluster4
0.0848205587387045;0.4;N;0.4750244576575096;0.1110892791537205;0.1315334104411641;cluster5
0.3281696131343944;0;N;0.0863256627373667;0.246496399440059;0;cluster7
1.3565832307120202;0;N;1.406874990017084;0.4168698606796026;0;cluster2
0.43408678986031;0;N;1.4834015234707496;0.6211830004080351;0;cluster2
0.6898135190068737;0.8;N;0.7540663296409975;0.3148999397668537;0;cluster1
0.2629635760575206;0;N;1.3401475858471197;0.4710683156710333;0;cluster4
0.5261752017092473;0;N;1.1017021066103931;0.4464055189338051;0.5261336417646564;cluster2
0.7119023353709084;0;N;1.7055151205679742;0.9401974214566896;0.3946002313234923;cluster2
0.173634715944124;0;N;0.5324193577477587;0.1637283856423214;0.2630668208823282;cluster7
0.5261752017092473;0;N;0.8618567517617095;0.3825820940162883;0.2630668208823282;cluster4
0.43408678986031;0;Y;1.4642698901073334;1.1184163292125031;0;cluster8
0.1240247971029457;0;N;2.082548285388473;0.092872639830472;0;cluster3
0.5891177862389921;0;Y;0.7494000776011401;0.2810942159300468;0.2630668208823282;cluster6
0.1420021914430177;0;N;1.8674340663510356;0.1482733303658408;0;cluster3
0.5637795201908603;0.4;Y;0.5823482545742357;0.2380995460513813;0;cluster6
0.8341907853144128;0;Y;0.151186566091388;0.3465113730333611;0.2630668208823282;cluster6
0.1421324174799758;0;Y;1.0060439397933114;0.1384689089403618;0.1315334104411641;cluster6
0.0375547085627719;0.8;Y;0.8203271086069763;0.0821025664670709;0.2630668208823282;cluster6
0.3007570323547158;0;N;1.7181140010755898;0.3188621930726524;0.1315334104411641;cluster3
0.4525044722300974;0.4;N;1.0396409544802865;0.3873342024254;0.1315334104411641;cluster4
0.2954270666992167;1.2;N;0.717669563730108;0.1959491037378151;0;cluster1
0.1240247971029457;0.4;N;0.8497244964580797;0.1061913570782275;0.1315334104411641;cluster5
0.1444888886249317;0;N;2.1236113033392203;0.1403584452186749;0.1315334104411641;cluster3
0.0930185978272093;0;N;0.0765265334536656;0.1189773882874692;0.5261336417646564;cluster7
0.5076024883430811;0;N;1.4969336543863367;0.5178877787086225;0.5261336417646564;cluster2
0.0865693083778561;0;N;1.8408364297238464;0.1410545469825296;0.3946002313234923;cluster3
0.6898135190068737;0.4;Y;1.0158430690770124;0.577615443178232;0.2630668208823282;cluster6
0.2243670591990839;0;N;1.741911886478864;0.1532156305137107;0.2630668208823282;cluster3
0.5561054858701157;0;Y;1.684516986388615;0.2820992487456412;0.2630668208823282;cluster8
0.0930185978272093;0.8;Y;0.434428064910748;0.0742263909326169;0.1315334104411641;cluster6
0.1395278967408139;0;Y;1.2323571637264077;0.0908008178229335;0.1315334104411641;cluster8
0.3100619927573643;0;N;0.1241223042602137;0.2926538460567787;0;cluster7
0.0779619874589116;0;N;1.6406542172139529;0.1743890428171899;0.2630668208823282;cluster3
0.020107520230315;0;N;1.9654253591880455;0.1752890599589916;0.5261336417646564;cluster3
0.0837167380444883;0;N;2.0634166520250568;0.103778905395823;0.1315334104411641;cluster3
0.4495898894981782;0;N;2.0237535096862667;0.3609124677371393;0.2630668208823282;cluster3
0.43408678986031;0;N;1.3975424859373689;0.4471513688897192;0.2630668208823282;cluster4
1.2092417717537207;0;Y;1.5771931894718887;0.6626191422188222;0.1315334104411641;cluster8
0.1395278967408139;0.4;Y;0.6346102774206417;0.1021957642793996;0;cluster6
0.1395278967408139;0;N;1.4418718803160169;0.2047501332176027;0.1315334104411641;cluster4
0.0620123985514728;0.4;Y;0.7293351938297522;0.1239497461885624;0.3946002313234923;cluster6
0.1085216974650775;0.4;Y;1.4241401225645576;0.1115188887283271;0;cluster8
0.4893398369696723;0.4;N;1.1726291376162297;0.5211769770142041;0.5261336417646564;cluster2
0.1547209343859247;0;Y;0.5977468863057662;0.2974841195412703;0.1315334104411641;cluster6
0.1854170716689038;0.4;Y;0.1805839539424914;0.1153310024380002;0;cluster6
0.0804300809212603;0;N;0.9887788072458378;0.1573228770509391;0;cluster4
0.4893398369696723;0.4;Y;0.5655497472307481;0.24997847454424;0.1315334104411641;cluster6
0.1901176114791055;0;N;1.656052848945483;0.13261898398114;0;cluster3
0.8116802846402282;0;N;1.1964270230195038;0.3374865885667992;0.1315334104411641;cluster2
0.2432374320782971;0;Y;0.3891654201241287;0.1881240935103368;0;cluster6
0.90228039892393;0;N;0.9481824144990764;0.6410723574274123;0.3946002313234923;cluster2
0.3317601310105246;0.8;Y;0.8105279793232752;0.435956161051447;0.2630668208823282;cluster6
0.1550309963786821;0.4;N;0.7321349450536665;0.1488113865240374;0.3946002313234923;cluster5
0.1550309963786821;0;N;0.3705004119646981;0.1786453847606055;0;cluster7
0.3719131590726033;0;Y;1.2430895434180804;0.3227137622449934;0;cluster8
0.5621889021680151;0;N;1.492267402346479;0.4073336468982703;0.3946002313234923;cluster2
0.6511301847904649;0.8;N;0.5902808830419938;0.2047501332176027;0.2630668208823282;cluster1
0.4141249987665909;0;N;1.1964270230195038;0.2545835759270412;0.1315334104411641;cluster4
0.0685485053587981;0.4;N;0.5067549715285417;0.0851690539758165;0.5261336417646564;cluster5
0.3852706297205905;0;N;1.6373878407860525;0.2272205785944167;0.1315334104411641;cluster3
0.43408678986031;0;Y;1.7909075328973696;0.2482580224509327;0;cluster8
0.3445408863519831;0.8;N;1.1623633831285427;0.3760470312875636;0;cluster1
0.1648537603092354;0;N;1.2934850654485428;0.2352106454171388;0;cluster4
0.2821564134092015;0.4;Y;0.3056395086106767;0.1503030864358658;0.5261336417646564;cluster6
0.4427685256575162;0.4;N;0.2622433646400005;0.4555048883959584;0.1315334104411641;cluster5
0.1746765242397887;0;N;0.1199226774243418;0.1410033816755539;0;cluster7
0.391099795184429;0;N;1.8982313298140956;0.2027154545378687;0.3946002313234923;cluster3
0.1550309963786821;0;N;0.1899164580222067;0.1786453847606055;0.1315334104411641;cluster7
0.3445408863519831;0;Y;0.5081548471404991;0.1803160886618534;0.1315334104411641;cluster6
0.3100619927573643;0;N;0.8245267354428484;0.2155453417245181;0.5261336417646564;cluster4
0.391099795184429;0;N;1.265954178413383;0.2252792057441676;0.3946002313234923;cluster4
0.2480495942058914;0;N;1.9747578632677607;0.1338943874057533;0.2630668208823282;cluster3
0.3100619927573643;0;N;1.877233195634736;0.3725663732982988;0;cluster3
0.4890297749769149;0;N;1.3256822045235608;0.390560003484729;0.6576670522058206;cluster4
0.0848205587387045;0;N;2.073682406512744;0.18538786836207;0.1315334104411641;cluster3
0.7119023353709084;0;N;1.147898001804984;0.3967650276079615;0.6576670522058206;cluster2
0.0558111586963255;0;N;1.8207715459524587;0.0460498204680812;0.1315334104411641;cluster3
0.4893398369696723;0.8;Y;0.717669563730108;0.1870194151406322;0.3946002313234923;cluster6
0.3193607519201576;0;Y;1.026575448768685;0.0558282863150944;0.2630668208823282;cluster8
0.0930185978272093;0;N;0.1418540620116728;0.0848813796478204;0.1315334104411641;cluster7
0.1395278967408139;0;N;0.1231890538522422;0.1168464203784267;0;cluster7
0.3445408863519831;0;N;1.46240338929139;0.752452592648935;0.6576670522058206;cluster2
0.0620123985514728;0;N;1.5967914480392906;0.1115188887283271;0.1315334104411641;cluster3
0.43408678986031;0;N;0.0942582912051246;0.5250111678825722;0.1315334104411641;cluster7
0.0983268591432153;0.4;N;0.8095947289153038;0.1826466460190985;0.1315334104411641;cluster5
0.1161616249666189;0;N;0.2995733809588616;0.088143951109976;0.1315334104411641;cluster7
0.1605221942704151;0.4;N;0.3635010339049115;0.0705212321066219;0.9207338730881488;cluster5
0.5688180275731675;0;N;1.9378944721528857;0.6554909796051546;0.1315334104411641;cluster3
0.0620123985514728;0;N;1.094236103346621;0.0493647505971419;0.2630668208823282;cluster4
0.43408678986031;0.8;N;1.20016002465139;0.1717605929875527;0.2630668208823282;cluster1
0.4893398369696723;1.6;N;1.3924096086935251;0.357265783547688;0.6576670522058206;cluster1
0.3772834327871608;0;N;0.9220514030758732;0.1633306238608324;0.1315334104411641;cluster4
0.2468434530540652;0;Y;1.194093896999575;0.2669868369389075;0;cluster8
0.3889541661945481;0;N;1.1926940213876176;0.3479893493060007;0;cluster4
0.1550309963786821;0;N;0.5044218455086128;0.1786453847606055;0;cluster7
0.3604966764992771;0;N;1.6975824921002165;0.941396300675826;0;cluster3
0.1746765242397887;0;N;0.2071815905696801;0.1975482060432951;0.1315334104411641;cluster7
0.7534506424003952;0;N;1.588392194367547;0.3141414849466846;0.9207338730881488;cluster2
0.2563344506523682;0;N;1.128299743237582;0.3452384309136023;0.1315334104411641;cluster4
0.3486337046563804;0;N;1.3499467151308209;0.09282699381317;0.2630668208823282;cluster4
0.2015402952922868;0.8;N;0.7983957240196453;0.2233963821154578;0.6576670522058206;cluster1
0.2139675799620019;0;Y;1.5706604366160877;0.2353538486086743;0.3946002313234923;cluster8
0.1550309963786821;0;Y;0.3691005363527408;0.1942109750005526;0;cluster6
0.2432374320782971;0;Y;2.0190872576464094;0.5493825610420248;0.1315334104411641;cluster8
0.3515916960672857;0;N;1.0788374716150906;0.3064194020131225;0.2630668208823282;cluster4
0.0620123985514728;0.8;N;1.6373878407860525;0.0493647505971419;0.2630668208823282;cluster3
0.0730009955747938;0;N;1.7839081548375826;0.1386347113855616;0;cluster3
0.4371874097878837;0.8;N;0.5333526081557304;0.1122647386842413;0.3946002313234923;cluster1
0.7119023353709084;0.4;N;1.3639454712503931;0.3368218870860885;0.3946002313234923;cluster2
0.2790557934816278;0.8;N;0.7764643394323144;0.4968747241456648;0.2630668208823282;cluster1
0.1829365757268449;0.8;N;0.5585503691709617;0.1466804186149949;0.1315334104411641;cluster1
0.6752251022476399;0;N;1.945827100620644;0.3394073759582651;0.1315334104411641;cluster3
0.0049113819652766;0;N;0.6276108993608552;0.0572409261315959;0;cluster7
0.4147389215122505;0;Y;1.506732783670038;0.4285349539901007;0.3946002313234923;cluster8
0.6768498270896883;0;Y;0.8170607321790759;0.1131572973264838;0.9207338730881488;cluster6
0.0767465444473028;0;Y;1.536596796725127;0.0860406542342979;0;cluster8
0.3441626107208192;0;N;1.954226354292388;0.6012837235842441;0.2630668208823282;cluster3
0.5261752017092473;0;Y;1.5095325348939528;0.3347144880356529;0.3946002313234923;cluster8
0.143825355960431;0;Y;0.2981735053469044;0.0522107648589193;0.5261336417646564;cluster6
0.4489201555938223;0.4;Y;0.6850057994511043;0.4336475316829057;0.3946002313234923;cluster6
0.9909798331920292;0.8;Y;0.578148627738364;0.4093703393728852;0.5261336417646564;cluster6
0.2752110247714365;0;N;1.4899342763265504;0.2942819619255438;0.6576670522058206;cluster4
0.0439605893331391;0;N;1.1320327448694678;0.0898071965116646;0.2630668208823282;cluster4
0.6523828352412048;0;N;1.384943605429753;0.5299262445070513;0.1315334104411641;cluster2
1.0058349032650344;0.4;Y;0.2865078752472602;0.8310105072005237;0.1315334104411641;cluster6
1.0870711453674642;0;Y;0.5422184870314598;0.867228533549744;0.2630668208823282;cluster6
0.4893398369696723;0.4;N;0.4334948145027764;0.446671861953062;0.5261336417646564;cluster5
0.4215540841130573;0;Y;0.8254599858508197;0.5439552346678239;0.1315334104411641;cluster6
0.43408678986031;0;N;0.0919251651851958;0.4471513688897192;0.2630668208823282;cluster7
0.1240247971029457;0;Y;0.3425028997255521;0.1239497461885624;0.6576670522058206;cluster6
0.8303584190839319;0.4;Y;1.0051106893853397;0.4140415976467758;0.3946002313234923;cluster6
0.440740720224883;0;Y;0.5590169943749473;0.1887715658570659;0;cluster6
0.1849612805395505;0.8;N;0.4792240844933815;0.1295181127894267;0.2630668208823282;cluster1
1.5291017234822175;0;N;0.0746600326377226;0.8723898898296659;0.1315334104411641;cluster2
0.2909466709038728;0;N;1.468936142147191;0.193254720772075;0;cluster4
0.1550309963786821;0;Y;0.8907875144088269;0.065451689956273;0.2630668208823282;cluster6
0.6898135190068737;0;N;1.6196560830345932;0.5874115856692004;0.2630668208823282;cluster2
0.0620123985514728;0;Y;1.6355213399701092;0.089143390050901;0.3946002313234923;cluster8
0.3193607519201576;0.4;N;0.3406363989096091;0.4210428911829425;0.1315334104411641;cluster5
0.8567012859885975;0;Y;1.861834563903206;0.1775887391280619;0.5261336417646564;cluster8
0.8567012859885975;0;N;1.6789174839407854;1.0673256072323805;0.3946002313234923;cluster2
0.1547209343859247;0;N;2.030752887746053;0.3433060828478198;0.1315334104411641;cluster3
0.3281696131343944;0;Y;0.4446938193984349;0.246496399440059;0.3946002313234923;cluster6
0.3069861777892112;1.2;Y;0.6640076652717447;0.1803160886618534;0.3946002313234923;cluster6
0.7441487826176744;0.4;N;0.8585903753338091;0.5323913531963433;0.2630668208823282;cluster2
0.0930185978272093;0;Y;0.9556484177628484;0.0742263909326169;0.1315334104411641;cluster6
0.43408678986031;0;N;0.7302684442377235;0.5323913531963433;0;cluster7
0.0930185978272093;0;Y;0.6308772757887556;0.0990880312680918;0;cluster6
0.7441487826176744;0;Y;1.5328637950932409;0.277943596546274;0;cluster8
0.6201239855147286;0;N;1.8739668192068355;0.3912126221961539;0.2630668208823282;cluster3
0.9590217435985278;0;N;1.4054751144051267;0.6800696444673556;0.1315334104411641;cluster2
0.8991797789963565;0.8;N;0.4008310502237728;0.5200018158236657;0.1315334104411641;cluster1
0.2790557934816278;0;N;1.7139143742397178;0.4657976177875743;0.1315334104411641;cluster3
0.43408678986031;0;N;1.950959977864487;0.3725663732982988;0.1315334104411641;cluster3
0.294558893119496;0;N;1.6000578244671912;0.2233963821154578;0.1315334104411641;cluster3
0.4650929891360464;0;N;1.877699820838722;0.1701213639544444;0.3946002313234923;cluster3
0.4030805905845736;0;N;0.2034485889377938;0.3477047329628238;0;cluster7
0.1563797660471766;0;N;1.7825082792256255;0.3752700793884878;0;cluster3
0.3445408863519831;0;Y;0.6640076652717447;0.112563078666607;0.9207338730881488;cluster6
0.1597253349490286;0.4;N;0.3415696493175806;0.1525754674965495;0.1315334104411641;cluster5
0.1567673435381233;0;N;1.6905831140404295;0.2254847619920176;0;cluster3
0.7131425833419378;0;N;0.7032041824065491;0.3974280136337737;0.1315334104411641;cluster7
0.4371874097878837;0;N;1.8203049207484725;0.212138299125902;0.2630668208823282;cluster3
0.8371673804448836;0;N;0.9589147941907488;0.3477047329628238;0.3946002313234923;cluster2
0.714668088346304;0.8;N;0.8627900021696812;0.7171251857320721;0.1315334104411641;cluster1
0.2204168694113551;0;N;0.5590169943749473;0.2012396412301013;0.1315334104411641;cluster7
0.1240247971029457;0;N;0.149320065275445;0.2482580224509327;0;cluster7
0.184499288170342;0;N;1.625722210686408;0.3452384309136023;0;cluster3
0.0020464091521986;0;N;2.1198783017073346;0.0526464904031644;0.1315334104411641;cluster3
0.0713142583341937;0;Y;0.9472491640911046;0.0699643805295363;0.2630668208823282;cluster6
1.0342427830414644;0;N;1.4960004039783654;0.2843571603171803;0.6576670522058206;cluster2
0.1649529801469178;0;Y;1.9346280957249853;0.2045879854371869;0;cluster8
0.0930185978272093;0;N;0.0191316333634164;0.0761388248045765;0.3946002313234923;cluster7
0.4893398369696723;0.8;Y;0.522620228464058;0.4168698606796026;0.2630668208823282;cluster6
0.1054799893161277;0;N;2.0321527633580105;0.0726004380287239;0.3946002313234923;cluster3
0.5922184061665658;0.8;N;0.6308772757887556;0.7492206010349721;0.5261336417646564;cluster1
0.3590207814137521;0.4;Y;1.779241902797725;0.187282327250092;0.2630668208823282;cluster8
0.3262968386981399;0.4;N;0.524486729280001;0.3434364574201136;0;cluster5
0.5373188297289468;0.4;N;1.1996933994474042;0.4553408014056572;0.1315334104411641;cluster2
0.5077575193394598;0.8;N;0.6705404181275454;0.8096344474640226;0;cluster1
0.7651585832469133;0.4;N;0.9743134259222792;0.3478530079340596;0.2630668208823282;cluster2
0.181088606250011;0;Y;1.6275887115023513;0.3397688894318966;0.2630668208823282;cluster8
0.1085216974650775;0.4;N;1.1329659952774396;0.1338943874057533;0;cluster4
0.2790557934816278;0;N;1.9887566193873336;0.0825136043777752;0.2630668208823282;cluster3
0.0846779302220361;0.8;N;0.3289707688099649;0.2137003326885732;0;cluster1
0.1085216974650775;0.4;N;0.6238778977289688;0.1674576354218925;0.1315334104411641;cluster5
0.1853860654696281;0.4;N;0.8394587419703929;0.1731509318903723;0;cluster5
0.2790557934816278;0;Y;0.4180961827712462;0.2127413934002543;0.2630668208823282;cluster6
0.2790557934816278;0.8;N;0.5912141334499654;0.2127413934002543;0;cluster1
0.2790557934816278;0;Y;0.2701759931077583;0.2979813777068783;0.1315334104411641;cluster6
0.4359223568574336;0;Y;1.143698374969112;0.1244402917045671;0.2630668208823282;cluster8
1.0342427830414644;0.8;N;1.0354413276444143;0.42671508009767;0.2630668208823282;cluster1
0.3445408863519831;0;N;0.2398453548486837;0.3007658593472928;0;cluster7
0.6142235057925559;0;Y;1.095635978958578;0.4430961080944181;0.3946002313234923;cluster8
0.5524312512559408;0.4;N;1.057839337435731;0.3115193748416727;0.2630668208823282;cluster4
0.5484624577486465;0;N;1.774109025553882;0.6965934281456658;0.1315334104411641;cluster3
0.2790557934816278;0;N;1.492267402346479;0.1583329070612381;0.2630668208823282;cluster4
0.0839306808194909;0;Y;1.5230646658095397;0.0918010771988101;0.2630668208823282;cluster8
0.4407748270440863;0.8;N;0.6033463887535953;0.2833571246962905;0.5261336417646564;cluster1
0.0804300809212603;0.4;Y;0.1637854465990037;0.1068647850034225;0;cluster6
0.43408678986031;0.4;N;1.1740290132281868;0.55902886227685;0.3946002313234923;cluster2
0.1240247971029457;0;N;0.229112975157011;0.1861038843197476;0;cluster7
0.0020464091521986;0;N;2.126411054563135;0.0791490006416506;0;cluster3
0.2318767606636673;0.8;Y;0.4969558422448406;0.3815482713923956;0.2630668208823282;cluster6
0.5445928840790346;0.4;Y;0.4796907096973674;0.4192159317159306;0.2630668208823282;cluster6
0.3772834327871608;0;N;0.8613901265577238;0.1960684397307613;0.5261336417646564;cluster4
0.1111200169643842;0;N;1.7190472514835613;0.2275632220641637;0;cluster3
0.3772834327871608;0.4;N;1.0615723390676173;0.1960684397307613;0;cluster4
0.3640871943754075;0.4;N;0.6290107749728123;0.3390670446233814;0.2630668208823282;cluster5
0.2694314692264393;0;N;0.8473913704381507;0.1803160886618534;0.2630668208823282;cluster4
0.7361553844443894;0;N;1.9696249860239177;0.4852721330614722;0;cluster3
0.1116223173926511;0;Y;1.6910497392444157;0.1630180381443087;0.2630668208823282;cluster8
0.1731386167557122;0.4;Y;0.7298018190337378;0.1399464377030279;1.0522672835293128;cluster6
0.5101542985434742;0;N;0.2580437378041286;0.1999112824586181;0;cluster7
0.1665404975498355;0;Y;1.238889916582208;0.1184403763192109;0.1315334104411641;cluster8
0.5445928840790346;0.4;N;0.5081548471404991;0.4611733480609062;0.2630668208823282;cluster5
0.5937067037318011;0;Y;1.9308950940930991;0.3753260181351813;0.7892004626469847;cluster8
0.184499288170342;0;N;0.6266776489528836;0.1477544425515113;0.6576670522058206;cluster7
0.7441487826176744;0;Y;1.560861307332387;0.3104122351671136;0;cluster8
0.7119023353709084;0.8;N;1.2010932750593617;0.3967650276079615;0;cluster1
0.1234294780768515;0;N;1.1268998676256246;0.1057822583774086;0.1315334104411641;cluster4
0.1175755076535925;0.4;N;0.7591992068848412;0.2379156194522528;0;cluster5
0.3117983399168055;0;Y;1.9481602266405729;0.2352447307601241;0.1315334104411641;cluster8
0.5410333724021801;0;N;1.8385033037039171;1.375674896006431;0;cluster2
0.3664498667602185;0;N;1.59025869518349;0.2728057345399634;0;cluster3
0.1550185938989718;0;N;1.2440227938260515;0.0570106076652096;0.7892004626469847;cluster4
0.3772834327871608;0.4;N;0.9397831608273324;0.3924954841203263;0.1315334104411641;cluster5
0.2041448160314486;0;N;0.1091902977326692;0.1660097914874718;0.1315334104411641;cluster7
0.2206091078468647;0.4;N;1.540796423560999;0.1138408688110792;0.7892004626469847;cluster4
0.1444888886249317;0;N;2.1352769334388646;0.2161291184850122;0;cluster3
0.7119023353709084;0;Y;1.618256207422636;0.6869708449394386;0;cluster8
0.8309661405897363;0;N;1.7643098962701809;0.4143339708294942;0.6576670522058206;cluster2
0.8790939631055343;0;N;1.1693627611883295;0.3976839147536479;0.1315334104411641;cluster2
0.0930185978272093;0;N;0.5034885951006414;0.1189773882874692;0.1315334104411641;cluster7
0.168034996354926;0.4;N;0.9481824144990764;0.1911577636210222;0;cluster4
0.2263452547128759;0.4;N;0.629944025380784;0.3091691270455914;0.2630668208823282;cluster5
0.1547209343859247;0;Y;0.161452320579075;0.0989223034078877;0.3946002313234923;cluster6
0.0620123985514728;0;N;0.7904630955518872;0.0795539225827164;0;cluster7
0.217043394930155;0.8;Y;1.436739003072173;0.0990880312680918;0.7892004626469847;cluster8
0.0767465444473028;0.4;Y;0.5888810074300365;0.0644408395110225;0.2630668208823282;cluster6
0.1240247971029457;0.4;N;0.8912541396128129;0.092872639830472;0;cluster5
0.8116802846402282;0;N;0.9131855242001438;0.3681997947313991;0.1315334104411641;cluster2
0.4164907717713296;0.8;N;0.9033863949164428;0.0765305452014226;0.2630668208823282;cluster1
0.2790557934816278;0.4;N;0.636010153032599;0.2482580224509327;0;cluster5
0.2024580787908485;0.8;N;0.6509421595601436;0.2952177798652294;0.3946002313234923;cluster1
0.168034996354926;0.8;Y;0.5128210991803568;0.1592383689077179;0.2630668208823282;cluster6
0.2790557934816278;0;N;0.3602346574770112;0.414002515109086;0;cluster7
0.1547209343859247;0.4;N;1.0172429446889697;0.1113324262393486;0;cluster4
0.4000047756164205;0;N;1.5650609341682589;0.4143578380280835;0.2630668208823282;cluster3
0.1658645624056244;0;N;1.108234859466194;0.1048791832507877;0.5261336417646564;cluster4
0.2790557934816278;0.4;N;0.7018043067945918;0.1239497461885624;1.183800693970477;cluster5
0.0930185978272093;0;Y;0.3056395086106767;0.0990880312680918;0.1315334104411641;cluster6
0.6003482316166638;0;Y;0.6271442741568692;0.3033843147875208;0;cluster6
0.2015402952922868;0.8;N;0.7512665784170831;0.2233963821154578;0.3946002313234923;cluster1
0.43408678986031;0;N;1.823571297176373;0.7454913512554011;0;cluster3
1.0342427830414644;0.4;Y;0.7862634687160156;0.42671508009767;0;cluster6
0.2046409152198604;0;Y;0.1796507035345199;0.2263797819391146;0;cluster6
0.7643803276450923;0;N;1.5561950552925294;0.3475126020141804;0;cluster2
0.2431444134804699;0;N;0.9276509055237028;0.1936018393415575;0.5261336417646564;cluster4
0.0930185978272093;0;N;1.5613279325363727;0.1861038843197476;0.2630668208823282;cluster3
0.3441626107208192;0.8;N;0.7876633443279729;0.2252572777554638;0.2630668208823282;cluster1
0.1798049495999955;0.4;N;1.0559728366197882;0.1686758321548871;0.1315334104411641;cluster4
0.261317146875979;0;N;1.2645543028014254;0.2600784017222523;0.1315334104411641;cluster4
0.3100619927573643;0;N;1.579992940695803;0.1637283856423214;0.1315334104411641;cluster3
0.5054010481945037;0;Y;0.1203893026283275;0.2863792341326593;0.3946002313234923;cluster6
0.1085216974650775;0;N;1.6887166132244866;0.2233963821154578;0;cluster3
0.294558893119496;0;N;1.1660963847604289;0.434720511429484;0;cluster4
0.5148145302946173;0;Y;0.5025553446926698;0.2184687752117194;0.1315334104411641;cluster6
0.7019245404439765;0.4;N;0.6439427815003568;0.4404051560384753;0;cluster5
0.3666638095352211;0;Y;1.5435961747849134;0.3412806527075392;0.5261336417646564;cluster8
0.43408678986031;0;N;0.6840725490431325;0.2233963821154578;0.1315334104411641;cluster7
0.077515498189341;0;N;0.3798329160444135;0.1627960731974287;0.3946002313234923;cluster7
0.353312540127089;0;N;1.7251133791353763;0.2637766987286529;0.1315334104411641;cluster3
0.4102864312962547;0.4;N;0.8921873900207843;0.1175884664995657;0.5261336417646564;cluster5
0.4991998083393565;0;Y;1.608457078138935;0.3640423524921378;0;cluster8
0.021642327094464;0.4;N;1.7013154937321022;0.0313027259697544;0.1315334104411641;cluster3
0.1271254170305193;0.4;Y;1.0377744536643434;0.1517947863476942;0.1315334104411641;cluster6
0.2232446347853023;0.4;N;0.3154386378943776;0.2180688504653582;0.1315334104411641;cluster5
0.0930185978272093;0;N;0.0639276529460499;0.0990880312680918;0;cluster7
0.43408678986031;0;N;2.046151519477584;0.4471513688897192;0.1315334104411641;cluster3
0.4371874097878837;0;Y;0.2725091191276872;0.3214223976313235;0.9207338730881488;cluster6
0.1240247971029457;0;N;0.7078704344464068;0.1239497461885624;0.2630668208823282;cluster7
0.3961662081460843;0;Y;1.4302062502163724;0.4106643890463963;0.3946002313234923;cluster8
0.1567673435381233;0;Y;0.7755310890243428;0.1803160886618534;0.3946002313234923;cluster6
0.3441626107208192;0.4;N;1.082103848042991;0.6012837235842441;0.1315334104411641;cluster4
0.4147389215122505;0.4;Y;0.3499689029893243;0.2676998694967616;0.1315334104411641;cluster6
1.0342427830414644;0.8;N;0.745200450765268;0.5334835012867885;0.1315334104411641;cluster1
0.8743748195757673;0.8;Y;0.7829970922881151;0.8707941438489873;0;cluster6
0.3262968386981399;0.4;N;0.5524842415191467;0.2861372804069607;0.1315334104411641;cluster5
0.3772834327871608;0;Y;0.5809483789622786;0.2451752008281526;0;cluster6
0.2544089656773449;0;Y;0.7605990824967982;0.457349599091921;0.2630668208823282;cluster6
0.3100619927573643;0;Y;1.6859168620005722;0.3151932825545148;0.1315334104411641;cluster8
0.4893398369696723;0;Y;1.6369212155820667;0.2777936807051353;0.2630668208823282;cluster8
0.315227625556702;0;N;1.377477602165981;0.237601616620813;0.1315334104411641;cluster4
0.1649529801469178;0;N;2.059217025189185;0.1881922641963073;0.1315334104411641;cluster3
0.1649529801469178;0;N;0.0461958951945907;0.1567671442487874;0.2630668208823282;cluster7
0.6015202659492868;0.4;N;0.2813749980034168;0.6082549593671874;0;cluster5
0.4371874097878837;0;N;1.6210559586465507;0.3409242855986034;0;cluster3
0.3438711524476273;0.4;N;0.9859790560219236;0.2572878041121993;1.0522672835293128;cluster4
0.6182636135581845;0;N;2.017220756830465;0.2599430299552538;1.0522672835293128;cluster3
0.2790557934816278;0;N;1.905697333077868;0.3239239783834597;0;cluster3
0.086817357972062;0;N;0.1661185726189326;0.1130105886401555;0.1315334104411641;cluster7
0.8116802846402282;0;N;1.9425607241927436;0.5064091478871029;0.1315334104411641;cluster3
0.3772834327871608;0;Y;1.2580215499456249;0.3270197777954728;0;cluster8
0.2790557934816278;0;N;0.1413874368076871;0.1861038843197476;0.1315334104411641;cluster7
0.1731386167557122;0;N;0.7857968435120296;0.1633306238608324;0.6576670522058206;cluster4
0.2356471144955968;0;Y;0.9855124308179376;0.1421816008509116;0.1315334104411641;cluster6
0.8526704800827518;0;N;1.2290907872985073;0.5741474646382176;0;cluster2
0.1426285166683875;0.4;Y;0.41436318113936;0.1388667453068465;0.7892004626469847;cluster6
0.2383756600318616;0.4;N;0.6948049287348054;0.2310679710070046;0;cluster5
0.4039983740831354;0;Y;2.045684894273597;0.2612408088785446;0.1315334104411641;cluster8
0.1550309963786821;0.4;Y;0.9397831608273324;0.089143390050901;0.2630668208823282;cluster6
1.0542107753750387;0;Y;1.159097006700642;0.5217363644811397;0.7892004626469847;cluster8
0.4754242547347218;0.8;Y;0.7955959727957307;0.3041943078396437;0.1315334104411641;cluster6
0.6836029772919439;0;N;1.5487290520287569;0.4907793399659515;0.2630668208823282;cluster2
0.4709221545998849;0;N;0.7521998288250544;0.2679484612870678;0.3946002313234923;cluster7
0.3497189216310312;0.4;Y;0.7582659564768696;0.2285986855579594;0;cluster6
0.3590207814137521;0;N;1.8161052939126008;0.2341925602273159;0.2630668208823282;cluster3
0.7119023353709084;0;Y;0.4848235869412108;0.9656178525791356;0.1315334104411641;cluster6
0.2363819614184318;0;N;1.2584881751496104;0.2140409623634391;0.2630668208823282;cluster4
0.7119023353709084;0;N;1.6798507343487572;0.5102289438513219;0.7892004626469847;cluster2
0.1547209343859247;0;Y;0.1679850734348757;0.1272883197612256;0.5261336417646564;cluster6
0.7119023353709084;0;N;0.151186566091388;0.2974841195412703;0.1315334104411641;cluster7
0.1557658433015171;0;N;1.2066927775071905;0.1280064240987798;0.1315334104411641;cluster4
0.3117983399168055;0.4;Y;0.8361923655424924;0.1645637375929453;0;cluster6
0.4893398369696723;0;N;2.029819637338081;0.5003155537472838;0.1315334104411641;cluster3
0.6615482677471125;0;N;1.20016002465139;0.4161240107236883;0.1315334104411641;cluster2
0.4234826697080081;0;N;0.3877655445121714;0.2538894879580674;0.2630668208823282;cluster7
0.1854170716689038;0.4;N;0.6327437766046986;0.1924574071692028;0.1315334104411641;cluster5
0.4433886496430309;0;N;1.7918407833053407;0.325684408034404;1.5784009252939697;cluster3
0.1550309963786821;0.4;Y;0.1959825856740216;0.1488113865240374;0.2630668208823282;cluster6
0.0930185978272093;0;Y;1.225824410870607;0.2482580224509327;0;cluster8
0.5891177862389921;0;Y;0.5674162480466912;0.4258413914593121;0.2630668208823282;cluster6
0.3445408863519831;0;Y;0.6579415376199299;0.0749224926964716;0;cluster6
0.4000047756164205;0;Y;0.4726913316375808;0.2724811406391496;0.2630668208823282;cluster6
0.2544089656773449;0;N;1.1007688562024216;0.3429225668004887;0.1315334104411641;cluster4
0.7324222380515908;0;Y;1.968691735615946;0.305710844555004;0.1315334104411641;cluster8
0.3401752134939595;0;Y;1.9150298371575831;0.2228593701471996;0.2630668208823282;cluster8
0.1550309963786821;0.4;Y;0.360701282680997;0.1115188887283271;0.2630668208823282;cluster6
0.1557658433015171;0;N;1.949093477048544;0.1793524505188122;0.3946002313234923;cluster3
0.4947070100643023;0;Y;0.3378366476856944;0.3609545336746528;0.1315334104411641;cluster6
0.391099795184429;0.4;N;0.524486729280001;0.2252792057441676;0;cluster5
0.1485320970104877;0;Y;0.2183805954653384;0.1230348120476424;0;cluster6
0.5298897443824804;0;N;1.950026727456516;0.8429086786222451;0.1315334104411641;cluster3
0.3410681920331007;0;N;1.076504345595162;0.2112300030495897;0;cluster4
0.1396488209179893;0;N;2.1912719579171567;0.2123400515389768;0;cluster3
0.2325464945680232;0;N;1.845502681763704;0.4222897285542443;0;cluster3
0.2139675799620019;0.8;Y;0.8529908728859801;0.1837917494564135;0.1315334104411641;cluster6
0.0604744910673963;0;N;1.901497706241996;0.0996666616638901;0.5261336417646564;cluster3
0.1395278967408139;0;N;0.4115634299154455;0.0830189177229071;0.6576670522058206;cluster7
0.4100259792223385;0;Y;1.196893648223489;0.2353962874711659;0;cluster8
0.4832006095130765;0;Y;0.3341036460538084;0.1418158360325312;0.1315334104411641;cluster6
0.3664498667602185;0.8;N;0.482023835717296;0.2728057345399634;0.1315334104411641;cluster1
0.3772834327871608;0;N;0.8357257403385064;0.4266566800461219;0;cluster4
0.2790557934816278;0.8;N;0.7349346962775812;0.165385813414354;0.5261336417646564;cluster1
0.3007601329746434;0;N;1.8940317029782237;0.1991562585482461;0.5261336417646564;cluster3
0.2480495942058914;0;N;1.1926940213876176;0.095536368363024;0.1315334104411641;cluster4
0.1550309963786821;0;N;1.2440227938260515;0.0990880312680918;0.1315334104411641;cluster4
0.1550309963786821;1.2;N;0.9099191477722436;0.2351729799943651;0.1315334104411641;cluster1
0.3803592477553139;0;N;1.788107781673455;0.3954550167453939;0;cluster3
0.1984024679255822;0;N;1.206226152303205;0.2203771814939171;0.1315334104411641;cluster4
0.1605221942704151;0;N;1.7176473758716042;0.2300008834750781;0.1315334104411641;cluster3
0.3445408863519831;0;N;1.7484446393346649;0.2254847619920176;0.2630668208823282;cluster3
0.440021376401686;0.4;N;1.0247089479527418;0.703399458163374;0;cluster2
1.4882975652353487;0.4;Y;0.4204293087911749;0.7772296535994094;0;cluster6
0.0371454267323322;0.4;Y;1.616389706606693;0.1635792156511386;0.2630668208823282;cluster8
0.6747569086385762;0.8;N;0.5067549715285417;0.5655425936968355;0.3946002313234923;cluster1
0.2790557934816278;0.4;Y;0.899186768080571;0.1488113865240374;0.2630668208823282;cluster6
0.1444888886249317;0;Y;2.1054129203837757;0.2634858172458463;0;cluster8
0.1234294780768515;0;N;2.186605705877299;0.1234724022167773;0.3946002313234923;cluster3
0.7364592451972917;0;N;0.9351169087874748;0.6150173571624747;0.2630668208823282;cluster2
0.1257611442623869;0.4;N;1.0746378447792189;0.1073847170076903;0;cluster4
0.1976366148034715;0.4;N;0.4432939437864776;0.3663062308633241;0;cluster5
0.676663789894034;0;N;1.869767192370964;0.309148765341795;0.3946002313234923;cluster3
0.0915737089409599;0;N;2.08721453742833;0.1175871239696451;0;cluster3
0.1943220521008953;0.4;N;0.6327437766046986;0.2164510273259847;0.3946002313234923;cluster5
0.3505808939708966;0;N;0.6756732953713888;0.2291170512773198;0.1315334104411641;cluster7
0.4526905094257519;0;Y;0.7092703100583643;0.1935623838788896;0;cluster6
0.0620123985514728;0.4;N;0.2342458524008544;0.1115188887283271;0;cluster5
0.1395278967408139;0;N;1.7157808750556611;0.1461476579914853;0.5261336417646564;cluster3
0.1593563611776473;0;N;1.355079592374664;0.1828072275146068;0.1315334104411641;cluster4
0.6376114819062438;0;N;1.5650609341682589;0.4017291065745442;1.0522672835293128;cluster2
0.2790557934816278;0;N;0.9388499104193608;0.2482580224509327;0.3946002313234923;cluster4
0.4184534641854837;0;Y;1.1334326204814251;0.3600310968442355;0.2630668208823282;cluster8
1.013155466914036;0;Y;0.5515509911111753;0.6275706086004755;0;cluster6
0.1550309963786821;1.2;N;0.7349346962775812;0.1115188887283271;0.3946002313234923;cluster1
0.1557658433015171;0;N;1.9178295883814975;0.1793524505188122;0;cluster3
0.1550309963786821;0;N;0.244978232092527;0.1115188887283271;0.2630668208823282;cluster7
0.3106697142631687;0;N;0.1241223042602137;0.2344690468059733;0.2630668208823282;cluster7
0.0865693083778561;0.4;N;0.8319927387066205;0.0939168297687519;0.2630668208823282;cluster5
0.1287191356732922;0;N;2.029353012134096;0.127713752576079;0;cluster3
0.3609865744478338;0;Y;1.5258644170334543;0.3768147346471861;0;cluster8
0.7751549818934108;0;N;1.8207715459524587;0.7753253494919692;0;cluster2
0.1240247971029457;0.4;Y;0.4022309258357302;0.1239497461885624;0;cluster6
0.3410681920331007;0;N;0.6971380547547341;0.2233963821154578;0;cluster7
0.8567012859885975;0.4;Y;0.7120700612822787;0.8537887648541435;0.2630668208823282;cluster6
0.2821564134092015;0;Y;1.375144476146052;0.2148723613092967;0.1315334104411641;cluster8
0.0930185978272093;0;N;1.648120220477725;0.0990880312680918;0.2630668208823282;cluster3
0.1085216974650775;0;Y;1.6047240765070487;0.3352738755025886;0.2630668208823282;cluster8
0.3445408863519831;0;N;1.456337261639575;0.1803160886618534;0.1315334104411641;cluster4
0.0350990175801336;0;Y;1.501599906426195;0.0608010917261612;0.2630668208823282;cluster8
0.0391918358845308;0;N;1.9061639582818533;0.0934527619261821;0.1315334104411641;cluster3
0.0837167380444883;0;N;2.1572083180261954;0.1018504357498113;0.5261336417646564;cluster3
0.1649529801469178;0;N;2.1208115521153057;0.1567671442487874;0.1315334104411641;cluster3
0.3978529453866844;0;Y;1.3863434810417106;0.4122873585504657;0.1315334104411641;cluster8
0.168034996354926;0.4;Y;1.1152342375259805;0.2390368556909787;0.1315334104411641;cluster6
0.3751750112364108;0;N;1.1702960115963008;0.6103060467459515;0.5261336417646564;cluster4
0.1727169324455622;0.4;Y;0.5618167455988621;0.1396566004101596;0;cluster6
0.0930185978272093;0.4;N;0.7769309646363001;0.1189773882874692;0;cluster5
0.1342568428639387;0;N;2.163274445678011;0.294113996515472;0;cluster3
0.3281696131343944;0;N;0.8627900021696812;0.5756364794902048;0.1315334104411641;cluster4
0.2139675799620019;0;N;1.4442050063359455;0.1680074014243968;0.7892004626469847;cluster4
0.3317601310105246;0;N;0.7937294719797877;0.2905178809530316;0.2630668208823282;cluster7
0.1550309963786821;0;N;0.9458492884791476;0.1488113865240374;0;cluster4
0.2563344506523682;0.8;Y;0.898720142876585;0.1815345837348304;0;cluster6
0.1085216974650775;0;N;0.5146875999962998;0.0443923926960487;0.5261336417646564;cluster7
0.5085016681220774;0.8;N;0.4204293087911749;0.4322343697714351;0.3946002313234923;cluster1
0.1984396753647131;0;Y;0.1045240456928114;0.2756058790294521;0;cluster6
0.7441487826176744;0;Y;0.3966314233879009;0.414002515109086;0.2630668208823282;cluster6
0.2790557934816278;0;N;1.6798507343487572;0.2979813777068783;0.2630668208823282;cluster3
0.3281696131343944;0;N;0.8235934850348767;0.3196386228767591;0.2630668208823282;cluster4
0.2790557934816278;0.4;Y;0.8305928630946631;0.3725663732982988;0.5261336417646564;cluster6
0.1731386167557122;0.4;N;0.9491156649070476;0.1633306238608324;0.1315334104411641;cluster4
0.88228140039108;0;Y;1.3326815825833471;0.2742540259843576;0.1315334104411641;cluster8
0.43408678986031;0;N;1.978024239695661;0.1312619845713497;0;cluster3
0.6633683316445982;0;N;1.1684295107803575;0.4172185455339924;0.2630668208823282;cluster2
0.1061652263201215;0.8;Y;0.2445116068885412;0.1316270035397741;0;cluster6
0.3100619927573643;0;Y;0.838992116766407;0.2731197373714033;0.1315334104411641;cluster6
0.8211929865780242;0.4;N;0.5562172431510329;0.3723602203704841;0.2630668208823282;cluster5
1.2092417717537207;0.8;Y;0.5048884707125987;0.4258413914593121;0.6576670522058206;cluster6
0.8116802846402282;0;Y;0.8590570005377948;0.5064091478871029;0;cluster6
0.7855730648500582;0;N;0.533819233359716;0.2615441460556149;0.2630668208823282;cluster7
0.5298897443824804;0;N;1.7675762726980813;0.7933047339442415;0.3946002313234923;cluster3
0.176710530912277;0;Y;1.155830630272742;0.199505316327614;0.5261336417646564;cluster8
0.2790557934816278;0;N;0.8086614785073322;0.1239497461885624;0.1315334104411641;cluster4
0.0930185978272093;0;N;0.346702526561424;0.0848813796478204;0.2630668208823282;cluster7
0.1550309963786821;0;N;0.7937294719797877;0.1594663752392409;0.2630668208823282;cluster7
0.6004660551739117;0.4;N;0.8739890070653393;0.3448681909954865;0.6576670522058206;cluster5
0.43408678986031;0.4;N;0.6294774001767983;0.3725663732982988;0;cluster5
0.1506808266202963;0;N;1.8944983281822096;0.174459674808015;0.1315334104411641;cluster3
0.1444888886249317;0;N;2.169807198533811;0.0934527619261821;0.1315334104411641;cluster3
0.43408678986031;0;Y;0.5254199796879723;0.3725663732982988;0.1315334104411641;cluster6
0.5261752017092473;0.4;N;0.6210781465050544;0.4783172313925634;0;cluster5
0.2790557934816278;0;Y;0.3625677834969401;0.0742263909326169;0.2630668208823282;cluster6
0.7119023353709084;0.8;Y;0.2846413744313172;0.4464055189338051;0;cluster6
0.3281696131343944;0.4;N;0.3835659176762995;0.2876389001232028;0;cluster5
0.2821564134092015;0;N;0.972446925106336;0.2507442386939772;0;cluster4
0.43408678986031;1.2;Y;0.7727313378004284;0.2940558202189107;0.3946002313234923;cluster6
0.1547209343859247;0;N;1.0732379691672616;0.1272883197612256;0.2630668208823282;cluster4
0.1550309963786821;0;Y;0.0499288968264769;0.1115188887283271;0.1315334104411641;cluster6
0.1665404975498355;0;N;1.634588089562138;0.1897197649060196;0;cluster3
0.0728769707776909;0;N;1.8119056670767288;0.0654017925942224;0;cluster3
0.3281696131343944;0;N;1.3928762338975111;0.4316376898067038;0.3946002313234923;cluster4
0.168034996354926;0;N;0.7470669515812111;0.1592383689077179;0.1315334104411641;cluster7
0.3389442673827127;0;N;1.4801351470428492;0.4445968327907131;0.1315334104411641;cluster4
0.5472656184566032;0;Y;1.9929562462232064;0.4633163987392345;0;cluster8
0.0062012398551472;0;N;0.3005066313668333;0.0810068382968373;0;cluster7
0.3317663322503797;0.4;Y;0.7820638418801434;0.2292846437624137;0.3946002313234923;cluster6
0.1085216974650775;0;N;0.8735223818613536;0.3352738755025886;0;cluster4
0.5891177862389921;0;Y;1.20342640107929;0.4258413914593121;0;cluster8
0.0350990175801336;0;N;1.8133055426886864;0.1056515108801368;0.1315334104411641;cluster3
0.0457403451715663;0;Y;1.823571297176373;0.0457945906131674;0.1315334104411641;cluster8
0.5373188297289468;0;N;1.9028975818539533;0.4553408014056572;0;cluster3
0.0655719102283274;0;N;1.3541463419666928;0.0577207314082355;0.1315334104411641;cluster4
0.1860371956544186;0;Y;0.2907075020831322;0.1736730268595123;0.3946002313234923;cluster6
0.1705340960165503;0;Y;0.6448760319083284;0.1006419350662435;0.5261336417646564;cluster6
0.8346868845028247;0;N;1.2986179426923865;0.2188427443796148;0.3946002313234923;cluster2
0.2089569781590429;0;N;1.82170479636043;0.2506102094568994;0;cluster3
0.1550309963786821;0;N;1.006510564997297;0.2482580224509327;0.5261336417646564;cluster4
0.3255898973546531;0;N;0.9752466763302506;0.2676998694967616;0;cluster4
0.8371673804448836;0.4;N;0.8501911216620655;0.5613056438522737;0.1315334104411641;cluster2
0.4030805905845736;0;N;1.6201227082385792;0.260688879911168;0.1315334104411641;cluster3
0.1395278967408139;0.4;N;0.0209981341793594;0.2047501332176027;0.1315334104411641;cluster5
0.7130619672238209;0;Y;1.570193811412102;0.5962566948813824;0.1315334104411641;cluster8
0.4000047756164205;0.4;Y;0.9911119332657669;0.1591477481380743;0.1315334104411641;cluster6
0.4832006095130765;0.4;N;0.3686339111487549;0.2057943231558825;0;cluster5
0.1240247971029457;0;Y;0.1609856953750892;0.1488113865240374;0.1315334104411641;cluster6
0.8567012859885975;0;N;1.6271220862983655;0.8537887648541435;0.2630668208823282;cluster2
0.5077575193394598;0;N;0.3023731321827763;0.4316376898067038;0.9207338730881488;cluster7
0.2694314692264393;0;N;0.8800551347171545;0.2405410112970709;0.1315334104411641;cluster4
0.3100619927573643;0.4;Y;0.3406363989096091;0.2047501332176027;0.2630668208823282;cluster6
0.3445408863519831;0.8;N;0.4026975510397159;0.3007658593472928;0.5261336417646564;cluster1
0.3933570464917026;0;N;1.7120478734237747;0.1017214037074381;0.3946002313234923;cluster3
0.5077575193394598;0;N;1.8828326980825651;0.3082101877572725;0.5261336417646564;cluster3
0.2694314692264393;0;N;1.4078082404250556;0.4814405526679498;0;cluster4
0.5674134467459767;0;N;1.4544707608236322;0.4794715087843363;0;cluster2
0.43408678986031;0;Y;1.5589948065164436;0.2030550400227965;0.1315334104411641;cluster8
0.0284264834959951;0;N;0.7270020678098231;0.0443178077004573;0.5261336417646564;cluster7
0.1178235572477984;0;N;2.003688625914879;0.1428445868767237;0.1315334104411641;cluster3
0.4061688080324369;0;Y;1.11196786109808;0.2625460463013944;0.2630668208823282;cluster8
0.8362371944666115;0;Y;1.4297396250123866;0.3789400340965636;0.5261336417646564;cluster8
0.1547209343859247;0;N;1.128299743237582;0.2230234571375007;0.1315334104411641;cluster4
0.8991797789963565;0;N;1.013976568261069;0.4471513688897192;0.2630668208823282;cluster2
0.279294541216051;0;N;1.2673540540253398;0.3728535255313258;1.0522672835293128;cluster4
0.5023004282669302;0;N;1.8823660728785792;0.3661733949861758;0;cluster3
0.1984024679255822;0.4;Y;0.6341436522166557;0.0686213285139216;0;cluster6
0.3228303456191125;0;N;1.887032324918437;0.3401010164172653;0.2630668208823282;cluster3
0.5891177862389921;0.8;Y;1.0466403325400728;0.1861038843197476;0.1315334104411641;cluster6
0.0814439836375768;0;N;1.652786472517583;0.1799729976821328;0;cluster3
2.009201713067721;0;Y;1.8893654509383664;0.7007403539005488;0;cluster8
0.1444888886249317;0.4;Y;0.53008623172783;0.1051791641030564;0.2630668208823282;cluster6
1.0139027163165812;0;N;1.4927340275504652;0.7177883209278754;0;cluster2
0.2769411706910226;0;Y;0.524020104076015;0.1848322101449138;0.1315334104411641;cluster6
0.1395278967408139;0;Y;1.5333304202972269;0.1278343565139504;0;cluster8
0.0930185978272093;0;N;0.0172651325474733;0.1751354894530689;0;cluster7
1.0072301822324428;0;N;1.5258644170334543;0.5546333447316608;0.9207338730881488;cluster2
0.0516253217941011;0;N;1.7703760239219957;0.0791490006416506;0;cluster3
0.7119023353709084;0;N;1.5095325348939528;0.2745731751804934;0.5261336417646564;cluster2
0.3281696131343944;0;N;0.9514487909269768;0.191639731862534;0.5261336417646564;cluster4
0.0865693083778561;0;N;0.360701282680997;0.1660097914874718;0.2630668208823282;cluster7
0.9802175814234212;0;N;0.3476357769693955;0.4050555973779216;0;cluster7
0.5261752017092473;0;Y;1.4180739949127426;0.3347144880356529;0.1315334104411641;cluster8
0.3445408863519831;0;N;0.2165140946493954;0.6018903979383847;0.1315334104411641;cluster7
0.4371874097878837;0;N;0.8375922411544499;0.3750525149563475;0.9207338730881488;cluster4
0.5147029079772247;0;N;1.317282950851817;0.5247197643047966;0.2630668208823282;cluster2
0.5445928840790346;0;N;1.4652031405153048;0.3073293389593379;0;cluster4
0.2790557934816278;0;Y;0.4446938193984349;0.3725663732982988;0.5261336417646564;cluster6
0.43408678986031;0;N;0.6094125164054103;0.3192913551372854;0.5261336417646564;cluster7
0.0930185978272093;0;N;0.3191716395262639;0.0990880312680918;0;cluster7
0.2821564134092015;0;Y;1.3527464663547353;0.3762956230778698;0.5261336417646564;cluster8
0.5298897443824804;0.4;Y;0.3215047655461927;0.5393324566410677;0;cluster6
0.6182636135581845;0.8;N;0.5072215967325275;0.8216465847590078;0.2630668208823282;cluster1
0.077515498189341;0;Y;0.9257844047077592;0.0386037020182074;0.6576670522058206;cluster6
0.4709221545998849;0;Y;1.8860990745104655;0.2008717134468488;0.2630668208823282;cluster8
0.1240247971029457;0;Y;1.0177095698929557;0.1488113865240374;0.5261336417646564;cluster6
0.6604320445731859;0.4;N;1.3518132159467635;0.3692515177542336;0;cluster2
0.6182636135581845;0;Y;0.2617767394360146;0.5202446645693114;0.1315334104411641;cluster6
0.315227625556702;0;N;1.0489734585600017;0.1186215432735025;0.3946002313234923;cluster4
0.43408678986031;0.4;N;0.3056395086106767;0.1594663752392409;0.1315334104411641;cluster5
0.1547209343859247;0;N;2.0265532609101813;0.1688702006533984;0.2630668208823282;cluster3
0.5445928840790346;0;Y;1.187094518939788;0.2126561427502933;0.1315334104411641;cluster8
0.0620123985514728;0;N;0.2183805954653384;0.0742263909326169;0.2630668208823282;cluster7
0.217043394930155;0;Y;1.046173707336087;0.2127413934002543;0.6576670522058206;cluster8
0.2139675799620019;0.4;Y;0.5207537276481146;0.2353538486086743;0.3946002313234923;cluster6
0.7441487826176744;0;N;1.3009510687123154;0.4657976177875743;0.2630668208823282;cluster2
0.3445408863519831;0;Y;1.6989823677121734;0.4513281286428388;0;cluster8
0.1463430593416207;0;N;1.5141987869338105;0.224173632354516;0;cluster3
0.294558893119496;0;N;2.0078882527507504;0.325950751053661;0;cluster3
0.3782756311639844;0;N;2.0419518926417117;0.3278153759434465;0;cluster3
0.1240247971029457;0;N;1.1110346106901088;0.1861038843197476;0;cluster4
0.43408678986031;0.4;N;0.5832815049822073;0.4471513688897192;0;cluster5
0.1240247971029457;0;N;0.9855124308179376;0.1328288661587342;0.1315334104411641;cluster4
1.016625060612991;0;Y;1.7526442661705366;0.7095182620317031;0.2630668208823282;cluster8
0.4100259792223385;0.4;N;0.3728335379846269;0.3532736962436528;0;cluster5
0.3193607519201576;0;Y;1.113834361914023;0.2274259856722755;0.6576670522058206;cluster8
0.1240247971029457;0;Y;0.0163318821395018;0.1061913570782275;0.2630668208823282;cluster6
0.3281696131343944;0;Y;1.4871345251026358;0.2331529199737671;0.1315334104411641;cluster8
0.8116802846402282;0.4;Y;0.6271442741568692;0.5064091478871029;0.2630668208823282;cluster6
0.5298897443824804;0;N;1.7307128815832054;0.3208860569280256;0.3946002313234923;cluster3
0.0350990175801336;0;Y;2.188472206693242;0.1442006912665669;0.2630668208823282;cluster8
0.43408678986031;0;N;0.750799953213097;0.4471513688897192;0.1315334104411641;cluster7
0.3757517265429395;0.8;Y;0.4297618128708904;0.3910216846074399;0.2630668208823282;cluster6
0.217043394930155;0.4;N;0.5137543495883281;0.0990880312680918;0;cluster5
0.1472515409803998;0;N;0.8170607321790759;0.3294849610697605;0.2630668208823282;cluster4
0.2790557934816278;0.8;N;0.444227194194449;0.1772246897645801;0.5261336417646564;cluster1
0.168034996354926;0;N;1.568327310596159;0.1991376122993483;0.3946002313234923;cluster3
0.4100259792223385;0.4;Y;0.4134299307313885;0.3027548174247292;0.2630668208823282;cluster6
1.2092417717537207;0.4;Y;1.622455834258508;0.4968747241456648;0.2630668208823282;cluster8
0.5922184061665658;0;Y;1.8030397882009996;0.2603645843503366;0.3946002313234923;cluster8
0.5891177862389921;0;Y;0.6789396717992892;0.3725663732982988;0.6576670522058206;cluster6
0.1521722248054592;0;N;1.4442050063359455;0.2199580138186933;0.1315334104411641;cluster4
0.134814954450902;0;Y;1.41060799164897;0.0946129315326066;0.1315334104411641;cluster8
0.098860165770758;0;N;1.936961221744914;0.1640581259078311;0.3946002313234923;cluster3
0.1240247971029457;0;N;1.7447116377027785;0.1488113865240374;0.2630668208823282;cluster3
0.0930185978272093;0.8;Y;0.3942982973679722;0.0990880312680918;0.2630668208823282;cluster6
0.3010050819489216;0;Y;1.4418718803160169;0.2658576201056535;0.1315334104411641;cluster8
0.2790557934816278;0.4;Y;0.3341036460538084;0.2482580224509327;0;cluster6
0.0841136173952177;0;N;2.012554504790608;0.1104090639939268;0.5261336417646564;cluster3
0.1445571022633383;1.2;N;0.4255621860350185;0.1404131160204434;0.5261336417646564;cluster1
0.1444888886249317;0;N;1.5496623024367284;0.1685018253601723;0.2630668208823282;cluster3
0.7314920520733187;0;N;1.859034812679291;0.2206268174741616;0.3946002313234923;cluster3
0.7441487826176744;0.4;N;1.0060439397933114;0.2327195065643854;0;cluster2
0.021642327094464;0;N;1.700848868528117;0.0629640565983124;0.1315334104411641;cluster3
0.7978515197632498;0;Y;0.111523423752598;0.3319423875045066;0.3946002313234923;cluster6
0.1429943898198412;0;N;1.573926813043988;0.2612389442536548;0;cluster3
0.0620123985514728;0.4;N;0.7330681954616383;0.1394882620751098;0;cluster5
0.4371874097878837;0.4;N;0.7871967191239869;0.7504637091564943;0.2630668208823282;cluster5
0.1637747445744398;0.4;N;0.6103457668133817;0.1335107967734266;0.7892004626469847;cluster5
0.5891177862389921;0;N;0.9509821657229908;0.2127413934002543;0.1315334104411641;cluster4
0.0020464091521986;0.4;N;1.5057995332620666;0.0393951979914235;0.1315334104411641;cluster4
0.1550309963786821;0;Y;0.1166563009964414;0.1488113865240374;0.3946002313234923;cluster6
0.5261752017092473;1.2;Y;0.7335348206656239;0.4464055189338051;0.1315334104411641;cluster6
0.2821564134092015;0.4;Y;0.9178517762400016;0.1503030864358658;0.2630668208823282;cluster6
0.3497189216310312;0;Y;1.562261182944344;0.2406490849556828;0;cluster8
0.1240247971029457;0.4;N;0.4054973022636306;0.1239497461885624;0.2630668208823282;cluster5
0.1550309963786821;0;N;1.2085592783231336;0.1061913570782275;0;cluster4
0.1342568428639387;0;N;1.931361719297085;0.3545860938260795;0;cluster3
0.3895308815010767;0;Y;0.9925118088777242;0.3743066650004334;0.1315334104411641;cluster8
0.3407860356196915;0;Y;0.1927162092461212;0.2349943489299237;0.2630668208823282;cluster6
0.4893398369696723;0;N;0.3569682810491108;0.2082556280103994;0.3946002313234923;cluster7
0.391099795184429;0;N;1.5589948065164436;0.4057895137345411;0;cluster3
0.2294458746404495;0;N;0.4274286868509615;0.2844204829784374;0.5261336417646564;cluster7
0.1444888886249317;0;N;2.137143434254808;0.1051791641030564;0.2630668208823282;cluster3
0.6182636135581845;0.4;N;0.8758555078812826;0.3900938472622826;0.1315334104411641;cluster5
0.0772054361965837;0.4;Y;0.1311216823200001;0.1297922126482251;0;cluster6
0.9206174651756006;0.4;Y;0.6388099042565133;0.7626807314343691;0;cluster6
0.1550309963786821;0;N;0.7512665784170831;0.2233963821154578;0.2630668208823282;cluster7
0.0930185978272093;0.4;N;0.0545951488663345;0.0659391774874586;0;cluster5
0.4061812105121472;0;N;1.6359879651740954;0.3501908746208726;0.5261336417646564;cluster3
0.3640871943754075;0;N;1.8604346882912484;0.1458555085637538;0.2630668208823282;cluster3
0.5891177862389921;0;N;1.700848868528117;0.4083262986045965;0.3946002313234923;cluster3
0.0567413446745976;0;N;1.8044396638129567;0.0914133843917258;0.1315334104411641;cluster3
0.1426285166683875;0;N;1.3312817069713905;0.2084793829971737;0.5261336417646564;cluster4
0.6750669706313336;0.4;Y;0.8235934850348767;0.3770745887718266;0.3946002313234923;cluster6
0.8567012859885975;0.4;Y;0.7881299695319586;0.4741676951628348;0;cluster6
0.4928094306686272;0;N;1.9360279713369428;0.3934012443067886;0.6576670522058206;cluster3
0.1547209343859247;0;N;1.6523198473135967;0.1485627947337311;0.2630668208823282;cluster3
0.7081877926976752;0;Y;1.5435961747849134;0.4802146736804092;0.1315334104411641;cluster8
0.5062196118553832;0;N;1.3840103550217813;0.2580992888642339;0.1315334104411641;cluster4
0.6784559482121715;0;Y;1.8301040500321737;0.1418582003100272;0.6576670522058206;cluster8
0.0742908534646644;0;N;0.5711492496785776;0.1178137877712474;0;cluster7
0.3136525106334945;0;N;0.5398853610115312;0.3312701529392411;0.3946002313234923;cluster7
0.2041448160314486;0.8;N;0.2743756199436303;0.2091423690229858;1.709934335735133;cluster1
0.3436417065729868;0.4;N;0.4334948145027764;0.4502466462067632;0;cluster5
1.2092417717537207;0;N;0.972446925106336;0.8059656861158763;0.9207338730881488;cluster2
0.7274116362486318;0;N;1.478268646226906;0.4050555973779216;0;cluster2
0.8116802846402282;0;N;1.1422984993571546;0.4050555973779216;0.2630668208823282;cluster2
0.1444888886249317;0;N;2.0685495292689;0.0599486598115468;0.3946002313234923;cluster3
0.1382318376110881;0;N;1.5706604366160877;0.203191306809742;0;cluster3
0.1342568428639387;0;N;1.4838681486747354;0.0879831458594808;0;cluster4
0.1976955265820954;0.8;Y;0.9943783096936673;0.1096691808376599;0.5261336417646564;cluster6
0.0713142583341937;0;N;0.1091902977326692;0.1227066380670402;0;cluster7
1.1596318529125424;0.8;Y;1.2370234157662654;0.4615871456164475;0;cluster8
0.3775934947799182;0;N;1.8902987013463373;0.3272684441707746;0.2630668208823282;cluster3
0.5736146866011239;0.8;Y;0.9131855242001438;0.3026429399313421;0.1315334104411641;cluster6
0.2204168694113551;0.4;N;1.1129011115060516;0.2195668155168163;0.1315334104411641;cluster4
0.077515498189341;0;Y;2.207603840056658;0.2896941642617199;0.1315334104411641;cluster8
0.0020464091521986;0;N;2.130144056195021;0.0280369473527885;0.1315334104411641;cluster3
1.2092417717537207;0;Y;1.1469647513970125;0.4258413914593121;0.2630668208823282;cluster8
0.2089569781590429;0;N;1.3312817069713905;0.1645637375929453;0;cluster4
0.0904884919663091;0.8;N;0.4521598226622072;0.1165429340313652;0;cluster1
0.5271053876875194;0;N;1.1805617660839876;0.7454913512554011;0.6576670522058206;cluster2
0.4154830702948681;0;N;1.406874990017084;0.2144461826444873;0.2630668208823282;cluster4
0.1395527017002345;0.8;N;0.3425028997255521;0.2560646101845;0.1315334104411641;cluster1
0.7441487826176744;0;N;1.8226380467684016;0.7454913512554011;0.1315334104411641;cluster2
0.4893398369696723;0;N;1.725580004339362;0.357265783547688;1.0522672835293128;cluster3
0.3410681920331007;0;Y;1.3308150817674045;0.1189773882874692;0.5261336417646564;cluster8
0.1731386167557122;0;Y;0.6528086603760865;0.1633306238608324;0.1315334104411641;cluster6
0.1550309963786821;0.8;N;0.8329259891145921;0.0443923926960487;0;cluster1
0.1224868896188692;0;N;1.3508799655387922;0.1227165578714538;0;cluster4
0.926192379805378;0;N;1.9710248616358752;0.2298942269313823;0;cluster3
0.4518843482445827;0;N;1.2547551735177245;0.3315232944142784;0;cluster4
0.1550309963786821;0.4;N;1.275286682493098;0.1786453847606055;0.2630668208823282;cluster4
0.1854170716689038;0.8;Y;0.848791246050108;0.1297922126482251;0.7892004626469847;cluster6
0.1444888886249317;0;N;0.6159452692612111;0.1685018253601723;0.1315334104411641;cluster7
0.0620123985514728;0;Y;1.1227002407897528;0.1115188887283271;0.1315334104411641;cluster8
0.6697339043559069;0;N;0.5916807586539511;0.7325200509171103;0;cluster7
0.6355774752337556;0;N;0.9001200184885423;0.5341273935537292;0.2630668208823282;cluster2
0.7441487826176744;0;N;1.204359651487262;1.0355441201759248;0.3946002313234923;cluster2
0.1364272768132403;0;N;0.5622833708028478;0.0616042975436852;0.5261336417646564;cluster7
0.9766952771856976;0;N;1.3961426103254115;0.4036434796563892;0.7892004626469847;cluster2
0.1550309963786821;0;N;0.6990045555706771;0.2233963821154578;0;cluster7
0.5077575193394598;0;N;1.630388462726266;0.479637311229536;0.2630668208823282;cluster3
0.4454908699539258;0.4;N;0.7899964703479015;0.2288828543911627;0.2630668208823282;cluster5
0.5261752017092473;0;Y;0.7321349450536665;0.1911117446787423;0.2630668208823282;cluster6
0.332367852516329;0;N;1.4806017722468348;0.3492779542748336;0;cluster4
0.3218195435227236;0.4;N;0.7979290988156598;0.2825472808141589;0.2630668208823282;cluster5
0.3720743913088372;0;N;1.839436554111889;0.3874833724165829;0.1315334104411641;cluster3
0.43408678986031;0.4;N;1.3620789704344505;0.4471513688897192;0.6576670522058206;cluster4
0.5880387705041965;0;N;1.7783086523897538;0.297462266137562;0;cluster3
0.7645818679403846;0;N;1.4572705120475469;0.6375668626346157;0;cluster2
0.8567012859885975;0;Y;1.1950271474075462;0.6669440277731865;0.5261336417646564;cluster8
0.1393728657444352;0;N;2.1399431854787228;0.322353665886278;0;cluster3
0.3317601310105246;0;N;1.3546129671706784;0.435956161051447;0.2630668208823282;cluster4
1.3218934949623262;0;N;0.7344680710735956;0.3250795983051532;0;cluster2
0.3445408863519831;0.8;Y;1.2603546759655535;0.1502036646367424;0.3946002313234923;cluster8
0.1830543992840927;0.4;Y;0.4768909584734527;0.1510883918544478;0.6576670522058206;cluster6
0.2030099891379566;0.8;Y;0.982246054390037;0.0700067448070323;0.2630668208823282;cluster6
0.306958272209863;0;N;1.281352810144913;0.1803011716627351;0;cluster4
0.8991797789963565;0.4;Y;0.575815501718435;0.55902886227685;0;cluster6
0.8744554356938842;0;N;2.0120878795866224;0.5441603434057003;0.1315334104411641;cluster3
0.3410681920331007;0;N;1.064372090291532;0.2233963821154578;0.1315334104411641;cluster4
0.2694314692264393;0;N;1.7031819945480453;1.0320682356263775;0;cluster3
0.3445408863519831;0.4;N;1.21555865638292;0.0781955806430055;0.1315334104411641;cluster4
0.2790557934816278;0;N;1.563661058556301;0.1488113865240374;0;cluster3
0.1943220521008953;0;Y;1.0699715927393612;0.2254847619920176;0.2630668208823282;cluster8
0.1444888886249317;0;N;1.8660341907390776;0.1403584452186749;0;cluster3
0.6213394285263375;0;N;1.5043996576501093;0.3483544428594207;0.1315334104411641;cluster2
0.4945612809277063;0;Y;1.6453204692538104;0.2295042219894348;0.1315334104411641;cluster8
0.4100259792223385;0.8;N;0.302839757386762;0.2118207907996694;0.2630668208823282;cluster1
0.3193607519201576;0.4;Y;1.0135099430570833;0.1682019936778949;0.2630668208823282;cluster6
0.3471144008918693;0;N;1.377010976961995;0.3634670038361455;0;cluster4
0.2833780576606655;0.4;Y;0.7573327060688979;0.3777649474910208;0;cluster6
0.3565712916709689;0;N;1.8375700532959465;0.2660164115612676;0;cluster3
0.2790557934816278;0;Y;0.1693849490468329;0.092872639830472;0.7892004626469847;cluster6
0.2790557934816278;0;N;1.1408986237451977;0.1861038843197476;0;cluster4
0.3751347031773523;0.4;Y;0.4460936950103921;0.325296864397311;0.2630668208823282;cluster6
0.0618573675550941;0.8;Y;0.4073638030795736;0.1237425490708094;0.1315334104411641;cluster6
0.532314429165843;0;Y;1.1670296351684002;0.3007658593472928;0.5261336417646564;cluster8
0.1854170716689038;0.4;N;0.3051728834066908;0.1153310024380002;0.2630668208823282;cluster5
0.1665404975498355;0;Y;0.9085192721602862;0.2372393572972254;0;cluster6
0.0930185978272093;0.4;N;0.1399875611957297;0.0990880312680918;0.1315334104411641;cluster5
0.3036127033080111;0;Y;0.4946227162249119;0.2008717134468488;0;cluster6
0.3193607519201576;0;Y;1.701782118936088;0.2805757010406953;0.1315334104411641;cluster8
0.687345425544525;0;Y;1.751711015762565;0.9596331525328798;0.1315334104411641;cluster8
0.4030805905845736;0.4;N;0.6742734197594318;0.217180990677838;0.1315334104411641;cluster5
0.2318767606636673;0;N;1.969158360819932;0.526609225998114;0.1315334104411641;cluster3
0.0865693083778561;0;Y;2.0088215031587224;0.1410545469825296;0.2630668208823282;cluster8
0.7441487826176744;0.4;N;0.5324193577477587;0.2660164115612676;0;cluster5
0.2532586356842151;0;N;0.2379788540327406;0.1239677957574955;0.6576670522058206;cluster7
0.6376114819062438;0;Y;0.4008310502237728;0.4343308048275188;0.2630668208823282;cluster6
0.1649529801469178;0;N;1.5697271862081164;0.1343205660705626;0.3946002313234923;cluster3
0.3193607519201576;0.4;N;1.147898001804984;0.3367625920145933;0;cluster4
0.7441487826176744;0.8;N;0.9780464275541654;0.3881048891848462;0.7892004626469847;cluster1
0.2139675799620019;0;Y;0.5324193577477587;0.1960684397307613;0.1315334104411641;cluster6
0.1665404975498355;0;N;1.492267402346479;0.1580400117835506;0;cluster4
0.9590217435985278;0.4;N;0.750799953213097;0.3965579050752042;0;cluster2
0.1649529801469178;0;N;0.789529845143916;0.3924557303176761;0.2630668208823282;cluster7
0.4617133134149911;0;Y;0.2426451060725982;0.3382786066349845;0.2630668208823282;cluster6
0.1304492815928783;1.2;N;0.4600924511299651;0.3880203843848411;0;cluster1
0.3410681920331007;0;Y;1.387276731449682;0.1786453847606055;0.1315334104411641;cluster8
0.3445408863519831;0.8;N;1.046173707336087;0.3609907819825103;0.1315334104411641;cluster1
0.391099795184429;0;Y;0.7326015702576525;0.3169446128359969;0.1315334104411641;cluster6
0.4433886496430309;0.4;N;1.0886366008987916;0.570216611615563;0.3946002313234923;cluster2
0.2588800596129061;0;Y;2.011621254382637;0.3870400392027874;0;cluster8
0.3775934947799182;0;N;1.9705582364318888;0.0610714623351801;0.1315334104411641;cluster3
0.3357940375362979;0.4;N;0.9351169087874748;0.1957154289466271;0.5261336417646564;cluster5
0.021642327094464;0;N;1.9346280957249853;0.0840716103506844;0.1315334104411641;cluster3
0.3713953555446985;0.4;N;0.8809883851251261;0.386830007855202;0.2630668208823282;cluster5
0.8567012859885975;0;N;1.4479380079678317;0.711430845073654;0.7892004626469847;cluster2
0.7441487826176744;0.4;Y;0.083525911513452;0.7454913512554011;0.2630668208823282;cluster6
0.4832006095130765;0;Y;0.7862634687160156;0.1763439155516411;0.2630668208823282;cluster6
0.1395278967408139;0;Y;1.5025331568341662;0.0908008178229335;0.3946002313234923;cluster8
0.5261752017092473;0.4;N;0.8282597370747343;0.3825820940162883;0.5261336417646564;cluster5
0.4876530997290722;0;Y;0.9019865193044854;0.2768920226934306;0.3946002313234923;cluster6
0.0395391053164191;0;N;0.5534174919271183;0.0562066559977297;0;cluster7
0.3370745935663858;0.4;N;0.6453426571123142;0.4423480951736318;0;cluster5
0.0804300809212603;0.4;N;1.1595636319046283;0.1214861291991822;0.3946002313234923;cluster4
0.3515916960672857;0;N;1.5599280569244152;0.2041600913174789;0.5261336417646564;cluster3
0.3478771533940524;0;N;1.827770924012245;0.4553408014056572;0.3946002313234923;cluster3
0.1444888886249317;0;N;0.2253799735251248;0.2634858172458463;0;cluster7
0.1085216974650775;0;N;1.6602524757813548;0.2578201918107308;0.2630668208823282;cluster3
1.0072301822324428;0;Y;1.4675362665352336;0.2934606319540911;0.1315334104411641;cluster8
0.6768498270896883;0.4;Y;0.4456270698064064;0.3956270097452277;0;cluster6
0.7119023353709084;0.4;N;0.5053550959165843;0.3570526942152833;0.6576670522058206;cluster5
0.3445408863519831;0;Y;0.4082970534875451;0.1803160886618534;0.2630668208823282;cluster6
0.9765340449494636;0;N;0.8091281037113178;0.4403003641196693;0.1315334104411641;cluster2
0.7891697839660435;0.4;Y;0.2944405037150182;0.3942258560180472;0.2630668208823282;cluster6
0.2480495942058914;0;Y;0.2743756199436303;0.3047618250710988;0.1315334104411641;cluster6
0.7119023353709084;0.4;N;1.011176817037155;0.7144639930893701;0.3946002313234923;cluster2
0.9802175814234212;0;Y;1.5557284300885432;0.3984094775907612;0.1315334104411641;cluster8
0.43408678986031;0;Y;1.5515288032526715;0.1115188887283271;1.183800693970477;cluster8
0.3317601310105246;0;N;1.3000178183043436;0.2489641186041967;0;cluster4
0.5891177862389921;0;Y;0.3303706444219222;0.3159274226661211;0.1315334104411641;cluster6
0.1731386167557122;0;Y;1.9584259811282596;0.2755220454944074;0.3946002313234923;cluster8
0.43408678986031;0;Y;0.7326015702576525;0.5323913531963433;0.5261336417646564;cluster6
0.3425378858787706;0;Y;0.4726913316375808;0.2242802143132161;0.3946002313234923;cluster6
0.4617133134149911;0;N;0.9019865193044854;0.3382786066349845;0;cluster4
0.3006361081775404;1.2;N;0.4400275673585772;0.2295569535813179;0.1315334104411641;cluster1
0.2790557934816278;0;Y;0.462425577149894;0.2979813777068783;0.3946002313234923;cluster6
0.747249402545248;0;Y;1.7246467539313908;0.1556483693149161;0.3946002313234923;cluster8
0.3100619927573643;0;N;1.4260066233805009;0.3278153759434465;0;cluster4
0.7441487826176744;0.4;N;1.446538132355874;1.0355441201759248;0.2630668208823282;cluster2
0.0391918358845308;0;Y;0.151186566091388;0.1122149904921818;0;cluster6
0.43408678986031;0.4;Y;1.2654875532093968;0.3192913551372854;0;cluster8
0.7649756466711866;0;N;1.649986721293668;0.4251355190610349;0.3946002313234923;cluster2
0.8991797789963565;0;Y;1.2948849410605003;0.5884703196816206;0.1315334104411641;cluster8
0.538205607028233;0.4;Y;1.0275086991766569;0.4560518201686303;0;cluster6
0.4589413591997403;0;N;1.0088436910172256;0.3924954841203263;0.1315334104411641;cluster4
0.7410481626901007;0.4;N;1.2309572881144506;0.7425079514317444;0;cluster2
0.1420021914430177;0;N;1.9514266030684728;0.1597065389250453;0;cluster3
0.9154611342360456;0;N;1.4773353958189346;0.3248863485815758;0.1315334104411641;cluster2
0.662788515718142;0;N;1.4320727510323157;0.4764739378115171;0;cluster2
0.4371874097878837;0;N;1.85810156227132;0.3515893432882118;0.1315334104411641;cluster3
0.8709052258768124;0.4;Y;0.9360501591954464;0.2708333343315484;0.1315334104411641;cluster6
0.2670439918822075;0.4;Y;0.3233712663621357;0.2864236867900318;0.1315334104411641;cluster6
0.7288720282345189;0;N;1.6490534708856963;0.4566106109556012;0.1315334104411641;cluster2
0.1665404975498355;0;N;1.5785930650838458;0.1184403763192109;0.1315334104411641;cluster3
0.4064478638259186;0;N;1.4586703876595042;0.3002956755350845;0.5261336417646564;cluster4
0.43408678986031;0;N;1.7988401613651277;0.4471513688897192;0.1315334104411641;cluster3
0.3357940375362979;0;N;1.095635978958578;0.2937524084568447;0;cluster4
0.6636132806188765;0;Y;1.677984233532814;0.3034409993841703;0;cluster8
0.2480495942058914;0.4;N;0.6112790172213534;0.1914314159698472;0.3946002313234923;cluster5
0.0930185978272093;0;Y;0.2879077508592175;0.0742263909326169;0.1315334104411641;cluster6
1.7648728627749175;0.8;Y;1.2122922799550195;0.863633984272211;0;cluster2
0.0549305826368946;0;N;2.1539419415982954;0.0776488726253204;0.7892004626469847;cluster3
0.043284654188928;0;N;1.9061639582818533;0.0384904819948996;0.2630668208823282;cluster3
0.2325464945680232;0;N;1.586525693551604;0.140524173078879;0;cluster3
0.6969139386410175;0;Y;1.4978669047943085;0.605524477263581;1.183800693970477;cluster8
0.43408678986031;0;N;1.9336948453170135;0.55902886227685;0.2630668208823282;cluster3
0.1550309963786821;0;Y;1.1096347350781512;0.1786453847606055;0.2630668208823282;cluster8
0.0742908534646644;0;Y;0.8259266110548057;0.0559282302091869;0;cluster6
0.5484624577486465;0.4;Y;0.3886987949201428;0.257771786148592;0.2630668208823282;cluster6
0.1342568428639387;1.2;Y;0.4367611909306768;0.1132236779725602;0.1315334104411641;cluster6
0.1649529801469178;0;N;2.051751021925413;0.2615175937971843;0.1315334104411641;cluster3
0.6182636135581845;0;N;2.0242201348902524;0.578089505410211;0.1315334104411641;cluster3
0.3350498887536802;0.4;N;0.775064463820357;0.2931557284921134;0;cluster5
0.7481175761249685;0.8;N;0.1801173287385056;0.6243653184149343;0;cluster1
0.4754645627937803;0.4;N;0.8632566273736669;0.4869648395364195;0;cluster5
0.2790557934816278;0;Y;0.6980713051627058;0.2127413934002543;0;cluster6
0.43408678986031;0.8;N;0.8123944801392182;0.4471513688897192;0;cluster1
0.2790557934816278;0;N;1.3074838215681162;0.2979813777068783;0;cluster4
0.2431444134804699;0;N;1.9112968355256967;0.2532819931689752;0.5261336417646564;cluster3
0.1550309963786821;0.4;Y;0.4190294331792177;0.0493647505971419;0.5261336417646564;cluster6
0.5100519780858642;0;N;1.7904409076933836;0.722701458342469;0.5261336417646564;cluster3
1.4548108700175533;0.8;Y;0.7498667028051258;0.7600909912174436;0.2630668208823282;cluster6
0.1649529801469178;0.8;Y;1.1483646270089696;0.2353299814100851;0.1315334104411641;cluster6
0.2573514539886123;0;Y;1.883299323286551;0.2770975789412805;0;cluster8
0.1854170716689038;0;N;1.781575028817654;0.3467102166316078;0.1315334104411641;cluster3
0.5373188297289468;0.8;N;1.054572961007831;0.5464806826185494;0.1315334104411641;cluster1
0.1637747445744398;0.4;N;0.8375922411544499;0.3900938472622826;0.3946002313234923;cluster5
0.1240247971029457;0;Y;1.1726291376162297;0.1488113865240374;0.2630668208823282;cluster8
0.628098779968448;0;N;1.9364945965409284;0.3960084374126822;0.2630668208823282;cluster3
0.1547209343859247;0.8;Y;0.8977868924686135;0.2478437028004224;0.2630668208823282;cluster6
0.8371673804448836;0;N;1.1502311278249129;0.7454913512554011;0.1315334104411641;cluster2
0.2954270666992167;0;N;1.2328237889303937;0.1959491037378151;0;cluster4
1.0072301822324428;0;N;2.033552638969968;0.4229403334707883;0.1315334104411641;cluster3
0.3281696131343944;1.2;Y;1.43487250225623;0.2156395425739501;0;cluster8
0.2790557934816278;0;N;1.4852680242866927;0.1488113865240374;0.1315334104411641;cluster4
1.2681783553370405;0;Y;0.8086614785073322;0.5205032507490267;0.6576670522058206;cluster6
0.382256827150989;0;N;0.5524842415191467;0.1165941739233365;0.1315334104411641;cluster7
0.5261752017092473;0;N;1.4283397494004293;0.8756494778919978;0.2630668208823282;cluster2
0.8991797789963565;0;Y;0.972913550310322;0.1488113865240374;0.2630668208823282;cluster8
0.1333266568856666;0;Y;0.7022709319985775;0.1972916336584606;0.1315334104411641;cluster6
0.1085216974650775;0;N;0.1689183238428473;0.0835495153815444;0.1315334104411641;cluster7
0.2480495942058914;0;Y;0.7815972166761579;0.2233963821154578;0.1315334104411641;cluster6
0.9262853984032052;0;N;1.803506413404985;0.451161431177692;0.1315334104411641;cluster2
0.2821564134092015;0;N;1.8128389174847008;0.3009647775305351;0.5261336417646564;cluster3
0.0930185978272093;0;N;0.3686339111487549;0.1189773882874692;0.3946002313234923;cluster7
0.3720743913088372;0.8;N;0.739134323113453;0.3228430180423532;0;cluster1
0.1147229373202247;0;N;0.4913563397970115;0.1398611870530669;0.1315334104411641;cluster7
0.1240247971029457;0;Y;1.3186828264637742;0.0977795121054359;0.2630668208823282;cluster8
0.3117983399168055;0;Y;0.5814150041662643;0.2745119408991128;0.1315334104411641;cluster6
0.1333266568856666;0.4;N;0.8963870168566562;0.2192527381003808;0;cluster5
0.2790557934816278;0.8;Y;0.8119278549352326;0.2068219552251412;0.2630668208823282;cluster6
0.3445408863519831;1.2;Y;0.5912141334499654;0.2003910877352577;0.3946002313234923;cluster6
0.5581115869632557;0;Y;0.7717980873924567;0.5244987689628592;0.3946002313234923;cluster6
0.1943220521008953;0;N;0.2267798491370821;0.2164510273259847;0;cluster7
0.2089569781590429;0;N;0.1441871880316016;0.3604090190168972;0;cluster7
0.1943220521008953;0;N;0.3238378915661215;0.1545054288424731;0.2630668208823282;cluster7
0.1649529801469178;0;N;0.2813749980034168;0.1043918448895933;0.1315334104411641;cluster7
0.7241807902841001;0;N;0.3289707688099649;0.6051721377444073;0;cluster7
0.1457291365959612;0;Y;0.3373700224817088;0.1059250140589706;0.3946002313234923;cluster6
0.3199839765255999;0;Y;0.6252777733409262;0.1872641285111677;0.3946002313234923;cluster6
0.1240247971029457;0;N;2.109145922015661;0.2482580224509327;0.2630668208823282;cluster3
0.6680719720747275;0;N;1.6061239521190065;0.3359660242616769;0;cluster3
0.8318467166491672;0.8;N;0.534285858563702;0.9020679308404524;0.2630668208823282;cluster1
0.1547209343859247;0.4;Y;0.1605190701711035;0.1113324262393486;0.2630668208823282;cluster6
0.3317601310105246;0;N;1.4960004039783654;0.3112947994199468;0.1315334104411641;cluster4
0.2790557934816278;0;N;1.4694027673511767;0.2127413934002543;0.1315334104411641;cluster4
0.4100259792223385;0;N;1.2323571637264077;0.2118207907996694;0.1315334104411641;cluster4
0.3445408863519831;0.4;N;1.4171407445047708;0.3609907819825103;0.3946002313234923;cluster4
0.7441487826176744;0.4;N;0.912718898996158;0.5323913531963433;0.1315334104411641;cluster2
0.1550309963786821;0;N;0.4376944413386483;0.1786453847606055;0.1315334104411641;cluster7
0.1333266568856666;0.8;N;0.2487112337244131;0.1577615859950078;0.1315334104411641;cluster1
0.1649529801469178;0;N;2.0867479122243453;0.3138928185713829;0;cluster3
0.2425490944543758;0;N;0.8291929874827062;0.1458710968278324;0.2630668208823282;cluster4
0.3138447490690041;0;Y;1.6509199717016398;0.1216317191105766;0.2630668208823282;cluster8
1.7034805882089594;0;N;1.3723447249221374;0.8340983260180087;0;cluster2
0.2503440529522959;0;N;0.2622433646400005;0.5636282951999861;0;cluster7
0.5891177862389921;0;N;0.4218291844031323;0.4258413914593121;0.3946002313234923;cluster7
0.0403080590584573;0;N;1.217425157198863;0.0609076736848613;0;cluster4
0.2635526938437597;0.4;Y;1.1213003651777953;0.0830010919089607;1.0522672835293128;cluster6
0.2957185249724086;0;N;1.881432822470608;0.3926073616137135;0.5261336417646564;cluster3
0.43408678986031;0;Y;0.3453026509494667;0.2793351288090232;0.5261336417646564;cluster6
0.0930185978272093;0.8;N;0.6402097798684707;0.1488113865240374;0.2630668208823282;cluster1
0.4371874097878837;0;N;1.3294152061554472;0.3040288037344263;0.5261336417646564;cluster4
0.4739359571694864;0;Y;1.275286682493098;0.1274973815038683;0.1315334104411641;cluster8
0.5271053876875194;0;N;0.8842547615530264;0.3832213620135024;0.6576670522058206;cluster4
0.1395278967408139;0.8;Y;0.4586925755180077;0.1363805290638021;0.1315334104411641;cluster6
0.5936756975325254;0.4;Y;0.9682472982704642;0.5005293889296444;0.1315334104411641;cluster6
0.9977701908334156;0;Y;0.661674539251816;0.5888575649787312;0.3946002313234923;cluster6
0.0918403622547313;0;N;1.6691183546570847;0.1734682910466139;0.1315334104411641;cluster3
0.2790557934816278;0;Y;0.4479601958263353;0.1861038843197476;0;cluster6
0.662788515718142;0;N;1.0466403325400728;0.3970018349689644;0.1315334104411641;cluster2
0.1240247971029457;0;Y;1.579992940695803;0.1061913570782275;0;cluster8
0.5891177862389921;0;Y;1.757310518210394;0.8283635602919798;0.2630668208823282;cluster8
0.1550309963786821;0.4;N;0.5216869780560862;0.1488113865240374;0.1315334104411641;cluster5
0.1240247971029457;0;Y;0.2160474694454095;0.1550267779616572;0.1315334104411641;cluster6
0.2997090228191958;0;Y;0.524020104076015;0.441603065652669;0;cluster6
0.0620123985514728;0;Y;0.0349968902989324;0.0369338931369066;0;cluster6
0.4489201555938223;0;Y;0.2916407524911036;0.2745119408991128;0;cluster6
0.7855730648500582;0.8;Y;0.7284019434217806;0.7916859411999253;0;cluster6
0.8346868845028247;0.8;N;0.8725891314533823;0.2971289457922639;0.7892004626469847;cluster1
0.6750669706313336;0.4;N;0.462425577149894;0.5657912600721373;0.1315334104411641;cluster5
0.7842025908420706;0;N;1.5561950552925294;0.7840309101773998;0.3946002313234923;cluster2
0.2262150286759178;0;N;1.4675362665352336;0.2471382779121188;0.1315334104411641;cluster4
0.4039983740831354;0;N;1.231423913318436;0.298612143014595;0;cluster4
0.5934090442187541;0;N;0.5669496228427054;0.375147014145762;0.2630668208823282;cluster7
0.5077575193394598;0;N;1.8543685606394336;0.8096344474640226;0;cluster3
0.6145490708849511;0.8;N;0.2547773613762282;0.4433198630811924;0;cluster1
0.1621500197323912;0;N;0.5361523593796451;0.1028935814981529;0;cluster7
0.3281696131343944;0;Y;1.4586703876595042;0.4110664021726341;0.3946002313234923;cluster8
0.43408678986031;0;Y;0.2841747492273314;0.2793351288090232;0.3946002313234923;cluster6
0.4743948489187674;0.4;Y;1.2939516906525286;0.1212149381552118;0.1315334104411641;cluster8
0.1342568428639387;0;Y;1.238889916582208;0.198410408592332;0.2630668208823282;cluster8
0.0473774724933252;0;N;0.629944025380784;0.1253419497162718;0.2630668208823282;cluster7
0.3100619927573643;0;N;0.8375922411544499;0.2340513708306613;0.1315334104411641;cluster4
0.3348669521779534;0;N;1.5687939358001446;0.1169884302100327;0.5261336417646564;cluster3
0.8116802846402282;0;N;1.6159230814027077;0.2892229362595734;0.1315334104411641;cluster2
0.662788515718142;0;N;1.279019684124984;0.4764739378115171;0.1315334104411641;cluster2
1.519303764511085;0;N;1.9262288420532416;0.5323913531963433;0.1315334104411641;cluster2
0.662788515718142;0.4;N;0.4759577080654811;0.450699227960012;0;cluster5
0.43408678986031;0.8;N;0.4960225918368691;0.2233963821154578;0.1315334104411641;cluster1
0.43408678986031;0;Y;1.5510621780486855;0.3192913551372854;0.2630668208823282;cluster8
0.4100259792223385;0;N;0.9477157892950906;0.3027548174247292;0.3946002313234923;cluster4
0.7441487826176744;0;Y;0.553884117131104;0.3514574024310105;0.2630668208823282;cluster6
0.3193607519201576;0;N;1.9504933526605013;0.2630173488885366;0.1315334104411641;cluster3
0.662788515718142;0;Y;1.9803573657155904;0.3473318079848667;0.1315334104411641;cluster8
0.2318767606636673;0;Y;1.3284819557474754;0.1803160886618534;0.2630668208823282;cluster8
0.4294730674080804;0.4;Y;0.2412452304606408;0.2010371429670706;0.2630668208823282;cluster6
0.3281696131343944;0;N;0.6280775245648409;0.2156395425739501;0;cluster7
0.3413162416273066;0.8;Y;0.4983557178567979;0.3578880461659073;0;cluster6
0.2790557934816278;0;N;0.1978490864899646;0.2979813777068783;0.1315334104411641;cluster7
0.0247119408227619;0;N;0.6756732953713888;0.0666560138800877;0;cluster7
0.5891177862389921;0;N;1.045707082132101;0.9941079783651372;0;cluster2
0.5891177862389921;0;Y;1.5655275593722444;0.0873884796896305;0.3946002313234923;cluster8
0.2184200701779977;0;Y;1.5613279325363727;0.119639703048321;0.3946002313234923;cluster8
0.4743948489187674;0;Y;1.79417390932527;0.3469943854648111;0;cluster8
0.1688721637353708;0;N;1.3816772290018526;0.0797755146046186;0.2630668208823282;cluster4
0.0813106569806912;0;N;0.2953737541229897;0.0603552226225157;0.9207338730881488;cluster7
0.0792332416292168;0.4;Y;0.5870145066140934;0.0659362686726305;0.7892004626469847;cluster6
0.4061688080324369;0.4;Y;0.4194960583832035;0.350180954816459;0;cluster6
0.2115614988982048;0.8;N;0.6089458912014243;0.22406190403112;0.2630668208823282;cluster1
0.9986228613134984;0;Y;1.498333529998294;0.6188311117420509;0.9207338730881488;cluster8
0.3565650904311138;0;N;1.3555462175786497;0.2327157773146058;0.2630668208823282;cluster4
0.193553098358857;0;N;0.9201849022599302;0.1076762697554571;0;cluster4
0.021642327094464;0;N;1.1950271474075462;0.0277847754826939;0.1315334104411641;cluster4
0.5973995420655414;0;N;1.6588526001693975;0.1675993469135162;1.183800693970477;cluster3
0.3445408863519831;0;N;0.6962048043467628;0.2254847619920176;1.9730011566174612;cluster5
0.0620123985514728;0;N;1.9392943477648432;0.0635714022174133;0.1315334104411641;cluster3
0.2055897049176979;0.4;N;1.002310938161425;0.2272927022851536;0;cluster4
0.3193607519201576;0;N;2.002288750302921;0.3367625920145933;0;cluster3
0.0742908534646644;0.4;N;0.3579015314570823;0.0629640565983124;0.3946002313234923;cluster5
0.2260941044987424;0;Y;0.2566438621921712;0.0769478482517566;0.2630668208823282;cluster6
1.2092417717537207;0;Y;0.6556084116000009;0.4968747241456648;0.2630668208823282;cluster6
0.1649529801469178;0;N;1.931361719297085;0.3037556734805705;0;cluster3
0.315227625556702;0.4;Y;0.3499689029893243;0.2247389120361033;0.1315334104411641;cluster6
0.6464172425005531;0;Y;1.1236334911977242;0.1354358355096412;0.3946002313234923;cluster8
0.3445408863519831;0.4;Y;1.221624784034735;0.3609907819825103;0.2630668208823282;cluster8
0.3445408863519831;0;Y;0.1684516986388614;0.1803160886618534;0;cluster6
0.3410681920331007;0;N;2.036352390193882;0.55902886227685;0;cluster3
0.8353969264662391;0;Y;1.2869523125927422;0.8012264063260062;0;cluster8
0.1240247971029457;0;Y;0.3537019046212104;0.1861038843197476;0.1315334104411641;cluster6
0.1240247971029457;0;N;0.8809883851251261;0.1861038843197476;0.1315334104411641;cluster4
0.3640871943754075;0;Y;1.7867079060614974;0.3164387028109004;0.5261336417646564;cluster8
0.1393728657444352;0;N;2.088147787836302;0.2045636707286241;0.1315334104411641;cluster3
0.0930185978272093;0;N;0.4815572105133104;0.1488113865240374;0.1315334104411641;cluster7
0.7666592832918588;0.4;N;0.1861834563903205;0.4793347944874172;0;cluster5
0.3627725315261162;0;N;1.253821923109753;0.3153845184832112;0.1315334104411641;cluster4
0.5298897443824804;0;N;1.3107501979960163;0.4493839215627572;0;cluster2
0.687345425544525;0;N;1.1301662440535247;0.6908354664860082;0.1315334104411641;cluster2
0.0618573675550941;0;N;2.134810308234879;0.1714737390945081;0;cluster3
0.1093898710447981;0;N;1.825437797992316;0.1122149904921818;0;cluster3
0.0681516260080686;0;Y;2.176339951389612;0.1321540957036187;0;cluster8
0.7255450630522325;0;N;0.2067149653656942;0.5196053965720973;0.6576670522058206;cluster7
0.1444888886249317;0;N;0.5146875999962998;0.0763961430393669;0.3946002313234923;cluster7
0.0930185978272093;0.4;Y;0.0741934074337367;0.1488113865240374;0;cluster6
0.0865693083778561;0;N;1.3210159524837033;0.0939168297687519;0;cluster4
1.172034332622837;0.4;N;0.4498266966422783;0.4448564631603668;0;cluster5
0.0527105387687519;0.4;Y;0.410630179507474;0.0571784239052903;0;cluster6
0.2821564134092015;0.4;Y;0.4493600714382925;0.1670432411863865;0.5261336417646564;cluster6
0.2180510964066164;0;N;1.6607191009853406;0.2159243826721137;0.2630668208823282;cluster3
0.5891177862389921;0;N;1.6602524757813548;0.4968747241456648;0.6576670522058206;cluster3
0.1550309963786821;0;Y;1.086303474878863;0.089143390050901;0.1315334104411641;cluster8
0.3286657123228061;0;Y;1.558061556108472;0.3457157748853874;0;cluster8
0.0480130995784778;0.8;N;0.6948049287348054;0.0376573675941434;0.2630668208823282;cluster1
0.3117983399168055;0;N;0.1997155873059078;0.1959775206211354;0.1315334104411641;cluster7
0.1550309963786821;0.4;N;0.5678828732506771;0.1786453847606055;0;cluster5
0.3720743913088372;0.4;Y;0.9607812950066916;0.3228430180423532;0.3946002313234923;cluster6
0.1354753864954751;0;N;1.9626256079641315;0.1737584266794644;0;cluster3
0.1078116555016631;0;Y;0.4936894658169402;0.0664262920936661;0.6576670522058206;cluster6
0.8362371944666115;0;N;1.8086392906488284;0.4168698606796026;0.1315334104411641;cluster3
0.6747569086385762;0;N;1.4540041356196465;0.6059641558125926;0.5261336417646564;cluster2
0.1918167511994158;1.2;N;0.824993360646834;0.1783072909755896;0;cluster1
0.3441626107208192;0;N;1.5967914480392906;0.4098520838594102;0;cluster3
0.7119023353709084;0;N;1.8431695557437755;0.8931696425264136;0.3946002313234923;cluster2
0.7441487826176744;0;Y;0.3709670371686838;0.6211830004080351;0.5261336417646564;cluster6
0.295482877857913;0;Y;0.3924317965520291;0.1263131955288633;0.7892004626469847;cluster6
0.998734483630891;0.4;Y;1.4974002795903223;0.6691082605902626;0.2630668208823282;cluster8
0.1547209343859247;0;N;0.5230868536680435;0.318758594513776;0.2630668208823282;cluster7
0.7441487826176744;0;N;1.2183584076068348;0.6211830004080351;0.5261336417646564;cluster2
0.2089569781590429;0;N;1.409674741240999;0.3203237606462619;0.1315334104411641;cluster4
0.0918403622547313;0;N;1.8506355590075476;0.2951471478744043;0.1315334104411641;cluster3
0.0516253217941011;0;N;2.2066705896486867;0.1321540957036187;0;cluster3
0.3193607519201576;0;Y;1.918762838789469;0.215744707417734;0.6576670522058206;cluster8
0.6041805978471448;0;N;1.0555062114158025;0.3052280558785407;0.2630668208823282;cluster4
0.1550309963786821;0;N;1.3658119720663369;0.0990880312680918;0;cluster4
0.5077575193394598;0;Y;0.9444494128671902;0.1576887910393106;0.3946002313234923;cluster6
0.3410681920331007;0;N;2.0316861381540243;0.2979813777068783;0;cluster3
0.0618573675550941;0;N;1.1707626368002864;0.2027159766328378;0.1315334104411641;cluster4
0.5298897443824804;0;N;0.6070793903854813;0.269486925991132;0;cluster7
0.3642391247518585;0;Y;0.9873789316338804;0.2712863635947706;0.1315334104411641;cluster6
0.1854170716689038;0.4;N;1.3345480833992904;0.2259906720171142;0.5261336417646564;cluster4
0.2759551735540542;0;Y;1.8800329468586503;0.0757642589567164;0.7892004626469847;cluster8
0.1550185938989718;0;N;0.4619589519459082;0.1786334511613109;0;cluster7
0.0918403622547313;0.4;N;0.5034885951006414;0.1734682910466139;0.2630668208823282;cluster5
0.1506808266202963;0.8;Y;0.6010132627336666;0.0870505350746057;0.6576670522058206;cluster6
0.2325464945680232;0.8;N;0.713469936894236;0.2344460000423356;0;cluster1
0.2790557934816278;0;N;0.641609655480428;0.1304922674168462;0.6576670522058206;cluster7
0.0930185978272093;0;Y;0.624344522932955;0.0294753935777646;0.3946002313234923;cluster6
0.43408678986031;0;Y;1.062038964271603;0.1115188887283271;0.5261336417646564;cluster8
0.7441487826176744;0;N;1.8408364297238464;0.7454913512554011;0.1315334104411641;cluster2
0.2325464945680232;0.4;Y;1.0746378447792189;0.2109655246552225;0.5261336417646564;cluster6
0.3281696131343944;0;Y;1.3583459688025643;0.2876389001232028;0.1315334104411641;cluster8
0.3199839765255999;0;N;1.9444272250086865;0.2408706023925894;0.1315334104411641;cluster3
0.3445408863519831;1.2;N;0.55435074233509;0.2577480681199939;0.2630668208823282;cluster1
0.2497859413653326;0;N;1.7531108913745226;0.1347297393563772;0.5261336417646564;cluster3
0.5143804435047571;0.4;N;0.462425577149894;0.3542144367930474;0.3946002313234923;cluster5
0.0155030996378682;0;N;0.795129347591745;0.0316063614868071;0.1315334104411641;cluster7
0.1649529801469178;0;N;0.0984579180409965;0.2353299814100851;0.1315334104411641;cluster7
0.1746765242397887;0.4;N;0.3840325428802853;0.2470249087188198;0;cluster5
0.7119023353709084;0;N;1.1310994944614965;0.4464055189338051;0.3946002313234923;cluster2
0.5891177862389921;0.4;Y;0.5902808830419938;0.3311302314875116;0.3946002313234923;cluster6
0.8709052258768124;0.8;Y;0.9299840315436314;0.8674557194463155;0.3946002313234923;cluster6
0.0620123985514728;0.8;Y;0.3900986705321002;0.0942444070693894;0;cluster6
0.1649529801469178;0;N;2.1464759383345227;0.1881922641963073;0;cluster3
0.1772221332003267;0.4;Y;0.9859790560219236;0.1109504018919293;0.2630668208823282;cluster6
0.3193607519201576;0.4;N;1.0298418251965853;0.3367625920145933;0;cluster4
0.4444552628981162;0;N;1.586525693551604;0.3808801390018876;0.2630668208823282;cluster3
0.0620123985514728;0;Y;1.7111146230158034;0.1239497461885624;0.1315334104411641;cluster8
0.7441487826176744;0.8;Y;0.6607412888438444;0.2482580224509327;0.1315334104411641;cluster6
0.0915737089409599;0;Y;0.894987141244699;0.0772372380346513;0.9207338730881488;cluster6
0.2139675799620019;0;N;1.9654253591880455;0.1469616786333701;0.6576670522058206;cluster3
0.7501763877568774;0.4;Y;0.6640076652717447;0.9392035018054384;0.1315334104411641;cluster6
0.3410681920331007;0.8;N;0.6696071677195742;0.2979813777068783;0.2630668208823282;cluster1
0.598419646021713;0;N;0.6327437766046986;0.5043332237048068;0.5261336417646564;cluster7
0.217043394930155;0;N;1.492267402346479;0.3136834584887577;0;cluster4
0.662788515718142;0;N;1.1786952652680445;0.5956820920753462;0.1315334104411641;cluster2
0.1147229373202247;0;N;1.9817572413275475;0.0622395379511373;0.6576670522058206;cluster3
0.1393728657444352;0.8;N;0.7661985849446277;0.0508719641880533;0.7892004626469847;cluster1
0.5407543166086984;1.2;Y;0.8179939825870477;0.4580954490478351;0;cluster6
0.3160399879777262;0;Y;0.1763843271066195;0.1772616093373979;0.2630668208823282;cluster6
0.1884680816776363;0;N;1.1754288888401443;0.2636126117383517;0.5261336417646564;cluster4
0.2080639996199017;0.4;N;0.8585903753338091;0.2126340655915982;0.5261336417646564;cluster5
0.4100259792223385;0.4;N;0.9243845290958024;0.1511981063829628;0.7892004626469847;cluster5
0.7441487826176744;0;N;1.183828142511888;0.6211830004080351;0.1315334104411641;cluster2
0.662788515718142;0;N;1.0877033504908205;0.6672069398826462;0.1315334104411641;cluster2
0.1061652263201215;0;Y;0.68547242465509;0.0821324004653075;0;cluster6
0.1342568428639387;0;N;2.178673077409541;0.1468776959283342;0;cluster3
0.703105876636382;1.2;N;1.0531730853958736;0.504183307863668;0.1315334104411641;cluster1
0.1731386167557122;0;N;1.949093477048544;0.1399464377030279;0.1315334104411641;cluster3
0.4893398369696723;0.8;N;0.4754910828614954;0.6584232141218358;0.2630668208823282;cluster1
0.2416003047565382;0;Y;0.8935872656327416;0.1869989042668446;0;cluster6
0.1550309963786821;0.4;N;0.5305528569318156;0.089143390050901;0.9207338730881488;cluster5
0.1240247971029457;0;N;0.2566438621921712;0.0570144860849804;0;cluster7
0.5113480372155901;0.8;N;0.8800551347171545;0.2067248455608812;0.1315334104411641;cluster1
0.8433686203000309;0.8;Y;1.217425157198863;0.4203007704768078;0.1315334104411641;cluster8
0.1485817069293289;0;N;1.580926191103775;0.1539257542567366;0;cluster3
0.1697651422745121;0;N;1.1469647513970125;0.2096208317697048;0.2630668208823282;cluster4
0.3136525106334945;0;N;1.8786330712466932;0.4602368588562603;0.3946002313234923;cluster3
0.0155030996378682;0;N;1.37094484931018;0.0276107686879791;0.5261336417646564;cluster4
0.4816006896304485;0;N;1.3079504467721017;0.4928689877874364;0;cluster2
0.5261752017092473;0;Y;1.3723447249221374;0.5357583436523268;0.3946002313234923;cluster8
0.2089569781590429;0.4;Y;0.3719002875766554;0.1439484448114767;0.2630668208823282;cluster6
0.7855730648500582;0;N;0.717202938526122;0.7853495728994561;0.1315334104411641;cluster2
0.1335995114392931;0.4;Y;0.5524842415191467;0.2080397044481623;0.5261336417646564;cluster6
1.1472293732022478;0;N;1.8305706752361592;0.7997288887845216;0.2630668208823282;cluster2
0.217043394930155;0;Y;0.308905885038577;0.1322369596337207;0.5261336417646564;cluster6
0.0930185978272093;0;N;0.0947249164091105;0.0990880312680918;0.1315334104411641;cluster7
0.5868078243929498;0;N;1.6569860993534546;0.3298954768854957;0.1315334104411641;cluster3
0.1291470212232973;0.4;N;0.687805550675019;0.1066543061458635;0.3946002313234923;cluster5
1.1831345519635508;0;N;1.6915163644484017;0.4355517612053503;0.2630668208823282;cluster2
0.1323096535494224;0;N;0.824993360646834;0.0869423122460026;0.5261336417646564;cluster4
0.5013950472480787;0;N;1.9476936014365869;0.5119150122616615;0.9207338730881488;cluster3
0.0930185978272093;0;N;0.083525911513452;0.0990880312680918;0;cluster7
0.3436417065729868;0;N;1.9817572413275475;0.3601255960336498;0;cluster3
0.7441487826176744;0;N;0.412496680323417;0.358223081966104;0.3946002313234923;cluster7
0.0930185978272093;0.4;N;0.8744556322693253;0.0742263909326169;0.1315334104411641;cluster5
0.4100259792223385;0;N;0.3145053874864061;0.1410943007851798;0;cluster7
0.9154611342360456;0;N;1.5398631731530272;0.5055779726962321;0;cluster2
0.0930185978272093;0;N;0.7881299695319586;0.0990880312680918;0;cluster7
0.1550309963786821;0;N;1.3485468395188631;0.1488113865240374;0.1315334104411641;cluster4
0.4154830702948681;0.8;N;0.60614613997751;0.3974280136337737;0.1315334104411641;cluster1
0.1395278967408139;0;N;1.7400453856629208;0.2409457840681455;0.1315334104411641;cluster3
0.2139675799620019;0.4;N;0.2589769882121001;0.1782114492562546;0.5261336417646564;cluster5
0.1342568428639387;0.8;N;0.8245267354428484;0.198410408592332;0;cluster1
0.3262968386981399;0.8;N;0.5104879731604277;0.2319353199207372;0.2630668208823282;cluster1
0.5316943051803282;0;N;1.4600702632714615;0.4508308704772308;0;cluster2
0.5891177862389921;0;N;1.760110269434309;0.6482065614257231;0.1315334104411641;cluster3
0.618579876790797;0;Y;0.3565016558451251;0.1416932928847745;0.6576670522058206;cluster6
0.1457291365959612;0;N;2.0242201348902524;0.2830643785885942;0;cluster3
0.5445928840790346;0.8;Y;0.332703770441851;0.4611733480609062;0.5261336417646564;cluster6
0.43408678986031;0;N;1.2192916580148063;0.4471513688897192;0.1315334104411641;cluster4
0.4555988909178159;0;N;1.257088299537653;0.1668587924922889;0.7892004626469847;cluster4
0.1395278967408139;0;N;1.9803573657155904;0.2409457840681455;0.2630668208823282;cluster3
0.7596518822555425;0.8;N;0.7120700612822787;0.4751207422365019;0.9207338730881488;cluster1
0.4359223568574336;0.8;Y;0.8371256159504639;0.2492392626529335;0.5261336417646564;cluster6
0.3317601310105246;0;Y;0.8347924899305352;0.3486932079093969;0.3946002313234923;cluster6
0.5261752017092473;0;N;1.6672518538411414;0.582377173051775;0.3946002313234923;cluster3
0.4100259792223385;0.4;N;1.127833118033596;0.3532736962436528;0.1315334104411641;cluster4
0.3503700518158217;0;N;1.7745756507578676;0.3054398772660203;0;cluster3
0.22609720511867;0.4;Y;1.2010932750593617;0.0879926181539209;0;cluster8
0.43408678986031;0;N;1.9481602266405729;0.55902886227685;0.3946002313234923;cluster3
0.4893398369696723;0.4;N;0.739134323113453;0.357265783547688;0;cluster5
0.8567012859885975;0;Y;0.7256021921978658;0.355536157499923;0;cluster6
0.2480495942058914;0;N;0.2118478426095376;0.1115188887283271;0;cluster7
0.2790557934816278;0;Y;0.4488934462343067;0.1772246897645801;0.1315334104411641;cluster6
0.625953150978567;0;N;1.6616523513933124;0.375904946870962;0.1315334104411641;cluster3
0.1093898710447981;0;N;0.8455248696222076;0.0840716103506844;0.2630668208823282;cluster4
0.7627525021831162;0.8;N;0.6047462643655526;0.4769853671262875;0.5261336417646564;cluster1
0.5077575193394598;0.4;N;1.3644120964543796;0.323638616190327;0;cluster4
0.1860371956544186;0;Y;1.0335748268284717;0.1156625327434041;0.5261336417646564;cluster6
0.1444888886249317;0;Y;0.5944805098778657;0.0934527619261821;0.1315334104411641;cluster6
0.2601110057241529;0;N;0.500222218672741;0.1396971000627658;0.1315334104411641;cluster7
0.5891177862389921;0;Y;1.0919029773266922;0.4258413914593121;0.6576670522058206;cluster8
0.2055897049176979;0;N;1.1992267742434184;0.379060265109457;0.2630668208823282;cluster4
0.1550309963786821;0;N;0.2090480913856231;0.089143390050901;0.3946002313234923;cluster7
0.5467106074895675;0.4;N;1.3578793435985788;0.4628714246555361;0;cluster2
0.1547209343859247;0;N;1.885165824102494;0.2230234571375007;0;cluster3
0.43408678986031;0;Y;1.3616123452304647;0.2376785883362633;0;cluster8
0.43408678986031;0;N;0.8431917436022789;0.5081754697526989;0.1315334104411641;cluster4
0.1755446978195093;0;N;1.7918407833053407;0.1416000616402853;0.2630668208823282;cluster3
0.0930185978272093;1.2;N;0.6962048043467628;0.1189773882874692;0.1315334104411641;cluster1
0.4588917492808991;0;N;1.1455648757850552;0.2942521279273072;0.3946002313234923;cluster4
0.0620123985514728;0;Y;0.5436183626434172;0.0435149002229156;0.2630668208823282;cluster6
0.3720743913088372;0.4;N;0.5375522349916024;0.3228430180423532;0;cluster5
1.1335835449009963;0;Y;1.494600528366408;0.3998421061860813;0.2630668208823282;cluster8
0.3370745935663858;0;N;2.0008888746909643;0.220994745257414;0.1315334104411641;cluster3
0.4862082108428229;0.4;N;1.21555865638292;0.3551134843299064;0.1315334104411641;cluster4
0.360912159569572;0;N;1.997622498263064;0.6281443163865648;0;cluster3
0.1550309963786821;0.8;Y;0.8865878875729551;0.1488113865240374;0.1315334104411641;cluster6
0.1085216974650775;0;N;1.5935250716113905;0.0667678913734748;0.2630668208823282;cluster3
0.7007587073512087;0;Y;1.000444437345482;0.2067296935855946;0;cluster8
0.5150315736895474;0;Y;1.8991645802220671;0.2915273142833658;0.1315334104411641;cluster8
0.2790557934816278;0;Y;0.3313038948298938;0.1239497461885624;0.1315334104411641;cluster6
0.43408678986031;0;Y;1.6504533464976536;0.1239497461885624;1.0522672835293128;cluster8
0.5271053876875194;0.8;Y;0.8842547615530264;0.1424637558892339;0.3946002313234923;cluster6
0.2588800596129061;0;Y;1.279019684124984;0.1391048951977699;0;cluster8
0.43408678986031;0;N;1.5137321617298245;0.1312619845713497;0;cluster3
0.184499288170342;0.8;N;0.9295174063396456;0.2069996166846399;0.2630668208823282;cluster1
0.0185727133661661;0.4;N;0.4974224674488264;0.0592720993165371;0;cluster5
0.1085216974650775;0.4;N;0.2445116068885412;0.3725663732982988;0.3946002313234923;cluster5
0.0040928183043972;0.8;Y;0.4740912072495381;0.0418565028459404;0;cluster6
0.6511301847904649;0;N;0.6556084116000009;0.2979813777068783;0.2630668208823282;cluster7
0.6831905948415765;0.4;N;0.8781886339012114;0.8586367895675859;0;cluster2
0.878005645510956;0;Y;1.2146254059749486;0.436964550191843;0;cluster8
0.4650929891360464;0.4;N;0.2977068801429186;0.2383133812337419;0.1315334104411641;cluster5
0.4370261775516498;0;N;1.4964670291823512;0.3213115643278746;0.1315334104411641;cluster3
0.6182636135581845;0;Y;0.998577936529539;0.3120033568780653;0.6576670522058206;cluster8
0.4893398369696723;0;N;1.7997734117730988;0.5685893161817495;0;cluster3
0.90228039892393;0.4;N;0.6486090335402145;0.3450272807910831;0.1315334104411641;cluster5
0.4893398369696723;0;N;1.299551193100358;0.2604091861777002;0.1315334104411641;cluster4
0.2954270666992167;0.4;N;0.3336370208498225;0.2800809787649373;0;cluster5
0.1054210775375038;0.4;N;1.2533552979057672;0.2184240242143646;0;cluster4
0.5298897443824804;0.8;N;0.7438005751533108;0.2994697958789007;0.2630668208823282;cluster1
0.1444888886249317;1.2;Y;0.5795485033503213;0.1685018253601723;0.3946002313234923;cluster6
0.217043394930155;0;N;0.8226602346269053;0.2383133812337419;0.3946002313234923;cluster4
0.2742932412728747;0.4;Y;0.9635810462306064;0.122040370301422;0.2630668208823282;cluster6
0.2497859413653326;0.4;N;0.4087636786915308;0.1685018253601723;0.1315334104411641;cluster5
0.8176427767609523;0;Y;1.3210159524837033;0.3398770376755042;0.3946002313234923;cluster8
0.1550309963786821;0;N;1.9794241153076189;0.2233963821154578;0.3946002313234923;cluster3
0.8584159288085457;0;Y;1.1637632587405;0.3562235328192935;0;cluster8
0.0620123985514728;0.4;N;0.1236556790562278;0.1488113865240374;0;cluster5
0.0284884958945466;0;N;0.799328974427617;0.142755084882014;0;cluster7
0.2882088235078252;0;N;1.7447116377027785;0.2555971860171286;0.2630668208823282;cluster3
0.4100259792223385;0;Y;0.3429695249295379;0.3027548174247292;0.2630668208823282;cluster6
0.5445928840790346;0.4;N;0.7120700612822787;0.3073293389593379;0.3946002313234923;cluster5
0.0988477632910477;0;N;0.462425577149894;0.124586179955944;0.2630668208823282;cluster7
0.3262968386981399;0.4;Y;0.8931206404287559;0.2861372804069607;0.2630668208823282;cluster6
0.5077575193394598;0;N;0.3065727590186482;0.1990243176910449;0;cluster7
0.3138974596077729;0;Y;0.9108523981802152;0.2070566742062674;0.1315334104411641;cluster6
0.0300543089579713;0;N;2.1553418172102528;0.0730815112502886;0;cluster3
0.0040928183043972;0;N;0.9934450592856956;0.0621823312595187;0.5261336417646564;cluster4
0.1224868896188692;0.4;N;0.0830592863094663;0.1227165578714538;0.2630668208823282;cluster5
0.9827817941035244;0;N;0.8053951020794318;0.6093047431801367;0.3946002313234923;cluster2
0.2697539336989069;0;Y;0.2141809686294665;0.2407995228917907;0;cluster6
0.4100259792223385;0.8;Y;0.4222958096071181;0.3532736962436528;0.5261336417646564;cluster6
0.8836766793584881;0.4;N;0.53008623172783;0.7330604937951658;0.3946002313234923;cluster5
0.0930185978272093;0.4;N;0.6784730465953035;0.0225906018047118;0;cluster5
0.07462882103677;0;N;2.0858146618163733;0.2113943883798732;0;cluster3
0.2790557934816278;0;Y;0.7909297207558732;0.3725663732982988;0.3946002313234923;cluster6
0.8622420937991716;0;N;0.0401297675427758;0.2861342970071371;0.3946002313234923;cluster7
0.5261752017092473;0.8;N;0.9673140478624924;0.3825820940162883;0.6576670522058206;cluster1
0.4402880297154573;0;N;1.9406942233768;0.1985347417799828;0.3946002313234923;cluster3
0.0742908534646644;0;Y;0.3359701468697514;0.100957653352582;0;cluster6
0.3117983399168055;0.4;N;1.0275086991766569;0.1828884505748058;0.1315334104411641;cluster4
0.4030805905845736;0;N;1.3634788460464078;0.2194708246274902;0.3946002313234923;cluster4
0.077515498189341;0;N;0.0513287724384343;0.1040603891691851;0.1315334104411641;cluster7
0.0731560265711725;0;Y;0.4983557178567979;0.04975356217916;0.1315334104411641;cluster6
0.46819360906362;0;N;1.4059417396091127;0.3427323750617306;0.9207338730881488;cluster4
0.1240247971029457;0;N;0.3714336623726696;0.2482580224509327;0;cluster7
0.2325464945680232;0.4;N;1.1646965091484716;0.2109655246552225;0.1315334104411641;cluster4
0.1204900903855117;0;Y;1.196893648223489;0.1454103107250686;0;cluster8
0.3968793507294263;0;N;0.9477157892950906;0.3427323750617306;0.3946002313234923;cluster4
0.8673550160597406;0;Y;1.0886366008987916;0.4318405609947124;0.1315334104411641;cluster8
0.1877053291754531;1.2;Y;0.7871967191239869;0.2100844521023011;0;cluster6
0.306958272209863;0;N;1.6238557098704651;0.3123217602242451;0.1315334104411641;cluster3
0.1333266568856666;0;Y;0.0657941537619929;0.1094470667207886;0.3946002313234923;cluster6
0.2480495942058914;0;N;1.7493778897426364;0.1674576354218925;0;cluster3
0.3217203236850412;0.4;N;0.5053550959165843;0.2420639623220521;0.3946002313234923;cluster5
0.3772834327871608;0;N;1.1394987481332404;0.3924954841203263;0.2630668208823282;cluster4
0.279294541216051;0;N;1.1236334911977242;0.3728535255313258;0;cluster4
0.2329526757785353;0;N;0.9173851510360156;0.1810555243081467;0.1315334104411641;cluster4
0.1271254170305193;0;N;0.9225180282798592;0.1264358878466112;0.3946002313234923;cluster4
0.2790557934816278;0;Y;0.4666252039857659;0.2482580224509327;0.5261336417646564;cluster6
0.3757517265429395;0;Y;0.6845391742471185;0.1083581257851539;0.3946002313234923;cluster6
0.0251832350517531;0.4;N;0.8562572493138805;0.044695729873119;0.3946002313234923;cluster5
0.2432374320782971;0;Y;1.5781264398798602;0.1645637375929453;0.2630668208823282;cluster8
1.519303764511085;0;Y;0.5996133871217092;0.6211830004080351;0.1315334104411641;cluster6
0.7241807902841001;0;N;1.551995428456657;0.5186677140075219;0;cluster2
0.0620123985514728;1.2;N;0.2417118556646267;0.1061913570782275;0;cluster1
0.5934090442187541;0;N;1.517465163361711;0.375147014145762;0.3946002313234923;cluster2
0.2790557934816278;0;N;0.0723269066177937;0.1861038843197476;0;cluster7
0.4061688080324369;0;N;1.8702338175749496;0.2099651161093548;0.3946002313234923;cluster3
0.1665404975498355;0;N;1.8347703020720316;0.2062483220240475;0.2630668208823282;cluster3
0.0930185978272093;0;Y;1.2673540540253398;0.0742263909326169;0.2630668208823282;cluster8
0.1240247971029457;0.8;N;0.4610257015379366;0.1239497461885624;0;cluster1
0.8991797789963565;0;Y;0.1399875611957297;0.4968747241456648;0;cluster6
0.2790557934816278;0.8;N;0.5669496228427054;0.2979813777068783;0.3946002313234923;cluster1
0.0742908534646644;0.4;N;0.4194960583832035;0.0840716103506844;0;cluster5
0.5261752017092473;0;N;1.905697333077868;0.6697875807301092;0.2630668208823282;cluster3
0.3604005572815223;0;Y;1.4670696413312478;0.4704032412653445;0.2630668208823282;cluster8
0.0391918358845308;0;N;0.9859790560219236;0.0418565028459404;0;cluster4
0.2821564134092015;0;N;1.399408986753312;0.1072568783252466;0.6576670522058206;cluster4
0.5633206284415795;0.8;N;0.6313439009927413;0.3758638505383911;0.2630668208823282;cluster1
0.4026154975954375;0;N;1.634588089562138;0.2976617064157734;0.1315334104411641;cluster3
0.5922184061665658;0;N;1.7335126328071202;0.7492206010349721;0.1315334104411641;cluster2
0.1240247971029457;0;Y;0.1763843271066195;0.0650668313790213;0.1315334104411641;cluster6
1.1831345519635508;0.4;Y;0.4549595738861217;0.729791209683407;0;cluster6
0.5054010481945037;0;N;1.8086392906488284;0.4297482281133863;0.3946002313234923;cluster3
0.4832006095130765;0;Y;0.5893476326340223;0.1899364343182127;0;cluster6
0.2325464945680232;0.4;Y;1.11196786109808;0.1149091497029351;0.1315334104411641;cluster6
0.1323096535494224;0;N;0.9043196453244144;0.1305927334059078;0.2630668208823282;cluster4
0.1746765242397887;0;N;1.2850858117767991;0.2352447307601241;0.1315334104411641;cluster4
0.5612122068908294;0;N;0.8609235013537382;0.4744992254682386;0.2630668208823282;cluster2
0.1240247971029457;0;N;1.839436554111889;0.0825136043777752;0.3946002313234923;cluster3
0.3281696131343944;0;Y;1.7918407833053407;0.246496399440059;0.2630668208823282;cluster8
0.5261752017092473;0.4;N;0.6374100286445561;0.4464055189338051;0.2630668208823282;cluster5
0.5257163099599663;0.8;N;0.6472091579282571;0.5353168004784256;0.1315334104411641;cluster1
0.43408678986031;0.4;N;0.624344522932955;0.2233963821154578;0.2630668208823282;cluster5
0.4000047756164205;0.8;N;0.8352591151345208;0.2069996166846399;0.3946002313234923;cluster1
0.5261752017092473;0;N;1.8944983281822096;0.8931696425264136;0.7892004626469847;cluster3
0.0714568868508621;0;N;1.7391121352549497;0.0791490006416506;0.5261336417646564;cluster3
0.475430455974577;0;Y;1.052239834987902;0.3041980370894232;0.3946002313234923;cluster8
0.1444888886249317;0;N;0.3630344087009259;0.1685018253601723;0;cluster7
0.2790557934816278;0.8;Y;1.2309572881144506;0.1239497461885624;0.5261336417646564;cluster6
0.1547209343859247;0;N;0.8585903753338091;0.3433060828478198;0;cluster4
0.4258825495319501;0;Y;1.5818594415117462;0.5491612673601051;0.1315334104411641;cluster8
0.2790557934816278;0;N;0.524020104076015;0.1772246897645801;0.3946002313234923;cluster7
0.0918403622547313;0;N;0.5310194821358016;0.1638112495724235;0;cluster7
0.3820459849959139;0;N;0.9444494128671902;0.1983596907953298;0;cluster4
0.6182636135581845;0;Y;1.1833615173079022;0.3467102166316078;1.4468675148528052;cluster8
0.5674134467459767;0.4;N;0.2477779833164416;0.5754375613069624;0.1315334104411641;cluster5
0.5261752017092473;0;N;1.2118256547510338;0.3618825947747969;0.1315334104411641;cluster4
0.3117983399168055;0;Y;0.1124566741605695;0.1645637375929453;0.1315334104411641;cluster6
0.659318922019187;0;Y;1.3858768558377246;0.4740893063324681;0.1315334104411641;cluster8
0.4832006095130765;0;Y;0.5473513642753032;0.2470249087188198;0.1315334104411641;cluster6
0.3332360260960497;0;N;2.046151519477584;0.2364467425490754;0.1315334104411641;cluster3
0.7131425833419378;0;Y;1.450737759191746;0.5110813757659362;0;cluster8
0.5891177862389921;0.4;Y;1.0130433178530978;0.4968747241456648;0.5261336417646564;cluster6
0.0742908534646644;0.4;Y;0.4512265722542354;0.1403584452186749;0;cluster6
1.1831345519635508;0;N;0.4689583300056947;0.4864079133743384;0.3946002313234923;cluster2
0.0930185978272093;0;N;0.0746600326377226;0.1488113865240374;0.1315334104411641;cluster7
0.2694314692264393;1.2;Y;0.5576171187629904;0.2405410112970709;0.2630668208823282;cluster6
0.5814282488186095;0;N;1.164229883944486;0.446066530128842;0.3946002313234923;cluster2
0.7751549818934108;0.4;Y;0.4260288112390041;0.2979813777068783;0.2630668208823282;cluster6
0.2058811631908899;0.4;N;0.6579415376199299;0.1895845423090124;0;cluster5
0.7119023353709084;0;N;0.5664829976387198;0.4464055189338051;0.2630668208823282;cluster7
0.6225920789770771;0;N;1.0499067089679732;0.3140857699549778;0.6576670522058206;cluster2
0.6750669706313336;0.4;Y;1.22769091168655;0.3084504260280725;0.5261336417646564;cluster8
0.5814282488186095;0;N;0.8501911216620655;0.3679421035716307;0.3946002313234923;cluster4
0.340448068047586;0.8;N;1.057839337435731;0.2255422670236186;0;cluster1
0.804939536917683;0;N;1.9710248616358752;0.2007270185554015;0.2630668208823282;cluster3
0.1731386167557122;0;Y;1.5888588195715323;0.3270197777954728;0;cluster8
0.1854170716689038;0.8;N;0.5464181138673319;0.1731758432788999;0.1315334104411641;cluster1
0.1550309963786821;0;Y;0.2356457280128117;0.068489089316738;0.1315334104411641;cluster6
0.1444888886249317;0;Y;0.3518354038052674;0.0763961430393669;0.1315334104411641;cluster6
0.7032764107323985;0;N;1.4423385055200022;0.4412181324904218;0.5261336417646564;cluster2
0.193553098358857;0;N;0.7382010727054816;0.2697285813768482;0;cluster7
0.5261752017092473;0.4;Y;1.0769709707991475;0.3825820940162883;0;cluster6
0.0930185978272093;0;N;0.2361123532167974;0.0990880312680918;0.2630668208823282;cluster7
0.5580402727049215;0;Y;1.143698374969112;0.8852309647656539;0.3946002313234923;cluster8
0.7253218184174471;0;N;1.714380999443704;0.4746640583084957;0.7892004626469847;cluster2
0.1387403392792102;0;N;0.4904230893890398;0.0813059987141545;0.1315334104411641;cluster7
0.1271254170305193;0;N;1.1259666172176532;0.253230380352026;0;cluster4
0.0918403622547313;0;N;2.14787581394648;0.0981433377139309;0;cluster3
1.0219643281282726;0;Y;1.60565732691502;0.7911746610551461;0.3946002313234923;cluster8
0.878005645510956;1.2;Y;1.000444437345482;0.5906186658946359;0.3946002313234923;cluster6
0.1253394599522369;1.2;N;0.6784730465953035;0.3130475468163453;0.1315334104411641;cluster1
0.5725945826449522;0.4;N;0.8982535176725993;0.3222977271395844;0;cluster5
0.1395278967408139;0;N;2.0386855162138118;0.409858871094009;0;cluster3
0.4709221545998849;0.8;N;0.7204693149540224;0.2679484612870678;0.6576670522058206;cluster1
0.1334754866421902;0;Y;1.0947027285506068;0.0938458248529489;0;cluster8
0.5891177862389921;0;Y;0.9789796779621366;0.2127413934002543;0.5261336417646564;cluster8
0.8744554356938842;0;Y;1.2743534320851266;0.3347300017147359;0.2630668208823282;cluster8
0.43408678986031;0.4;N;0.3854324184922425;0.4860652699045914;0;cluster5
0.294558893119496;0;N;1.9028975818539533;0.1954270087686751;0;cluster3
0.9590217435985278;0.4;N;0.8473913704381507;0.7934743402242164;0;cluster2
0.0713142583341937;0;N;0.1418540620116728;0.0816848904917589;0.6576670522058206;cluster7
0.4928094306686272;1.2;Y;0.8217269842189336;0.2287380103297241;0.2630668208823282;cluster6
0.2790557934816278;0;N;1.6201227082385792;0.3725663732982988;0;cluster3
0.2742932412728747;0;N;1.4614701388834186;0.2933988755777414;0.6576670522058206;cluster4
0.306958272209863;0;N;1.677984233532814;0.3123217602242451;0.1315334104411641;cluster3
0.7100419634143642;0;N;1.7983735361611417;0.7746767583703063;0;cluster2
0.2790557934816278;0.8;Y;0.3397031485016376;0.1861038843197476;0.1315334104411641;cluster6
0.6957605080279601;0;Y;1.2939516906525286;0.2910126778137851;0.2630668208823282;cluster8
0.5891177862389921;0;N;1.0811705976350197;0.4258413914593121;0;cluster2
0.4960991884117828;0;Y;1.125499992013667;0.180776352669648;0;cluster8
0.0780364023371734;0;N;1.5589948065164436;0.1635792156511386;0;cluster3
0.43408678986031;0;N;1.3728113501261232;0.3725663732982988;0;cluster4
0.198076902833187;0;N;1.8301040500321737;0.3670122524315924;0;cluster3
0.5891177862389921;1.2;N;0.2879077508592175;0.5963213600725602;0.1315334104411641;cluster1
0.3445408863519831;0;Y;0.3196382647302497;0.1803160886618534;0.2630668208823282;cluster6
0.4100259792223385;0;Y;0.4386276917466198;0.1511981063829628;0.3946002313234923;cluster6
0.5891177862389921;0;N;0.4521598226622072;0.2127413934002543;0;cluster7
0.7790493605224432;0;Y;1.814238793096658;0.2288858377909864;0.3946002313234923;cluster8
0.2318767606636673;0;N;1.4143409932808564;0.2525859659901161;0;cluster4
0.1354753864954751;0.8;N;0.8324593639106062;0.2666208483655405;0;cluster1
0.1240247971029457;0;N;2.0643499024330283;0.1488113865240374;0;cluster3
0.529433953253127;0.4;N;0.5412852366234885;0.2243299625052756;0;cluster5
0.3441626107208192;0.4;N;1.165163134352457;0.3004625967552181;0.2630668208823282;cluster4
0.4371874097878837;0.4;N;0.3350368964617798;0.7504637091564943;0.1315334104411641;cluster5
0.0391918358845308;0;Y;1.760110269434309;0.0934527619261821;0;cluster8
0.1395278967408139;0;Y;1.6289885871143086;0.1637283856423214;0;cluster8
0.2425490944543758;0;N;1.387276731449682;0.2628548281831429;0.1315334104411641;cluster4
0.4518843482445827;0;Y;1.5337970455012122;0.3315232944142784;0.3946002313234923;cluster8
0.2821564134092015;0;N;0.133454808339929;0.3009647775305351;0;cluster7
0.7441487826176744;0;N;1.5655275593722444;0.5323913531963433;0.2630668208823282;cluster2
0.1974970869067307;0;N;0.5095547227524562;0.0912516841212837;0.3946002313234923;cluster7
0.8154630409518681;0;Y;1.2267576612785784;0.3128983768251624;0.1315334104411641;cluster8
0.7119023353709084;1.2;Y;0.6948049287348054;0.2230234571375007;0.3946002313234923;cluster6
0.310303841111715;0;N;1.9798907405116049;0.3280480811296917;0.1315334104411641;cluster3
0.3445408863519831;0.8;N;0.6719402937395028;0.3222747549609422;0.2630668208823282;cluster1
0.1240247971029457;0.8;N;0.412496680323417;0.0617955334723816;0.3946002313234923;cluster1
0.1240247971029457;0;Y;0.4661585787817801;0.0617955334723816;0.2630668208823282;cluster6
0.8567012859885975;0;N;1.0186428203009268;0.3281595856981009;0;cluster2
0.3680745916022671;0;N;1.4600702632714615;0.3196358632319222;0.6576670522058206;cluster4
0.1550309963786821;0;N;1.7843747800415688;0.2233963821154578;0.2630668208823282;cluster3
1.7034805882089594;0.8;N;0.5916807586539511;0.8340983260180087;0.1315334104411641;cluster2
0.2325464945680232;0;Y;1.0989023553864783;0.1264358878466112;0;cluster8
0.0620123985514728;0.8;Y;0.4815572105133104;0.0742263909326169;0.5261336417646564;cluster6
0.328070393296712;0;N;0.5296196065238443;0.2464282287540884;0;cluster7
0.7364592451972917;0.4;N;0.952848666538934;0.4611733480609062;0.2630668208823282;cluster2
0.8346868845028247;0;N;1.335014708603276;0.5946165708283271;0.3946002313234923;cluster2
0.3701644094334517;0;N;1.6896498636324584;0.4591702188343075;0.1315334104411641;cluster3
0.90228039892393;0;Y;0.9337170331755174;0.4486430688015477;0.5261336417646564;cluster8
0.1860371956544186;0;Y;1.133899245685411;0.0742263909326169;0.2630668208823282;cluster8
0.4630403787439927;0.8;Y;0.7829970922881151;0.1481941956855183;0;cluster6
0.0408289632062897;0;N;2.033552638969968;0.078186182933561;0;cluster3
0.1854170716689038;0;N;0.3303706444219222;0.5202446645693114;0.1315334104411641;cluster7
0.8886593755820991;0;Y;1.0373078284603574;0.368348591797604;0.1315334104411641;cluster8
0.2844539727755336;0;N;1.796040410141213;0.3790589971645319;1.0522672835293128;cluster3
0.3705612887841812;0;Y;0.9290507811356596;0.3216298185040632;0.1315334104411641;cluster6
0.1444888886249317;0.4;Y;1.0088436910172256;0.1202559988668929;0.1315334104411641;cluster6
0.5261752017092473;0;Y;0.2991067557548759;0.4464055189338051;0.2630668208823282;cluster6
0.5445928840790346;0.8;N;0.424628935627047;0.3457903598809788;0.1315334104411641;cluster1
1.0072301822324428;0;Y;0.9052528957323857;0.3118243528886459;0.3946002313234923;cluster6
0.077515498189341;0;Y;0.2944405037150182;0.1040603891691851;0.1315334104411641;cluster6
0.1085216974650775;0;Y;1.4278731241964435;0.1970722791864263;0.2630668208823282;cluster8
0.1547209343859247;0.8;N;0.7904630955518872;0.2123862196512479;0;cluster1
0.4147389215122505;0;Y;1.6005244496711768;0.6697875807301092;0.3946002313234923;cluster8
0.1324336783465254;0.8;N;0.7545329548449835;0.1705772274474992;0.1315334104411641;cluster1
0.1395278967408139;0;N;0.2487112337244131;0.1105109470979046;0.3946002313234923;cluster7
0.4718399380984466;0;N;1.335014708603276;0.3776381529985153;0.2630668208823282;cluster4
0.5261752017092473;0;N;1.703648619752031;0.5357583436523268;0.3946002313234923;cluster3
0.4893398369696723;0;N;1.9635588583721024;0.24997847454424;0;cluster3
0.0930185978272093;0;N;1.478735271430892;0.2482580224509327;0;cluster4
0.9383716148808874;0;N;1.6947827408763017;0.6658771639962467;0;cluster2
0.2883576532643488;0.8;Y;0.6252777733409262;0.1916977589891041;0.7892004626469847;cluster6
0.1240247971029457;0;Y;0.976646551942208;0.1861038843197476;0.2630668208823282;cluster6
0.5395078673978139;0;Y;0.821260359014948;0.228368740016551;0;cluster6
0.0930185978272093;0;N;0.0116656300996441;0.1189773882874692;0;cluster7
0.4199603654702845;0;N;1.4941339031624223;0.3870678594061431;0.2630668208823282;cluster3
0.0310061992757364;0;N;1.9910897454072631;0.0990880312680918;0;cluster3
0.4709221545998849;0;N;1.2416896678061229;0.3446076656058857;0;cluster4
0.1746765242397887;0;N;0.4288285624629189;0.1265047297975421;0.2630668208823282;cluster7
0.5261752017092473;0;Y;1.4460715071518886;0.4464055189338051;0.2630668208823282;cluster8
0.1690582009310253;0;N;1.6485868456817103;0.1020354811238736;0.1315334104411641;cluster3
0.7119023353709084;0.4;N;1.2370234157662654;0.4464055189338051;0.1315334104411641;cluster2
0.3445408863519831;0;N;1.0331082016244857;0.3007658593472928;0;cluster4
0.5261752017092473;0;N;1.75777714341438;0.5357583436523268;0;cluster3
0.2139675799620019;0;N;1.634588089562138;0.3924954841203263;0;cluster3
0.7119023353709084;0.4;N;1.0933028529386497;0.9924505505931048;0;cluster2
0.3640871943754075;0.4;N;0.3499689029893243;0.3797981344708429;0.1315334104411641;cluster5
0.2015402952922868;0.8;Y;0.9024531445084708;0.1115188887283271;0.2630668208823282;cluster6
0.3270347862409024;0;N;1.7549773921904652;0.344146506578144;0.1315334104411641;cluster3
0.2790557934816278;0;N;0.4652253283738085;0.1861038843197476;0.5261336417646564;cluster7
0.2480495942058914;0;N;0.8515909972740227;0.2681473794703101;0.3946002313234923;cluster4
0.0747621476936556;0;Y;1.563661058556301;0.0844495325233461;0;cluster8
0.1860371956544186;0.4;Y;1.5505955528447;0.217180990677838;0;cluster8
0.2790557934816278;0;N;1.4843347738787211;0.3725663732982988;0;cluster4
1.0342427830414644;0.4;Y;0.1007910440609254;0.4234517627855586;0.2630668208823282;cluster6
0.4199603654702845;0;N;1.7951071597332413;0.1352406465761784;0.1315334104411641;cluster3
0.0848205587387045;0;N;1.4899342763265504;0.0925146318516332;0.1315334104411641;cluster4
0.216854257114573;0.8;N;0.4666252039857659;0.1188863945928476;0.2630668208823282;cluster1
0.3772834327871608;0;N;1.3266154549315323;0.3270197777954728;0.2630668208823282;cluster4
0.042484694247614;0;N;0.8333926143185778;0.0703539379615103;0;cluster4
0.0682136384066201;0.4;N;0.5305528569318156;0.0791987488337101;0.3946002313234923;cluster5
0.2318767606636673;0.4;N;1.2906853142246284;0.1577317519967712;0.3946002313234923;cluster4
0.7007401036316434;0;N;1.3984757363453402;0.7037237537242055;0;cluster2
0.43408678986031;0;Y;0.3714336623726696;0.2030550400227965;0.1315334104411641;cluster6
0.3117983399168055;0;N;1.849702308599576;0.4119472509705688;0.1315334104411641;cluster3
0.43408678986031;0;N;1.3392143354391484;0.55902886227685;0;cluster2
0.0598915745210124;0;Y;1.102635357018365;0.0871027445715197;0;cluster8
0.5447479150754133;0;Y;1.9822238665315333;0.4612976812485572;0.2630668208823282;cluster8
0.1375186950277462;0;Y;0.3196382647302497;0.1347694931590274;0.1315334104411641;cluster6
1.2261091441597212;0;N;1.3378144598271908;0.4316376898067038;0;cluster2
0.1444888886249317;0;Y;1.375144476146052;0.0699998829874379;0.2630668208823282;cluster8
0.2790557934816278;0.4;Y;0.4274286868509615;0.165385813414354;0.5261336417646564;cluster6
0.1085216974650775;0;N;1.281819435348899;0.1970722791864263;0.2630668208823282;cluster4
0.1085216974650775;0;N;1.2150920311789344;0.2233963821154578;0.2630668208823282;cluster4
0.4928094306686272;0;N;1.5599280569244152;0.3596504150267369;0.3946002313234923;cluster3
0.1240247971029457;0;N;0.4815572105133104;0.092872639830472;0.1315334104411641;cluster7
0.4526905094257519;0;N;1.4246067477685431;0.5814043609542762;0;cluster2
0.3242070208669553;0;N;0.6864056750630616;0.1895215179877376;0.1315334104411641;cluster7
0.1342568428639387;0;N;2.162341195270039;0.198410408592332;0;cluster3
0.260452073916186;0;N;0.494156091020926;0.2500338911959645;0;cluster7
0.4092818304397209;0.8;N;1.0177095698929557;0.705712711801642;0;cluster1
0.3441626107208192;0.4;N;1.5099991600979383;0.3004625967552181;0;cluster4
0.098860165770758;0;N;1.9131633363416405;0.088896215375511;0;cluster3
0.8991797789963565;0;Y;0.4652253283738085;0.4968747241456648;0.1315334104411641;cluster6
0.6498837355795805;0;Y;1.1068349838542366;0.2726200179009408;0.2630668208823282;cluster8
0.90228039892393;0.4;Y;1.1199004895658382;0.4486430688015477;0;cluster8
0.2790557934816278;0;N;1.9336948453170135;0.2127413934002543;0.1315334104411641;cluster3
0.1593563611776473;0.8;N;0.7792640906562291;0.1828072275146068;0;cluster1
0.3036127033080111;0;N;0.5016220942846983;0.1606256498257183;0;cluster7
0.3445408863519831;0.4;Y;0.1376544351758009;0.2577480681199939;0.1315334104411641;cluster6
0.8516472755066524;0.4;N;0.9080526469563004;0.2355537363968593;0.5261336417646564;cluster2
0.1342568428639387;0;N;2.163741070881996;0.198410408592332;0;cluster3
0.5891177862389921;0;Y;0.5534174919271183;0.2979813777068783;0.2630668208823282;cluster6
0.5445928840790346;0.4;N;0.7643320841286846;0.3073293389593379;0.1315334104411641;cluster5
0.6443646321084993;0;N;1.378877477777938;0.3606626080019081;0.2630668208823282;cluster2
0.6225920789770771;0;N;0.7731979630044141;0.2573826762265916;0;cluster7
0.1444888886249317;0;N;1.20342640107929;0.2107169328649163;0.1315334104411641;cluster4
0.662788515718142;0;N;1.083970348858934;0.8340983260180087;0.2630668208823282;cluster2
0.662788515718142;0.4;Y;0.815194231363133;0.4168698606796026;0.2630668208823282;cluster6
0.4805960887739146;0.4;N;0.053661898458363;0.409858871094009;0;cluster5
0.0040928183043972;0;N;2.1012132935479038;0.0763961430393669;0.1315334104411641;cluster3
0.5116022880496511;0;Y;1.0088436910172256;0.434720511429484;0.2630668208823282;cluster8
0.8567012859885975;0.8;Y;0.8455248696222076;0.8537887648541435;0.2630668208823282;cluster6
0.7481175761249685;0;N;1.6285219619103228;0.4681843376464998;0.1315334104411641;cluster2
0.0644060771355597;0.4;N;2.078348658552601;0.1089332506861593;0.1315334104411641;cluster3
0.1426285166683875;0.4;N;1.5879255691635614;0.1388667453068465;0;cluster3
0.0930185978272093;0;N;1.4526042600076892;0.0327902491218297;0.3946002313234923;cluster4
0.2015402952922868;0;N;0.9463159136831332;0.55902886227685;0;cluster4
0.2821564134092015;0;Y;1.1749622636361583;0.1503030864358658;0.2630668208823282;cluster8
0.6382316058917586;0;Y;1.8016399125890417;0.3216099043102403;0.5261336417646564;cluster8
0.43408678986031;0.4;Y;0.4512265722542354;0.2793351288090232;0.3946002313234923;cluster6
0.3401752134939595;0;N;1.0555062114158025;0.4956813642162021;0;cluster4
0.7914022303138966;0;Y;1.094236103346621;0.6178577775495828;0.1315334104411641;cluster8
0.1444888886249317;0;Y;1.2687539296372974;0.0524102797221264;1.0522672835293128;cluster8
0.6480295648628914;0.4;N;1.3140165744239165;0.7098202566788527;0;cluster2
0.5891177862389921;0.4;N;0.795129347591745;0.8283635602919798;0;cluster2
0.1550309963786821;0;N;1.0695049675353754;0.2233963821154578;0.5261336417646564;cluster4
0.1829365757268449;0.4;N;0.5156208504042712;0.1711868852014635;0.1315334104411641;cluster5
0.4893398369696723;0;N;1.9238957160333128;0.24997847454424;0.5261336417646564;cluster3
1.519303764511085;0;N;0.8385254915624212;1.0075467774557954;0.2630668208823282;cluster2
0.1023700675287714;0;N;0.4978890926528121;0.0913085178879243;0.3946002313234923;cluster7
0.3100619927573643;0.4;Y;1.1296996188495392;0.3278153759434465;0.5261336417646564;cluster8
0.5576650976936851;0.4;Y;1.3424807118670483;0.4042244967720464;0;cluster8
0.4709221545998849;0.4;N;1.1301662440535247;0.6704090974983726;0.1315334104411641;cluster2
0.2882088235078252;0;N;1.7904409076933836;0.3835751186475925;0.2630668208823282;cluster3
0.8319056284277911;0.8;Y;0.735867946685553;0.2591067829846828;0.2630668208823282;cluster6
0.0983268591432153;0.8;Y;0.5496844902952323;0.061863182063383;0;cluster6
0.2336131078231085;0;N;0.3313038948298938;0.1153756042653639;0;cluster7
0.1732936477520909;0.8;N;0.5893476326340223;0.3272684441707746;0.1315334104411641;cluster1
0.1444888886249317;0;N;2.115212049667477;0.1685018253601723;0;cluster3
0.3401752134939595;0;Y;1.8268376736042733;0.4460773449532028;0.1315334104411641;cluster8
0.3007570323547158;0.8;N;0.7909297207558732;0.17698631611867;0.2630668208823282;cluster1
0.6821363840662014;0.4;N;0.553884117131104;0.4897713983355291;0.5261336417646564;cluster5
1.1831345519635508;0;Y;1.1189672391578664;0.3241524322249562;0.1315334104411641;cluster8
0.7441487826176744;0;N;2.002755375506907;0.1959177034546711;0.2630668208823282;cluster3
0.0930185978272093;0;Y;0.412496680323417;0.1101376491949696;0.1315334104411641;cluster6
0.2790557934816278;0.8;N;1.08443697406292;0.2568310455991974;0.2630668208823282;cluster1
0.5445928840790346;0;N;1.9719581120438463;0.2765605669730224;0.1315334104411641;cluster3
0.1550309963786821;0.4;N;1.403141988385198;0.0635714022174133;0.6576670522058206;cluster4
0.2015402952922868;0.8;N;0.6705404181275454;0.1394882620751098;0;cluster1
0.4809619619253683;0;N;2.00462187632285;0.41015221388167;0.1315334104411641;cluster3
0.5261752017092473;0;N;1.7204471270955186;0.5357583436523268;0.7892004626469847;cluster3
0.3441626107208192;0;N;1.630388462726266;0.5153348088945237;0;cluster3
0.0450148001085141;0;N;1.3532130915587208;0.0910751414367188;0.2630668208823282;cluster4
0.0146225235784373;0;N;1.501599906426195;0.0606188059969357;0;cluster4
0.0609984958351562;0;Y;2.1982713359769432;0.1298273421811487;0;cluster8
0.0718351624820261;0;N;2.044751643865626;0.1233331520300081;0.1315334104411641;cluster3
0.3445408863519831;0;N;1.4302062502163724;0.2254847619920176;0.6576670522058206;cluster4
0.1240247971029457;0.4;Y;0.4152964315473315;0.1488113865240374;0.3946002313234923;cluster6
0.3978529453866844;0;N;1.223491284850678;0.2145611927076893;0.2630668208823282;cluster4
0.1396488209179893;0;Y;0.2482446085204274;0.0680594797421315;0.5261336417646564;cluster6
0.43408678986031;0.8;N;0.4726913316375808;0.414002515109086;0.1315334104411641;cluster1
0.3717023169175283;0.8;N;0.4339614397067622;0.4839963567118809;0.2630668208823282;cluster1
0.1429943898198412;0;N;0.7246689417898944;0.0833526109931831;0.1315334104411641;cluster7
0.2108421550750077;0;Y;1.920629339605412;0.2905228781477362;0;cluster8
0.7441487826176744;0;N;1.7139143742397178;0.6902431870360167;0.1315334104411641;cluster2
0.1395278967408139;0;N;1.7246467539313908;0.068010999494997;0.3946002313234923;cluster3
0.1240247971029457;0;Y;0.8739890070653393;0.1488113865240374;0.9207338730881488;cluster6
0.1894695819142426;0.4;Y;1.096102604162564;0.1229789478859445;0.3946002313234923;cluster6
0.4893398369696723;0;N;0.9612479202106776;0.2082556280103994;0.1315334104411641;cluster4
0.1240247971029457;0;N;1.034508077236443;0.0742263909326169;0.3946002313234923;cluster4
0.3445408863519831;0.4;N;0.7097369352623499;0.3007658593472928;0.1315334104411641;cluster5
1.0342427830414644;0;Y;1.5099991600979383;0.7317677120665798;0;cluster8
0.5077575193394598;0;N;0.7703982117804994;0.3699239014894904;0.5261336417646564;cluster7
0.294558893119496;0;N;1.5818594415117462;0.3912126221961539;0.1315334104411641;cluster3
0.3445408863519831;0;N;0.1567860685392173;0.2577480681199939;0.2630668208823282;cluster7
0.5922184061665658;0.4;N;0.9645142966385782;0.4279723593683546;0;cluster2
0.2821564134092015;0;N;1.765709771882138;0.4427639811090494;0;cluster3
0.43408678986031;0.8;Y;0.8203271086069763;0.2233963821154578;0.2630668208823282;cluster6
0.0310061992757364;0;N;2.0685495292689;0.070674728027549;0;cluster3
0.3193607519201576;0.4;Y;0.5842147553901791;0.2805757010406953;0;cluster6
0.7119023353709084;0;N;1.9705582364318888;0.5953269183263398;0.1315334104411641;cluster3
0.260073798285022;0;N;1.5295974186653407;0.1163395407483874;0.2630668208823282;cluster3
0.5077575193394598;0.8;Y;0.8371256159504639;0.2588391720205008;0.5261336417646564;cluster6
0.0049113819652766;0;N;1.4852680242866927;0.034201098898437;0.2630668208823282;cluster4
0.2715274882974791;0;N;2.014887630810537;0.2505864914283013;0.2630668208823282;cluster3
0.1240247971029457;0.4;N;0.2337792271968686;0.1488113865240374;0.1315334104411641;cluster5
0.29535885306081;0.4;Y;0.9519154161309624;0.2613303108732542;0.2630668208823282;cluster6
0.6078951405203782;0.4;N;0.3714336623726696;0.3838585416308399;0;cluster5
0.3553062387405188;0;Y;1.9150298371575831;0.3093978792270703;0.3946002313234923;cluster8
0.1550309963786821;0;N;1.1534975042528133;0.165385813414354;0.2630668208823282;cluster4
0.5891177862389921;0.4;N;0.988312182041852;0.4968747241456648;0;cluster2
1.153067840525869;0.8;N;0.412496680323417;0.4743537847268353;0.1315334104411641;cluster1
0.1393728657444352;0;N;2.138543309866765;0.2728710709961015;0;cluster3
0.2790557934816278;0;N;0.4297618128708904;0.2068219552251412;0.1315334104411641;cluster7
0.2480495942058914;0.4;Y;0.7820638418801434;0.1488113865240374;0.6576670522058206;cluster6
0.3978529453866844;0;Y;0.6103457668133817;0.1715771884833934;0.2630668208823282;cluster6
0.5298897443824804;0.4;N;0.4894898389810683;0.6742552219660354;0;cluster5
0.4359223568574336;0;N;0.9579815437827772;0.2242794684632602;0;cluster4
0.1798359557992713;0;Y;0.3788996656364419;0.2814069508165617;0;cluster6
0.440740720224883;0;N;1.618256207422636;0.4199306051436877;0.3946002313234923;cluster3
0.3317601310105246;0;N;1.2323571637264077;0.2489641186041967;0.1315334104411641;cluster4
0.217043394930155;0;N;1.9285619680731705;0.3311302314875116;0.6576670522058206;cluster3
0.1605221942704151;0;N;1.186161268531817;0.2706525403022347;0.6576670522058206;cluster4
0.1444888886249317;0;N;1.2244245352586498;0.1202559988668929;0.7892004626469847;cluster4
0.747249402545248;0;Y;1.1800951408800018;0.1868497342756618;0.3946002313234923;cluster8
0.8376510771535851;0;N;0.7330681954616383;0.696155837976531;0;cluster2
0.2694314692264393;0;N;1.9136299615456256;0.2887209046542475;0;cluster3
0.3295183828028889;0;Y;1.9010310810380104;0.2164506544010068;0.3946002313234923;cluster8
0.5271053876875194;0;Y;1.3462137134989345;0.2233963821154578;0.1315334104411641;cluster8
0.3772834327871608;0;N;0.7242023165859087;0.2451752008281526;0;cluster7
0.2480495942058914;0;N;1.0867701000828487;0.1216895970671556;0.2630668208823282;cluster4
0.4893398369696723;0;Y;1.7531108913745226;0.3907930815959521;0.5261336417646564;cluster8
0.4893398369696723;0.4;N;0.6579415376199299;0.5003155537472838;0;cluster5
0.4893398369696723;0;N;1.2547551735177245;0.5211769770142041;0.1315334104411641;cluster2
0.7284193377250933;0;Y;1.777375401981782;0.521580780180336;0.1315334104411641;cluster8
0.5538017252639283;0;Y;1.1296996188495392;0.2601502270730068;0.5261336417646564;cluster8
0.0659718901989844;0.4;N;0.3667674103328119;0.1551610309537217;0.1315334104411641;cluster5
0.340448068047586;0;Y;0.4787574592893956;0.3433060828478198;0.6576670522058206;cluster6
0.3224613718477313;0.8;N;0.3163718883023493;0.3397459918382501;0.1315334104411641;cluster1
0.184499288170342;0;Y;0.9589147941907488;0.2588391720205008;0.1315334104411641;cluster6
0.3367056197950046;0.8;Y;1.5907253203874756;0.1470623683774185;0.3946002313234923;cluster8
0.5066847048445193;0;Y;0.4862234625531679;0.1844140120746327;0.3946002313234923;cluster6
0.2357463343332792;0;N;1.943027349396729;0.3373622553791483;0.6576670522058206;cluster3
0.077515498189341;0;Y;0.5837481301861931;0.1301651376261823;0.2630668208823282;cluster6
0.0930185978272093;0;N;1.1227002407897528;0.2482580224509327;0.2630668208823282;cluster4
0.1506808266202963;0;N;0.7829970922881151;0.2424445695545551;0;cluster7
0.4100259792223385;0;Y;0.7885965947359443;0.3532736962436528;0.1315334104411641;cluster6
0.1547209343859247;0;Y;0.9533152917429196;0.1651096251756789;0;cluster6
0.43408678986031;0;N;1.0611057138636315;0.4860652699045914;0.1315334104411641;cluster4
0.0516253217941011;0;N;2.222535846584203;0.0791490006416506;0;cluster3
0.5445928840790346;0;N;1.6975824921002165;0.3952402119580906;0.1315334104411641;cluster3
0.2790557934816278;0;N;1.416674119300785;0.2979813777068783;0.2630668208823282;cluster4
0.7119023353709084;0;N;0.6812727978192182;0.5411736618422375;0.2630668208823282;cluster7
0.1854170716689038;0.4;N;0.4087636786915308;0.1731758432788999;0.5261336417646564;cluster5
0.1860371956544186;0;N;1.6009910748751628;0.3477047329628238;0;cluster3
0.1550309963786821;0;Y;1.8422363053358035;0.1115188887283271;0.3946002313234923;cluster8
0.2821564134092015;0;Y;1.558528181312458;0.4704591800120381;0.3946002313234923;cluster8
0.7441487826176744;0.8;N;0.6574749124159439;0.4657976177875743;0.2630668208823282;cluster1
0.8341907853144128;0.8;N;0.4754910828614954;1.1558745548684175;0.1315334104411641;cluster1
0.2376067062898234;0;Y;0.3975646737958725;0.1842541764290803;0.2630668208823282;cluster6
0.6821363840662014;0;N;1.656052848945483;0.4285051199918641;0.2630668208823282;cluster2
0.5162005074022428;0;Y;0.400364425019787;0.346035669931479;0.1315334104411641;cluster6
0.4890297749769149;0.4;N;0.665407540883702;0.6251111683708483;0.1315334104411641;cluster5
0.1550309963786821;0;N;0.6784730465953035;0.1488113865240374;0.2630668208823282;cluster7
0.0620123985514728;0;N;1.965891984392032;0.1488113865240374;0;cluster3
0.5077575193394598;0;N;2.022820259278295;0.2588391720205008;0.1315334104411641;cluster3
0.29535885306081;0;N;0.9939116844896811;0.1741006972242335;0.2630668208823282;cluster4
0.931268094626816;0;Y;1.9747578632677607;0.420502821229865;0.5261336417646564;cluster8
0.2821564134092015;0;Y;0.3551017802331678;0.1503030864358658;0.6576670522058206;cluster6
0.3281696131343944;0;Y;0.0970580424290392;0.2876389001232028;0.1315334104411641;cluster6
0.1240247971029457;0.8;Y;0.4745578324535238;0.0674459435683964;0.2630668208823282;cluster6
0.0672710499486377;0;Y;0.9435161624592184;0.2360459973677627;0;cluster6
0.5077575193394598;1.2;Y;0.769464961372528;0.323638616190327;0.2630668208823282;cluster6
0.3820459849959139;0;N;1.7405120108669063;0.3308385295697535;0;cluster3
0.360912159569572;0.8;N;0.8399253671743786;0.2689998113849244;0.9207338730881488;cluster1
0.8602514958056694;0.4;Y;0.8982535176725993;0.7142775306003916;0;cluster6
0.43408678986031;0;N;0.111523423752598;0.1239497461885624;0.2630668208823282;cluster7
0.3680745916022671;0;N;1.881432822470608;0.3306701912347037;0.6576670522058206;cluster3
0.7441487826176744;0;N;0.8095947289153038;0.5323913531963433;0.2630668208823282;cluster2
0.1240247971029457;0;Y;0.7974624736116737;0.1861038843197476;0.1315334104411641;cluster6
0.5261752017092473;0;Y;1.0867701000828487;0.6697875807301092;0.6576670522058206;cluster8
0.4030805905845736;0;Y;0.1819838295544486;0.2744282565340592;0.3946002313234923;cluster6
0.4789341564927352;0;Y;0.8007288500395741;0.2499790712242048;0;cluster6
0.1444888886249317;0.8;Y;0.8711892558414249;0.0840716103506844;0.7892004626469847;cluster6
0.43408678986031;0;N;1.2267576612785784;0.1861038843197476;0.3946002313234923;cluster4
0.3515916960672857;0;N;0.924851154299788;0.3677750331815059;0.3946002313234923;cluster4
0.3719131590726033;0;N;0.8431917436022789;0.4842499456968918;0;cluster4
0.2790557934816278;0;N;1.841303054927832;0.2979813777068783;0.5261336417646564;cluster3
0.3410681920331007;0;Y;1.3779442273699667;0.0443923926960487;0.7892004626469847;cluster8
0.5077575193394598;0.4;N;1.4288063746044148;0.323638616190327;0;cluster4
0.3138974596077729;0;N;1.968691735615946;0.2761951004946243;0;cluster3
0.1240247971029457;0.8;N;0.6733401693514601;0.2482580224509327;0;cluster1
0.0865693083778561;0.4;Y;0.2202470962812814;0.1881922641963073;0;cluster6
0.7119023353709084;1.2;N;0.7004044311826344;0.5953269183263398;0.2630668208823282;cluster1
0.689615079331509;0;N;2.033552638969968;0.743609124306656;0.2630668208823282;cluster3
0.1395278967408139;0;N;0.4843569617372249;0.2275400261305348;0;cluster7
0.021642327094464;1.2;Y;0.848791246050108;0.0418565028459404;0.5261336417646564;cluster6
1.1831345519635508;0;Y;1.3826104794098244;0.3241524322249562;0.3946002313234923;cluster8
0.4893398369696723;0;N;1.6131233301787926;0.3789400340965636;0.2630668208823282;cluster3
0.0497215411585709;0;N;0.2001822125098935;0.1291010334940794;0;cluster7
0.1649529801469178;1.2;N;0.8651231281896098;0.2139037259715509;0.5261336417646564;cluster1
0.3772834327871608;0;Y;0.719536064546051;0.2802514800648594;0;cluster6
0.1854170716689038;0.4;N;0.8973202672646277;0.2599430299552538;0;cluster5
0.217043394930155;0.4;N;0.1763843271066195;0.2291336837313366;0;cluster5
0.1395278967408139;0;N;0.6724069189434885;0.1637283856423214;0.3946002313234923;cluster7
0.2661572145829215;0;N;1.2239579100546636;0.2379156194522528;0.1315334104411641;cluster4
0.1755446978195093;0;N;1.803506413404985;0.123855246999148;0.1315334104411641;cluster3
0.5445928840790346;0;N;1.1539641294567988;0.3073293389593379;0;cluster4
0.1575362972801616;0.4;N;0.2907075020831322;0.1370767054126524;0.6576670522058206;cluster5
0.3193638525400852;0;N;1.59025869518349;0.3367655754144169;0.1315334104411641;cluster3
0.6201239855147286;0;Y;1.0349747024404288;0.2696905430290966;0.2630668208823282;cluster8
0.1952739424186604;0.4;Y;0.9150520250160868;0.1810793169217403;0.5261336417646564;cluster6
0.1061652263201215;0;N;1.7153142498516754;0.2196173841438273;0.6576670522058206;cluster3
0.177910470824248;0;N;0.332703770441851;0.0769562017712629;0.1315334104411641;cluster7
0.7855730648500582;0.4;Y;0.4204293087911749;0.1960684397307613;0;cluster6
0.7119023353709084;0;N;0.8865878875729551;0.7144639930893701;0.2630668208823282;cluster2
0.3193638525400852;0;N;1.2253577856666211;0.2805782369305454;0.6576670522058206;cluster4
0.340448068047586;0.4;Y;1.0261088235646991;0.1113324262393486;0.1315334104411641;cluster6
0.4100259792223385;0;Y;1.7722425247379388;0.4240001862581424;0.3946002313234923;cluster8
0.217043394930155;0;N;0.318705014322278;0.0990880312680918;0.1315334104411641;cluster7
0.0620123985514728;0.8;Y;0.4292951876669045;0.0555801420347618;0.2630668208823282;cluster6
1.0342427830414644;0;Y;1.4745356445950204;0.3413003431463753;0.1315334104411641;cluster8
0.2015402952922868;0;N;1.8641676899231348;0.1861038843197476;0.5261336417646564;cluster3
0.2130994063822813;0;N;2.025153385298224;0.4074141241085134;0;cluster3
1.011350906116188;0;Y;0.2986401305508901;0.3130633588354107;0.3946002313234923;cluster6
0.4538811474779401;0;N;1.570193811412102;0.2329193943525703;0.5261336417646564;cluster3
0.3720743913088372;0;Y;0.5552839927430614;0.1612422439842726;0.3946002313234923;cluster6
0.4100259792223385;0.4;N;0.7657319597406417;0.4240001862581424;0.3946002313234923;cluster5
0.0804300809212603;0;N;1.7932406589172982;0.1161885807173103;0.1315334104411641;cluster3
0.4617133134149911;0;N;1.8949649533861952;0.4737334613185014;0;cluster3
0.3642391247518585;0;N;1.512332286117867;0.379944321062202;0.1315334104411641;cluster3
0.1550309963786821;0.8;N;1.2253577856666211;0.1942109750005526;0.1315334104411641;cluster1
0.0930185978272093;0.4;Y;0.9500489153150192;0.0593093918143328;0;cluster6
0.9802175814234212;0;N;1.56272780814833;0.6946371382962984;0.2630668208823282;cluster2
0.1444888886249317;0;N;2.166540822105911;0.2107169328649163;0;cluster3
0.5261752017092473;0;N;0.1110567985486122;0.2230234571375007;0;cluster7
0.5891177862389921;0.4;N;1.1539641294567988;0.4968747241456648;0.2630668208823282;cluster2
0.0310061992757364;0;N;1.907097208689825;0.0990880312680918;0;cluster3
0.3262968386981399;0;N;1.7722425247379388;0.1190146807852649;0.3946002313234923;cluster3
0.3844768710191317;0;N;1.052239834987902;0.4993608658037136;0.2630668208823282;cluster4
0.3186538105766708;0.4;Y;1.013976568261069;0.1525691277719243;0.1315334104411641;cluster6
0.2563344506523682;0;Y;1.914096586749612;0.3452384309136023;0.1315334104411641;cluster8
0.1697651422745121;0;N;0.902919769712457;0.2191653990705433;0;cluster4
0.1731386167557122;0;N;1.4796685218388637;0.1399464377030279;1.0522672835293128;cluster4
0.1550309963786821;0.4;Y;1.0513065845799303;0.1488113865240374;0.2630668208823282;cluster6
0.0465092989136046;0.4;N;1.034041452032457;0.3104122351671136;0.3946002313234923;cluster4
0.2506541149450533;0;N;1.5543285544765864;0.2706534353221818;0.2630668208823282;cluster3
0.160965582920058;1.2;N;0.735867946685553;0.0766056522919832;0.2630668208823282;cluster1
0.2790557934816278;0;Y;0.8413252427863359;0.2660164115612676;0.1315334104411641;cluster6
0.43408678986031;0;N;1.5300640438693265;0.4299394640420828;0.5261336417646564;cluster3
0.5185321735877781;0;Y;0.5478179894792893;0.2399881873097472;0.1315334104411641;cluster6
0.2790557934816278;0;Y;0.2253799735251248;0.1959177034546711;0.1315334104411641;cluster6
0.4518843482445827;0.4;N;0.4446938193984349;0.4642760838775093;0;cluster5
0.2694314692264393;0;N;1.855768436251391;0.2405410112970709;0.2630668208823282;cluster3
0.3100619927573643;0;Y;0.145587063643559;0.2731197373714033;0;cluster6
0.4031488042229801;0;N;1.595391572427333;0.1737003995528943;0.2630668208823282;cluster3
0.1342568428639387;0;N;0.2631766150479719;0.1132236779725602;0;cluster7
0.7348469228349533;0;N;2.029353012134096;0.6137245008488931;0;cluster3
0.0681516260080686;0;N;1.311216823200002;0.1359401792498303;0;cluster4
0.0620123985514728;0;N;1.1017021066103931;0.1013481803894987;0;cluster4
0.7119023353709084;0;Y;1.734445883215092;0.3131600955746927;0.5261336417646564;cluster8
0.1085216974650775;0;N;1.000444437345482;0.1674576354218925;0;cluster4
0.5445928840790346;0;N;1.6065905773229918;0.3073293389593379;0;cluster3
0.2790557934816278;0;N;0.631810526196727;0.3239239783834597;0.1315334104411641;cluster7
0.1444888886249317;0;N;1.2804195597369414;0.1403584452186749;0;cluster4
0.43408678986031;0;N;0.8553239989059088;0.227962773885547;0.5261336417646564;cluster4
0.24915031428018;0;N;1.630388462726266;0.4489165719803814;0.1315334104411641;cluster3
0.4630279762642824;0;N;0.9136521494041296;0.382993803191953;0;cluster4
0.3100619927573643;0;N;1.0667052163114608;0.2340513708306613;0.2630668208823282;cluster4
0.1854170716689038;0;N;0.4120300551194312;0.1731758432788999;0.3946002313234923;cluster7
0.5814282488186095;0.4;Y;1.0172429446889697;0.3978042949365324;0;cluster6
0.7119023353709084;0;N;0.5398853610115312;0.7144639930893701;0.3946002313234923;cluster7
0.5891177862389921;0.4;N;0.7232690661779371;0.2979813777068783;1.0522672835293128;cluster5
1.0342427830414644;0;Y;1.9584259811282596;0.6402519224759068;0;cluster8
0.1175755076535925;0;N;1.690116488836444;0.1783470447782398;0.1315334104411641;cluster3
0.0310061992757364;0.4;N;0.3555684054371536;0.0388966718808905;0.6576670522058206;cluster5
0.1649529801469178;0.4;Y;0.58188162937025;0.1881922641963073;0.5261336417646564;cluster6
1.269083736355892;0.4;N;1.124566741605696;0.947322899010516;0.1315334104411641;cluster2
0.0806161181169147;0.8;N;0.5786152529423496;0.1786453847606055;0.2630668208823282;cluster1
0.1746765242397887;0;N;1.3620789704344505;0.1975482060432951;0;cluster4
0.2419661779079919;0;N;0.2263132239330965;0.3123230281691702;0.2630668208823282;cluster7
0.1860371956544186;0;N;0.4460936950103921;0.2084793829971737;0;cluster7
0.1547209343859247;0;N;2.002755375506907;0.2230234571375007;0;cluster3
0.1240247971029457;0;N;0.8049284768754462;0.1377617685971596;0;cluster7
0.2015402952922868;0.4;N;0.9159852754240584;0.2233963821154578;0.1315334104411641;cluster5
0.43408678986031;0.8;Y;0.3383032728896802;0.1861038843197476;0.1315334104411641;cluster6
0.4030805905845736;0;N;1.568327310596159;0.2084793829971737;0;cluster3
0.8991797789963565;0.4;Y;0.5174873512202142;0.4968747241456648;0.3946002313234923;cluster6
0.5581115869632557;0;N;1.355079592374664;0.1413528869648953;0.2630668208823282;cluster4
0.4893398369696723;0;Y;0.6570082872119583;0.2082556280103994;0;cluster6
0.918025346916149;0;N;1.3504133403348064;0.2532950455432037;0;cluster2
0.0930185978272093;0;Y;0.3000400061628475;0.0990880312680918;0.1315334104411641;cluster6
0.1550185938989718;0.4;Y;0.6378766538485421;0.0891374232512537;0.3946002313234923;cluster6
0.3401752134939595;0.4;N;0.8744556322693253;0.1782157751859989;0.1315334104411641;cluster5
0.4709221545998849;0;N;0.3443694005414952;0.5484513673720659;0.1315334104411641;cluster7
0.3642391247518585;0;N;0.344836025745481;0.2712863635947706;0;cluster7
0.8991797789963565;0;N;1.85810156227132;0.5200018158236657;0.3946002313234923;cluster2
0.5581115869632557;0;N;0.9570482933748056;0.833238435603835;0.6576670522058206;cluster2
0.6615482677471125;0;N;1.349480089926835;0.3328274876471899;0.6576670522058206;cluster2
0.1550309963786821;0.4;Y;0.6579415376199299;0.2233963821154578;0.3946002313234923;cluster6
0.5077575193394598;0.4;Y;1.5543285544765864;0.2876389001232028;0.3946002313234923;cluster8
0.2790557934816278;0;N;1.4862012746946642;0.2127413934002543;0.1315334104411641;cluster4
0.4898979485566356;0;N;1.863234439515163;0.3128983768251624;0.2630668208823282;cluster3
0.6182636135581845;0;Y;1.677984233532814;0.6243653184149343;0;cluster8
0.2922520318933813;0;N;1.4526042600076892;0.3106787273563617;0;cluster4
0.5077575193394598;0;N;1.4278731241964435;0.4316376898067038;0.1315334104411641;cluster2
0.4927443176501481;0;N;1.4848013990827071;0.5474130696484377;0;cluster2
0.1705340960165503;0;Y;1.1530308790488275;0.2420426310133129;0.1315334104411641;cluster8
0.3281696131343944;0;N;2.105879545587761;0.3452384309136023;0.1315334104411641;cluster3
0.1550309963786821;0.4;N;0.4138965559353744;0.1488113865240374;0.1315334104411641;cluster5
0.1521722248054592;0.8;N;0.6528086603760865;0.0975598592934192;0.2630668208823282;cluster1
0.0930185978272093;0.4;N;0.8417918679903217;0.1189773882874692;0.2630668208823282;cluster5
0.1403960703205345;0.4;N;0.8977868924686135;0.0683590130844266;0.7892004626469847;cluster5
0.303860752902217;0;N;1.1721625124122437;0.6709063556639807;0;cluster4
0.174645518040513;0;N;1.825904423196302;0.0985798836931275;0;cluster3
0.3445408863519831;0.4;Y;0.636010153032599;0.2577480681199939;0.6576670522058206;cluster6
0.3117983399168055;0;N;1.5487290520287569;0.2745119408991128;0;cluster3
0.3445408863519831;0;N;2.045218269069612;0.4102657322449602;0.1315334104411641;cluster3
0.653254109440853;0;Y;1.4558706364355898;0.5483010786059491;0;cluster8
0.2330301912767247;0;N;1.0629722146795748;0.3172093895703465;0.6576670522058206;cluster4
0.3978529453866844;0;Y;1.171695887208258;0.286201125163187;0.9207338730881488;cluster8
0.4104569653922712;0.8;Y;1.7363123840310348;0.4244148788336306;0;cluster8
0.1860371956544186;0.4;N;0.6313439009927413;0.092872639830472;0.3946002313234923;cluster5
0.3117983399168055;0;N;0.3014398817748048;0.3294860798446943;0;cluster7
0.1342568428639387;0;Y;1.803506413404985;0.1321540957036187;0.1315334104411641;cluster8
0.8567012859885975;0;N;0.3397031485016376;0.8537887648541435;0.1315334104411641;cluster7
0.1649529801469178;0;N;2.1194116765033484;0.167990396045402;0.2630668208823282;cluster3
0.2821564134092015;0.4;Y;0.6630744148637733;0.1503030864358658;0.1315334104411641;cluster6
0.5891177862389921;0;N;1.709714747403846;0.3489856556771109;0.1315334104411641;cluster3
0.1860371956544186;0;N;0.972446925106336;0.2482580224509327;0;cluster4
0.5077575193394598;0;N;0.5748822513104636;0.6476358370394575;0;cluster7
0.0516036174546081;0;N;0.7242023165859087;0.0564176569502578;0;cluster7
0.1550309963786821;0;Y;1.520264914585625;0.1861038843197476;0;cluster8
0.1335995114392931;0;N;1.2444894190300375;0.1580241251794896;0.1315334104411641;cluster4
0.3117983399168055;0.4;N;0.767598460556585;0.2352447307601241;0.1315334104411641;cluster5
0.5891177862389921;0.4;N;0.3532352794172248;0.4968747241456648;0.3946002313234923;cluster5
0.3100619927573643;0;Y;1.6831171107766574;0.2340513708306613;0;cluster8
0.0497215411585709;0;N;0.6164118944651968;0.0773171931499253;0.2630668208823282;cluster7
0.390678110874279;0;N;0.314972012690392;0.2665771415581239;0.3946002313234923;cluster7
0.2976595130470697;0;Y;1.6989823677121734;0.2076943013335784;0;cluster8
0.217043394930155;0;N;1.6821838603686858;0.1921187912892177;0.1315334104411641;cluster3
0.4060850912943924;0;N;1.8893654509383664;0.3000463378948224;0.1315334104411641;cluster3
0.548313627992123;0.8;N;0.791396345959859;0.3480279097487214;0.1315334104411641;cluster1
0.1159786883908921;0;Y;1.289285438612671;0.1410694639816479;0;cluster8
0.0944076755547622;0.4;Y;1.6537197229255542;0.0331615332298838;0.3946002313234923;cluster8
0.8105392565068811;0;Y;1.746111513314736;0.674416847651482;0.5261336417646564;cluster8
0.1444888886249317;0.4;Y;1.0573727122317451;0.0934527619261821;0.7892004626469847;cluster6
0.2790557934816278;0;N;1.671918105880999;0.2482580224509327;0.5261336417646564;cluster3
0.5077575193394598;0;N;1.436739003072173;0.4316376898067038;0.2630668208823282;cluster2
0.6747569086385762;0;N;1.4260066233805009;0.942810133852257;0.1315334104411641;cluster2
0.2790557934816278;0.8;Y;0.6098791416093959;0.1861038843197476;0.1315334104411641;cluster6
0.1240247971029457;0;N;0.6042796391615669;0.0742263909326169;0;cluster7
0.277716325672916;0;N;1.2006266498553757;0.2118207907996694;0.2630668208823282;cluster4
0.2790557934816278;0.8;Y;0.4768909584734527;0.1959177034546711;0.2630668208823282;cluster6
0.0146225235784373;0.4;Y;0.4120300551194312;0.0362277969836427;0.2630668208823282;cluster6
0.4451249968024721;0;N;1.4684695169432052;0.5723049914921228;0.2630668208823282;cluster2
0.0040928183043972;0;N;0.821260359014948;0.0699998829874379;0;cluster4
0.662788515718142;0;N;1.5935250716113905;0.2777936807051353;0.3946002313234923;cluster3
0.2790557934816278;0.4;N;0.5832815049822073;0.2979813777068783;0.1315334104411641;cluster5
0.6376114819062438;0;N;1.4255399981765149;0.3570526942152833;0.9207338730881488;cluster2
0.4061688080324369;0.8;N;0.2893076264711748;1.2368397747377151;0.1315334104411641;cluster1
0.3100619927573643;0;Y;1.2323571637264077;0.409858871094009;0.1315334104411641;cluster8
0.217043394930155;0;N;0.6882721758790047;0.2206339776337383;0.3946002313234923;cluster7
0.0620123985514728;0.4;Y;0.6038130139575809;0.0220168940186225;0;cluster6
0.1393728657444352;0;N;2.193605083937085;0.1362562704611468;0;cluster3
0.1880898060464723;0;N;0.9981113113255532;0.2924372512295812;0;cluster4
0.1395278967408139;0.4;N;1.152564253844842;0.2275400261305348;0.1315334104411641;cluster4
0.0040928183043972;0;N;1.5449960503968707;0.0840716103506844;0;cluster3
0.43408678986031;0;Y;0.4353613153187195;0.3992038823788055;0;cluster6
0.5077575193394598;0.4;N;1.204359651487262;0.6476358370394575;0;cluster2
0.6666332844283333;0.8;Y;0.2496444841323848;0.5409841413684396;0.2630668208823282;cluster6
0.0339207820076556;0.4;Y;0.4526264478661928;0.021333173364036;0.3946002313234923;cluster6
0.4141249987665909;0;N;1.5673940601881875;0.7134794711475635;0;cluster3
0.5891177862389921;0.4;N;0.815194231363133;0.4968747241456648;0.2630668208823282;cluster5
0.4893398369696723;0.4;N;0.950515540519005;0.3473318079848667;0.1315334104411641;cluster5
0.4481698055713495;0;Y;1.494600528366408;0.5759671147756615;0;cluster8
0.0559010766742252;0;Y;1.317749576055803;0.0832631089984734;0;cluster8
0.0930185978272093;0.4;N;1.2962848166724577;0.1189773882874692;0.2630668208823282;cluster4
0.43408678986031;0;N;1.4414052551120309;0.3192913551372854;0.3946002313234923;cluster4
0.3262968386981399;0;Y;1.4241401225645576;0.2861372804069607;0.5261336417646564;cluster8
0.4427685256575162;0.4;N;0.1805839539424914;0.4379716713873139;0.7892004626469847;cluster5
0.3689737713812634;0.8;N;0.4526264478661928;0.6410723574274123;0;cluster1
0.3129703742494283;0;N;0.3788996656364419;0.3060973440021587;0;cluster7
0.2790557934816278;1.2;N;0.4162296819553031;0.1143875768287643;0.1315334104411641;cluster1
0.2790557934816278;0.4;N;0.9355835339914604;0.2127413934002543;0.5261336417646564;cluster5
0.7481175761249685;0;Y;0.9262510299117452;0.4681843376464998;0.3946002313234923;cluster6
0.1240247971029457;0;Y;0.3280375184019934;0.092872639830472;0.1315334104411641;cluster6
0.1012042344360037;0;N;1.3928762338975111;0.0791490006416506;0.2630668208823282;cluster4
0.1118331595477261;0.4;N;0.2286463499530252;0.228706833801567;0.2630668208823282;cluster5
0.9471401680360656;0.4;Y;0.4540263234781502;0.2670184609770383;0.3946002313234923;cluster6
0.1705340960165503;0;N;1.5855924431436323;0.1073752447132502;0.6576670522058206;cluster3
0.0672710499486377;0.4;Y;1.0018443129574393;0.0671855673487868;0.5261336417646564;cluster6
0.5261752017092473;0;Y;0.5398853610115312;0.2974841195412703;0.2630668208823282;cluster6
0.0969129764562417;0;N;1.3471469639069058;0.1227245384659821;0;cluster4
0.1649529801469178;0;N;1.8375700532959465;0.2353299814100851;0;cluster3
0.4709221545998849;0;N;1.164229883944486;0.3547536863111734;0.5261336417646564;cluster4
0.1444888886249317;0.4;Y;0.6621411644558016;0.0840716103506844;0.2630668208823282;cluster6
0.077515498189341;0;N;2.045684894273597;0.1210588317594389;0.6576670522058206;cluster3
0.1435773063662251;0;N;0.6383432790525277;0.2266459012033848;0;cluster7
0.0450148001085141;0;N;1.9304284688891131;0.1012344382712217;0.2630668208823282;cluster3
0.5736146866011239;0;N;1.3345480833992904;0.5814043609542762;0.2630668208823282;cluster2
0.0730009955747938;0.4;Y;0.2645764906599291;0.2081312948227485;0;cluster6
0.1649529801469178;0.4;Y;0.4199626835871893;0.1881922641963073;0.3946002313234923;cluster6
0.2629635760575206;0.4;N;1.1404319985412117;0.3532115669423251;0;cluster4
0.5303207305524131;0.4;N;0.3770331648204987;0.4997393100713444;0.1315334104411641;cluster5
0.2790557934816278;0.4;N;0.795129347591745;0.2127413934002543;0.3946002313234923;cluster5
0.1550309963786821;0;N;0.019598258567402;0.0857009941643746;0.1315334104411641;cluster7
0.2790557934816278;0.4;N;0.3042396329987193;0.3725663732982988;0.1315334104411641;cluster5
0.1240247971029457;0;N;1.2710870556572262;0.2068219552251412;0;cluster4
0.8445716608319294;0;N;1.3247489541155897;0.2804668069471318;0.1315334104411641;cluster2
0.3445408863519831;0;N;1.958892606332245;0.2254847619920176;0.1315334104411641;cluster3
0.1240247971029457;0;N;1.7335126328071202;0.0650668313790213;0.2630668208823282;cluster3
0.5891177862389921;0;N;0.6378766538485421;0.5963213600725602;0.1315334104411641;cluster7
0.4000047756164205;0;N;1.5076660340780097;0.2069996166846399;0.1315334104411641;cluster3
0.7779734454075752;0;N;1.0751044699832044;0.4861388107102445;0.1315334104411641;cluster2
1.4056970503647868;0.8;Y;0.6588747880279013;0.3138205457106547;0.1315334104411641;cluster6
0.7441487826176744;0;N;0.9589147941907488;0.9319538402339522;0.3946002313234923;cluster2
0.4709221545998849;0;N;1.751711015762565;0.1853924926317966;0.1315334104411641;cluster3
0.7441487826176744;0.4;N;1.2309572881144506;0.9319538402339522;0.3946002313234923;cluster2
0.1093898710447981;0.4;N;0.6406764050724564;0.1247231925928454;0.2630668208823282;cluster5
0.2790557934816278;0.4;Y;0.894987141244699;0.2127413934002543;0.2630668208823282;cluster6
0.43408678986031;0;Y;0.5823482545742357;0.2233963821154578;0.2630668208823282;cluster6
0.3757517265429395;0;N;1.5417296739689703;0.3257916612580645;0.5261336417646564;cluster3
0.2157566376602119;0.4;N;1.1516310034368702;0.1183583328240604;0.1315334104411641;cluster4
0.8836766793584881;0;Y;1.026575448768685;0.366350981860679;0;cluster8
0.1126641256883159;0.4;N;0.4180961827712462;0.0687608024556776;0.3946002313234923;cluster5
0.3007601329746434;0;N;1.949093477048544;0.3986711217552959;0;cluster3
0.8105392565068811;0;Y;1.4344058770522443;0.5780203651192978;0;cluster8
0.3852706297205905;0;N;1.3858768558377246;0.2857409357403879;0.2630668208823282;cluster4
0.4221680068587169;0;N;1.0116434422411404;0.3110998342414709;0;cluster4
0.5447479150754133;0.4;N;0.4918229650009972;0.3953467939167907;0.2630668208823282;cluster5
0.217043394930155;0;N;0.4936894658169402;0.1861038843197476;0.2630668208823282;cluster7
0.5922184061665658;0.4;N;0.821260359014948;0.2138069146472733;0.2630668208823282;cluster5
0.168034996354926;0;N;0.8324593639106062;0.136438779945359;0.1315334104411641;cluster4
0.43408678986031;0;N;0.3009732565708189;0.4471513688897192;0.3946002313234923;cluster7
0.3772834327871608;0;N;1.4022087379772263;0.2514709203060244;0.3946002313234923;cluster4
0.3445408863519831;0;Y;1.263621052393454;0.2003910877352577;0.1315334104411641;cluster8
0.3445408863519831;0.8;N;0.6579415376199299;0.2254847619920176;0;cluster1
0.7040143582751611;0;N;1.1674962603723864;0.5890021107001873;0.3946002313234923;cluster2
0.4630279762642824;0;N;1.8249711727883304;0.2967395375302811;0.6576670522058206;cluster3
0.3332360260960497;0;N;1.544062799988899;0.2917013210780807;0.2630668208823282;cluster3
0.0961192177547829;0;N;0.4362945657266912;0.1525406363036083;0;cluster7
0.7119023353709084;0.4;Y;0.9710470494943788;0.3967650276079615;0.3946002313234923;cluster6
0.8034388368727375;0;N;1.35881259400655;0.6078978464082957;0.2630668208823282;cluster2
0.4147389215122505;0;N;0.476424333269467;0.7144639930893701;0.1315334104411641;cluster7
0.3209854767622062;0;N;0.9416496616432756;0.241558872731907;0.2630668208823282;cluster4
0.3720743913088372;0.4;N;0.6850057994511043;0.1560292748874014;0.6576670522058206;cluster5
0.5445928840790346;0;Y;1.3858768558377246;0.2765605669730224;0;cluster8
0.5330895841477364;0;N;1.5025331568341662;0.225795557668647;0.2630668208823282;cluster3
0.3236892173390505;0;N;1.7955737849372269;0.5015326317053446;0;cluster3
0.1547209343859247;0;N;1.949093477048544;0.1783470447782398;0.2630668208823282;cluster3
0.7134898527738261;0;Y;1.7507777653545935;0.3407604969482846;0.5261336417646564;cluster8
0.1393728657444352;0;N;0.8529908728859801;0.1635792156511386;0.5261336417646564;cluster4
0.2790557934816278;0;N;1.594458322019362;0.4968747241456648;0.6576670522058206;cluster3
0.8730725592061864;0;N;0.9897120576538094;0.2171163254866602;0.7892004626469847;cluster2
0.6976394837040697;0.4;Y;0.6845391742471185;0.3071409372604739;0;cluster6
0.2113878641822607;0.4;Y;0.9402497860313184;0.1454103107250686;0.3946002313234923;cluster6
0.1342568428639387;0.8;Y;0.6094125164054103;0.1132236779725602;0;cluster6
0.3317601310105246;0;N;1.2850858117767991;0.4844355877509188;0.1315334104411641;cluster4
0.5445370729203384;0.4;Y;0.4414274429705345;0.3457567966329627;0;cluster6
0.5085016681220774;0.8;Y;0.663541040067759;0.3240861261638755;0;cluster6
0.1061652263201215;0;N;1.774109025553882;0.1096294270350097;0.6576670522058206;cluster3
0.1773151517981539;0;N;1.8301040500321737;0.1040401766353798;0.9207338730881488;cluster3
0.5891177862389921;0;N;1.3686117232902513;0.4968747241456648;0.3946002313234923;cluster2
0.1649529801469178;0;Y;1.789507657285412;0.1567671442487874;0.6576670522058206;cluster8
0.1550309963786821;0;N;1.317282950851817;0.1786453847606055;0;cluster4
0.7452153958727595;0;N;0.617811770077154;0.3161144072500689;0;cluster7
0.5814282488186095;0;Y;1.887498950122423;0.2942819619255438;0.1315334104411641;cluster8
0.5445928840790346;0.4;N;0.4978890926528121;0.3952402119580906;0.3946002313234923;cluster5
0.0915737089409599;0;N;1.721847002707476;0.1088503867560573;0.9207338730881488;cluster3
0.1612322362338294;0;N;0.5034885951006414;0.2308548816745999;0;cluster7
0.1085216974650775;0;N;0.244978232092527;0.1338943874057533;0.5261336417646564;cluster7
0.5891177862389921;0.4;Y;0.7848635931040582;0.5963213600725602;0.7892004626469847;cluster6
0.43408678986031;0;N;1.35881259400655;0.2482580224509327;0.1315334104411641;cluster4
0.1649529801469178;0;N;1.3947427347134542;0.1567671442487874;0.1315334104411641;cluster4
0.6382316058917586;0;Y;1.1334326204814251;0.3216099043102403;0;cluster8
0.3255898973546531;0;N;0.7512665784170831;0.1221823801330281;0.1315334104411641;cluster7
0.4893398369696723;0;N;1.845502681763704;0.4168698606796026;0.1315334104411641;cluster3
0.0620123985514728;0;N;1.6821838603686858;0.0380213423726295;0.2630668208823282;cluster3
0.7441487826176744;0;Y;1.5851258179396468;0.6211830004080351;0;cluster8
0.43408678986031;0;N;0.7857968435120296;0.2793351288090232;0.7892004626469847;cluster4
0.184499288170342;0;N;1.0933028529386497;0.1724399131273994;0.2630668208823282;cluster4
0.4832006095130765;0.4;Y;0.4194960583832035;0.2245355187531255;0.2630668208823282;cluster6
0.2790557934816278;0.4;Y;0.8123944801392182;0.1143875768287643;0.3946002313234923;cluster6
0.1240247971029457;0;N;1.7503111401506075;0.1861038843197476;0.1315334104411641;cluster3
0.5515041658975962;0.4;Y;1.2402897921941656;0.4375228934688404;0;cluster8
0.7119023353709084;0;Y;0.9738468007182932;0.3570526942152833;0.2630668208823282;cluster8
0.0930185978272093;0;N;0.3751666640045557;0.1985347417799828;0.1315334104411641;cluster7
0.397964567704077;0.8;Y;0.7778642150442717;0.3436025582052957;0.5261336417646564;cluster6
0.2790557934816278;0;N;1.7759755263698251;0.1488113865240374;0.3946002313234923;cluster3
0.1697651422745121;0;N;2.014887630810537;0.1606256498257183;0;cluster3
0.1335995114392931;0.8;N;0.5548173675390756;0.1976198076390629;0.1315334104411641;cluster1
0.538205607028233;0;N;0.4031641762437017;0.2278466450474111;0.5261336417646564;cluster7
0.2790557934816278;0;Y;1.1385654977252688;0.0493647505971419;0.1315334104411641;cluster8
0.8184210323627733;0;N;1.1129011115060516;0.5834373241791114;0;cluster2
0.2790557934816278;0.8;N;0.5258866048919583;0.1488113865240374;0;cluster1
0.5261752017092473;0.4;N;1.8641676899231348;0.7880486547199186;0.1315334104411641;cluster3
0.4061688080324369;0;N;1.317749576055803;0.5254506972615925;0.3946002313234923;cluster4
0.2790557934816278;0.4;N;0.3215047655461927;0.3725663732982988;0.1315334104411641;cluster5
0.9064135252873856;0;N;1.6471869700697537;0.6439130015695073;0.1315334104411641;cluster2
0.360912159569572;0.4;N;0.7102035604663356;0.3767431330514183;0.6576670522058206;cluster5
0.3720743913088372;0;N;1.7447116377027785;1.020278212448264;0;cluster3
0.1939189715103108;0;N;1.698049117304202;0.134905014096017;0;cluster3
0.653254109440853;0.4;N;1.1721625124122437;0.4699211238538416;0.2630668208823282;cluster2
0.2821564134092015;0.8;N;0.3355035216657657;0.2507442386939772;0.5261336417646564;cluster1
0.2790557934816278;0;Y;2.1012132935479038;0.2127413934002543;0.2630668208823282;cluster8
0.5298897443824804;0;N;1.1259666172176532;0.4493839215627572;0.1315334104411641;cluster2
0.1085216974650775;0.4;Y;1.0060439397933114;0.1522016474986454;0.2630668208823282;cluster6
0.5261752017092473;0;N;0.3886987949201428;0.5357583436523268;0;cluster7
0.5138967467960556;0;N;1.8352369272760167;0.4092528680048287;0;cluster3
0.6768498270896883;0.4;Y;0.7396009483174389;0.8958193490797944;0.6576670522058206;cluster6
0.2790557934816278;0.4;Y;1.0597058382516742;0.1061913570782275;0.2630668208823282;cluster6
0.43408678986031;0;N;1.335481333807262;0.1594663752392409;0.3946002313234923;cluster4
0.1175755076535925;0;N;1.6602524757813548;0.1783470447782398;0.3946002313234923;cluster3
0.4928094306686272;0.4;Y;0.2463781077044844;0.2516476867455761;0;cluster6
0.43408678986031;0;N;2.01022137877068;0.4471513688897192;0.3946002313234923;cluster3
0.360912159569572;0;N;0.6574749124159439;0.3767431330514183;0.1315334104411641;cluster7
0.1515086921409585;0;N;1.8860990745104655;0.2435508887941626;0.1315334104411641;cluster3
0.2431444134804699;0;Y;0.5459514886633462;0.2057243624300178;0.2630668208823282;cluster6
0.5891177862389921;0;N;1.0872367252868345;0.1518556477040968;0.5261336417646564;cluster4
0.2976595130470697;0.8;Y;1.6896498636324584;0.2392174259653055;0.1315334104411641;cluster8
0.1395278967408139;0;N;1.6826504855726718;0.2560273176867043;0;cluster3
0.5922184061665658;0;N;1.961225732352174;0.554885218261773;0.2630668208823282;cluster3
0.3317601310105246;0;N;0.6397431546644851;0.435956161051447;0.1315334104411641;cluster7
0.2790557934816278;0;Y;1.1796285156760162;0.165385813414354;0;cluster8
0.3410681920331007;0;N;1.5669274349842015;0.1115188887283271;0.3946002313234923;cluster3
0.2883576532643488;0;N;0.2893076264711748;0.3837541226370119;0.1315334104411641;cluster7
0.8602514958056694;0;N;1.6448538440498248;0.5356184967855928;0.2630668208823282;cluster2
0.1547209343859247;0;N;1.9392943477648432;0.2974841195412703;0;cluster3
0.1240247971029457;0;N;2.23606797749979;0.1488113865240374;0;cluster3
0.0247119408227619;0.4;N;0.5772153773303923;0.1027408314271817;0.1315334104411641;cluster5
0.8991797789963565;0.4;Y;0.5571504935590044;0.3438798652189046;0.5261336417646564;cluster6
0.1593563611776473;0;N;1.8963648289981525;0.1384034233142326;0.5261336417646564;cluster3
0.1290850088247459;0;N;1.803506413404985;0.1921900199600075;0.6576670522058206;cluster3
0.3100619927573643;0;N;1.7811084036136684;0.1819602403046706;0.2630668208823282;cluster3
0.1550309963786821;0;N;0.1404541863997154;0.1488113865240374;0.2630668208823282;cluster7
0.2694314692264393;0.8;N;0.6696071677195742;0.160241089588449;0;cluster1
0.1593563611776473;0;N;1.915963087565555;0.3049177822968804;0.1315334104411641;cluster3
0.728645682979806;0;N;0.4255621860350185;0.4453322408472445;0.5261336417646564;cluster7
0.2480495942058914;0;Y;0.5146875999962998;0.1338943874057533;0.6576670522058206;cluster6
0.8116802846402282;0;N;1.6905831140404295;0.6753317072074063;0.2630668208823282;cluster2
0.0846779302220361;0;N;1.5207315397896108;0.2315386023291864;0.1315334104411641;cluster3
0.4000047756164205;0;N;1.6663186034331698;0.4143578380280835;0.3946002313234923;cluster3
0.7119023353709084;0;N;1.0433739561121724;0.7144639930893701;0.2630668208823282;cluster2
0.5484624577486465;0;N;0.5058217211205702;0.3093978792270703;0;cluster7
0.3220830962165673;0.4;Y;0.8109946045272612;0.339382017059764;0;cluster6
0.0155030996378682;0.8;N;0.3938316721639864;0.0316063614868071;0.1315334104411641;cluster1
0.2850678955211931;0;N;1.3140165744239165;0.3797973886208869;0.3946002313234923;cluster4
0.687345425544525;0.4;N;1.132499370073454;0.4933514781239173;0.6576670522058206;cluster2
0.2204168694113551;0;N;0.5268198552999296;0.0956405636018652;0.9207338730881488;cluster7
0.1550309963786821;0;N;1.7839081548375826;0.3192913551372854;0.1315334104411641;cluster3
0.1395278967408139;0;Y;0.1357879343598578;0.2047501332176027;0;cluster6
0.5891177862389921;0.8;Y;1.5025331568341662;0.4968747241456648;0;cluster8
0.2790557934816278;0;N;0.9691805486784358;0.2979813777068783;0;cluster4
0.5261752017092473;0.4;N;1.4026753631812123;0.2676998694967616;0.9207338730881488;cluster4
0.3281696131343944;0.8;Y;0.2851079996353028;0.1436401850246974;0.2630668208823282;cluster6
0.4928094306686272;0.4;Y;0.819393858199005;0.4196518810151625;0;cluster6
0.8116802846402282;0;N;1.147898001804984;0.2023484963595589;0.2630668208823282;cluster2
0.5581115869632557;0;N;1.9808239909195764;0.17678075987082;0.2630668208823282;cluster3
0.1649529801469178;0;N;0.0391965171348043;0.3138928185713829;0.1315334104411641;cluster7
0.2058005470727729;0;N;1.3000178183043436;0.2187319856611616;0.3946002313234923;cluster4
0.3445408863519831;0;Y;1.311683448403988;0.1803160886618534;0.1315334104411641;cluster8
0.1093898710447981;0.4;N;0.5030219698966557;0.1773892242648548;0.1315334104411641;cluster5
0.4486597035199061;0;N;1.6807839847567287;0.7688612916790476;0.5261336417646564;cluster3
0.5581115869632557;0;N;1.662585601801284;0.5057538441158366;0.3946002313234923;cluster3
0.1444888886249317;0;N;0.6462759075202859;0.2634858172458463;0.2630668208823282;cluster7
0.1853860654696281;0;N;1.04804020815203;0.1731509318903723;0.2630668208823282;cluster4
0.43408678986031;0;Y;1.8669674411470487;0.3725663732982988;0.2630668208823282;cluster8
0.2089569781590429;0;Y;1.755910642598437;0.1495708109491492;0.1315334104411641;cluster8
0.1444888886249317;0;N;2.107279421199719;0.0978160587532757;0.2630668208823282;cluster3
0.1649529801469178;0;N;0.502088719488684;0.3924557303176761;0.2630668208823282;cluster7
0.5814282488186095;0;N;1.9262288420532416;0.446066530128842;0.2630668208823282;cluster3
0.1976955265820954;0;N;1.5183984137696822;0.3664006554677428;0;cluster3
0.9912681908452936;0;N;1.3144831996279027;0.3509367245767868;0.3946002313234923;cluster2
0.272705723869957;0.4;N;0.6504755343561576;0.2431664031418889;0;cluster5
0.1022460427316684;0;N;1.4134077428728848;0.0912232672379633;0;cluster4
0.7441487826176744;0;Y;1.3513465907427782;0.3725663732982988;0;cluster8
0.3100619927573643;0.4;Y;1.8301040500321737;0.3278153759434465;0.2630668208823282;cluster8
0.1240247971029457;0;N;0.2267798491370821;0.1032316752831688;0.1315334104411641;cluster7
0.2376067062898234;0.8;N;0.3005066313668333;0.3227137622449934;0.1315334104411641;cluster1
0.294558893119496;0;N;1.0177095698929557;0.1562698860831794;0;cluster4
0;0;Y;1.8762999452267648;0.0493647505971419;0.1315334104411641;cluster8
0.1364272768132403;0;N;1.8623011891071917;0.1607449858186646;0.1315334104411641;cluster3
0.2821564134092015;0;Y;1.5557284300885432;0.125192779725089;0.2630668208823282;cluster8
0.4893398369696723;0;Y;1.3471469639069058;0.4168698606796026;0.6576670522058206;cluster8
0.3100619927573643;0;N;1.9425607241927436;0.390324687823638;0.1315334104411641;cluster3
0.5891177862389921;0.8;Y;0.9621811706186492;0.1488113865240374;0.5261336417646564;cluster6
1.4056970503647868;0;N;1.4493378835797888;0.6279996214951175;0.1315334104411641;cluster2
0.4933892465950835;0;Y;2.0419518926417117;0.3706490914016258;0.1315334104411641;cluster8
0.1240247971029457;0.4;Y;0.3023731321827763;0.0742263909326169;0.7892004626469847;cluster6
0.43408678986031;0;N;2.006488377138793;0.2793351288090232;0.3946002313234923;cluster3
0.077515498189341;0.8;N;0.8352591151345208;0.113140291947489;0.1315334104411641;cluster1
0.2318767606636673;0.8;N;0.5109545983644138;0.2870783938813332;0.2630668208823282;cluster1
0.687345425544525;0;N;1.7703760239219957;0.6642510619223626;0;cluster2
0.2673819594543131;0;N;1.501599906426195;0.1431951363560034;0.3946002313234923;cluster4
0.2461303104707233;0.4;Y;0.2403119800526693;0.22185746990142;0.2630668208823282;cluster6
0.1550309963786821;0;Y;1.196893648223489;0.1488113865240374;0.1315334104411641;cluster8
0.4928094306686272;0;Y;0.4213625591991466;0.1796458678914688;0;cluster6
0.1557658433015171;0;N;1.7470447637227071;0.1494006079892096;0;cluster3
0.9629812352460394;0;N;1.807706040240857;0.3184445170973404;0;cluster2
0.945397619636769;0;N;1.918762838789469;0.3609839201629159;0.1315334104411641;cluster3
0.0833136574539037;0;N;0.3527686542132389;0.0913063549230522;0.2630668208823282;cluster7
0.1849612805395505;0;N;1.5851258179396468;0.2593948302376569;0.2630668208823282;cluster3
0.2976595130470697;0;N;1.866500815943064;0.2631750215692168;0.1315334104411641;cluster3
0.2093445556499896;0;N;1.2720203060651978;0.2887216505042034;0;cluster4
0.1240247971029457;0;N;0.0041996268358718;0.1239497461885624;0;cluster7
0.020107520230315;0;N;1.9598258567402165;0.0488227414341791;0.3946002313234923;cluster3
0.8318467166491672;0.4;N;1.2010932750593617;0.2181235958521223;0;cluster2
0.0930185978272093;0;N;0.1119900489565837;0.1985347417799828;0;cluster7
0.7779734454075752;0;Y;0.9038530201204285;0.4320835589103493;0.1315334104411641;cluster6
0.1175755076535925;0;N;1.4899342763265504;0.5953269183263398;0.1315334104411641;cluster3
0.3772834327871608;0;Y;0.1119900489565837;0.2802514800648594;0.1315334104411641;cluster6
0.1240247971029457;0.4;Y;1.3938094843054825;0.1861038843197476;0.2630668208823282;cluster8
0.3410681920331007;0;N;1.526797667441426;0.5963213600725602;0.1315334104411641;cluster3
0.2954270666992167;0;N;0.4185628079752319;0.1566875620584913;0.1315334104411641;cluster7
0.0744148782617674;0;Y;1.1227002407897528;0.1264358878466112;0;cluster8
0.2015402952922868;0;Y;1.6831171107766574;0.1800889773502775;0.6576670522058206;cluster8
0.4960991884117828;0;N;1.2122922799550195;0.4524789005398189;0;cluster4
0.4893398369696723;0.4;N;0.0550617740703203;0.357265783547688;0;cluster5
0.0303302641315253;0.4;Y;0.2244467231171533;0.1471854336201444;0;cluster6
0.5273658397614355;0;N;1.06017246345566;0.3354305039933306;0.1315334104411641;cluster4
0.1429943898198412;0;N;1.6947827408763017;0.2986100546347183;0;cluster3
0.1547209343859247;0;N;2.066216403248971;0.2974841195412703;0;cluster3
0.1854170716689038;0;N;1.7288463807672625;0.2599430299552538;0;cluster3
0.4371874097878837;0;N;1.7027153693440598;0.2342733357775414;0.5261336417646564;cluster3
0.1111262182042393;0;N;1.3107501979960163;0.136400443257625;0;cluster4
0.703716698762114;0;N;1.693382865264344;0.5887634387142947;0.6576670522058206;cluster2
0.0953502640127446;0;N;1.2127589051590055;0.1212209049548591;0.5261336417646564;cluster4
0.3193607519201576;0;Y;0.2963070045309614;0.4210428911829425;0;cluster6
0.5891177862389921;0.4;Y;0.6453426571123142;0.3311302314875116;0.2630668208823282;cluster6
0.2336131078231085;0;N;1.8128389174847008;0.2353962874711659;0.2630668208823282;cluster3
0.1854170716689038;0;N;0.4115634299154455;0.2475477495379157;0;cluster7
0.8960791590687828;0;Y;1.62992183752228;0.2474293085649165;0.6576670522058206;cluster8
0.6284150432010605;0;N;1.62992183752228;0.3521367225708572;0;cluster3
0.4893398369696723;0.8;N;0.9687139234744498;0.312562744345001;0.5261336417646564;cluster1
0.3895308815010767;0;N;1.743778387294807;0.5616393371225498;0;cluster3
0.4371874097878837;0;N;0.5977468863057662;0.2811997536988087;0;cluster7
1.4988117674097508;0.8;N;0.8413252427863359;0.3063044665349161;0.1315334104411641;cluster2
0.7119023353709084;0;N;1.0475735829480446;0.2745731751804934;1.0522672835293128;cluster2
0.7241807902841001;0;N;1.0909697269187206;0.3629598258661238;0.5261336417646564;cluster2
0.1593563611776473;0;N;1.594458322019362;0.1304741432629175;0.5261336417646564;cluster3
0.8836766793584881;0;Y;1.0629722146795748;0.6282863262181707;0.1315334104411641;cluster8
0.6081152845352359;0;N;1.419007245320714;0.1805117996902852;0.1315334104411641;cluster4
0.5447479150754133;1.2;N;0.7923295963678303;0.8652468848018755;0;cluster1
0.1649529801469178;0;N;2.1292108057870496;0.1343205660705626;0.1315334104411641;cluster3
0.6376114819062438;0;N;0.6546751611920295;0.2294057697952541;0.3946002313234923;cluster7
0.4100259792223385;0.4;N;1.3728113501261232;0.2118207907996694;1.3153341044116411;cluster4
0.3461284037549009;0;N;1.398942361549326;0.5036370473559565;0.2630668208823282;cluster4
0.5077575193394598;0;N;1.7209137522995046;0.5180369486998053;0.2630668208823282;cluster3
0.0742908534646644;0.8;N;0.3070393842226339;0.100957653352582;0.2630668208823282;cluster1
0.2821564134092015;0;N;1.2281575368905358;0.3009647775305351;0.2630668208823282;cluster4
0.1240247971029457;1.2;N;0.8198604834029907;0.1239497461885624;0;cluster1
0.0930185978272093;0;N;0.2412452304606408;0.1985347417799828;0.2630668208823282;cluster7
0.5891177862389921;0;Y;1.2948849410605003;0.2127413934002543;0.3946002313234923;cluster8
0.2480495942058914;0;N;1.96169235755616;0.2681473794703101;0.2630668208823282;cluster3
0.3069861777892112;0;N;0.1843169555743774;0.2706534353221818;0.5261336417646564;cluster7
0.687345425544525;0;N;1.058305962639717;0.3452384309136023;0.5261336417646564;cluster2
0.3117983399168055;0;Y;1.196893648223489;0.5493825610420248;0;cluster8
0.1649529801469178;0;N;0.7661985849446277;0.2139037259715509;0;cluster7
0.0953502640127446;0;N;1.918762838789469;0.2022739113639675;0.3946002313234923;cluster3
0.5891177862389921;0;Y;0.9136521494041296;0.7454913512554011;0.5261336417646564;cluster6
0.5373188297289468;0;Y;0.769464961372528;0.3034409993841703;0.2630668208823282;cluster6
0.5445928840790346;0;N;1.8119056670767288;0.2126561427502933;0;cluster3
0.4928094306686272;0;N;1.8511021842115327;0.2287380103297241;0.2630668208823282;cluster3
0.1291470212232973;0;N;1.2146254059749486;0.0959530001483977;0.3946002313234923;cluster4
0.1342568428639387;0.4;N;0.3616345330889685;0.1586566059421048;0.2630668208823282;cluster5
0.1444888886249317;0;N;1.588392194367547;0.0840716103506844;0.2630668208823282;cluster3
0.1444888886249317;0;N;0.6682072921076168;0.1685018253601723;0.1315334104411641;cluster7
0.1444888886249317;0;N;0.9957781853056242;0.4217924703886362;0.2630668208823282;cluster4
0.5373188297289468;0.4;Y;0.8973202672646277;0.6831905044378874;0.3946002313234923;cluster6
0.1830543992840927;0.4;N;1.0816372228390052;0.2056093523668158;0.1315334104411641;cluster4
0.5445928840790346;0;N;1.643920593641853;0.2304073717010513;0.3946002313234923;cluster3
0.7441487826176744;0;N;1.654652973333526;0.4657976177875743;0.3946002313234923;cluster2
0.2790557934816278;0;Y;1.843636180947761;0.414002515109086;0;cluster8
0.3685892945102443;0;N;0.5711492496785776;0.213246184650417;0.1315334104411641;cluster7
0.2821564134092015;0;Y;1.195960397815518;0.5018470074617624;0;cluster8
0.3590207814137521;0.4;N;1.3756111013500376;0.6251111683708483;0.1315334104411641;cluster4
0.5846932016023445;0.8;Y;0.4507599470502498;0.246484167500782;0.2630668208823282;cluster6
0.1240247971029457;1.6;N;0.7466003263772254;0.0884330425528883;0;cluster1
0.1492762457931054;0.8;N;1.1688961359843433;0.1766482969186496;0.1315334104411641;cluster1
0.9590217435985278;0;N;1.2869523125927422;0.4759411771880076;0.2630668208823282;cluster2
0.3425378858787706;0;N;0.4894898389810683;0.1280064240987798;0.9207338730881488;cluster7
0.5829661563026861;0;N;1.426939873788472;0.3688669575169643;0.1315334104411641;cluster2
0.168034996354926;0;Y;1.6028575756911057;0.1193391255160876;0.2630668208823282;cluster8
1.0342427830414644;0;Y;1.1987601490394324;0.6402519224759068;0;cluster8
0.7441487826176744;0;N;1.1320327448694678;0.7454913512554011;0;cluster2
0.2058811631908899;0;N;1.311216823200002;0.1495964681876326;0.1315334104411641;cluster4
0.6312490098148628;0.4;N;0.8366589907464782;0.796164397260212;0.1315334104411641;cluster2
0.5240295727193662;0;N;1.7713092743299672;0.8897288129247946;0.2630668208823282;cluster3
0.1240247971029457;0;N;1.3564794679866214;0.1861038843197476;0.1315334104411641;cluster4
0.0692864529015606;0;N;1.566460809780216;0.0727482654899861;0;cluster3
0.8150506585015007;0;N;1.2136921555669768;0.678034219937666;0;cluster2
0.3445408863519831;0;N;0.5944805098778657;0.2254847619920176;0;cluster7
0.021642327094464;0.4;N;0.3135721370784346;0.0418565028459404;0.5261336417646564;cluster5
0.2027402352042578;0;N;0.563683246414805;0.1870660307628769;0.2630668208823282;cluster7
0.3303834557626819;0;Y;1.929961843685128;0.2894140230182786;0;cluster8
0.3281696131343944;0.8;N;0.8035286012634888;0.2696390793821385;0.1315334104411641;cluster1
0.1854170716689038;0.4;Y;0.524020104076015;0.5202446645693114;0;cluster6
0.184499288170342;0.4;N;0.0919251651851958;0.2352757581182901;0.3946002313234923;cluster5
0.5829661563026861;0;N;0.5963470106938088;0.5466422337190003;0;cluster7
0.43408678986031;0;N;1.6397209668059811;0.3192913551372854;0.2630668208823282;cluster3
1.33636718878424;0;N;0.4600924511299651;0.657481056457525;0.3946002313234923;cluster2
0.4294730674080804;0;N;1.7139143742397178;0.3073293389593379;0.5261336417646564;cluster3
0.2383756600318616;0;N;0.3504355281933101;0.2156395425739501;0.2630668208823282;cluster7
0.1240247971029457;0;N;2.2132033425044875;0.2758821418531227;0.1315334104411641;cluster3
0.5298897443824804;0.8;Y;0.5804817537582926;0.7933047339442415;0.1315334104411641;cluster6
0.4709221545998849;0;Y;1.289285438612671;0.1882948185652455;0.1315334104411641;cluster8
0.0875211986956212;0.4;N;1.3681450980862655;0.1136878204001256;0;cluster4
0.2139675799620019;0;N;0.6649409156797164;0.3270197777954728;0;cluster7
0.4897987287189532;0;N;1.088169975694806;0.1923781979038846;0.2630668208823282;cluster4
0.0848205587387045;0.4;N;0.6084792659974387;0.1389512501068515;0.1315334104411641;cluster5
0.599576177254698;0.8;Y;0.2099813417935946;0.3030128815094755;0.5261336417646564;cluster6
0.184499288170342;0;N;1.887032324918437;0.2156395425739501;0.2630668208823282;cluster3
1.1372267733158952;0;Y;1.5468625512128138;0.7021835735652427;0.5261336417646564;cluster8
0.1240247971029457;0;N;1.744245012498793;0.2482580224509327;0.2630668208823282;cluster3
0.97090331916099;0;Y;0.1637854465990037;0.3343746787957384;0.2630668208823282;cluster6
0.2240073872874854;0;N;0.7433339499493251;0.1359595713486841;0;cluster7
0.1649529801469178;0;N;0.4787574592893956;0.1174856883756408;0.1315334104411641;cluster7
0.2775178859975513;0.8;N;0.4194960583832035;0.2116843748427326;0.1315334104411641;cluster1
0.43408678986031;0;Y;0.3523020290092533;0.1717605929875527;0;cluster6
0.1506808266202963;0.4;N;0.6280775245648409;0.1453232700352134;0.1315334104411641;cluster5
0.2015402952922868;0;N;1.51093241050591;0.0695648287081531;0.3946002313234923;cluster4
0.7139549457629621;0;Y;0.7745978386163714;0.5116397190429335;0;cluster6
0.1200622048355066;0.8;N;0.5968136358977945;0.1449986015494039;0;cluster1
0.8743748195757673;0;N;2.0242201348902524;0.4836151527994132;0.5261336417646564;cluster3
0.4100259792223385;0;N;0.2057817149577227;0.2788248182691867;0.1315334104411641;cluster7
0.0930185978272093;0;Y;1.144631625377084;0.1985347417799828;0;cluster8
0.4234826697080081;0;N;1.6910497392444157;0.546274828030717;0.5261336417646564;cluster3
0.2790557934816278;0;N;0.8543907484979374;0.3725663732982988;0;cluster4
0.5891177862389921;0;N;1.3457470882949487;0.5963213600725602;0.3946002313234923;cluster2
0.5316943051803282;0;Y;1.714380999443704;0.3004344036268845;0;cluster8
0.2006473167531456;0;Y;0.2921073776950894;0.1234724022167773;0;cluster6
0.2790557934816278;0;Y;1.927628717665199;0.165385813414354;0;cluster8
0.0040928183043972;0;N;1.708314871791889;0.0840716103506844;0.3946002313234923;cluster3
0.4095546849933473;0;N;1.134365870889397;0.4235467094849465;0.3946002313234923;cluster4
0.3627725315261162;0;N;0.2524442353562993;0.4732561173467164;0.2630668208823282;cluster7
0.5538017252639283;0;N;2.029819637338081;0.2809909157111527;0.2630668208823282;cluster3
0.5445928840790346;0.8;Y;0.9089858973642718;0.3073293389593379;0.1315334104411641;cluster6
0.2480495942058914;0.8;Y;0.7624655833127413;0.2233963821154578;0;cluster6
1.33636718878424;0;Y;1.2146254059749486;0.4107911835389018;0;cluster8
0.1342568428639387;0;N;1.7745756507578676;0.1724839928597939;0;cluster3
0.5521770004218798;0;N;1.643920593641853;0.3503512323613942;0.5261336417646564;cluster3
0.5891177862389921;0;Y;1.5561950552925294;0.2865067744751206;0.2630668208823282;cluster8
0.2603776590379242;0;N;1.0200426959128843;0.1554014183945129;0;cluster4
0.2806991220432419;0;N;1.3200827020757315;0.2495757155680464;0.1315334104411641;cluster4
0.043284654188928;0;Y;1.74564488811075;0.0592099700152094;0.1315334104411641;cluster8
0.4518843482445827;0;N;1.4054751144051267;0.3315232944142784;0;cluster4
0.2850678955211931;0;N;1.9840903673474768;0.3037661899649489;0.1315334104411641;cluster3
0.3097519307646069;0;Y;1.4824682730627785;0.2098181090830441;0.1315334104411641;cluster8
0.0620123985514728;0;N;2.226735473420075;0.0635714022174133;0;cluster3
0.6376114819062438;0;N;1.2556884239256958;0.6429817333145528;0.3946002313234923;cluster2
1.3271149389203605;0;N;0.9757133015342364;0.3263356096309127;0.3946002313234923;cluster2
0.5891177862389921;0.4;N;0.922984653483845;0.2482580224509327;0.1315334104411641;cluster5
0.1240247971029457;0;N;0.8912541396128129;0.1239497461885624;0.2630668208823282;cluster4
0.43408678986031;0;N;0.8184606077910334;0.55902886227685;0.3946002313234923;cluster4
0.2480495942058914;0;N;1.4050084892011412;0.2233963821154578;0.1315334104411641;cluster4
0.060251246432611;0;N;2.1012132935479038;0.0874488189510639;0.3946002313234923;cluster3
0.2480495942058914;0.4;Y;0.5310194821358016;0.2233963821154578;0.2630668208823282;cluster6
0.1701310154259658;0;N;2.055484023557298;0.1609189926133794;0;cluster3
0.1547209343859247;0.4;N;0.524020104076015;0.2123862196512479;0.2630668208823282;cluster5
0.3193607519201576;0.4;Y;0.5702159992706057;0.2103421432620694;0.6576670522058206;cluster6
0.1860371956544186;0;N;1.1852280181238453;0.1375647150388071;0;cluster4
0.365922761372531;0.4;N;0.6341436522166557;0.1057310930704329;0.2630668208823282;cluster5
0.4100259792223385;0.4;Y;0.8669896290055529;0.1057310930704329;0.3946002313234923;cluster6
0.3565650904311138;0;N;0.7344680710735956;0.1453129027208262;0.1315334104411641;cluster7
0.2318767606636673;1.6;N;0.6434761562963711;0.121249396423175;0.1315334104411641;cluster1
0.5599409527205241;0;N;0.8385254915624212;0.3550202530854171;0.3946002313234923;cluster4
1.0342427830414644;0.8;N;0.5146875999962998;0.8004045542595845;0.3946002313234923;cluster1
0.5273658397614355;0;Y;1.5860590683476183;0.2530671137966764;0.7892004626469847;cluster8
0.0620123985514728;0;Y;0.5772153773303923;0.0825136043777752;0.5261336417646564;cluster6
0.130226036958093;0;N;1.927628717665199;0.154778186171351;0.2630668208823282;cluster3
0.1550309963786821;0.8;Y;0.5898142578380081;0.1115188887283271;0.1315334104411641;cluster6
0.7105566663223414;0;Y;0.53008623172783;0.2969446462681576;0.1315334104411641;cluster6
0.1795879062050654;0;Y;1.7806417784096824;0.1685018253601723;0.1315334104411641;cluster8
0.1093898710447981;0.4;Y;0.9416496616432756;0.1019810340770918;0.3946002313234923;cluster6
0.1755446978195093;0.4;Y;0.7186028141380794;0.1652598393568001;0.3946002313234923;cluster6
0.2018317535654787;0.8;N;1.13623237170534;0.1596667105373994;0.3946002313234923;cluster1
0.5891177862389921;0;N;1.3490134647228489;0.2979813777068783;0.2630668208823282;cluster4
0.5521770004218798;0;Y;1.558061556108472;0.4521701932430659;0;cluster8
0.0865693083778561;0;N;1.2612879263735253;0.112771916654263;0.3946002313234923;cluster4
0.3772834327871608;0;N;1.5277309178493976;0.217893650310714;0.1315334104411641;cluster3
0.4359223568574336;0;Y;1.7027153693440598;0.3740381590163043;0.1315334104411641;cluster8
0.2922520318933813;0;Y;0.2706426183117442;0.221810928864171;0.1315334104411641;cluster6
0.5261752017092473;0;Y;0.6145453936492538;0.4464055189338051;0.1315334104411641;cluster6
0.0730009955747938;0;N;1.708314871791889;0.1664333596774355;0.1315334104411641;cluster3
0.1444888886249317;0;N;2.1054129203837757;0.2107169328649163;0;cluster3
0.2790557934816278;0.8;Y;0.980379553574094;0.1861038843197476;0.7892004626469847;cluster6
0.4371874097878837;0;N;1.4194738705247;0.2960185989628945;0;cluster4
0.306958272209863;0.4;Y;1.2038930262832757;0.2028836437029274;0;cluster8
0.2821564134092015;0.8;Y;0.6444094067043428;0.4181460845391674;0.1315334104411641;cluster6
0.1550309963786821;0.8;N;0.3056395086106767;0.1786453847606055;0;cluster1
0.7361553844443894;0;N;0.9439827876632042;0.2308941133822809;0.2630668208823282;cluster2
0.5891177862389921;0;N;1.3247489541155897;0.5963213600725602;0.3946002313234923;cluster2
0.3069861777892112;0;Y;1.4502711339877603;0.3248558433183789;0.3946002313234923;cluster8
0.1093898710447981;0.8;N;0.1399875611957297;0.2247886602281629;0.2630668208823282;cluster5
0.5298897443824804;0;N;1.2426229182140949;0.269486925991132;0;cluster4
0.0930185978272093;0;N;0.0653275285580071;0.0802738169601648;0.3946002313234923;cluster7
0.0350990175801336;0;N;1.04804020815203;0.0349781253825084;0.1315334104411641;cluster4
0.4100259792223385;0.8;Y;0.8086614785073322;0.1511981063829628;0;cluster6
0.1829365757268449;0;N;0.9920451836737382;0.2054959831735169;0;cluster4
1.020091553692018;0;Y;1.4502711339877603;0.6317417744789257;0.2630668208823282;cluster8
0.43408678986031;0;Y;0.1399875611957297;0.2030550400227965;0.3946002313234923;cluster6
0.7193438231970852;0;Y;1.377477602165981;0.2252610070052433;0.3946002313234923;cluster8
0.5484314515493708;0.4;Y;0.5132877243843424;0.2319462839150891;0.6576670522058206;cluster6
0.3445408863519831;0;N;0.346702526561424;0.2254847619920176;0.1315334104411641;cluster7
0.5484624577486465;0;N;1.6061239521190065;0.3978996891458939;0;cluster3
0.1444888886249317;0;N;2.124544553747192;0.1685018253601723;0.2630668208823282;cluster3
0.1054210775375038;0;N;0.1885165824102493;0.0934054004539815;0.2630668208823282;cluster7
0.1444888886249317;0.4;N;0.3639676591088974;0.1403584452186749;0;cluster5
0.3720743913088372;0;Y;1.5529286788646288;0.4844438666854295;0.2630668208823282;cluster8
0.340448068047586;0.4;N;0.41436318113936;0.4960460102596485;0;cluster5
0.4928094306686272;0;N;0.4008310502237728;0.2796483857905071;0.2630668208823282;cluster7
0.3775934947799182;0.4;Y;0.9215847778718876;0.2180593781709181;0.1315334104411641;cluster6
0.4682494202223164;0;N;1.8753666948187928;0.3427707117494646;0.1315334104411641;cluster3
0.6957605080279601;0;N;1.609390328546907;0.2910126778137851;0.2630668208823282;cluster3
0.3289385668764326;0;N;1.9920229958152345;0.2470249087188198;0.1315334104411641;cluster3
0.2024580787908485;0;N;1.562261182944344;0.1600971405469576;0;cluster3
0.1488297565235348;0.8;N;0.6215447717090402;0.1798884928821277;0.7892004626469847;cluster1
0.2821564134092015;0;N;1.5048662828540948;0.3762956230778698;0.1315334104411641;cluster3
0.6382316058917586;0.8;N;0.7069371840384352;0.3573841499356916;0.1315334104411641;cluster1
0.0930185978272093;0.4;N;0.8781886339012114;0.2127413934002543;0;cluster5
1.0342427830414644;0;N;1.6593192253733835;0.8537887648541435;0.6576670522058206;cluster2
0.43408678986031;0;N;0.9626477958226352;0.3725663732982988;0;cluster4
0.2790557934816278;0;N;1.121766990381781;0.4968747241456648;0;cluster4
0.1444888886249317;0.8;N;0.5594836195789333;0.2341697372186649;0.1315334104411641;cluster1
0.7441487826176744;0;Y;0.8417918679903217;0.4657976177875743;0.9207338730881488;cluster6
0.3117983399168055;0.4;N;0.7745978386163714;0.2057943231558825;0.1315334104411641;cluster5
0.1444888886249317;0;N;1.6168563318106788;0.1620071876990582;0.3946002313234923;cluster3
0.1649529801469178;0;N;2.0839481610004307;0.3138928185713829;0.5261336417646564;cluster3
0.3772834327871608;0.4;N;0.6262110237488978;0.1960684397307613;0.2630668208823282;cluster5
0.3281696131343944;0.8;N;0.4703582056176519;0.4316376898067038;0.2630668208823282;cluster1
0.0516036174546081;0;N;0.8226602346269053;0.0519353224702002;0.1315334104411641;cluster4
0.8991797789963565;0;N;1.774109025553882;0.4860652699045914;0.3946002313234923;cluster2
0.1550309963786821;1.2;N;1.1231668659937384;0.1275014090936302;0;cluster1
0.3441626107208192;0;Y;1.3228824532996464;0.6012837235842441;0.1315334104411641;cluster8
1.519303764511085;0;N;0.4488934462343067;0.5733721536090448;0.1315334104411641;cluster2
0.1550309963786821;0;N;2.014887630810537;0.2979813777068783;0;cluster3
0.1444888886249317;0;N;2.1516088155783666;0.0699998829874379;0.1315334104411641;cluster3
0.2204168694113551;0;Y;1.022375821932813;0.150840098404124;0.2630668208823282;cluster6
0.5891177862389921;0.4;Y;1.746111513314736;0.4968747241456648;0;cluster8
0.8116802846402282;0.4;Y;1.4059417396091127;0.2699175051706813;0.1315334104411641;cluster8
0.2790557934816278;0.4;Y;0.9052528957323857;0.1617826868623281;0.2630668208823282;cluster6
0.2666533137713333;0;N;0.617345144873168;0.2042173725940932;0.2630668208823282;cluster7
0.4881740038769046;0;N;1.6747178571049135;0.2494175953773926;0.6576670522058206;cluster3
0.3772834327871608;0;N;0.3322371452378653;0.3633951784853909;0;cluster7
0.1395278967408139;0.4;Y;0.9075860217523148;0.1021957642793996;0.2630668208823282;cluster6
0.5261752017092473;0;N;1.124566741605696;0.5357583436523268;0;cluster2
0.2848849589454663;0;Y;0.0573949000902492;0.1516157823582747;0.9207338730881488;cluster6
0.1550309963786821;0;N;0.0270642618311743;0.156662426914977;0.5261336417646564;cluster7
0.2914582731919224;0;N;1.7503111401506075;0.5167640065800465;0.2630668208823282;cluster3
0.3036127033080111;0;Y;0.1003244188569395;0.2679484612870678;0.1315334104411641;cluster6
0.3281696131343944;0;N;0.3168385135063349;0.3752903665072886;0;cluster7
0.3136525106334945;0.8;N;0.9659141722505354;0.3312701529392411;0.1315334104411641;cluster1
0.7395226576857344;0;N;2.0265532609101813;0.4630155974520144;0;cluster3
0.1701310154259658;0;N;1.9164297127695404;0.322196664470558;0.2630668208823282;cluster3
0.3441626107208192;0;N;1.6877833628165153;0.2371318057335826;0.3946002313234923;cluster3
0.4100259792223385;0.8;N;0.6052128895695383;0.2648656396642876;0.1315334104411641;cluster1
0.1240247971029457;0;Y;1.4680028917392194;0.1061913570782275;0.2630668208823282;cluster8
0.407309836165784;0;N;1.6831171107766574;0.4051657594164101;0.3946002313234923;cluster3
0.4742677235017368;0;Y;1.6355213399701092;0.3281358676695028;0.3946002313234923;cluster8
0.0930185978272093;0;Y;0.2515109849483278;0.1189773882874692;0.1315334104411641;cluster6
0.9605720535623146;0;N;1.7213803775034904;0.5296921222058898;0;cluster2
0.5538017252639283;0.4;Y;0.8744556322693253;0.4685572626244569;0;cluster6
0.6768498270896883;0.8;N;0.8665230038015672;0.3401890267120632;0.3946002313234923;cluster1
0.2433304506761243;0.4;Y;0.5048884707125987;0.0546341805356758;0.7892004626469847;cluster6
0.3895308815010767;0;N;2.00462187632285;0.4042799134237708;0.2630668208823282;cluster3
0.4100259792223385;0;N;0.6957381791427768;0.4240001862581424;0;cluster7
0.6182636135581845;0;N;1.2262910360745929;0.7805462991833687;0;cluster2
0.1393728657444352;0;N;1.4652031405153048;0.0816103054961675;0.5261336417646564;cluster4
0.3719131590726033;0;Y;1.2841525613688278;0.3227137622449934;0;cluster8
0.1550309963786821;0.8;N;1.0051106893853397;0.1488113865240374;0.3946002313234923;cluster1
0.272705723869957;0;Y;1.4218069965446285;0.2083771269682179;0.2630668208823282;cluster8
0.1550309963786821;0;N;1.3424807118670483;0.089143390050901;0;cluster4
0.3199839765255999;0;Y;1.0653053406995034;0.2810754205111578;0;cluster8
0.2418483543507441;0;N;1.1768287644521014;0.1637283856423214;0.3946002313234923;cluster4
0.1550309963786821;0;N;1.13623237170534;0.2979813777068783;0.1315334104411641;cluster4
0.1717898470872176;0;Y;0.3551017802331678;0.1080465096735729;0;cluster6
0.1979466767962289;0;N;1.7031819945480453;0.1076302508131772;0.1315334104411641;cluster3
0.5261752017092473;0;N;0.7064705588344496;0.5357583436523268;0;cluster7
0.3720743913088372;0;N;2.0391521414177967;0.4403709215254988;0;cluster3
0.2046409152198604;0;Y;1.7162475002596471;0.161597417733279;0.1315334104411641;cluster8
0.1649529801469178;0.4;N;0.5277531057079013;0.2615175937971843;0.2630668208823282;cluster5
0.1550309963786821;0.8;N;0.7535997044370117;0.068489089316738;0.1315334104411641;cluster1
0.217043394930155;0;N;1.1553640050687564;0.0990880312680918;0.2630668208823282;cluster4
0.5561054858701157;0;N;1.1847613929198595;0.2350229149832352;0.5261336417646564;cluster4
0.5271053876875194;0;N;1.4208737461366574;0.6709063556639807;0.1315334104411641;cluster2
0.3117983399168055;0.4;Y;0.869322755025482;0.2745119408991128;0.1315334104411641;cluster6
0.3976979143903057;0.4;Y;1.5403297983570132;0.343388723022935;0.1315334104411641;cluster8
0.9466316663679434;0;Y;1.2407564173981511;0.3614406040909222;0;cluster8
0.6898135190068737;0.4;Y;0.5678828732506771;0.693210252745639;0.5261336417646564;cluster6
0.2790557934816278;0;N;1.6317883383382232;0.1488113865240374;1.0522672835293128;cluster3
0.7139549457629621;0;N;1.2192916580148063;0.5596395642207526;0;cluster2
0.7131425833419378;0;Y;1.6154564561987212;0.3576493741800147;0.3946002313234923;cluster8
0.3030266861416997;0;Y;1.189894270163703;0.2674785758148418;0.2630668208823282;cluster8
0.3007570323547158;0;N;1.8203049207484725;0.3986673925055164;0.2630668208823282;cluster3
0.1240247971029457;0;N;0.7974624736116737;0.1550267779616572;0;cluster7
0.2790557934816278;0;N;1.1096347350781512;0.2256565312368646;0;cluster4
0.1199381800384036;0;N;1.6999156181201451;0.0951926061183431;0.3946002313234923;cluster3
0.662788515718142;0;N;1.8366368028879745;0.4388292496666242;0.2630668208823282;cluster3
0.0620123985514728;0.4;N;0.3252377671780788;0.089143390050901;0.2630668208823282;cluster5
0.1342568428639387;0;Y;2.08721453742833;0.1321540957036187;0.1315334104411641;cluster8
0.8116802846402282;0;N;1.7190472514835613;0.6753317072074063;0.5261336417646564;cluster2
0.1240247971029457;0;Y;1.2724869312691836;0.1239497461885624;1.183800693970477;cluster8
0.3900548862688367;0;N;1.6649187278212128;0.5954394670846873;0;cluster3
1.3271149389203605;0.4;N;1.1996933994474042;0.5101011051688782;0.2630668208823282;cluster2
0.4278855500051627;0;N;1.7190472514835613;0.2756058790294521;0.3946002313234923;cluster3
0.3445408863519831;0;N;0.5520176163151609;0.1918484952651943;1.183800693970477;cluster7
0.3719131590726033;0.8;N;1.065771965903489;0.1207935329301202;0.3946002313234923;cluster1
0.1751850259079108;0;Y;0.3663007851288262;0.186807519168157;0;cluster6
0.217043394930155;0.4;N;0.2323793515849114;0.4258413914593121;0.2630668208823282;cluster5
0.1746765242397887;0;N;2.0433517682536686;0.1095895986473638;0.5261336417646564;cluster3
0.0930185978272093;0.4;N;0.5174873512202142;0.0848813796478204;0.2630668208823282;cluster5
0.2015402952922868;0;N;2.029819637338081;0.2233963821154578;0.1315334104411641;cluster3
0.3772834327871608;0.4;Y;0.294907128919004;0.2451752008281526;0.2630668208823282;cluster6
0.3486337046563804;0;Y;1.6266554610943798;0.165681169996896;0.2630668208823282;cluster8
0.2752110247714365;0.4;Y;0.9887788072458378;0.2451752008281526;0.3946002313234923;cluster6
0.3640871943754075;0.8;N;0.2155808442414238;0.3797981344708429;0.2630668208823282;cluster1
0.5891177862389921;0;Y;1.431139500624344;0.3725663732982988;0.1315334104411641;cluster8
0.3117983399168055;0;Y;1.633654839154166;0.117443100343158;0.6576670522058206;cluster8
0.1240247971029457;0;N;0.4698915804136662;0.1861038843197476;0.3946002313234923;cluster7
0.6399059406526485;0;N;0.8310594882986491;0.3582791698827886;0;cluster2
0.3772834327871608;0;N;0.7260688174018518;0.2451752008281526;0.1315334104411641;cluster7
0.1085216974650775;0.4;N;0.3215047655461927;0.0742263909326169;0.2630668208823282;cluster5
0.2563344506523682;0;N;1.4297396250123866;0.2300394439177988;0.2630668208823282;cluster4
0.1746765242397887;0.8;Y;0.5940138846738797;0.0985948006922458;0.5261336417646564;cluster6
0.2024580787908485;0.4;N;0.3518354038052674;0.1119604319022283;0.1315334104411641;cluster5
0.998734483630891;0;Y;1.13623237170534;0.5894097922860901;0.1315334104411641;cluster8
0.2790557934816278;0;Y;1.7246467539313908;0.1488113865240374;0;cluster8
0.8730725592061864;0.4;Y;1.3256822045235608;0.2171163254866602;0.1315334104411641;cluster8
1.269083736355892;0;N;1.08443697406292;0.8931696425264136;0.1315334104411641;cluster2
0.1061652263201215;0;N;1.958892606332245;0.1431039934913907;0.3946002313234923;cluster3
0.2480495942058914;0;N;1.691982989652387;0.2233963821154578;0.1315334104411641;cluster3
0.0620123985514728;0.8;N;0.9710470494943788;0.089143390050901;0.3946002313234923;cluster1
0.3117983399168055;0.4;N;0.767131835352599;0.5493825610420248;0;cluster5
0.2759551735540542;0;N;0.7008710563866204;0.3688371235187277;0.1315334104411641;cluster7
0.1444888886249317;0;Y;1.4297396250123866;0.1202559988668929;0;cluster8
0.6464172425005531;0;N;1.0713714683513185;0.428465888284183;0;cluster2
0.1426285166683875;0.4;N;0.5389521106035595;0.1388667453068465;0;cluster5
0.4893398369696723;0;N;1.4969336543863367;0.2272205785944167;0.3946002313234923;cluster4
0.1301609239396139;0.4;Y;0.6182783952811397;0.0821276270255896;0;cluster6
0.4709221545998849;0.8;N;0.7083370596503925;0.1853924926317966;0.1315334104411641;cluster1
0.0620123985514728;0;N;1.961225732352174;0.2482580224509327;0.2630668208823282;cluster3
0.8991797789963565;0;N;0.9150520250160868;0.3725663732982988;0.6576670522058206;cluster2
0.1746765242397887;0.4;N;1.197826898631461;0.1233331520300081;0.1315334104411641;cluster4
0.4709221545998849;0;N;0.3900986705321002;0.1721244931810432;0.2630668208823282;cluster7
0.1140035934970277;0;Y;0.3956981729799295;0.0771567608244082;0.1315334104411641;cluster6
0.1240247971029457;0.4;N;0.277175371167545;0.092872639830472;0.1315334104411641;cluster5
0.1550309963786821;0.8;N;1.0923696025306775;0.2233963821154578;0.1315334104411641;cluster1
0.0587877538267962;0;N;1.2738868068811409;0.0613551836584098;0.1315334104411641;cluster4
0.2311915236596735;0;Y;0.2533774857642708;0.2624384947377516;0;cluster6
0.8567012859885975;0;N;1.7232468783194337;0.355536157499923;0.7892004626469847;cluster2
0.5261752017092473;0.8;Y;1.0984357301824927;0.4464055189338051;0.2630668208823282;cluster6
0.4872221135591395;0;N;0.5118878487723851;0.355810331943717;0;cluster7
0.4933892465950835;0;N;2.0354191397859105;0.7416567874620551;0;cluster3
0.1547209343859247;0;N;0.8058617272834179;0.0989223034078877;0;cluster7
0.3445408863519831;0;N;0.9304506567476172;0.2254847619920176;0;cluster4
0.193553098358857;0;Y;1.2757533076970835;0.1417925655139067;0.6576670522058206;cluster8
0.2790557934816278;0;N;0.4092303038955167;0.2127413934002543;0;cluster7
0.0248049594205891;0;N;1.923429090829327;0.0835495153815444;0.3946002313234923;cluster3
0.0672710499486377;0;N;1.2449560442340235;0.0942032361518229;0.5261336417646564;cluster4
0.2790557934816278;0.4;Y;0.8324593639106062;0.2979813777068783;0.2630668208823282;cluster6
0.43408678986031;0.4;Y;0.8959203916526707;0.092872639830472;0.5261336417646564;cluster6
0.1240247971029457;0;N;0.7130033116902503;0.1861038843197476;0.2630668208823282;cluster7
0.86817357972062;0;Y;1.048506833356016;0.2700120043600956;0.1315334104411641;cluster8
0.0930185978272093;0.8;N;0.5347524837676877;0.1985347417799828;0;cluster1
0.5860171663114185;0.4;N;0.4843569617372249;0.5933379602489034;0.6576670522058206;cluster5
0.3720743913088372;0;Y;0.3966314233879009;0.5383107913714564;0.3946002313234923;cluster6
0.310303841111715;0;N;2.053617522741356;0.3280480811296917;0.2630668208823282;cluster3
0.291228827317282;0.8;N;0.4638254527618513;0.4556014013802537;0;cluster1
0.9688041994700226;0;N;1.6616523513933124;0.2668669788509922;0;cluster2
0.3410681920331007;0.4;N;0.9971780609175817;0.3576493741800147;0.1315334104411641;cluster4
0.1212900503268257;0;Y;0.2468447329084701;0.1217569473181746;0.3946002313234923;cluster6
0.1976366148034715;0;N;0.6892054262869763;0.1096408385393351;0;cluster7
0.5445928840790346;0;N;1.2192916580148063;0.2659098296025675;0.2630668208823282;cluster4
0.5445928840790346;0;N;1.1390321229292544;0.251386117166037;0.1315334104411641;cluster4
0.43408678986031;0.8;N;0.824993360646834;0.2482580224509327;0;cluster1
0.4402880297154573;0.4;Y;1.1040352326303218;0.1413528869648953;0.2630668208823282;cluster6
0.4718399380984466;0.4;N;0.1978490864899646;0.6362675174264175;0.1315334104411641;cluster5
0.0040928183043972;0;N;0.3266376427900361;0.016527438343094;0.1315334104411641;cluster7
0.5240295727193662;0.4;Y;0.7997955996316027;0.2614318210522542;0.1315334104411641;cluster6
0.0637611481906244;0.4;Y;0.4479601958263353;0.0502995243468892;0.2630668208823282;cluster6
0.2914582731919224;0.4;N;0.7148698125061933;0.2582027382531192;0.2630668208823282;cluster5
0.6666332844283333;0;Y;1.1702960115963008;0.2793351288090232;0.1315334104411641;cluster8
0.1085216974650775;0;N;1.478268646226906;0.1455685800857136;0.2630668208823282;cluster4
0.3795871933933481;0;N;0.8165941069750903;0.4934798389013301;0.2630668208823282;cluster4
0.1688721637353708;0;N;1.124566741605696;0.1370142031863468;0.2630668208823282;cluster4
0.5587193084690601;0;N;1.0041774389773683;0.2360708341712946;0.2630668208823282;cluster4
0.3317601310105246;0.4;Y;0.4194960583832035;0.1243027569726966;0;cluster6
0.1240247971029457;0;N;2.233268226275876;0.1239497461885624;0.1315334104411641;cluster3
0.2790557934816278;0.8;N;0.6784730465953035;0.2758821418531227;0;cluster1
0.5177322136464642;0;Y;0.747533576785197;0.4885239642842626;0.1315334104411641;cluster6
0.0310061992757364;0;N;1.582792691919718;0.092872639830472;0.2630668208823282;cluster3
0.3565650904311138;0;N;1.917362963177512;0.2660120856315233;0;cluster3
0.3565650904311138;0;N;1.9224958404213557;0.4657901592880152;0;cluster3
0.0930185978272093;0;Y;1.186161268531817;0.1488113865240374;0.3946002313234923;cluster8
0.5891177862389921;0;N;1.281352810144913;0.7454913512554011;0.3946002313234923;cluster2
0.1550309963786821;0;Y;1.2547551735177245;0.089143390050901;0.1315334104411641;cluster8
0.382256827150989;0;Y;0.9570482933748056;0.3972808574374719;0;cluster6
0.1637747445744398;0;N;1.5249311666254828;0.1167771309175223;0.2630668208823282;cluster4
0.7441487826176744;0.8;N;0.661674539251816;0.4657976177875743;0;cluster1
0.3281696131343944;0;Y;0.8301262378906774;0.0860406542342979;0.2630668208823282;cluster6
0.216854257114573;0;N;1.478735271430892;0.1859617253181504;0.5261336417646564;cluster4
0.3445408863519831;0.4;N;0.8833215111450547;0.2254847619920176;0.2630668208823282;cluster5
0.4832006095130765;0.8;Y;0.6696071677195742;0.2745119408991128;0.7892004626469847;cluster6
1.1372267733158952;0.4;N;0.3695671615567265;0.5400584669881545;0.2630668208823282;cluster5
0.1866077097210921;0;N;1.0676384667194323;0.2090283285647266;0.1315334104411641;cluster4
0.5077575193394598;0.4;Y;0.4358279405227053;0.2156395425739501;0.5261336417646564;cluster6
0.2480495942058914;0.4;N;0.4950893414288975;0.1488113865240374;0.1315334104411641;cluster5
0.7119023353709084;0.4;Y;0.719536064546051;0.3245607850758193;0;cluster6
1.0529767286438645;0;N;0.996711435713596;0.4737334613185014;0;cluster2
0.8567012859885975;0.4;Y;0.279041871983488;0.711430845073654;0.1315334104411641;cluster6
0.8319056284277911;0;N;1.5538619292726;0.768427654514679;0;cluster2
0.5445928840790346;0;Y;0.4194960583832035;0.2608859334695206;0;cluster6
0.0930185978272093;0;Y;1.4801351470428492;0.1189773882874692;0;cluster8
0.4890297749769149;0;N;1.9868901185713912;0.201405816600279;0.2630668208823282;cluster3
0.43408678986031;0.8;N;1.5314639194812836;0.3725663732982988;0.1315334104411641;cluster4
0.1976955265820954;0;N;1.1124344863020657;0.1205510571094525;0.3946002313234923;cluster4
0.2318767606636673;0;N;1.7703760239219957;0.3509532824458081;0.6576670522058206;cluster3
0.1342568428639387;0;N;2.1838059546533843;0.198410408592332;0.3946002313234923;cluster3
0.7441487826176744;0;N;1.644387218845839;2.071446845010653;0;cluster2
0.2058811631908899;0;N;0.3271042679940217;0.218806570656753;0.1315334104411641;cluster7
0.1798359557992713;0.4;N;0.4498266966422783;0.2814069508165617;0;cluster5
0.1271254170305193;0;Y;0.2799751223914595;0.1264358878466112;0.3946002313234923;cluster6
0.3102108225138878;0.4;Y;0.8917207648167985;0.2214773101788906;0.2630668208823282;cluster6
0.1649529801469178;0.4;N;0.7848635931040582;0.1174856883756408;0;cluster5
1.013155466914036;0.4;N;0.3471691517654098;1.1413308536530686;0;cluster2
0.43408678986031;0;Y;0.5146875999962998;0.2482580224509327;0.1315334104411641;cluster6
0.7906580815312789;0.4;Y;0.2165140946493954;0.3949418719757249;0.3946002313234923;cluster6
0.1550309963786821;0.4;N;0.3103057606505342;0.3438798652189046;0.3946002313234923;cluster5
0.2790557934816278;0;N;0.2095147165896088;0.1488113865240374;0.1315334104411641;cluster7
0.5373188297289468;0.8;Y;1.0998356057944505;0.2844535241314844;0.3946002313234923;cluster6
0.3569030580032193;0;N;1.3023509443242722;0.3106782052613925;0;cluster4
0.2599249685284985;0;Y;0.4176295575672604;0.2329184247476277;0.5261336417646564;cluster6
0.6870725709908987;0;Y;0.9668474226585068;0.2653843037236303;0.3946002313234923;cluster8
0.1175755076535925;0.4;Y;0.3989645494078299;0.1187784701042268;0.5261336417646564;cluster6
0.1100844099085746;0.4;N;0.8940538908367273;0.0844892863259963;0.3946002313234923;cluster5
0.7119023353709084;0;N;1.0396409544802865;0.3570526942152833;0.1315334104411641;cluster2
0.198331153667248;0;N;0.6126788928333107;0.220308563297973;0.2630668208823282;cluster7
0.7119023353709084;0;Y;1.4633366396993617;1.1910123667264876;0.2630668208823282;cluster8
0.1199195763188382;0;N;1.4390721290921018;0.1448613651575157;0.2630668208823282;cluster4
0.1116223173926511;0.4;N;0.3037730077947335;0.1140050303863759;0.3946002313234923;cluster5
0.2790557934816278;0.4;Y;1.065771965903489;0.2127413934002543;0.2630668208823282;cluster6
0.4100259792223385;0.4;Y;0.8898542640008555;0.3027548174247292;0;cluster6
0.2159023667968079;0;N;1.0429073309081869;0.2966090137879961;0.2630668208823282;cluster4
0.3297664323970948;0;N;1.941627473784772;0.2889193007425207;0;cluster3
0.1550309963786821;0;Y;2.0400853918257686;0.2233963821154578;0;cluster8
0.1550309963786821;0.4;Y;1.197360273427475;0.1115188887283271;0.3946002313234923;cluster8
0.65618419527241;0.4;N;0.266909616679858;0.3001917786362257;0.2630668208823282;cluster5
0.1772221332003267;0.8;Y;0.4796907096973674;0.2083457266850739;0.1315334104411641;cluster6
0.2661572145829215;0;N;2.022820259278295;0.1426059148908312;0.1315334104411641;cluster3
0.1550309963786821;0.8;N;0.5748822513104636;0.1539552153299953;0.7892004626469847;cluster1
0.1457291365959612;0.4;N;0.3998977998158013;0.0941157479519942;0;cluster5
0.5760641763439072;0.8;Y;0.8725891314533823;0.4864079133743384;0.2630668208823282;cluster6
0.2252166290592391;0.4;Y;0.4199626835871893;0.1662198974200528;0.3946002313234923;cluster6
0.440740720224883;0.8;Y;0.2776419963715307;0.251814906305692;0.5261336417646564;cluster6
0.8567012859885975;0;Y;0.8221936094229193;1.0673256072323805;0.6576670522058206;cluster6
0.5445928840790346;0;N;1.691982989652387;0.2304073717010513;0.1315334104411641;cluster3
0.4928094306686272;0;N;0.6565416620079726;0.1322762659263974;0.3946002313234923;cluster7
0.3036127033080111;0.4;Y;0.2571104873961569;0.2679484612870678;0.2630668208823282;cluster6
0.4893398369696723;0;N;1.279019684124984;0.5685893161817495;0.3946002313234923;cluster2
0.6933296220047424;0;N;1.969158360819932;0.4974642439508194;0.5261336417646564;cluster3
0.3772834327871608;0;N;1.251488797089824;0.3270197777954728;0.3946002313234923;cluster4
0.0713142583341937;0;Y;0.3159052630983635;0.0406631429164777;0;cluster6
0.5271053876875194;0;N;1.186161268531817;0.6709063556639807;0.2630668208823282;cluster2
0.1550309963786821;0;Y;1.090036476510749;0.1275014090936302;0.2630668208823282;cluster8
0.0516036174546081;0.4;N;0.2631766150479719;0.0942684234379698;0.1315334104411641;cluster5
0.4789341564927352;0;N;1.974291238063776;0.4377323281364611;0.2630668208823282;cluster3
0.2325464945680232;0.8;N;0.6612079140478304;0.1264358878466112;0;cluster1
0.3445408863519831;0.8;N;0.6864056750630616;0.1803160886618534;0.3946002313234923;cluster1
0.2556647167480123;0.4;N;0.850657746866051;0.1145718763528707;0.2630668208823282;cluster5
0.43408678986031;0.4;Y;1.1422984993571546;0.2793351288090232;0.6576670522058206;cluster8
0.0567413446745976;0;N;0.7316683198496808;0.0840716103506844;0.1315334104411641;cluster7
0.8514953451302014;0;N;1.1530308790488275;0.8487796365502238;0.6576670522058206;cluster2
0.8445716608319294;0;N;1.3560128427826357;0.4208795500425973;0.1315334104411641;cluster2
1.157349796645848;0;N;1.4698693925551625;0.317260778632309;0.6576670522058206;cluster2
0.43408678986031;0;Y;0.0634610277420641;0.1717605929875527;0.2630668208823282;cluster6
0.1550309963786821;0.4;N;1.1017021066103931;0.2233963821154578;0.2630668208823282;cluster4
0.0767465444473028;0;N;1.981290616123562;0.1847826857078411;0;cluster3
0.1085216974650775;1.6;N;0.5809483789622786;0.1674576354218925;0;cluster1
0.2790557934816278;0;N;0.4274286868509615;0.2127413934002543;0.3946002313234923;cluster7
0.5298897443824804;0.4;Y;1.12736649282961;0.269486925991132;0;cluster8
0.3565650904311138;0;N;0.9295174063396456;0.2327157773146058;0.3946002313234923;cluster4
0.1547209343859247;0.4;Y;0.5431517374394315;0.0989223034078877;0.3946002313234923;cluster6
0.5891177862389921;0;Y;1.5515288032526715;0.2979813777068783;0.2630668208823282;cluster8
0.3445408863519831;0.4;Y;0.4288285624629189;0.3609907819825103;0.1315334104411641;cluster6
0.43408678986031;0;N;1.9224958404213557;0.3725663732982988;0;cluster3
0.0217043394930155;0.8;Y;0.4050306770596448;0.0788879531570806;0;cluster6
0.3100619927573643;0.4;N;0.3205715151382212;0.1488113865240374;0;cluster5
0.3262968386981399;0;N;1.6079904529349494;0.2145133091405196;0;cluster3
0.799959941314;0.4;Y;0.4017643006317444;0.5707493722390725;0;cluster6
0.0303302641315253;0;N;1.849702308599576;0.0586590106527756;0;cluster3
0.4056168976853288;0.8;Y;0.8851880119609978;0.2997245036388454;0.2630668208823282;cluster6
0.5868047237730223;0.8;N;0.575815501718435;0.2282776717369339;0.3946002313234923;cluster1
0.3640871943754075;0;N;1.2346902897463363;0.2372393572972254;0.1315334104411641;cluster4
0.3332360260960497;0;N;1.7181140010755898;0.4377312839465228;0.1315334104411641;cluster3
0.3515916960672857;0.8;Y;1.4008088623652692;0.2187685323090014;0.2630668208823282;cluster8
0.43408678986031;0;N;0.3131055118744489;0.3192913551372854;0.3946002313234923;cluster7
0.7441487826176744;0;N;1.7027153693440598;0.6211830004080351;0.1315334104411641;cluster2
0.43408678986031;0.4;Y;0.7372678222975099;0.414002515109086;0.3946002313234923;cluster6
0.0787309412009499;0;N;2.089547663448259;0.1756222311342985;0.1315334104411641;cluster3
0.1444888886249317;0;Y;0.0578615252942348;0.0465470786336892;0.2630668208823282;cluster6
0.3193607519201576;0.8;N;0.5380188601955881;0.4210428911829425;0.2630668208823282;cluster1
0.5445928840790346;0.4;Y;0.9939116844896811;0.1727158776110876;0;cluster6
0.5736146866011239;0;N;0.3541685298251962;0.4151864027441086;0.2630668208823282;cluster7
0.2821564134092015;0;N;1.386810106245696;0.4704591800120381;0.1315334104411641;cluster4
0.5891177862389921;0;N;0.3779664152284704;0.2979813777068783;0.1315334104411641;cluster7
1.1310999483390096;0;N;0.7256021921978658;0.7352810382839136;0.5261336417646564;cluster2
0.0497215411585709;0;N;0.4694249552096804;0.107524414704433;0.3946002313234923;cluster7
0.7441487826176744;0;N;0.9747800511262648;1.331516327271561;0.1315334104411641;cluster2
0.1444888886249317;0.8;Y;0.4675584543937374;0.0840716103506844;0.2630668208823282;cluster6
0.7474323391209748;0;Y;0.3364367720737372;0.2671447333745746;0.2630668208823282;cluster6
0.49977032240603;0;Y;0.4064305526716021;0.5103517107540654;0.2630668208823282;cluster6
0.2997679345978197;0;N;0.6439427815003568;0.3974777618258332;0;cluster7
0.0865693083778561;0.4;N;1.0494400837639877;0.112771916654263;0.5261336417646564;cluster4
0.1547209343859247;0.4;N;0.8030619760595031;0.1485627947337311;0.6576670522058206;cluster5
0.5891177862389921;0.8;N;0.428361937258933;0.4258413914593121;0.3946002313234923;cluster1
0.3100619927573643;0;Y;1.685450236796586;0.1637283856423214;0.5261336417646564;cluster8
0.3478771533940524;0;N;1.7302462563792196;0.5059740936078181;0.2630668208823282;cluster3
0.0930185978272093;0.4;N;0.1311216823200001;0.0659391774874586;0;cluster5
1.058250883140667;0.8;N;0.5142209747923141;0.3271655914618541;0.2630668208823282;cluster1
0.1240247971029457;0;N;0.1880499572062637;0.1328288661587342;0.1315334104411641;cluster7
0.4719949690948253;0.4;N;0.9682472982704642;0.4836264151337475;0.1315334104411641;cluster5
0.0930185978272093;0;N;0.0863256627373667;0.1985347417799828;0.1315334104411641;cluster7
0.1444888886249317;0.4;Y;0.9472491640911046;0.1051791641030564;0;cluster6
0.0837167380444883;0.4;N;0.868856129821496;0.0916295317089498;0.2630668208823282;cluster5
0.1240247971029457;0.8;Y;0.854857373701923;0.1239497461885624;0.6576670522058206;cluster6
0.687345425544525;0;N;1.7153142498516754;0.5756364794902048;0.2630668208823282;cluster2
0.1844403763917181;0;N;1.8786330712466932;0.2069429320879904;0;cluster3
0.2790557934816278;0;N;1.6453204692538104;0.4968747241456648;0;cluster3
0.2252166290592391;0;N;1.9336948453170135;0.2050882270026186;0;cluster3
0.0930185978272093;0.8;N;0.5011554690807125;0.0990880312680918;0.2630668208823282;cluster1
0.1342568428639387;0;N;2.138543309866765;0.1586566059421048;0;cluster3
0.0567413446745976;0;Y;0.8021287256515315;0.0840716103506844;0;cluster6
0.8991797789963565;0;N;0.9677806730664784;0.55902886227685;0.2630668208823282;cluster2
0.4650929891360464;0;Y;0.3103057606505342;0.1252582653512183;0.2630668208823282;cluster6
0.8567012859885975;0;N;0.9374500348074036;0.1419993151216861;0;cluster2
0.1012042344360037;0;N;1.827770924012245;0.1867180917584429;0;cluster3
0.5444440543225111;0;N;1.3914763582855538;0.2880242807954237;0.2630668208823282;cluster4
0.43408678986031;0.4;Y;0.7018043067945918;0.1861038843197476;0.3946002313234923;cluster6
0.4928094306686272;0;N;2.0256200105022097;0.314649259596671;0.5261336417646564;cluster3
0.4486597035199061;0;N;1.4418718803160169;0.1534854044427649;0.3946002313234923;cluster4
0.7441487826176744;0;N;1.3821438542058382;0.4435997059846513;0;cluster2
1.0387076757371705;0;Y;0.2813749980034168;0.3672388416481992;0;cluster6
0.4035952934925507;0;Y;2.002755375506907;0.5223554199445485;0;cluster8
0.3281696131343944;0;Y;0.2664429914758723;0.2156395425739501;0;cluster6
0.1240247971029457;0;N;1.3219492028916746;0.2327195065643854;0.3946002313234923;cluster4
0.277716325672916;0;N;1.4003422371612833;0.4947266762726318;0.2630668208823282;cluster4
0.5445928840790346;0.8;N;0.3900986705321002;0.8141095471995079;0.1315334104411641;cluster1
0.2790557934816278;0;N;1.6686517294530987;0.2482580224509327;0.5261336417646564;cluster3
0.7335756686646482;0;Y;1.0783708464111048;0.4083506133131593;0.9207338730881488;cluster8
0.3193607519201576;0.4;Y;0.6929384279188623;0.3367625920145933;0;cluster6
0.4927443176501481;0;Y;0.8609235013537382;0.4195996715182485;0.2630668208823282;cluster6
0.0930185978272093;0.4;N;0.3597680322730255;0.0245030356766714;0.2630668208823282;cluster5
0.1943220521008953;0;N;1.4498045087837748;0.7739614882625845;0;cluster4
0.662788515718142;0.4;Y;0.5179539764242002;0.4764739378115171;0.1315334104411641;cluster6
0.1860371956544186;0.4;N;0.7731979630044141;0.0981499011935429;0.7892004626469847;cluster5
0.3720743913088372;0;N;1.9126967111376545;0.6211830004080351;0.3946002313234923;cluster3
0.1894695819142426;0;N;1.371411474514166;0.2117820066019618;0;cluster4
0.3505808939708966;0;N;0.6901386766949478;0.2618993198046212;0.6576670522058206;cluster7
0.43408678986031;0;N;1.4414052551120309;0.3192913551372854;0.5261336417646564;cluster4
0.1342568428639387;0;N;1.6597858505773693;0.198410408592332;0;cluster3
0.5891177862389921;0.4;Y;0.440494192562563;0.3311302314875116;0.3946002313234923;cluster6
0.0983268591432153;0;N;0.7563994556609265;0.1240849687855696;0.3946002313234923;cluster7
0.1457291365959612;0;Y;0.9855124308179376;0.0798554697198926;0.7892004626469847;cluster6
0.1240247971029457;0.8;N;0.2580437378041286;0.1861038843197476;0.2630668208823282;cluster1
0.1860371956544186;0;N;2.0092881283627078;0.1736730268595123;0.1315334104411641;cluster3
0.5077575193394598;0;N;1.8249711727883304;0.5180369486998053;0;cluster3
0.6750669706313336;0.8;N;1.1576971310886852;0.36886956799181;0.6576670522058206;cluster1
0.4867973286290619;0;N;0.0485290212145196;0.3555184062709723;0.1315334104411641;cluster7
0.1649529801469178;0;N;0.1745178262906763;0.1567671442487874;0;cluster7
0.2790557934816278;0.4;N;0.5394187358075454;0.1488113865240374;0.3946002313234923;cluster5
0.3332360260960497;0;N;1.6453204692538104;0.673625873773235;0;cluster3
0.4893398369696723;0;Y;1.0718380935553042;0.103948511675798;0;cluster8
0.2790557934816278;0;N;0.7018043067945918;0.1861038843197476;0.1315334104411641;cluster7
0.1240247971029457;0.8;N;0.4950893414288975;0.2482580224509327;0.1315334104411641;cluster1
0.3956763101975277;0;N;1.303284194732244;0.2049172036077275;0.1315334104411641;cluster4
0.2697539336989069;0;N;1.6826504855726718;0.2063484150881312;0.3946002313234923;cluster3
1.030500334788883;0;Y;1.610790204158864;0.8507879867265139;0;cluster8
0.714668088346304;0;Y;1.3578793435985788;0.5975445540002594;0.2630668208823282;cluster8
0.151955181410529;0;N;1.8231046719723876;0.1996919279865837;0.1315334104411641;cluster3
0.1674334760889767;0.4;N;0.6327437766046986;0.2383133812337419;0.3946002313234923;cluster5
0.5261752017092473;0;Y;1.4246067477685431;0.6088652138011164;0.3946002313234923;cluster8
0.0742908534646644;0.4;N;0.8413252427863359;0.100957653352582;0.7892004626469847;cluster5
0.7324222380515908;0;N;1.707381621383917;0.3669247642317637;0.3946002313234923;cluster3
0.3565650904311138;0;Y;0.5515509911111753;0.2327157773146058;0;cluster6
0.6182636135581845;0.8;N;0.5982135115097519;0.3467102166316078;0.2630668208823282;cluster1
0.1240247971029457;0.4;N;1.1646965091484716;0.2190089943347881;0;cluster4
0.0930185978272093;0;Y;0.7396009483174389;0.0990880312680918;0.3946002313234923;cluster6
0.5891177862389921;0;Y;1.3578793435985788;0.1239497461885624;0.1315334104411641;cluster8
0.2821564134092015;0;N;1.6989823677121734;0.1565806817598088;0.2630668208823282;cluster3
0.2821564134092015;0;N;1.751711015762565;0.1879685092095331;0.3946002313234923;cluster3
0.1547209343859247;0;N;0.8856546371649835;0.2478437028004224;0;cluster4
0.9590217435985278;0.8;Y;1.0158430690770124;0.2161412758392936;0.9207338730881488;cluster6
0.277716325672916;0.4;N;1.3079504467721017;0.1764575830849224;0.2630668208823282;cluster4
0.2393864621282506;0.4;N;1.1073016090582222;0.2239261593391436;0.2630668208823282;cluster4
0.2790557934816278;0;Y;0.3672340355367978;0.1861038843197476;0.2630668208823282;cluster6
0.7241807902841001;0;Y;0.8161274817711046;0.3629598258661238;0.3946002313234923;cluster6
0.3441626107208192;0;N;1.6812506099607143;0.5636811013768649;0;cluster3
0.3367056197950046;0;N;1.4834015234707496;0.2944833414136407;0.1315334104411641;cluster4
1.0418796099230785;0;Y;1.0452404569281155;0.7370163327913436;0.2630668208823282;cluster8
0.4928094306686272;0;Y;1.3042174451402158;0.2206995378448632;0.2630668208823282;cluster8
0.2547965431682916;0;Y;1.0872367252868345;0.1524180185708561;0.2630668208823282;cluster8
0.5395078673978139;0;N;0.9906453080617807;0.4570960101069101;0.2630668208823282;cluster2
0.4030805905845736;0;N;0.2879077508592175;0.3477047329628238;0.1315334104411641;cluster7
1.0752546828234808;0;N;1.0242423227487565;0.5318605317827192;0.3946002313234923;cluster2
0.3968793507294263;0;N;1.726046629543348;0.1579910840264426;0.5261336417646564;cluster3
0.7007587073512087;0;N;0.5678828732506771;0.4885998918097746;0.2630668208823282;cluster7
0.0620123985514728;0;N;1.339680960643134;0.0742263909326169;0.2630668208823282;cluster4
0.043284654188928;0.4;N;1.1875611441437743;0.0634648202587132;0.2630668208823282;cluster4
0.3117983399168055;0;Y;0.6943383035308197;0.2745119408991128;0.6576670522058206;cluster6
0.2672331296977895;0;Y;0.3975646737958725;0.071382465050716;0.3946002313234923;cluster6
0.4100259792223385;0;Y;0.1371878099718152;0.4076786770878762;0.6576670522058206;cluster6
0.1550309963786821;0;Y;0.2552439865802138;0.1942109750005526;0;cluster6
0.1257611442623869;0;N;1.038241078868329;0.1504820904252852;0.2630668208823282;cluster4
0.5922184061665658;0.4;Y;1.3308150817674045;0.2994730776187067;0.1315334104411641;cluster8
0.43408678986031;0;N;1.571127061820074;0.4860652699045914;0;cluster3
0.0930185978272093;0;N;0.1292551815040571;0.0990880312680918;0;cluster7
0.0620123985514728;0;N;0.9971780609175817;0.089143390050901;0.2630668208823282;cluster4
0.7119023353709084;0;N;1.8749000696148077;0.2549351695962591;0.2630668208823282;cluster3
0.0930185978272093;0;N;0.2594436134160857;0.1352504917955965;0.1315334104411641;cluster7
0.3713953555446985;0.4;N;1.2006266498553757;0.386830007855202;0;cluster4
1.3669889111889573;0;Y;1.6373878407860525;0.6110701700257855;0.1315334104411641;cluster8
0.1550309963786821;0;N;0.1861834563903205;0.1786453847606055;0.1315334104411641;cluster7
0.0742908534646644;0.4;N;0.6378766538485421;0.100957653352582;0;cluster5
0.6136746960653754;0.4;Y;0.8095947289153038;0.2581032418690003;0;cluster6
1.153067840525869;0;N;1.8963648289981525;0.4065376758253187;0.3946002313234923;cluster2
0.0620123985514728;0.4;N;0.2277130995450537;0.2233963821154578;0;cluster5
0.4100259792223385;0;Y;1.676117732716871;0.132253517502742;0.1315334104411641;cluster8
0.3193607519201576;0;N;1.401275487569255;0.1401085854834436;0.1315334104411641;cluster4
0.3803592477553139;0;N;1.8226380467684016;0.4944084220964433;0;cluster3
0.1585036906975646;0;Y;1.9565594803123163;0.2395695417294926;0.5261336417646564;cluster8
0.3445408863519831;0.8;N;0.6024131383456236;0.6018903979383847;0.1315334104411641;cluster1
0.5670351711148126;0.4;N;0.7167363133221364;0.3193259625752398;0.1315334104411641;cluster5
0.5445928840790346;0;N;1.401275487569255;0.2765605669730224;0.2630668208823282;cluster4
0.306958272209863;0;N;1.6275887115023513;0.4061258920646584;0;cluster3
0.5149416557116478;0;Y;0.9360501591954464;0.2622954407162072;0;cluster6
0.310303841111715;0;N;1.9756911136757325;0.148917148047786;0;cluster3
0.217043394930155;0;N;1.885165824102494;0.2127413934002543;0.1315334104411641;cluster3
0.5891177862389921;0;N;1.2720203060651978;0.5323913531963433;0.1315334104411641;cluster2
0.4100259792223385;0;N;1.4054751144051267;0.132253517502742;0.5261336417646564;cluster4
0.43408678986031;0;N;1.0489734585600017;0.4471513688897192;0.3946002313234923;cluster4
0.5936756975325254;0.4;N;1.6518532221096112;0.3753073718862834;0.2630668208823282;cluster3
0.340448068047586;0;N;1.1922273961836318;0.2549351695962591;0.7892004626469847;cluster4
0.1773151517981539;0;N;0.5501511154992179;0.1428169158433593;0.2630668208823282;cluster7
0.0122784549131916;0.4;N;1.297684692284415;0.0517017222640079;0;cluster4
0.3007601329746434;0;N;1.506732783670038;0.1531143440896976;0.5261336417646564;cluster4
0.3445408863519831;0;Y;0.3672340355367978;0.1669327808079156;0.1315334104411641;cluster6
0.43408678986031;0;N;0.8520576224780083;0.3725663732982988;0.9207338730881488;cluster4
0.4928094306686272;0;Y;1.963092233168117;0.2132060579227888;0.1315334104411641;cluster8
0.2821564134092015;0;N;1.788107781673455;0.2507442386939772;0;cluster3
0.0155030996378682;0;N;2.07741540814463;0.0529164135022098;0;cluster3
0.3795871933933481;0;N;1.4264732485844862;0.3947121501893034;0;cluster4
0.1354753864954751;0.8;N;0.4661585787817801;0.1331311591458663;0.7892004626469847;cluster1
0.8555013460766265;0;Y;0.7591992068848412;0.2128895937864944;0.2630668208823282;cluster6
0.3445408863519831;0;N;0.1964492108780074;0.2819456036547229;0.3946002313234923;cluster7
0.3445408863519831;0;Y;1.2169585319948777;0.2437964225996496;0.1315334104411641;cluster8
0.2865375893668631;0.4;N;0.5193538520361575;0.3051803214813622;0.3946002313234923;cluster5
0.3358963579939079;0;N;1.4316061258283297;0.2448022758501955;0.7892004626469847;cluster4
0.43408678986031;0;N;1.8893654509383664;0.2482580224509327;0.3946002313234923;cluster3
0.8712741996481936;0;Y;1.9336948453170135;0.7231158525779748;0.1315334104411641;cluster8
0.2635526938437597;0;N;0.9668474226585068;0.128470044431376;0.3946002313234923;cluster4
0.2015402952922868;0.4;Y;0.5062883463245561;0.2233963821154578;0.2630668208823282;cluster6
0.1240247971029457;0;N;0.1866500815943063;0.1199397584855853;0.3946002313234923;cluster7
0.0040928183043972;0.4;N;0.4988223430607837;0.016527438343094;0;cluster5
0.1240247971029457;0.8;N;0.1731179506787191;0.1861038843197476;0.1315334104411641;cluster5
0.0371454267323322;0;N;0.8520576224780083;0.1635792156511386;0;cluster4
0.143825355960431;0;N;1.164229883944486;0.1197999862038469;0.3946002313234923;cluster4
0.5261752017092473;1.2;Y;1.0671718415154463;0.3347144880356529;0.3946002313234923;cluster6
0.3515916960672857;0;Y;1.1572305058846992;0.3064194020131225;0.1315334104411641;cluster8
1.4548108700175533;0;N;1.7465781385187216;0.5953269183263398;0.1315334104411641;cluster2
0.5891177862389921;0;N;1.223491284850678;0.2979813777068783;0.2630668208823282;cluster4
0.2790557934816278;0;N;1.3998756119572977;0.2127413934002543;0;cluster4
0.4709221545998849;0;N;0.8856546371649835;0.1416863564801845;0.1315334104411641;cluster4
0.5467106074895675;0.4;N;0.1885165824102493;0.6944864020202082;0;cluster5
0.3604966764992771;0;N;1.7428451368868356;0.3135597219810715;0.3946002313234923;cluster3
0.2790557934816278;0;Y;0.4964892170408549;0.2482580224509327;0.5261336417646564;cluster6
0.7481175761249685;0.4;Y;0.6098791416093959;0.4681843376464998;0.2630668208823282;cluster6
0.5587193084690601;0;Y;1.1306328692575107;0.4725003475863886;0.2630668208823282;cluster8
0.1453570622046524;0;N;0.7587325816808552;0.070347971161863;0.3946002313234923;cluster7
0.5891177862389921;0;Y;1.1073016090582222;0.2979813777068783;0.9207338730881488;cluster8
0.0930185978272093;0;Y;0.3434361501335236;0.0742263909326169;0.1315334104411641;cluster6
1.6666452234693845;0;Y;1.4535375104156605;0.4080091632033418;0.1315334104411641;cluster8
0.1240247971029457;0;Y;0.4717580812296092;0.1861038843197476;0.1315334104411641;cluster6
0.1444888886249317;0;N;2.134810308234879;0.1358191278019855;0.5261336417646564;cluster3
0.1240247971029457;0;N;0.659808038435873;0.1377617685971596;0;cluster7
0.43408678986031;0.4;Y;0.8221936094229193;0.4471513688897192;0;cluster6
0.158435477059158;0;N;1.4003422371612833;0.2274910983734268;0.1315334104411641;cluster4
0.7241807902841001;0;N;0.6131455180372964;0.259154591966857;0.5261336417646564;cluster7
0.3772834327871608;0;Y;1.9817572413275475;0.4907090063151088;0;cluster8
0.2046409152198604;0;Y;0.9626477958226352;0.2830643785885942;0.3946002313234923;cluster6
0.2027402352042578;0;N;1.481068397450821;0.2807783484737172;0;cluster4
0.0255708125426998;0;N;0.715336437710179;0.0796974241142343;0.5261336417646564;cluster7
0.1085216974650775;0.4;N;0.9271842803197168;0.1338943874057533;0.2630668208823282;cluster5
0.1547209343859247;0;N;1.7867079060614974;0.1783470447782398;0.5261336417646564;cluster3
0.5445928840790346;0;N;0.5487512398872606;0.6919393244207612;0;cluster7
0.0961192177547829;0;N;0.6210781465050544;0.0506077841336685;0.1315334104411641;cluster7
0.1444888886249317;0;N;2.2127367173005017;0.0934527619261821;0.2630668208823282;cluster3
1.0215364425782676;0.4;Y;1.1394987481332404;0.4599826731912849;0.2630668208823282;cluster8
0.4100259792223385;0;N;0.6682072921076168;0.3532736962436528;0.1315334104411641;cluster7
0.143825355960431;0;N;0.98411255520598;0.1074760090422942;0.2630668208823282;cluster4
0.1854170716689038;0;N;2.0718159056968;0.1573999979363806;0.5261336417646564;cluster3
0.3100619927573643;0;N;1.0396409544802865;0.7593033736639984;0.1315334104411641;cluster4
0.2790557934816278;0.4;Y;1.2855524369807847;0.4968747241456648;0.1315334104411641;cluster8
0.1403960703205345;0;N;1.2687539296372974;0.0912648856655033;0;cluster4
0.1085216974650775;0.4;Y;0.9173851510360156;0.0415954553613704;0.1315334104411641;cluster6
0.7507065937644926;0.8;N;0.6346102774206417;0.6264412425972303;0.1315334104411641;cluster1
0.0155030996378682;0;N;1.3938094843054825;0.0443923926960487;0.1315334104411641;cluster4
0.1860371956544186;0.8;Y;0.1101235481406407;0.1156625327434041;0;cluster6
0.1860371956544186;0;N;1.1371656221133113;0.1488113865240374;0.2630668208823282;cluster4
0.7119023353709084;0;Y;1.2192916580148063;0.2974841195412703;0.1315334104411641;cluster8
0.2418483543507441;0.4;N;0.2426451060725982;0.252082890194852;0.3946002313234923;cluster5
0.3895308815010767;0.8;Y;0.4591592007219935;0.1682407778756024;0.3946002313234923;cluster6
0.7069289410070803;0.8;Y;0.5898142578380081;0.1753931806128372;0.3946002313234923;cluster6
0.3701644094334517;0;N;1.6359879651740954;0.6429817333145528;0.1315334104411641;cluster3
0.662788515718142;0;Y;1.299084567896372;0.3334241676119213;0.7892004626469847;cluster8
0.1426285166683875;0.8;N;0.2893076264711748;0.1388667453068465;0.2630668208823282;cluster1
0.340448068047586;0;Y;0.7778642150442717;0.3570526942152833;0;cluster6
0.43408678986031;0;Y;0.6798729222072609;0.2793351288090232;0.5261336417646564;cluster6
0.5077575193394598;0;N;0.8837881363490404;0.323638616190327;0.2630668208823282;cluster4
0.1444888886249317;0.8;N;0.7130033116902503;0.1403584452186749;0;cluster1
0.1240247971029457;0;N;1.4526042600076892;0.1772246897645801;0.5261336417646564;cluster4
0.0930185978272093;0;Y;1.4064083648130985;0.1985347417799828;0.1315334104411641;cluster8
0.6330163631735798;0;N;1.1763621392481158;0.4560120663659801;0;cluster2
0.0930185978272093;0;N;0.7610657077007842;0.0825136043777752;0.3946002313234923;cluster7
0.2790557934816278;0;Y;0.8315261135026348;0.3311302314875116;0;cluster6
0.1232558433609074;0;Y;2.1460093131305373;0.2850839165142231;0;cluster8
0.0620123985514728;0;N;0.845058244418222;0.0742263909326169;0.1315334104411641;cluster4
0.2266491154657781;0;N;0.3000400061628475;0.3095345935239893;0.1315334104411641;cluster7
0.0742908534646644;0;N;0.1091902977326692;0.0720101723736134;0;cluster7
0.272705723869957;0;Y;0.1124566741605695;0.3172827066210129;0;cluster6
0.0930185978272093;0;N;0.111523423752598;0.1293543987241035;0.3946002313234923;cluster7
0.5261752017092473;0;N;1.3961426103254115;0.6697875807301092;0.2630668208823282;cluster2
0.5891177862389921;0;Y;1.1539641294567988;0.4258413914593121;0;cluster8
0.1649529801469178;1.2;N;0.8959203916526707;0.1174856883756408;0;cluster1
0.2868817581788237;0;N;1.6476535952737394;0.1908101975415662;0;cluster3
0.0930185978272093;0.4;N;0.6192116456891115;0.165385813414354;0.1315334104411641;cluster5
0.3100619927573643;0;Y;1.3060839459561586;0.2731197373714033;0.2630668208823282;cluster8
1.33636718878424;0.4;N;0.5328859829517447;0.5478411129381369;0.2630668208823282;cluster2
0.0930185978272093;0.4;N;0.4199626835871893;0.1751354894530689;0;cluster5
0.2922520318933813;0;Y;1.5179317885656964;0.5180369486998053;0.2630668208823282;cluster8
0.3461284037549009;0.4;Y;0.665874166087688;0.3625182826922227;0.1315334104411641;cluster6
0.7441487826176744;0;N;0.735401321481567;0.7454913512554011;0;cluster2
0.2790557934816278;0;Y;1.5888588195715323;0.1352504917955965;0;cluster8
0.1795879062050654;0.4;N;0.9463159136831332;0.1685018253601723;0;cluster4
0.6667387055058707;0;N;1.7587103938223514;0.2394150762036228;0.2630668208823282;cluster3
0.0930185978272093;0.4;Y;0.280908372799431;0.1189773882874692;0;cluster6
1.2092417717537207;0;Y;1.4274064989924575;0.5963213600725602;0.6576670522058206;cluster8
0.5676180876611965;0;Y;1.6709848554730278;0.4796355957746374;0.6576670522058206;cluster8
0.2563344506523682;0;N;1.4204071209326712;0.168225338781515;0.2630668208823282;cluster4
0.0040928183043972;0.4;N;1.3499467151308209;0.0840716103506844;0;cluster4
0.1615888075255004;0;N;1.4619367640874044;0.1154625703702235;0.3946002313234923;cluster4
0.32703788686083;0;Y;1.6261888358903942;0.1718954426595819;0;cluster8
0.4893398369696723;0;Y;1.202026525467333;0.1561020698430987;0.3946002313234923;cluster8
0.340448068047586;0;N;1.6504533464976536;0.2974841195412703;0.3946002313234923;cluster3
0.4000047756164205;0;N;1.79417390932527;0.2958674151768307;0.2630668208823282;cluster3
0.7119023353709084;0;N;1.646720344865768;0.6378758682713509;0.2630668208823282;cluster2
0.5891177862389921;0;Y;0.7498667028051258;0.2979813777068783;0.2630668208823282;cluster6
0.5891177862389921;0;Y;1.5571283057005003;0.3725663732982988;0;cluster8
0.340448068047586;0.8;Y;0.9425829120512472;0.1897537756640093;0.7892004626469847;cluster6
0.4100259792223385;0.4;Y;0.4250955608310327;0.3027548174247292;0.1315334104411641;cluster6
0.2790557934816278;0;N;1.006510564997297;0.2482580224509327;0.2630668208823282;cluster4
0.1581316163062557;0.8;Y;0.9071193965483288;0.3029537356079715;0;cluster6
0.3281696131343944;0;N;0.2454448572965127;0.3452384309136023;0;cluster7
0.3486337046563804;0;N;0.3219713907501784;0.4562507383518726;0.3946002313234923;cluster7
0.8567012859885975;0;N;1.687316737612529;0.3046940273101062;0;cluster2
0.168034996354926;0;Y;0.3238378915661215;0.1193391255160876;0.5261336417646564;cluster6
0.0930185978272093;0.8;N;0.8371256159504639;0.1189773882874692;0.1315334104411641;cluster1
0.5261752017092473;0;N;1.2248911604626356;0.3347144880356529;0;cluster4
0.5599409527205241;0.4;N;0.952848666538934;0.9473183493257848;0;cluster2
0.1232558433609074;0.4;N;1.2122922799550195;0.0738564493544834;0;cluster4
0.5261752017092473;0;N;0.3457692761534525;0.3347144880356529;0.6576670522058206;cluster7
0.4804472590173911;0;N;1.677984233532814;0.8198376748609291;0;cluster3
0.687345425544525;0.4;Y;0.4759577080654811;0.1724399131273994;0.1315334104411641;cluster6
0.3571511075974252;0;N;1.5160652877497534;0.310877123444635;0;cluster3
0.585511765263224;0;N;0.500222218672741;0.4490431427179001;0.1315334104411641;cluster7
0.8991797789963565;0;Y;0.7316683198496808;0.1239497461885624;0.2630668208823282;cluster6
0.7751549818934108;0;Y;0.9061861461403574;0.4844438666854295;0.7892004626469847;cluster6
0.1550309963786821;0;N;0.9757133015342364;0.1786453847606055;0;cluster4
0.9590217435985278;0;N;1.6210559586465507;0.626351666017525;0;cluster2
0.1323096535494224;0.4;N;0.1777842027185767;0.1960684397307613;0;cluster5
0.0710662087399879;0;N;2.01348775519858;0.1633306238608324;0.2630668208823282;cluster3
0.3461284037549009;0.8;N;0.8954537664486846;0.5036370473559565;0;cluster1
1.0072301822324428;0;Y;1.7876411564694692;0.580446913365869;0.3946002313234923;cluster8
1.0542107753750387;0;Y;0.767598460556585;0.4576194476059707;0.1315334104411641;cluster6
0.2697539336989069;0;N;1.788107781673455;0.2461403306711056;0;cluster3
0.3171810161110734;0;N;0.8912541396128129;0.2389441465414585;0.5261336417646564;cluster4
0.4295970922051833;0;N;2.045684894273597;0.4100025217955181;0;cluster3
1.3642727681324027;0;N;0.8128611053432043;0.9585913493144588;0.1315334104411641;cluster2
0.3106697142631687;0.4;N;0.2902408768791463;0.3910208641724884;0.5261336417646564;cluster5
0.4928094306686272;0.4;N;1.167962885576372;0.314649259596671;0.3946002313234923;cluster4
0.3834226602437567;0;Y;1.0769709707991475;0.2844708278504616;0;cluster8
0.1550309963786821;0;N;1.775508901165839;0.2233963821154578;0.2630668208823282;cluster3
0.7364592451972917;0.4;N;0.7041374328145206;0.6150173571624747;0;cluster5
0.0930185978272093;0;N;0.7629322085167273;0.0848813796478204;0.1315334104411641;cluster7
0.0310061992757364;0.4;N;0.450293321846264;0.0781519484205845;0.2630668208823282;cluster5
0.0779619874589116;0;N;1.5897920699795045;0.0732710317240864;0;cluster3
0.4100259792223385;0.4;Y;0.2851079996353028;0.2118207907996694;0.9207338730881488;cluster6
0.2325464945680232;0;N;0.1866500815943063;0.0788879531570806;0.5261336417646564;cluster7
0.2954270666992167;0;N;1.253821923109753;0.1424106513723728;0.1315334104411641;cluster4
0.90228039892393;0.4;N;0.8837881363490404;0.7479774929134498;0.5261336417646564;cluster2
0.8216642808070154;0;Y;1.2612879263735253;0.2047501332176027;0.2630668208823282;cluster8
0.3193607519201576;0;N;1.6042574513030632;0.3367625920145933;0.6576670522058206;cluster3
0.3445408863519831;0.4;N;0.2295796003609967;0.3924124710202331;0.3946002313234923;cluster5
0.1943220521008953;0.4;N;0.3313038948298938;0.3609907819825103;0.3946002313234923;cluster5
0.8991797789963565;0;Y;0.7265354426058375;0.2793351288090232;0.2630668208823282;cluster6
0.5935082640564364;0;N;1.0592392130476886;0.3573226173143287;0.5261336417646564;cluster2
0.1547209343859247;0;Y;0.4414274429705345;0.1592000322199839;0.7892004626469847;cluster6
0.2954270666992167;0.4;N;1.1516310034368702;0.1566875620584913;0;cluster4
0.5922184061665658;0;Y;0.1619189457830607;0.2138069146472733;0.1315334104411641;cluster6
0.1426285166683875;0;N;0.7144031873022078;0.1667117854659782;0.5261336417646564;cluster7
0.532314429165843;0;N;0.9374500348074036;0.3301439195058106;0;cluster4
0.43408678986031;0;N;1.506732783670038;0.3725663732982988;0.5261336417646564;cluster3
0.168034996354926;1.2;N;0.8772553834932397;0.3188353424742395;0;cluster1
0.1585284956569852;0;N;0.7568660808649122;0.0597498907982957;0.2630668208823282;cluster7
0.4945612809277063;0;N;0.7293351938297522;0.1576720840002981;0;cluster7
0.2719863800467599;0.4;N;0.8800551347171545;0.161606890027719;0.2630668208823282;cluster5
0.1593563611776473;0.4;Y;0.6206115213010684;0.4159274046753093;0;cluster6
0.1860371956544186;0;Y;1.8790996964506792;0.0742263909326169;0.2630668208823282;cluster8
0.8341907853144128;0;N;1.5510621780486855;0.3780450141494665;0.2630668208823282;cluster2
0.1218419606739338;0;N;2.033086013765982;0.1667660087577732;0;cluster3
0.3720743913088372;0;N;1.8263710484002875;0.1697475439565402;0.3946002313234923;cluster3
0.1976955265820954;0.4;Y;0.563683246414805;0.1096691808376599;0.2630668208823282;cluster6
0.1550309963786821;0.4;Y;0.7708648369844854;0.1115188887283271;0.6576670522058206;cluster6
0.8211929865780242;0.4;N;1.050839959375945;0.2924919220313497;0.1315334104411641;cluster2
0.1364272768132403;0.8;Y;0.7125366864862647;0.1338943874057533;0.2630668208823282;cluster6
0.5138967467960556;0;Y;1.4157408688928137;0.1634859844066493;0.1315334104411641;cluster8
0.4776132924035888;0.4;N;1.0933028529386497;0.6113800706824679;0;cluster2
0.1342568428639387;0;Y;0.7745978386163714;0.0608010917261612;0.1315334104411641;cluster6
0.2821564134092015;0;Y;1.2370234157662654;0.125192779725089;0.3946002313234923;cluster8
0.7649756466711866;0;Y;0.6859390498590759;0.3187620254235731;0;cluster6
0.0930185978272093;0;N;0.5137543495883281;0.0990880312680918;0;cluster7
1.1570273321733806;0;Y;1.3578793435985788;0.5712011335573698;0.3946002313234923;cluster8
0.4179604656169995;0.8;N;0.8833215111450547;0.2156380508740382;0.1315334104411641;cluster1
0.5261752017092473;0.4;N;0.5067549715285417;0.3825820940162883;0.5261336417646564;cluster5
0.43408678986031;0;N;1.5244645414214972;0.2030550400227965;0.1315334104411641;cluster3
0.4525044722300974;0;N;1.114300987118009;0.5811806059675019;0;cluster2
0.2587901416350065;0;Y;0.2127810930175091;0.141906978897144;0.1315334104411641;cluster6
0.6004660551739117;0;N;0.0709270310058364;0.5059740936078181;0.3946002313234923;cluster7
0.8730725592061864;0.4;N;1.0536397105998592;0.6586563668180545;0.1315334104411641;cluster2
0.4268995528681943;0;N;0.769464961372528;0.5503844612878044;0.2630668208823282;cluster7
0.3478771533940524;0.4;Y;1.0667052163114608;0.1515411973626833;0.3946002313234923;cluster6
0.1240247971029457;0.8;N;1.3238157037076177;0.1583329070612381;0.2630668208823282;cluster1
0.86817357972062;0.4;N;0.3387698980936659;0.4803002226703525;0.3946002313234923;cluster5
0.7856846871674508;0;Y;0.324771141974093;0.6544877368294544;0;cluster6
0.1395278967408139;0.4;N;1.380743978593881;0.2047501332176027;0.2630668208823282;cluster4
0.0615411043224816;0.8;Y;0.9057195209363714;0.1109520427618323;0.1315334104411641;cluster6
0.8216642808070154;0.4;N;1.1768287644521014;0.2047501332176027;0.2630668208823282;cluster2
0.8991797789963565;0;Y;1.1889610197557312;0.4471513688897192;0;cluster8
0.1547209343859247;0.4;Y;0.7601324572928125;0.2974841195412703;0.3946002313234923;cluster6
0.662788515718142;0.4;N;0.4955559666328834;0.4764739378115171;0.2630668208823282;cluster5
0.1240247971029457;0;N;0.1418540620116728;0.1239497461885624;0;cluster7
0.2790557934816278;0;N;0.7741312134123853;0.1861038843197476;0.1315334104411641;cluster7
0.0930185978272093;0;N;0.1040574204888258;0.1189773882874692;0.1315334104411641;cluster7
0.5891177862389921;0;Y;1.4344058770522443;0.2979813777068783;0.1315334104411641;cluster8
1.2092417717537207;0;Y;1.3914763582855538;0.5846217339091032;0;cluster8
0.1550309963786821;0;N;0.898720142876585;0.2979813777068783;0.2630668208823282;cluster4
0.3478771533940524;0.8;Y;0.348569027377367;0.6072406034271441;0;cluster6
0.6969139386410175;0.8;N;0.7368011970935242;0.700042238341813;0;cluster1
0.193553098358857;0;N;1.7115812482197892;0.2157111441697178;0;cluster3
0.555891543095113;0;N;1.5995911992632057;0.2819963214517251;0.5261336417646564;cluster3
0.3441626107208192;0.4;N;1.889832076142352;0.8004076122444036;0.2630668208823282;cluster3
0.0813106569806912;0;N;1.2211581588307494;0.0840716103506844;0.1315334104411641;cluster4
0.2432374320782971;0;Y;0.7004044311826344;0.1881240935103368;0;cluster6
0.1581316163062557;0.4;N;0.2440449816845555;0.2524016664660097;0;cluster5
0.3410681920331007;0.4;Y;1.2720203060651978;0.2233963821154578;0.5261336417646564;cluster8
0.5891177862389921;0;N;0.7064705588344496;0.1488113865240374;0.2630668208823282;cluster7
0.168034996354926;0.4;Y;0.3201048899342353;0.1769713991195517;0.3946002313234923;cluster6
0.4650929891360464;0;N;1.0242423227487565;0.3974280136337737;0.2630668208823282;cluster4
0.43408678986031;0;N;1.968691735615946;0.7454913512554011;0.1315334104411641;cluster3
0.2226679194787736;0;Y;2.1539419415982954;0.2437252685138554;0;cluster8
0.2694314692264393;0;Y;1.3023509443242722;0.1200911660266358;0;cluster8
0.2790557934816278;0;N;1.9285619680731705;0.1861038843197476;0.3946002313234923;cluster3
0.6750669706313336;0.4;N;0.4460936950103921;0.5657912600721373;0.2630668208823282;cluster5
0.3237512297376019;0.4;N;0.7619989581087556;0.266317734943457;0;cluster5
0.217043394930155;0;Y;1.662585601801284;0.6626191422188222;0;cluster8
0.3100619927573643;0;Y;1.2916185646326;0.2155453417245181;0.2630668208823282;cluster8
0.3445408863519831;0;N;1.2482224206619237;0.3609907819825103;0.2630668208823282;cluster4
0.824743196395096;0;Y;1.2300240377064788;0.4113401291064547;0.1315334104411641;cluster8
0.3486337046563804;0;N;0.4372278161346626;0.1301012182849604;0.5261336417646564;cluster7
0.5274991664183211;0;N;1.7764421515738107;0.4474670871760577;0.2630668208823282;cluster3
0.3544132602013777;0;N;0.0643942781500356;0.2645332143389367;0.1315334104411641;cluster7
0.3136525106334945;0;N;1.3756111013500376;0.2365190899947991;0.1315334104411641;cluster4
0.524482263228792;0;N;1.2603546759655535;0.3814185680850622;0.1315334104411641;cluster4
1.4548108700175533;0;N;1.5435961747849134;0.4761897689783137;0.1315334104411641;cluster2
0.3720743913088372;0;N;1.701782118936088;0.3124171544336065;0.1315334104411641;cluster3
0.3389442673827127;0;N;1.4866678998986502;0.3292380101493573;0;cluster4
0.7441487826176744;0;N;1.897298079406124;0.5323913531963433;0.1315334104411641;cluster3
0.1575362972801616;0;N;1.684516986388615;0.1292232037168582;0;cluster3
0.1547209343859247;0;N;1.6238557098704651;0.0839365369236683;0;cluster3
0.0930185978272093;0;N;0.528219730911887;0.0593093918143328;0.2630668208823282;cluster7
0.1093898710447981;0.4;N;0.767131835352599;0.2594266780307744;0.1315334104411641;cluster5
0.6647667112319339;0.4;Y;0.9911119332657669;0.2227976883558455;0.3946002313234923;cluster6
0.8991797789963565;0;Y;1.9602924819442025;0.3605365593593586;0.7892004626469847;cluster8
0.1648537603092354;0;N;1.508599284485981;0.1174260203791676;0;cluster4
0.5261752017092473;0.4;Y;1.2374900409702512;0.3825820940162883;0.3946002313234923;cluster8
0.0930185978272093;0;N;0.0499288968264769;0.0848813796478204;0;cluster7
0.3353537495065825;0.4;N;1.7904409076933836;0.2933993976727105;0.3946002313234923;cluster3
0.4862082108428229;0;N;1.6588526001693975;0.4973023199253903;0.2630668208823282;cluster3
0.3772834327871608;0;N;0.2473113581124559;0.3924954841203263;0.2630668208823282;cluster7
0.1581316163062557;0;N;1.2785530589209984;0.1296323770026727;0;cluster4
0.3228303456191125;0;Y;2.025153385298224;0.4252159216862824;0.2630668208823282;cluster8
0.2065726014347388;0;N;1.1213003651777953;0.1266397286395626;0;cluster4
0.6382316058917586;0;Y;1.865567565535092;0.4021020315525013;0.1315334104411641;cluster8
0.4893398369696723;0;Y;1.462870014495376;0.4168698606796026;0.3946002313234923;cluster8
0.1240247971029457;0.8;N;0.9668474226585068;0.2190089943347881;0.3946002313234923;cluster1
0.0930185978272093;0.8;N;0.4862234625531679;0.0690228195451902;0.1315334104411641;cluster1
0.8960791590687828;0;N;1.5071994088740237;0.1969946362060156;0;cluster2
1.0387076757371705;0;Y;1.5524620536606433;0.4674927109823806;0.6576670522058206;cluster8
0.2535221883780589;0;N;0.3252377671780788;0.2277844411610879;0.2630668208823282;cluster7
0.5395078673978139;0;Y;1.187094518939788;0.4570960101069101;0;cluster8
0.0152674525233726;0.8;N;1.0811705976350197;0.0738484687599551;0.1315334104411641;cluster1
0.5891177862389921;0;N;1.1894276449597174;0.5963213600725602;0;cluster2
0.3401752134939595;0;N;2.042885143049683;0.2786638638487004;0.2630668208823282;cluster3
0.3281696131343944;0.8;N;0.8305928630946631;0.2156395425739501;0.1315334104411641;cluster1
0.7224444431246588;0;Y;0.5422184870314598;0.6037798596317021;0;cluster6
0.0681516260080686;0;N;1.6509199717016398;0.1189028032918777;0.5261336417646564;cluster3
0.2994764763246278;0.8;N;0.6990045555706771;0.4412922699760396;0;cluster1
0.6465133617183079;0;N;1.7708426491259814;0.4070824446331184;0;cluster3
0.184499288170342;0;N;0.1847835807783633;0.1033205060129182;0.1315334104411641;cluster7
0.998734483630891;0;N;1.3191494516677602;0.2748666671381456;0.2630668208823282;cluster2
0.1012042344360037;0;Y;2.1572083180261954;0.2048223314933352;0.1315334104411641;cluster8
0.1649529801469178;0;N;2.1418096862946654;0.1343205660705626;0.3946002313234923;cluster3
0.1605221942704151;0;Y;1.5099991600979383;0.2090591321679058;0;cluster8
0.687345425544525;0;Y;1.5141987869338105;0.4316376898067038;0.7892004626469847;cluster8
0.3887402234195455;0;N;1.517465163361711;0.3362061879474813;0.3946002313234923;cluster3
0.3281696131343944;0;Y;0.266909616679858;0.2876389001232028;0.1315334104411641;cluster6
0.0620123985514728;1.6;N;1.2664208036173683;0.0443923926960487;0.6576670522058206;cluster1
0.6747569086385762;0.4;Y;1.0116434422411404;0.2421704696957566;0.3946002313234923;cluster6
0.3720743913088372;0;Y;1.865567565535092;0.1935623838788896;0;cluster8
0.2015402952922868;0;N;1.9220292152173692;0.2233963821154578;0;cluster3
0.4140381814086188;0;N;1.656052848945483;0.4113906977334656;0.3946002313234923;cluster3
0.4000047756164205;0;Y;1.3200827020757315;0.2958674151768307;0.1315334104411641;cluster8
0.1240247971029457;0;N;1.7554440173944512;0.1239497461885624;0.5261336417646564;cluster3
0.0742908534646644;0.4;N;0.8217269842189336;0.2529320403696603;0.1315334104411641;cluster5
0.1547209343859247;0;N;2.033552638969968;0.2230234571375007;0.2630668208823282;cluster3
1.269083736355892;0;N;1.6098569537508924;0.4464055189338051;0.3946002313234923;cluster2
0.5261752017092473;0;N;1.9392943477648432;0.8373241270773374;0;cluster3
0.2027402352042578;0;N;1.716714125463633;0.1602910615354952;0.2630668208823282;cluster3
0.173634715944124;0;N;0.3956981729799295;0.1637283856423214;0.1315334104411641;cluster7
0.8991797789963565;0.4;N;0.2501111093363705;0.55902886227685;0.1315334104411641;cluster5
0.6182636135581845;0.4;Y;0.7937294719797877;0.4458727583102956;0;cluster6
0.1444888886249317;0;N;1.7764421515738107;0.2107169328649163;0;cluster3
0.1240247971029457;0;N;0.1301884319120286;0.1488113865240374;0.2630668208823282;cluster7
0.1853860654696281;0;N;1.4404720047040591;0.2599057374574581;0;cluster4
0.4928094306686272;0;N;0.7610657077007842;1.259672852363095;0;cluster2
0.5261752017092473;0;Y;1.125499992013667;0.4464055189338051;0.3946002313234923;cluster8
0.0192796547096529;0;Y;1.3756111013500376;0.0342019193333885;0.7892004626469847;cluster8
0.5298897443824804;0.4;Y;0.2963070045309614;0.421274999689223;0.3946002313234923;cluster6
0.5891177862389921;0.4;N;0.7419340743373677;0.3311302314875116;0;cluster5
0.2512990438899886;0;N;1.475002269799006;0.1694117623063877;0.6576670522058206;cluster4
0.0473774724933252;0;N;2.118945051299363;0.1253419497162718;0.2630668208823282;cluster3
0.2790557934816278;0;N;0.1768509523106052;0.3725663732982988;0.1315334104411641;cluster7
0.5891177862389921;0;N;0.5487512398872606;0.2979813777068783;0.3946002313234923;cluster7
0.3486337046563804;0;Y;1.1632966335365145;0.2279460668465344;0.6576670522058206;cluster8
0.5077575193394598;0;N;0.7410008239293963;0.2352757581182901;0.6576670522058206;cluster7
0.4148257388702225;0.8;N;0.6831392986351613;0.7146032432761393;0;cluster1
0.3676777122515377;0;Y;1.7316461319911771;0.1914471534039169;0.6576670522058206;cluster8
0.3373970580388535;0;Y;0.3793662908404276;0.3849409936718581;0.2630668208823282;cluster6
0.1240247971029457;0.8;N;0.3527686542132389;0.2482580224509327;0.3946002313234923;cluster1
0.0620123985514728;0;N;0.7815972166761579;0.08931918688551;0;cluster7
0.1177305386499712;0;N;1.6775176083288286;0.198410408592332;0;cluster3
0.2790557934816278;0;Y;0.4488934462343067;0.1352504917955965;0.7892004626469847;cluster6
0.6750669706313336;1.2;Y;0.6383432790525277;0.282716290414169;0.2630668208823282;cluster6
0.3389442673827127;0;N;0.133454808339929;0.3865591897362097;0;cluster7
1.061720476839622;0;Y;1.046173707336087;0.3501133062254575;0.2630668208823282;cluster8
0.2336131078231085;0;N;1.7951071597332413;0.254256669891364;0.2630668208823282;cluster3
0.2790557934816278;0;N;1.245889294641995;0.7454913512554011;0;cluster4
0.1571146129700116;0;Y;1.0051106893853397;0.0901458123916497;0.2630668208823282;cluster6
0.4085500841368135;0.4;Y;1.0102435666291831;0.528314761092303;0.1315334104411641;cluster6
0.216854257114573;0;N;1.8385033037039171;0.2381313938444988;0.2630668208823282;cluster3
0.607721505804434;0;N;1.839436554111889;0.5117917232639488;0.3946002313234923;cluster3
0.077515498189341;0;N;0.3583681566610682;0.0866572483928522;1.0522672835293128;cluster7
0;0;N;0.2244467231171533;0.0245030356766714;0.1315334104411641;cluster7
0.0930185978272093;0;N;0.2314461011769399;0.0593093918143328;0;cluster7
0.2311915236596735;0;N;1.568327310596159;0.3149979444510609;0.1315334104411641;cluster3
0.3389442673827127;0;N;1.6975824921002165;0.2693113529115098;0.1315334104411641;cluster3
0.0816579264125794;0;N;1.6392543416019956;0.1803160886618534;0;cluster3
0.0930185978272093;0;N;1.6583859749654115;0.1488113865240374;0.2630668208823282;cluster3
0.2790557934816278;0.4;Y;0.3509021533972959;0.2127413934002543;0.1315334104411641;cluster6
0.1445571022633383;0.4;N;0.6808061726152322;0.0841044277487446;0;cluster5
0.0620123985514728;0;N;1.648120220477725;0.0443923926960487;0.1315334104411641;cluster3
0.4893398369696723;0.4;N;1.0172429446889697;0.3473318079848667;0.7892004626469847;cluster4
0.8815682578077382;0;Y;1.9444272250086865;0.7566019797086726;0.2630668208823282;cluster8
0.8567012859885975;0;Y;2.006021751934808;0.4445097921008579;0.2630668208823282;cluster8
0.5891177862389921;0;N;0.3798329160444135;0.1488113865240374;0.1315334104411641;cluster7
0.5934090442187541;0.4;N;0.5188872268321715;0.375147014145762;0.1315334104411641;cluster5
0.7441487826176744;0;Y;1.2734201816771549;0.3104122351671136;0.1315334104411641;cluster8
1.0542107753750387;0;N;0.3425028997255521;0.8697997021027671;1.3153341044116411;cluster2
0.1177305386499712;0.4;N;0.2893076264711748;0.0592720993165371;0;cluster5
0.8116802846402282;0.8;Y;0.624344522932955;1.0131769004330091;0.1315334104411641;cluster6
0.173634715944124;0.8;Y;0.5128210991803568;0.2587261011671842;0.3946002313234923;cluster6
1.0480095355198913;0;N;1.022375821932813;0.3989579756483405;1.0522672835293128;cluster2
0.1342568428639387;0.8;Y;0.8473913704381507;0.1321540957036187;0.5261336417646564;cluster6
0.43408678986031;0.4;N;0.294907128919004;0.55902886227685;0.2630668208823282;cluster5
0.6666332844283333;0.4;Y;0.578148627738364;0.2793351288090232;0.3946002313234923;cluster6
0.0930185978272093;0.4;N;0.2342458524008544;0.0990880312680918;0.5261336417646564;cluster5
0.8346868845028247;0;Y;0.4600924511299651;0.2078827030324423;0.5261336417646564;cluster6
0.0930185978272093;1.2;Y;0.5949471350818515;0.0848813796478204;0.1315334104411641;cluster6
0;0.4;Y;0.1091902977326692;0.0327902491218297;0.3946002313234923;cluster6
0.0217043394930155;0.4;N;0.394764922571958;0.09020891129792;0;cluster5
0.8567012859885975;0.4;N;0.7657319597406417;0.42671508009767;0.3946002313234923;cluster5
0.1860371956544186;0.8;N;0.7535997044370117;0.401252881377693;0.2630668208823282;cluster1
0.2809471716374478;0;N;1.3378144598271908;0.299801251599309;0.2630668208823282;cluster4
0.2096422151630367;0;Y;0.1642520718029895;0.0886993109871496;0.6576670522058206;cluster6
0.8006172727386455;0.4;N;0.4050306770596448;0.4759411771880076;0.2630668208823282;cluster5
0.1240247971029457;0;N;0.5268198552999296;0.2660164115612676;0;cluster7
0.5077575193394598;0.4;N;1.04804020815203;0.6476358370394575;0.6576670522058206;cluster2
0.5829661563026861;0.4;N;1.0629722146795748;0.7029281555762319;0;cluster2
0.1395278967408139;0.4;N;0.6999378059786487;0.1363805290638021;0.1315334104411641;cluster5
0.1444888886249317;0;N;1.2734201816771549;0.1504096683945659;0.3946002313234923;cluster4
0.43408678986031;0.8;N;0.9719802999023502;0.6211830004080351;0.1315334104411641;cluster1
0.1453570622046524;0;N;0.2767087459635591;0.0844892863259963;0.5261336417646564;cluster7
0.1550309963786821;0.8;Y;0.6084792659974387;0.1488113865240374;0.5261336417646564;cluster6
0.1426285166683875;0;N;1.560861307332387;0.1388667453068465;0;cluster3
0.728645682979806;0;N;1.925762216849256;0.3318836145279806;0.1315334104411641;cluster3
0.7364592451972917;0.8;N;0.7815972166761579;0.4098919868320516;0;cluster1
0.3772834327871608;1.2;Y;1.146498126193027;0.4907090063151088;0;cluster6
1.4548108700175533;0;N;1.8011732873850563;0.2974841195412703;0.3946002313234923;cluster2
0.8567012859885975;0;Y;1.7722425247379388;0.8537887648541435;0.5261336417646564;cluster8
0.6566244833021255;0.4;N;0.8861212623689695;0.4131629863987089;0;cluster5
0.1918167511994158;0.4;Y;0.4381610665426341;0.3569731120249872;0;cluster6
0.6264678538865442;0;Y;1.2734201816771549;0.4515113839770069;0.1315334104411641;cluster8
0.1649529801469178;1.2;Y;0.4582259503140221;0.1567671442487874;0.1315334104411641;cluster6
0.6312490098148628;0.8;N;0.9159852754240584;0.3536516184163146;0.1315334104411641;cluster1
0.1240247971029457;0;N;1.5673940601881875;0.090377398802961;0;cluster3
0.2790557934816278;0;Y;0.6411430302764424;0.0742263909326169;0.3946002313234923;cluster6
0.0620123985514728;0;N;0.5944805098778657;0.0742263909326169;0;cluster7
0.2882088235078252;0.8;Y;1.115700862729966;0.1702785891251511;0.3946002313234923;cluster6
0.2204168694113551;0.4;N;0.6406764050724564;0.2516392586410743;0.3946002313234923;cluster5
0.8211929865780242;0;N;1.4535375104156605;0.3199466589085517;0.5261336417646564;cluster2
1.1831345519635508;0.8;N;0.94118303643929;0.8340983260180087;0.1315334104411641;cluster2
1.457291365959612;0;N;1.082570473246977;0.5110813757659362;0.3946002313234923;cluster2
0.4371874097878837;0;N;1.8604346882912484;0.2499155248079609;0.3946002313234923;cluster3
0.1605221942704151;0;N;0.9579815437827772;0.0917851905947491;0.1315334104411641;cluster4
0.2015402952922868;0;N;1.1964270230195038;0.1594663752392409;0;cluster4
0.0247119408227619;0.4;N;1.0909697269187206;0.0219796015208268;0;cluster4
0.1943220521008953;0;N;1.034508077236443;0.0899787420015249;0.1315334104411641;cluster4
1.0342427830414644;0;Y;1.865100940331106;0.3657045537038881;0.2630668208823282;cluster8
0.3622268224188633;0.4;N;0.398497924203844;0.4725997693855119;0;cluster5
0.7119023353709084;0.4;Y;1.3938094843054825;0.2974841195412703;0;cluster8
0.5891177862389921;0;Y;1.4908675267345222;0.5963213600725602;0.3946002313234923;cluster8
0.1547209343859247;0;N;0.3429695249295379;0.1272883197612256;0.2630668208823282;cluster7
0.8464692402276045;0.4;Y;0.8221936094229193;0.3011778668629398;0.1315334104411641;cluster6
0.5261752017092473;0.4;N;0.5972802611017802;0.4464055189338051;0.5261336417646564;cluster5
0.2790557934816278;0;N;0.8557906241098945;0.2327195065643854;0.1315334104411641;cluster4
0.5934090442187541;0;N;1.1287663684415676;0.5003155537472838;0;cluster2
0.0889753894416532;0;N;0.1437205628276158;0.0521167131794785;0;cluster7
0.168034996354926;0;N;0.0704604058018505;0.1592383689077179;0;cluster7
0.8567012859885975;0.4;N;0.7293351938297522;0.387890233567534;0.6576670522058206;cluster5
0.43408678986031;0;Y;0.8408586175823503;0.2793351288090232;0.9207338730881488;cluster6
0.7751549818934108;0.4;Y;0.6840725490431325;0.3874833724165829;0.2630668208823282;cluster6
0.2790557934816278;0;Y;0.2823082484113883;0.1488113865240374;0.1315334104411641;cluster6
1.3271149389203605;0;N;1.1721625124122437;0.7256285464944543;0.1315334104411641;cluster2
0.5077575193394598;0.4;N;0.9178517762400016;0.4316376898067038;0.3946002313234923;cluster5
0.3281696131343944;0.4;Y;1.1828948921039164;0.246496399440059;0.7892004626469847;cluster8
0.2790557934816278;0.4;N;0.4647587031698228;0.1488113865240374;0;cluster5
0.8991797789963565;0;N;0.4885565885730968;0.4471513688897192;0.1315334104411641;cluster7
0.0020464091521986;0;N;1.945827100620644;0.0526464904031644;0;cluster3
0.120924177175372;0;N;1.841303054927832;0.121463529945518;0.2630668208823282;cluster3
0.3852706297205905;0;N;0.6742734197594318;0.6672069398826462;0.2630668208823282;cluster7
0.021642327094464;0;Y;0.9360501591954464;0.0137131227044429;0.7892004626469847;cluster6
0.1860371956544186;0.4;N;0.5870145066140934;0.2744282565340592;0.2630668208823282;cluster5
0.2455597964040498;0;N;1.3555462175786497;0.2213999655384622;0.1315334104411641;cluster4
0.2499409723617113;0;N;0.6266776489528836;0.1498224607242746;0.1315334104411641;cluster7
0.1240247971029457;0.4;N;0.4988223430607837;0.092872639830472;0.6576670522058206;cluster5
0.4546501012199784;2;Y;0.928584155931674;0.2332893359307038;0.2630668208823282;cluster1
0.3410681920331007;0;Y;1.9523598534764444;0.2979813777068783;0.1315334104411641;cluster8
0.4100259792223385;0.4;N;0.3009732565708189;0.3654679700978721;0;cluster5
0.168034996354926;0;N;1.342947337071034;0.1492635207673125;0.2630668208823282;cluster4
0.2089569781590429;0;N;1.8291707996242024;0.5493825610420248;0;cluster3
0.1240247971029457;0;N;0.9761799267382224;0.1488113865240374;0;cluster4
0.2882088235078252;0;Y;0.8609235013537382;0.1702785891251511;0.5261336417646564;cluster6
0.8116802846402282;0;N;0.4596258259259795;0.6753317072074063;0;cluster7
0.1550309963786821;0;N;0.3523020290092533;0.1786453847606055;0;cluster7
0.747249402545248;0;N;0.8879877631849126;0.6236692166510794;0;cluster2
0.8567012859885975;0.4;N;1.0261088235646991;0.2665624483139924;0.3946002313234923;cluster2
0.077515498189341;0.4;Y;0.2127810930175091;0.2004471756519424;0.1315334104411641;cluster6
0.687345425544525;0;N;1.1334326204814251;0.191639731862534;0.3946002313234923;cluster4
0.5261752017092473;0;N;1.6602524757813548;0.3347144880356529;0.7892004626469847;cluster3
0.5891177862389921;0;N;0.4390943169506057;0.2979813777068783;0.6576670522058206;cluster7
0.0620123985514728;0;N;1.6910497392444157;0.089143390050901;0;cluster3
1.0542107753750387;0;Y;1.3863434810417106;0.5671359529576551;0.5261336417646564;cluster8
0.0465092989136046;0;N;0.9388499104193608;0.0617955334723816;0;cluster4
0.3218195435227236;0;N;1.4698693925551625;0.2229881038495904;0.3946002313234923;cluster4
0.2262150286759178;0;N;1.5589948065164436;0.2471382779121188;0.1315334104411641;cluster3
0.7406605851991539;0;N;1.6952493660802872;0.5299939676830483;0.6576670522058206;cluster2
0.3193607519201576;0;Y;1.336881209419219;0.3367625920145933;0.1315334104411641;cluster8
0.6225920789770771;0;N;0.6574749124159439;0.3140857699549778;0.2630668208823282;cluster7
0.2694314692264393;0.4;Y;0.4507599470502498;0.1200911660266358;0.7892004626469847;cluster6
0.1755446978195093;0;N;1.2272242864825642;0.2480690986570997;0;cluster4
0.0620123985514728;0.4;Y;0.5795485033503213;0.0742263909326169;0.3946002313234923;cluster6
1.4548108700175533;0;N;1.275286682493098;0.7144639930893701;0.2630668208823282;cluster2
0.3228303456191125;0;N;1.9472269762326009;0.3401010164172653;0;cluster3
0.2957185249724086;0.4;N;0.2407786052566552;0.2616187310512063;0;cluster5
0.3281696131343944;0;N;0.8305928630946631;0.2363517212646919;0.3946002313234923;cluster4
0.3912579268007352;1.2;Y;0.5884143822260507;0.3074446473625221;0;cluster6
0.8116802846402282;0;Y;1.2286241620945215;0.4050555973779216;0.3946002313234923;cluster8
0.0040928183043972;0;Y;0.7512665784170831;0.0559282302091869;0;cluster6
0.3097519307646069;0;N;0.3905652957360861;0.1486757910020521;0.2630668208823282;cluster7
0.1665404975498355;0;N;1.8525020598234907;0.3164387028109004;0.2630668208823282;cluster3
0.1240247971029457;0;Y;0.4232290600150896;0.0742263909326169;0.3946002313234923;cluster6
1.3565832307120202;0.4;Y;0.5291529813198583;0.6065191427647884;0;cluster6
0.1093898710447981;0;N;2.186139080673313;0.1347297393563772;0;cluster3
0.0930185978272093;0;N;1.9868901185713912;0.1985347417799828;0.1315334104411641;cluster3
0.2742932412728747;0.4;Y;1.02050932111687;0.1465201354594689;0.7892004626469847;cluster6
0.3441626107208192;0;N;1.341547461459077;0.2574881394103578;0.1315334104411641;cluster4
0.277716325672916;0;N;1.84596930696769;0.4364813140054063;0.2630668208823282;cluster3
0.1240247971029457;0;N;1.7213803775034904;0.1488113865240374;0.2630668208823282;cluster3
0.3772834327871608;0;N;0.600080012325695;0.1305927334059078;0.9207338730881488;cluster7
0.8815558553280278;0.4;N;1.6789174839407854;0.2740358648722527;0.1315334104411641;cluster2
0.4100259792223385;0.8;N;0.492289590204983;0.7069060717311046;0.3946002313234923;cluster1
0.0742908534646644;0;N;0.6182783952811397;0.0901023293392199;0.1315334104411641;cluster7
0.0620123985514728;0.4;N;0.8884543883888981;0.1488113865240374;0.1315334104411641;cluster5
0.1240247971029457;0;Y;0.4787574592893956;0.2482580224509327;0.1315334104411641;cluster6
0.2852973413958336;0;N;2.022820259278295;0.199868769011131;0.1315334104411641;cluster3
0.8061611811691471;0.4;Y;0.9388499104193608;0.8051593477285375;0.1315334104411641;cluster6
0.2790557934816278;0;N;1.377010976961995;0.7237675762694528;0;cluster4
0.3332360260960497;0;N;1.845502681763704;0.7178215112509136;0;cluster3
0.4184534641854837;0.8;Y;0.4488934462343067;0.3600310968442355;0.3946002313234923;cluster6
0.7303665270396095;0;N;1.6653853530251983;0.653738455963743;0.1315334104411641;cluster2
0.6697339043559069;0;N;0.3289707688099649;0.2805782369305454;0.6576670522058206;cluster7
0.3281696131343944;0.4;Y;0.8543907484979374;0.4316376898067038;0.2630668208823282;cluster6
0.5891177862389921;0.4;N;0.5506177407032036;0.2979813777068783;0.6576670522058206;cluster5
0.1612322362338294;0;N;0.5594836195789333;0.1537837444251306;0.3946002313234923;cluster7
0.1395278967408139;0.4;N;0.482023835717296;0.1021957642793996;0.2630668208823282;cluster5
0.2942860385658696;0;N;0.8226602346269053;0.195262921778374;0.6576670522058206;cluster4
0.2883576532643488;0;N;0.9085192721602862;0.3069315771778488;0;cluster4
0.0930185978272093;0.4;N;0.4096969290995025;0.0958801306077049;0.5261336417646564;cluster5
0.3795871933933481;0.8;Y;1.0550395862118167;0.1971767727652499;0;cluster6
0.3100619927573643;0;N;1.5132655365258385;0.3151932825545148;0.1315334104411641;cluster3
0.1204900903855117;0;N;1.950026727456516;0.2274053256284966;0.6576670522058206;cluster3
0.4359223568574336;0;Y;1.7983735361611417;0.1400401910424863;0;cluster8
1.0170033362441548;0;Y;1.670051605065056;0.6298846080886993;0;cluster8
0.0310061992757364;0;N;1.165163134352457;0.0327902491218297;0.2630668208823282;cluster4
0.3772834327871608;0;N;1.78204165402164;0.1960684397307613;0.2630668208823282;cluster3
0.1395278967408139;0;N;1.6649187278212128;0.2047501332176027;0.1315334104411641;cluster3
0.4030805905845736;0;N;0.6042796391615669;0.5797469331822436;0.1315334104411641;cluster7
0.6511301847904649;0;N;1.3163497004438454;0.2409457840681455;0.2630668208823282;cluster2
0.0155030996378682;0;N;1.4395387542960878;0.0504947878653475;0.2630668208823282;cluster4
0.687345425544525;0.4;Y;1.2286241620945215;0.5756364794902048;0;cluster8
0.1860371956544186;0;N;1.9700916112279037;0.2190089943347881;0.3946002313234923;cluster3
0.1916834245425301;0.4;Y;0.1768509523106052;0.1406089762188665;0.2630668208823282;cluster6
0.168034996354926;0;N;1.327082080135518;0.2656363264237337;0;cluster4
0.3565712916709689;0;Y;1.7274465051553054;0.2660164115612676;0.2630668208823282;cluster8
0.4709221545998849;0;Y;1.3452804630909627;0.207810653926701;0.2630668208823282;cluster8
0.1271254170305193;0.4;Y;0.5814150041662643;0.1083223995722656;0;cluster6
0.2204168694113551;0;N;1.4134077428728848;0.3554030232827923;0;cluster4
0.2276010057835432;0;Y;0.5926140090619229;0.1773774398355514;0.5261336417646564;cluster6
0.3505808939708966;0;N;1.167962885576372;0.3056089614510262;0.1315334104411641;cluster4
0.2506541149450533;0.8;N;1.869300567166978;0.2706534353221818;0.3946002313234923;cluster3
0.5298897443824804;0;N;1.0251755731567276;0.3369483086536159;0.2630668208823282;cluster4
0.43408678986031;0;Y;1.1646965091484716;0.2233963821154578;0.6576670522058206;cluster8
0.1240247971029457;0;N;2.1394765602747365;0.1239497461885624;0.1315334104411641;cluster3
0.3772834327871608;0;N;1.3466803387029205;0.4907090063151088;0.1315334104411641;cluster4
0.7119023353709084;0;Y;1.4362723778681874;0.3368218870860885;0.2630668208823282;cluster8
1.0219643281282726;0;N;1.2664208036173683;0.5625095202661148;0;cluster2
0.2790557934816278;0;N;1.2528886727017816;0.1861038843197476;0.3946002313234923;cluster4
0.9518903177651084;0.4;Y;1.2762199329010695;0.5250512200252049;0;cluster8
0.3410681920331007;0;Y;0.7461337011732396;0.2553613482610685;0.3946002313234923;cluster6
0.6898135190068737;0.8;N;0.8287263622787201;1.155589491015267;0;cluster1
0.1387403392792102;0.4;Y;0.717669563730108;0.1357490924911251;0.2630668208823282;cluster6
1.0342427830414644;0;N;0.3135721370784346;0.42671508009767;0.2630668208823282;cluster7
0.3852706297205905;0.8;N;0.4960225918368691;0.3847753403966496;0.6576670522058206;cluster1
0.1731386167557122;0.4;Y;0.4848235869412108;0.1633306238608324;0.2630668208823282;cluster6
0.4525044722300974;0;Y;0.6574749124159439;0.1547185181748779;0.5261336417646564;cluster6
0.1649529801469178;0;N;0.1357879343598578;0.180940290489958;0;cluster7
0.7119023353709084;0;N;0.8058617272834179;0.4464055189338051;0;cluster2
0.1550309963786821;0;Y;0.3737667883925983;0.1275014090936302;0.5261336417646564;cluster6
0.8311118697263322;0;N;1.179161890472031;0.5180947520713887;0.1315334104411641;cluster2
0.1593563611776473;0.4;Y;1.0452404569281155;0.0759604920801174;0.5261336417646564;cluster6
0.3722232210653606;0;Y;0.3392365232976517;0.3876265756081185;0;cluster6
0.3203436484371985;0.4;N;0.2179139702613525;0.2813638406891098;0;cluster5
0.892209585399171;0;N;1.4400053795000736;0.443798027487929;0.2630668208823282;cluster2
0.6004660551739117;0;N;0.7293351938297522;0.5059740936078181;0.2630668208823282;cluster7
0.5001734029966146;0;Y;0.9313839071555888;0.4255565513611485;0.1315334104411641;cluster6
0.3262968386981399;0.4;Y;1.054106335803845;0.1224253780486649;0.3946002313234923;cluster6
0.0408289632062897;0.4;N;1.0429073309081869;0.1325633435744288;0;cluster4
0.077515498189341;0.8;N;0.5991467619177232;0.1040603891691851;0.3946002313234923;cluster1
0.1550309963786821;0;N;0.9897120576538094;0.1275014090936302;0;cluster4
0.6697339043559069;0;N;1.7638432710661949;0.3742238010703314;0;cluster3
0.1144252778071777;0.4;N;1.633654839154166;0.0995937921231973;0.1315334104411641;cluster3
0.662788515718142;0;N;1.763376645862209;0.5559460406540698;0;cluster3
0.1444888886249317;0.4;N;0.2841747492273314;0.1358191278019855;0.5261336417646564;cluster5
0.43408678986031;0.8;N;1.0163096942809982;0.3725663732982988;0.5261336417646564;cluster1
0.7441487826176744;0;N;1.0993689805904645;1.1650319514571412;0;cluster2
0.3441626107208192;0;N;1.3452804630909627;0.6012837235842441;0.6576670522058206;cluster4
0.1550309963786821;0;N;0.9771131771461936;0.089143390050901;0;cluster4
0.7105566663223414;0;N;1.8641676899231348;0.2095025399666968;0.1315334104411641;cluster3
0.43408678986031;0;N;1.841303054927832;0.1861038843197476;0.5261336417646564;cluster3
0.4929985684842092;0;Y;1.8562350614553769;0.3497764803853667;0;cluster8
0.0040928183043972;0;N;1.8846991988985085;0.0207489490935684;0.3946002313234923;cluster3
0.1550309963786821;0.8;Y;0.5786152529423496;0.1488113865240374;0;cluster6
0.7119023353709084;0.4;N;0.6042796391615669;0.4464055189338051;0.1315334104411641;cluster5
0.3642391247518585;0;Y;1.542196299172956;0.2712863635947706;0;cluster8
0.0930185978272093;0;N;0.2193138458733099;0.0659391774874586;0;cluster7
0.5116022880496511;0;N;1.2449560442340235;0.1627960731974287;0.1315334104411641;cluster4
0.3348669521779534;0;N;0.9491156649070476;0.1596601470577874;0;cluster4
0.1854170716689038;0;Y;1.1007688562024216;0.1037620491868194;0.3946002313234923;cluster8
0.1860371956544186;0;N;1.825437797992316;0.1488113865240374;0.2630668208823282;cluster3
0.43408678986031;0.4;Y;0.6938716783268337;0.2793351288090232;0.5261336417646564;cluster6
0.7253218184174471;0;N;1.9252955916452696;0.4544756154567967;0.6576670522058206;cluster3
0.22609720511867;0;N;1.3980091111413546;0.3634406753327017;0.3946002313234923;cluster4
0.3281696131343944;0;N;1.877233195634736;0.191639731862534;0.3946002313234923;cluster3
1.3565832307120202;0.8;Y;0.524486729280001;0.6672069398826462;0.1315334104411641;cluster6
0.9419652333769452;0;Y;1.2066927775071905;0.5197457655338003;0;cluster8
0.1550309963786821;0;N;0.1068571717127403;0.1786453847606055;0.1315334104411641;cluster7
0.3939554661377243;0.4;N;0.5305528569318156;0.2552012888605293;1.3153341044116411;cluster5
0.4775698837246027;0;N;1.309350322384059;0.2181008474284669;0;cluster4
0.8567012859885975;0.8;N;0.5030219698966557;0.4741676951628348;0.3946002313234923;cluster1
0.3445408863519831;0;N;1.6691183546570847;0.2254847619920176;0;cluster3
0.2821564134092015;0;N;2.0568838991692564;0.7529498508145431;0.1315334104411641;cluster3
0.1854170716689038;0;Y;0.4796907096973674;0.0647168039947108;0.9207338730881488;cluster6
0.0155030996378682;0;Y;1.495067153570394;0.1115188887283271;0;cluster8
0.3015135836170438;0.4;Y;0.6322771514007126;0.2662653762765518;0;cluster6
1.0045605484748017;0.4;Y;1.1012354814064076;0.4148150440510589;0;cluster8
0.7241807902841001;0;Y;0.7013376815906062;0.6051721377444073;0;cluster6
0.5261752017092473;0;N;0.0811927854935232;0.3825820940162883;0;cluster7
0.7361553844443894;0.8;N;0.9304506567476172;0.6147736879818776;0;cluster1
0.5891177862389921;0;N;1.9042974574659104;0.4968747241456648;0;cluster3
0.3262968386981399;0.4;N;0.3294373940139506;0.1906386520517059;0.2630668208823282;cluster5
0.0040928183043972;0;N;1.235623540154308;0.0621823312595187;0.1315334104411641;cluster4
0.6969139386410175;0;Y;1.114300987118009;0.3498418168415048;0.3946002313234923;cluster8
0.4100259792223385;0.8;N;0.4218291844031323;0.1925317684098074;0.1315334104411641;cluster1
0.9802175814234212;0;Y;1.3098169475880448;0.6946371382962984;0.3946002313234923;cluster8
0.662788515718142;0;Y;0.8254599858508197;0.8340983260180087;0;cluster6
0.5373188297289468;0.4;N;0.4848235869412108;0.6831905044378874;0.2630668208823282;cluster5
0.4893398369696723;0;Y;0.4110968047114596;0.1468985051421042;0.3946002313234923;cluster6
0.1426285166683875;0;N;1.6803173595527428;0.1388667453068465;0.2630668208823282;cluster3
0.8006172727386455;0;N;0.8352591151345208;0.3074042968799071;0.3946002313234923;cluster2
0.799959941314;0;Y;1.3737446005340943;0.5256619219691073;0;cluster8
0.8836766793584881;0.4;N;0.6509421595601436;0.2930090198057851;1.0522672835293128;cluster5
0.2790557934816278;0.8;Y;0.5944805098778657;0.1959177034546711;0.3946002313234923;cluster6
0.6262849173108174;0;N;1.6593192253733835;0.5266763524941463;0;cluster3
0.8991797789963565;0;N;1.146031500989041;0.4299394640420828;0;cluster2
0.3772834327871608;1.6;N;0.9901786828577952;0.3270197777954728;0.1315334104411641;cluster1
0.2790557934816278;0.4;Y;0.244978232092527;0.1239497461885624;0.3946002313234923;cluster6
0.4893398369696723;0.4;Y;0.9458492884791476;0.24997847454424;0.3946002313234923;cluster6
0.3609865744478338;0.4;Y;0.5828148797782217;0.2091821228256361;0.3946002313234923;cluster6
0.8514953451302014;0;N;1.978957490103633;0.4933264175653986;0.5261336417646564;cluster3
0.1974970869067307;0;Y;0.3415696493175806;0.1828618983163753;0.3946002313234923;cluster6
0.1550309963786821;0.4;N;0.7983957240196453;0.0742263909326169;0.2630668208823282;cluster5
0.2336131078231085;0;Y;1.6896498636324584;0.4711511796011353;0.3946002313234923;cluster8
0.3526924161415742;0;N;0.410630179507474;0.2973774629975745;0.6576670522058206;cluster7
0.5271053876875194;0.4;Y;0.4451604446024206;0.2233963821154578;0.1315334104411641;cluster6
0.184499288170342;0;N;1.0877033504908205;0.3452384309136023;0.1315334104411641;cluster4
0.3117983399168055;0;Y;1.3956759851214255;0.2057943231558825;0.2630668208823282;cluster8
0.1550309963786821;0.8;N;0.5193538520361575;0.0810068382968373;0.2630668208823282;cluster1
1.1831345519635508;0.8;N;0.2426451060725982;0.583761246814965;0.1315334104411641;cluster1
0.1697651422745121;0;N;1.990623120203277;0.2008717134468488;0;cluster3
0.3705612887841812;0;Y;1.9210959648093984;0.1416950829246687;0.3946002313234923;cluster8
0.5934090442187541;0;N;1.8599680630872628;0.2727363704940634;0.2630668208823282;cluster3
