AMT_CREDIT;CNT_CHILDREN;FLAG_OWN_CAR_COD;AGE_YEARS;CREDIT_INCOME_RATIO;SER_CREDITOS_ATIVOS
0.2897064229328433;0.8;Y;0.7158030629141646;0.1673522468231218;0.39460023132349237
0.8521278715954264;0.0;Y;0.9047862705284;0.38588993857076775;0.2630668208823282
0.3100619927573643;0.0;Y;1.3046840703442015;0.18196024030467062;0.39460023132349237
0.14448888862493176;0.0;N;1.5239979162175112;0.07639614303936693;0.0
0.1813056496449412;0.0;N;1.6135899553827782;0.20392671486627345;0.1315334104411641
0.07429085346466448;0.0;N;1.461003513679433;0.13295222974144247;0.39460023132349237
0.5891177862389921;0.4;N;1.0251755731567276;0.5963213600725602;0.0
0.5271053876875194;0.0;Y;0.39663142338790097;0.42627480486869396;0.2630668208823282
0.5077575193394598;0.0;N;2.0209537584623516;0.44653410346620465;0.2630668208823282
0.5891177862389921;0.4;N;0.13532130915587204;0.6776868030282011;0.0
0.19769552658209547;1.6;N;0.713469936894236;0.36640065546774286;0.39460023132349237
0.12402479710294571;0.0;Y;0.09472491640911053;0.12394974618856243;0.39460023132349237
0.37759349477991827;0.0;N;1.895431578590181;0.16345488246348774;1.0522672835293128
0.7441487826176744;0.8;Y;1.1576971310886852;0.13282886615873427;0.1315334104411641
0.5023004282669302;0.0;Y;0.4493600714382925;0.32035687638430443;0.2630668208823282
0.06697339043559068;0.4;N;0.32150476554619273;0.09391682976875193;0.39460023132349237
0.49609918841178285;0.0;Y;1.8898320761423517;0.22208786295280195;0.1315334104411641
0.2821564134092015;0.0;N;0.5725491252905348;0.7529498508145431;0.0
0.5077575193394598;0.0;N;1.9084970843017823;0.19902431769104498;0.0
0.5373188297289468;0.0;N;2.0158208812185086;0.3902408542885933;0.39460023132349237
0.12402479710294571;0.0;N;2.095613791100075;0.19591770345467113;0.0
0.4893398369696723;0.0;Y;0.25151098494832785;0.20825562801039949;0.2630668208823282
0.31603998797772626;0.4;N;0.34110302411359483;0.3335673708034569;0.0
0.15506200257795788;0.4;Y;0.10825704732469771;0.08102041276603501;0.2630668208823282
0.2027402352042578;0.0;N;0.8035286012634888;0.22455095784721305;0.1315334104411641
0.3138447490690041;0.0;Y;1.927628717665199;0.18398238870514527;0.39460023132349237
0.6750669706313336;0.4;Y;0.40129767542775874;1.1319410502180824;0.0
0.22760100578354328;0.8;N;0.39663142338790097;0.1633456154449463;0.5261336417646564
0.607721505804434;0.8;Y;1.2010932750593615;0.2191343717123773;0.5261336417646564
0.43408678986031;0.8;N;0.7587325816808552;0.3725663732982988;0.0
0.4608823472744014;0.8;N;0.6901386766949478;0.26258169792928715;0.2630668208823282
0.217043394930155;0.0;N;1.6849836115926005;0.19853474177998287;0.0
0.3262968386981399;0.0;N;1.8837659484905367;0.21451330914051966;0.1315334104411641
1.1472293732022478;0.0;Y;1.871167067982921;0.5664873618359919;0.5261336417646564
0.12402479710294571;0.8;N;0.8529908728859801;0.09287263983047205;0.5261336417646564
0.12402479710294571;0.4;Y;0.7158030629141646;0.12394974618856243;0.2630668208823282
0.24804959420589143;0.0;N;1.0443072065201442;0.1488113865240374;0.1315334104411641
0.13952789674081392;0.0;N;1.4554040112316036;0.12209436983823026;0.2630668208823282
0.5261752017092473;0.0;N;1.7745756507578676;0.2624437902724386;1.0522672835293128
0.34454088635198316;0.0;Y;0.49322284061295457;0.25774806811999396;0.1315334104411641
0.14448888862493176;0.8;N;0.4026975510397159;0.26348581724584635;0.0
0.1085216974650775;0.4;N;0.4446938193984349;0.1338943874057533;0.1315334104411641
0.14448888862493176;0.0;N;0.12085592783231336;0.16850182536017236;0.0
0.37728343278716087;0.0;N;0.2095147165896088;0.2802514800648594;0.0
0.2027402352042578;0.0;Y;0.9509821657229909;0.21590059005852008;0.2630668208823282
0.43408678986031;0.8;Y;0.6248111481369405;0.3020129950585769;0.1315334104411641
0.5077575193394598;0.8;Y;0.6822060482271897;0.3699239014894904;0.0
0.8116802846402282;0.0;N;1.0830370984509625;0.5064091478871029;0.0
0.41796356623692704;0.0;N;1.5216647901975826;0.3082101877572725;0.1315334104411641
0.43408678986031;0.0;N;1.4404720047040591;0.38542587072819795;0.0
0.15472093438592477;0.0;N;2.0097547535666935;0.7087908345696999;0.1315334104411641
0.05556310910211969;0.0;N;1.0293751999925995;0.05170172226400793;0.2630668208823282
0.23254649456802323;0.0;Y;1.281819435348899;0.01372968057346427;0.2630668208823282
0.217043394930155;0.0;N;0.15911919455914617;0.13223695963372076;0.1315334104411641
0.5891177862389921;0.4;N;0.45915920072199357;0.3311302314875116;0.39460023132349237
0.17673533587169762;0.0;N;0.1488534400714594;0.12457126295682575;0.2630668208823282
0.8341907853144128;0.4;Y;1.0466403325400728;0.29695851907733756;0.1315334104411641
0.272705723869957;0.8;Y;0.47595770806548116;0.2918713748680291;0.5261336417646564
0.4650557816969156;0.4;Y;1.189894270163703;0.17010860992019836;0.0
0.7119023353709084;0.0;Y;0.5286863561158727;0.39676502760796156;0.1315334104411641
0.21309940638228134;0.0;N;1.7251133791353763;0.19537233796690665;0.5261336417646564
0.13952789674081392;0.0;N;1.00837706581324;0.08168489049175898;0.1315334104411641
0.29196367424011693;0.4;N;0.40643055267160216;0.15502133325697906;0.0
0.13425684286393874;0.0;N;1.3308150817674045;0.2646667214810453;0.2630668208823282
0.747249402545248;0.0;N;1.841769680131818;0.3979570450075037;0.6576670522058206
0.3565712916709689;0.8;Y;0.8455248696222076;0.15502677796165723;0.39460023132349237
0.14448888862493176;0.8;Y;0.8459914948261936;0.10517916410305642;0.2630668208823282
0.08414462359449353;0.0;N;0.7815972166761579;0.08357890186980749;0.39460023132349237
0.2058811631908899;0.0;Y;1.0531730853958736;0.2031518513470742;0.5261336417646564
0.7441487826176744;0.4;Y;1.7666430222901095;0.7454913512554011;0.0
0.4409856691991614;0.0;N;0.8511243720700371;0.3240328724770232;0.39460023132349237
0.07751549818934107;0.4;N;0.24311173127658403;0.1301651376261823;0.2630668208823282
0.2425490944543758;0.4;N;0.45495957388612174;0.26285482818314293;0.39460023132349237
0.15503099637868215;0.0;N;1.2790196841249841;0.08251360437777523;0.2630668208823282
0.3332360260960497;0.0;N;1.1394987481332404;0.17487735078332697;0.2630668208823282
0.8346868845028247;0.0;N;1.2930184402445573;0.6937791125070146;0.9207338730881487
0.09848189013959405;0.0;N;1.2197582832187919;0.07950857490539691;0.0
0.13425684286393874;0.0;N;2.203870838424772;0.198410408592332;0.1315334104411641
0.12402479710294571;0.0;N;1.5165319129537391;0.3725663732982988;0.1315334104411641
0.23874773442317052;0.0;N;1.1824282668999306;0.25919717999933967;0.7892004626469847
0.6750669706313336;0.0;Y;0.578148627738364;0.2422770516544568;0.2630668208823282
0.3720743913088372;0.0;N;0.5916807586539511;0.3874833724165829;0.0
1.3565832307120202;0.0;N;1.3555462175786497;0.7413808975633622;0.39460023132349237
0.8116802846402282;0.0;Y;0.41856280797523193;0.4050555973779216;0.0
0.1697651422745121;0.0;N;0.3551017802331678;0.09076456951507612;0.39460023132349237
0.2922520318933813;0.0;N;1.7232468783194335;0.11570012358118219;0.1315334104411641
0.2821564134092015;0.0;Y;1.5454626756008565;0.2786445463348422;0.2630668208823282
0.5032151111455644;0.0;N;1.5916585707954474;0.42799548071698795;0.39460023132349237
0.7442666061749221;0.0;Y;1.0121100674451262;0.21156280129991867;0.6576670522058206
0.9383716148808874;0.0;Y;1.946760351028615;0.4322620408047996;0.5261336417646564
0.15217222480545925;0.0;Y;1.887498950122423;0.19122108628227935;0.0
1.1315650413281457;0.4;Y;0.978513052758151;0.4657329525963966;0.1315334104411641
1.1315650413281457;0.0;N;0.819393858199005;0.4657329525963966;0.1315334104411641
0.43408678986031;0.0;N;1.903364207057939;0.6577442669069671;0.0
0.15503099637868215;0.0;N;0.04946227162249112;0.17864538476060557;0.5261336417646564
0.13937286574443525;0.0;N;1.7918407833053407;0.3149064286614703;0.1315334104411641
0.662788515718142;0.0;Y;1.558061556108472;0.6672069398826462;0.39460023132349237
0.2821564134092015;0.0;N;1.5631944333523158;0.2786445463348422;0.0
0.05674134467459766;0.0;N;2.012554504790608;0.17553765174929783;0.0
0.06201239855147286;0.4;Y;0.8931206404287559;0.06357140221741336;0.0
0.1435773063662251;0.4;N;0.41856280797523193;0.07331831861129137;0.7892004626469847
0.33535374950658253;0.0;N;1.1147676123219947;0.3521509683050152;0.0
0.23668892279126158;0.0;N;0.44002756735857723;0.11672081924585077;0.2630668208823282
0.5150315736895474;0.0;Y;1.0471069577440586;0.22226619567726102;0.1315334104411641
0.24804959420589143;0.4;Y;0.2580437378041286;0.22339638211545784;0.39460023132349237
0.314849349925538;0.0;N;1.5463959260088282;0.5542753367528219;0.0
0.13937286574443525;0.0;N;2.082548285388473;0.20981810908304416;0.0
0.06201239855147286;0.0;Y;2.0377522658058393;0.08914339005090102;0.1315334104411641
0.0930185978272093;0.4;Y;0.39149854614405755;0.1488113865240374;0.39460023132349237
0.564312826818403;0.8;N;0.5398853610115312;0.5724541614833056;0.0
0.10529705274040091;0.0;Y;0.8968536420606419;0.2977101866629079;0.0
0.38953088150107673;0.8;Y;0.6532752855800723;0.19799362763696715;0.9207338730881487
0.662788515718142;0.0;N;1.630855087930252;0.33342416761192134;0.1315334104411641
0.14448888862493176;0.0;N;1.8562350614553766;0.26348581724584635;0.2630668208823282
0.48343935724749965;0.0;N;1.0695049675353754;0.41213871065425195;0.39460023132349237
0.49609918841178285;0.0;Y;1.0247089479527418;0.5068193653628557;0.1315334104411641
0.04621163940055758;0.4;N;1.0153764438730264;0.15443009799692586;0.1315334104411641
0.41796356623692704;0.8;N;0.5095547227524562;0.3082101877572725;0.5261336417646564
0.8567012859885975;0.8;Y;1.0242423227487563;0.711430845073654;0.39460023132349237
0.06185736755509418;0.0;N;0.3205715151382212;0.08899422005971817;0.2630668208823282
0.34454088635198316;0.0;Y;0.9374500348074035;0.20039108773525774;0.39460023132349237
0.1085216974650775;0.0;N;0.48062396010533887;0.11151888872832716;0.5261336417646564
0.19223843550956587;0.4;N;0.34670252656142403;0.1530733969271179;0.0
0.7119023353709084;0.0;N;1.2300240377064788;0.14856279473373118;0.5261336417646564
0.6426716936280441;0.0;N;1.0662385911074752;0.736242811802065;0.2630668208823282
0.44338864964303093;0.0;N;1.8595014378832773;0.4561015683606897;0.1315334104411641
0.130226036958093;0.4;Y;0.6588747880279013;0.12892202950466006;0.2630668208823282
0.0918403622547313;0.0;N;2.178206452205555;0.19664520550166983;0.0
0.18854869779575323;0.0;Y;1.8310373004401455;0.2637095722326206;0.9207338730881487
0.039191835884530846;0.4;Y;0.34203627452156626;0.11221499049218189;0.6576670522058206
0.03509901758013364;0.0;N;1.8263710484002875;0.10565151088013687;0.1315334104411641
0.12402479710294571;0.4;Y;0.3798329160444135;0.10619135707822758;0.2630668208823282
0.37835934790202896;0.0;N;1.950959977864487;0.35132829580364183;0.5261336417646564
0.33176633225037977;0.0;N;1.1889610197557312;0.19356238387888966;0.9207338730881487
0.4100259792223385;0.0;Y;0.6803395474112466;0.35327369624365285;0.1315334104411641
0.18541707166890384;0.4;N;0.5030219698966557;0.20788270303244236;0.2630668208823282
0.3441626107208192;0.0;Y;0.7559328304569408;0.30046259675521814;0.7892004626469847
0.13952789674081392;0.0;Y;0.10779042212071187;0.16372838564232148;0.1315334104411641
0.8991797789963565;0.0;Y;0.330837269625908;0.55902886227685;0.0
0.6750669706313336;0.0;N;0.1418540620116728;0.65289124499882;0.1315334104411641
0.5891177862389921;0.0;N;1.4843347738787211;0.7454913512554011;0.1315334104411641
0.687345425544525;0.0;N;1.5631944333523158;0.5756364794902048;0.2630668208823282
0.2015402952922868;0.0;Y;0.5501511154992179;0.22339638211545784;0.0
0.4100259792223385;0.4;Y;0.8338592395225636;0.11751880411368337;0.0
0.34454088635198316;0.4;N;0.44842682103032094;0.1803160886618534;0.0
0.5891177862389921;0.0;N;1.7433117620908214;0.24825802245093279;0.5261336417646564
0.2821564134092015;0.8;Y;1.000911062549468;0.30096477753053513;0.0
0.19432205210089537;0.0;N;1.6569860993534546;0.5416654753031673;0.0
0.049721541158570935;0.0;Y;1.643920593641853;0.08790938129884096;0.0
0.13952789674081392;0.0;N;1.7549773921904652;0.16372838564232148;0.1315334104411641
0.7119023353709084;0.0;N;1.9920229958152345;0.7144639930893701;0.1315334104411641
0.46509298913604646;0.0;N;0.922984653483845;0.19853474177998287;0.1315334104411641
0.14858170692932895;0.0;N;2.1058795455877615;0.2156395425739501;0.1315334104411641
0.15503099637868215;0.0;N;0.24031198005266938;0.17864538476060557;0.1315334104411641
0.19763661480347158;0.0;N;2.051751021925413;0.2196402817374739;0.0
0.19840246792558225;0.0;N;0.9463159136831333;0.13760126168664688;0.39460023132349237
0.1085216974650775;0.8;N;1.08443697406292;0.1674576354218925;0.39460023132349237
0.2694314692264393;0.8;N;0.4148298063433459;0.32814086486420746;0.2630668208823282
0.27905579348162785;0.4;N;0.8973202672646277;0.24825802245093279;0.5261336417646564
0.35710149767858407;0.0;N;0.332703770441851;0.2330383574205387;0.0
1.0542107753750387;0.0;Y;0.3159052630983635;0.401252881377693;0.1315334104411641
0.049721541158570935;0.8;N;0.4288285624629189;0.10752441470443305;0.0
0.6356270851525968;0.0;N;1.1754288888401443;0.6410723574274123;0.1315334104411641
0.6747569086385762;0.0;Y;1.146031500989041;0.5301737921074192;0.39460023132349237
0.1085216974650775;0.0;N;0.9817794291860513;0.1674576354218925;0.1315334104411641
0.5077575193394598;0.0;N;0.9407164112353038;0.323638616190327;1.0522672835293128
0.7596518822555425;0.0;N;1.5169985381577247;0.4419477975022927;0.39460023132349237
0.1860371956544186;0.0;Y;1.0060439397933114;0.17367302685951233;0.39460023132349237
0.03714542673233224;0.0;N;1.9038308322619246;0.19250939291112995;0.0
0.7856846871674508;0.8;Y;1.1950271474075462;0.3270645287928277;0.5261336417646564
0.3281696131343944;0.4;N;0.3014398817748048;0.191639731862534;0.0
0.38204598499591397;0.0;N;0.6509421595601436;0.522584246711023;0.0
0.6750669706313336;0.0;Y;0.9491156649070476;0.42425377524315316;0.2630668208823282
0.08153390161547652;0.4;N;0.11712292620042714;0.06731982034085138;0.1315334104411641
0.5373188297289468;0.0;N;1.6093903285469067;0.3902408542885933;0.39460023132349237
0.5856078844809788;0.0;N;1.530530669073312;0.5929441514721807;0.1315334104411641
0.22812190993137563;0.0;N;0.15725269374320314;0.16810876243340558;0.2630668208823282
0.1781058098796852;0.0;N;1.796040410141213;0.20923142350772206;0.2630668208823282
0.2954270666992167;0.4;N;0.7535997044370117;0.15668756205849135;0.0
0.17313861675571224;0.0;N;0.3135721370784346;0.06979387922961439;0.39460023132349237
0.15676734353812338;0.0;N;0.6845391742471185;0.2653394781412799;0.1315334104411641
0.12402479710294571;0.4;N;0.39849792420384406;0.1488113865240374;0.2630668208823282
0.1085216974650775;0.4;N;1.0895698513067633;0.09553636836302402;0.2630668208823282
0.3441626107208192;0.0;N;1.9360279713369428;0.45087316016973117;0.1315334104411641
0.13425684286393874;0.0;N;1.7535775165785081;0.12387202862315616;0.2630668208823282
0.12402479710294571;0.0;N;1.5552618048845577;0.14307408490815854;0.2630668208823282
0.020107520230315076;0.0;N;1.865100940331106;0.11141715479434047;0.2630668208823282
0.662788515718142;0.0;N;1.4246067477685431;0.37051110915978164;0.1315334104411641
0.0826997347082442;0.0;N;1.147898001804984;0.07778939075701467;0.2630668208823282
0.18541707166890384;0.0;N;1.1922273961836318;0.25994302995525387;0.0
0.36040055728152237;0.4;N;0.2580437378041286;0.348353846179456;0.1315334104411641
0.27905579348162785;0.0;N;1.5043996576501093;0.32392397838345977;0.39460023132349237
0.5077575193394598;0.0;Y;1.2262910360745929;0.323638616190327;0.1315334104411641
0.0930185978272093;0.0;Y;0.821260359014948;0.1189773882874692;0.0
0.14448888862493176;0.0;Y;1.2239579100546636;0.10517916410305642;0.0
0.217043394930155;0.8;N;0.7181361889340937;0.1751354894530689;0.1315334104411641
0.3720743913088372;0.4;Y;0.8133277305471899;0.5383107913714564;0.1315334104411641
0.2694314692264393;0.4;N;1.2328237889303937;0.1803160886618534;0.2630668208823282
0.5410333724021801;0.0;N;0.8095947289153038;0.6876581456738137;0.1315334104411641
0.11112621820423937;0.0;N;1.574393438247974;0.28455607850042264;0.0
0.5829661563026861;0.4;N;1.3065505711601446;0.7380925196927322;0.0
0.6182636135581845;0.4;N;1.1931606465916034;0.23274732676774101;0.2630668208823282
0.9022803989239301;0.0;Y;1.5589948065164436;0.4985321519176973;0.0
1.0542107753750387;0.0;N;1.8268376736042733;0.401252881377693;0.6576670522058206
0.799959941314;0.0;N;1.687316737612529;0.39941697171121016;0.1315334104411641
0.13952789674081392;0.8;N;0.7190694393420651;0.20475013321760274;0.0
0.2200944049388875;0.0;N;1.0200426959128843;0.20098112963538148;0.5261336417646564
0.1457291365959612;0.0;Y;1.580926191103775;0.10592501405897063;0.39460023132349237
0.5936756975325254;0.0;N;0.3317705200338795;0.5005293889296444;0.0
1.1315650413281457;0.4;Y;0.7074038092424209;0.4657329525963966;0.7892004626469847
0.4502906296018099;0.0;N;1.7554440173944512;0.2569198763289468;0.2630668208823282
0.5261752017092473;0.0;N;1.3583459688025645;0.6088652138011164;0.39460023132349237
0.36423912475185855;0.0;N;1.2272242864825642;0.22601215249584453;0.2630668208823282
0.86817357972062;0.4;N;1.574393438247974;0.4803002226703525;0.39460023132349237
0.7785842675333071;0.0;N;0.9295174063396456;0.5560582164874392;0.5261336417646564
0.37728343278716087;0.4;N;0.48808996336911115;0.2451752008281526;0.0
0.5138967467960556;0.0;N;0.26317661504797196;0.2617927378459211;0.39460023132349237
0.1674334760889767;0.0;N;0.6966714295507485;0.07919874883371016;0.39460023132349237
0.37575172654293953;0.0;N;1.652786472517583;0.3910216846074399;0.2630668208823282
0.3565650904311138;0.0;N;1.8375700532959462;0.3449368091914306;0.1315334104411641
0.20558970491769796;0.0;N;0.4493600714382925;0.3158237495222491;0.0
0.22014401485772864;0.8;N;0.7797307158602148;0.09258578593742743;0.9207338730881487
0.15503099637868215;0.0;N;0.10172429446889694;0.22339638211545784;0.0
0.31179833991680556;0.0;Y;0.9794463031661227;0.11744310034315808;0.2630668208823282
0.5891177862389921;0.4;N;0.533819233359716;0.7454913512554011;0.39460023132349237
0.1860371956544186;0.0;N;1.342947337071034;0.1156625327434041;0.6576670522058206
0.12402479710294571;0.0;N;2.0914141642642026;0.2068219552251412;0.39460023132349237
0.2318767606636673;0.0;Y;1.238889916582208;0.2525859659901161;0.2630668208823282
0.8341907853144128;0.0;Y;0.9780464275541654;0.2077633670394961;0.39460023132349237
0.5077575193394598;0.0;N;1.4801351470428492;0.5396367634230806;0.0
0.7119023353709084;0.0;Y;1.6037908260990772;0.2745731751804934;0.5261336417646564
0.15068082662029633;0.4;Y;0.41902943317921776;0.17445967480801503;0.39460023132349237
0.06697339043559068;0.4;N;0.7759977142283289;0.1305795318616882;0.1315334104411641
0.2080639996199017;0.0;Y;0.5664829976387198;0.2126340655915982;0.5261336417646564
0.168034996354926;0.4;N;0.3924317965520291;0.10603935285721228;0.0
0.005351669994992108;0.8;N;1.0195760707088986;0.016790126697567024;0.0
0.272705723869957;0.4;N;1.568327310596159;0.2431664031418889;0.1315334104411641
0.3441626107208192;0.0;Y;1.1287663684415676;0.1384819613145904;0.6576670522058206
0.4898979485566356;0.4;N;0.636010153032599;0.20847938299717372;0.39460023132349237
0.8730725592061864;0.0;Y;2.0172207568304654;0.543328720704856;0.39460023132349237
0.7914022303138966;0.4;Y;0.3359701468697514;0.5991239658669033;0.39460023132349237
0.35058089397089665;0.0;N;1.6229224594624938;0.2618993198046212;0.39460023132349237
0.23668892279126158;0.0;Y;1.377010976961995;0.32160990431024034;0.0
0.24804959420589143;0.0;N;1.5300640438693263;0.1674576354218925;0.2630668208823282
0.3705364838247607;0.4;Y;0.28277487361537407;0.19282250072262277;0.1315334104411641
0.1860371956544186;0.0;N;1.9206293396054122;0.1301651376261823;0.2630668208823282
1.0072301822324428;0.0;N;0.5174873512202142;0.8321292821343952;0.2630668208823282
0.3719131590726033;0.0;N;0.9332504079715318;0.3227137622449934;0.2630668208823282
0.5814282488186095;0.0;Y;1.1945605222035607;0.39780429493653247;0.1315334104411641
0.13952789674081392;0.0;N;1.7974402857531702;0.16372838564232148;0.1315334104411641
0.1649529801469178;0.0;N;0.9323171575635602;0.21390372597155097;0.0
0.13937286574443525;0.0;Y;1.5715936870240594;0.1362562704611468;0.1315334104411641
0.662788515718142;0.0;N;1.5071994088740235;0.26454835509304175;0.39460023132349237
0.5261752017092473;0.0;N;1.6495200960896823;0.3347144880356529;0.9207338730881487
0.892209585399171;0.0;N;1.0452404569281155;0.6341508698365286;0.1315334104411641
0.399979970657;0.0;N;1.5510621780486857;0.2407417195202074;0.6576670522058206
0.12402479710294571;0.0;Y;0.6593414132318873;0.08251360437777523;0.0
0.45388114747794017;0.0;Y;0.8441249940102503;0.3426972455288071;0.39460023132349237
0.5891177862389921;0.8;Y;0.587947757022065;0.24023812162997413;0.39460023132349237
0.15217222480545925;0.4;Y;0.5221536032600719;0.17589469012319395;0.7892004626469847
0.6047356088141805;0.0;N;0.7456670759692537;0.4365752165148558;0.2630668208823282
0.055215839670231436;0.0;Y;1.944893850212672;0.1724796669300496;0.5261336417646564
0.2015402952922868;0.0;N;1.9579593559242738;0.0857009941643746;0.1315334104411641
0.34454088635198316;0.0;Y;0.6546751611920295;0.12869476902309301;0.1315334104411641
0.34454088635198316;0.0;N;1.1077682342622082;0.15020366463674242;0.39460023132349237
0.11991957631883822;0.0;N;1.5781264398798602;0.13410434416834316;0.2630668208823282
0.10938987104479812;0.0;Y;0.4022309258357302;0.05004750164678582;0.7892004626469847
0.32556509239523246;0.0;N;1.7059817457719602;0.5041869625284521;0.39460023132349237
0.27070272339674445;0.0;Y;0.4852902121451964;0.21956771053676344;0.1315334104411641
0.015503099637868214;0.8;Y;0.38309929247231383;0.06179553347238164;0.1315334104411641
0.15503099637868215;0.0;N;1.4876011503066218;0.22339638211545784;0.0
0.7364592451972917;0.4;Y;0.9239179038918164;0.36886695751696436;0.0
0.43730523334513144;0.8;Y;1.2010932750593615;0.18739420474347918;0.0
0.27905579348162785;0.0;N;0.6780064213913178;0.2127413934002543;0.2630668208823282
0.1649529801469178;0.0;N;1.9640254835760882;0.18819226419630736;0.0
0.19763661480347158;0.4;N;0.9943783096936673;0.13714069933886988;0.0
0.05418333323434941;0.0;N;1.9868901185713912;0.17040993330238768;0.39460023132349237
1.1570273321733806;0.0;N;1.6574527245574404;0.5712011335573698;0.2630668208823282
0.19432205210089537;0.0;Y;0.5366189845836308;0.12009116602663587;0.1315334104411641
0.4893398369696723;0.0;N;0.6210781465050544;0.35726578354768807;0.0
0.2956255063745814;0.0;N;1.4521376348037034;0.2615441460556149;0.39460023132349237
0.4481698055713495;0.0;N;1.034508077236443;0.274082182154515;0.5261336417646564
0.34454088635198316;0.0;Y;1.696182616488259;0.30076585934729283;0.2630668208823282
0.1557658433015171;0.0;Y;1.6429873432338817;0.29915982063722274;0.2630668208823282
0.19355309835885706;0.0;N;1.4227402469526;0.33725037788576123;0.0
0.8341907853144128;0.4;Y;1.2342236645423508;0.23088799741264246;0.2630668208823282
0.49627902436758214;0.4;N;1.5897920699795043;0.4694108133140052;0.39460023132349237
0.16096558292005808;0.0;Y;0.16285219619103222;0.11508778076737662;0.0
0.43408678986031;0.8;N;0.8123944801392182;0.3725663732982988;0.1315334104411641
0.12402479710294571;0.8;N;0.2071815905696801;0.24825802245093279;0.0
0.13874033927921023;0.4;N;0.3691005363527408;0.13574909249112516;0.1315334104411641
0.06201239855147286;0.4;Y;0.42929518766690455;0.07422639093261692;0.5261336417646564
0.25479654316829164;0.8;N;0.4843569617372249;0.3270197777954728;0.39460023132349237
0.20895697815904293;0.0;Y;1.2136921555669768;0.19205076977323834;0.2630668208823282
0.18541707166890384;0.0;Y;1.7195138766875473;0.15275999077564276;0.39460023132349237
0.13425684286393874;1.2;N;0.8833215111450547;0.17248399285979393;0.1315334104411641
0.037207439130883715;0.0;Y;1.735845758827049;0.10903274707027834;0.0
0.0930185978272093;0.8;Y;0.7923295963678303;0.19853474177998287;0.0
0.5542637176331369;0.8;Y;0.4946227162249119;0.4851099852810564;0.39460023132349237
0.4199603654702845;0.0;N;1.649986721293668;0.4014169683679941;0.0
0.5205599790204113;0.8;Y;0.878655259105197;0.20376218036599875;0.0
0.43408678986031;0.4;Y;0.40829705348754514;0.1717605929875527;0.9207338730881487
0.8602514958056694;0.0;N;1.5515288032526715;0.6121866328247936;0.1315334104411641
0.12712541703051936;0.0;N;1.9733579876558038;0.20525410403281394;0.0
0.2821564134092015;0.0;N;1.3765443517580094;0.2507442386939772;0.0
0.8602514958056694;0.0;N;1.6229224594624938;0.35695946297079406;0.0
0.7364592451972917;0.4;Y;1.1707626368002864;0.2633739397524592;0.2630668208823282
1.3271149389203605;0.4;Y;0.5683494984546629;0.40800916320334185;0.6576670522058206
0.360912159569572;0.0;Y;1.4138743680768704;0.23532998141008513;0.1315334104411641
0.1379899892567374;0.0;N;1.2631544271894681;0.2029004253269355;0.0
0.4617133134149911;0.0;N;0.7783308402482575;0.33827860663498455;0.39460023132349237
0.18305439928409273;0.0;N;0.13112168232000015;0.17128138439087787;0.0
0.3431611104842129;0.0;N;1.0919029773266922;0.22465500391606308;0.39460023132349237
0.8346868845028247;0.0;N;1.76990939871801;0.27729649712452287;0.5261336417646564
0.4709221545998849;0.0;Y;0.9509821657229909;0.2679484612870678;0.39460023132349237
0.3100619927573643;0.4;Y;0.34670252656142403;0.23405137083066135;0.0
0.27905579348162785;0.0;N;1.5249311666254828;0.33866413647719656;0.0
1.0342427830414644;0.0;N;1.8189050451365154;0.5690729998781598;0.0
0.12402479710294571;0.8;Y;0.9033863949164428;0.06179553347238164;0.5261336417646564
0.0637611481906244;0.0;N;1.3798107281859096;0.22760297586681394;0.0
0.15503099637868215;0.4;N;0.3942982973679722;0.22339638211545784;0.0
0.615510263062499;0.0;N;1.3042174451402158;0.13974826536974153;0.0
0.8300979670100157;0.0;Y;0.49835571785679794;0.20677884509768935;0.0
0.0918403622547313;0.0;Y;1.0331082016244857;0.05874254584783802;0.0
0.3658731514536898;0.0;Y;1.87350019400285;0.19057898405523283;0.1315334104411641
0.7119023353709084;0.0;Y;0.9743134259222792;0.7144639930893701;0.2630668208823282
0.7105566663223414;0.0;N;1.438605503888116;0.8915511481220797;0.0
0.47183993809844665;0.0;N;0.5361523593796451;0.26843908138806816;0.2630668208823282
0.2844539727755336;0.0;N;1.953293103884416;0.1682714323087905;0.1315334104411641
0.10616522632012154;0.0;N;0.1446538132355875;0.1316270035397741;0.1315334104411641
0.1649529801469178;1.2;N;0.5422184870314598;0.13432056607056267;0.0
0.217043394930155;0.0;N;1.827770924012245;0.19853474177998287;0.39460023132349237
0.23014041350422607;0.4;N;0.5398853610115312;0.17912272873239066;0.2630668208823282
0.03509901758013364;0.0;N;1.6728513562889706;0.05264649040316446;0.39460023132349237
0.7075676687121605;0.8;Y;0.8679228794135245;0.25344563264930287;0.39460023132349237
0.5922184061665658;0.8;Y;0.8245267354428484;0.37443099818808434;0.5261336417646564
0.3036127033080111;0.0;Y;0.2174473450573669;0.10025655439402267;0.2630668208823282
0.36592276137253105;0.0;Y;0.18245045475843444;0.1906028512538221;0.1315334104411641
0.24323743207829715;0.0;N;0.8291929874827062;0.21953787653852688;1.0522672835293128
0.0918403622547313;0.0;N;0.12178917824028487;0.09814333771393095;0.0
0.7324966529298526;0.8;N;0.6770731709833462;0.4587903574517604;0.0
0.12402479710294571;0.4;N;0.4661585787817801;0.06744594356839646;0.5261336417646564
0.14927624579310547;0.0;Y;0.6728735441474745;0.12354624136241284;0.2630668208823282
0.28820882350782523;0.4;N;0.9691805486784358;0.27387975847647994;0.6576670522058206
0.0930185978272093;0.0;N;0.16658519782291842;0.1488113865240374;0.0
0.1085216974650775;0.0;N;1.3452804630909627;0.08354951538154447;0.1315334104411641
0.8346868845028247;0.0;Y;1.2640876775974397;0.5202446645693114;0.1315334104411641
0.27905579348162785;0.0;N;1.6509199717016398;0.3725663732982988;0.0
0.2954270666992167;0.0;Y;0.3807661664523849;0.2239930620801892;0.0
0.15935636117764737;0.4;N;0.3625677834969401;0.18280722751460682;0.0
0.272705723869957;0.4;N;1.0587725878437027;0.18228513254546685;0.0
0.1649529801469178;0.0;N;0.11758955140441298;0.18819226419630736;0.0
0.20210150749917763;0.0;N;2.152075440782352;0.25452204330567824;0.5261336417646564
0.1085216974650775;0.4;Y;0.4031641762437017;0.1338943874057533;0.0
0.5891177862389921;0.0;N;0.3205715151382212;0.414002515109086;0.6576670522058206
0.3441626107208192;0.0;N;0.5361523593796451;0.5818759618814007;0.39460023132349237
0.07429085346466448;0.0;Y;0.7946627223877594;0.10095765335258201;0.39460023132349237
0.3100619927573643;0.0;Y;1.20342640107929;0.12029358970467101;0.2630668208823282
0.35058089397089665;0.0;Y;1.1810283912879733;0.4585927072134432;0.0
0.3332360260960497;0.0;N;0.4395609421545914;0.2917013210780807;0.2630668208823282
0.13952789674081392;0.4;N;0.9495822901110336;0.23676134206048005;0.1315334104411641
0.217043394930155;0.4;N;0.8025953508555175;0.22063397763373838;0.0
0.2950146842488494;0.0;Y;0.7223358157699654;0.13034787086538127;0.2630668208823282
0.03561992172796601;0.4;N;0.7279353182177949;0.0797755146046186;0.5261336417646564
0.05823584347968816;0.0;N;2.2281353490320317;0.21431192965242282;0.0
0.15503099637868215;0.0;Y;0.32943739401395067;0.09908803126809189;0.2630668208823282
0.3720743913088372;0.4;Y;0.4810905853093246;0.19356238387888966;0.39460023132349237
0.18062971450073015;0.0;N;0.358834781865054;0.16933717731079628;0.5261336417646564
0.5610137672154646;0.0;Y;1.5776598146758745;0.3647942438326948;0.2630668208823282
0.3486337046563804;0.8;N;0.958448168986763;0.30404759915331536;0.0
0.24804959420589143;0.0;N;1.1651631343524573;0.1914314159698472;0.2630668208823282
0.15068082662029633;0.0;N;2.086281287020359;0.21816424467471968;0.39460023132349237
0.0930185978272093;0.0;N;1.3998756119572975;0.24825802245093279;0.39460023132349237
1.0542107753750387;0.0;N;1.7750422759618534;0.2744282565340592;0.0
0.0930185978272093;0.0;N;0.20858146618163728;0.1189773882874692;0.5261336417646564
0.32034364843719854;0.0;N;0.928584155931674;0.2813638406891098;0.1315334104411641
0.3497189216310312;0.0;Y;0.8833215111450547;0.09122431142790165;0.2630668208823282
0.7119023353709084;0.0;N;0.41436318113936005;0.5102289438513219;0.7892004626469847
0.18219242694422727;0.0;N;1.1940938969995747;0.3201704138953259;0.0
0.5891177862389921;0.0;Y;0.4955559666328834;0.2979813777068783;0.2630668208823282
0.3438711524476273;0.0;N;1.468936142147191;0.32169940630495003;0.0
0.27905579348162785;0.8;Y;0.7307350694417092;0.27588214185312276;0.5261336417646564
0.12402479710294571;0.0;N;2.128744180583064;0.1861038843197476;0.0
0.7119023353709084;0.4;Y;0.5347524837676877;0.7144639930893701;0.0
0.15472093438592477;1.2;N;0.7526664540290405;0.14856279473373118;0.39460023132349237
0.19355309835885706;0.4;N;0.3555684054371536;0.19970594996575497;0.0
0.15676734353812338;0.8;N;0.7839303426960865;0.16693278080791565;0.0
0.27905579348162785;0.0;N;1.2668874288213543;0.24825802245093279;0.0
0.8687999049459898;0.4;N;1.253821923109753;0.5149917179148031;0.1315334104411641
0.8991797789963565;0.4;N;0.7265354426058375;1.1184163292125033;0.1315334104411641
0.31365251063349453;0.0;N;1.9364945965409284;0.3312701529392411;0.0
0.272705723869957;0.4;N;1.2220914092387207;0.2083771269682179;0.5261336417646564
0.2027402352042578;0.0;Y;1.6261888358903942;0.14020987190745685;0.2630668208823282
0.31179833991680556;0.4;N;1.058305962639717;0.16456373759294537;0.5261336417646564
0.22213461285123093;0.4;N;0.8427251183982933;0.1011291988424423;0.6576670522058206
0.4371874097878837;0.0;N;0.3924317965520291;0.22488808202728625;0.2630668208823282
0.4359223568574336;0.0;N;1.5617945577403582;0.24923926265293353;0.0
0.43408678986031;0.0;N;1.3140165744239165;0.44715136888971924;0.1315334104411641
0.34044806804758604;0.0;N;1.5865256935516039;0.5953269183263398;0.1315334104411641
0.1674334760889767;0.0;N;0.3602346574770112;0.09511018969821465;0.0
0.2914582731919224;0.0;N;1.883299323286551;0.17201559908747976;0.0
0.7441487826176744;0.0;N;0.3579015314570823;0.6211830004080351;0.39460023132349237
0.19223843550956587;0.0;N;0.3359701468697514;0.17864538476060557;0.1315334104411641
1.1692592777876585;0.0;N;1.4274064989924575;0.5770858897095329;0.0
0.13937286574443525;1.2;N;0.6248111481369405;0.24072642959611115;0.0
0.6523828352412048;0.0;N;1.6359879651740954;0.28306952495329;0.5261336417646564
0.4100259792223385;0.0;N;0.43722781613466266;0.4240001862581424;0.2630668208823282
0.35405048766985153;0.0;N;1.7605768946382945;0.23120356652898977;0.2630668208823282
0.12402479710294571;0.0;N;0.47315795684156664;0.1861038843197476;0.39460023132349237
0.02164232709446403;0.4;N;0.8581237501298236;0.06296405659831242;0.6576670522058206
0.0642200399399053;0.4;N;0.5216869780560862;0.15235171250977533;0.1315334104411641
0.15068082662029633;0.0;Y;0.26317661504797196;0.17445967480801503;0.1315334104411641
0.217043394930155;0.0;N;1.6187228326266216;0.3974280136337737;0.1315334104411641
0.5261752017092473;0.8;N;0.7419340743373677;0.3347144880356529;0.1315334104411641
0.37728343278716087;0.0;N;1.257554924741639;0.3270197777954728;0.6576670522058206
0.17372463392202364;0.0;N;1.6355213399701092;0.19663230229743253;0.0
0.2058811631908899;0.0;N;1.2449560442340235;0.3795276146918328;0.6576670522058206
0.5261752017092473;0.0;N;1.5916585707954474;0.3347144880356529;0.1315334104411641
0.15935636117764737;0.0;N;1.8165719191165866;0.1343221323554701;0.1315334104411641
0.4832006095130765;0.4;Y;0.23564572801281178;0.3530464357620858;0.1315334104411641
0.3193607519201576;0.8;Y;0.7270020678098231;0.14010858548344365;0.2630668208823282
0.17671053091227706;0.4;Y;0.330837269625908;0.19950531632761404;0.0
0.43408678986031;0.8;Y;0.533819233359716;0.40646861011940105;0.6576670522058206
0.17554469781950935;0.0;N;0.7549995800489692;0.1652598393568001;0.1315334104411641
0.1649529801469178;0.0;Y;1.729779631175234;0.18819226419630736;0.0
0.7481175761249685;0.8;Y;0.8035286012634888;0.5351190756551127;0.0
0.5436751005804729;0.0;N;1.4880677755106073;0.34523843091360235;0.0
0.04650929891360465;0.0;N;0.17638432710661955;0.07422639093261692;0.2630668208823282
0.3281696131343944;0.0;N;1.3886766070616392;0.4316376898067038;0.0
0.44338864964303093;0.8;Y;0.7834637174921009;0.29994415645086214;0.2630668208823282
0.4610652838501283;0.0;Y;1.355079592374664;0.3941984833246653;0.39460023132349237
0.12402479710294571;0.4;N;0.5296196065238443;0.1861038843197476;0.0
0.13952789674081392;0.4;N;0.27157586871971573;0.20475013321760274;0.0
0.43408678986031;0.0;N;0.49882234306078377;0.22339638211545784;0.39460023132349237
0.2015402952922868;0.4;Y;1.2202249084227776;0.3725663732982988;0.2630668208823282
0.18541707166890384;0.0;N;2.075082282124701;0.18557112369623807;0.0
0.8092618010967207;0.0;N;1.7605768946382945;0.3365169836241108;0.39460023132349237
0.2015402952922868;0.0;N;1.2118256547510338;0.22339638211545784;0.0
0.23254649456802323;0.0;Y;2.036819015397868;0.15813451097296494;0.5261336417646564
0.31626323261251155;0.4;Y;0.6336770270126699;0.33378217559076023;0.0
0.12402479710294571;0.0;N;0.617811770077154;0.12394974618856243;0.2630668208823282
0.8453871238728814;0.4;N;0.9836459300019944;0.46811967245532204;0.6576670522058206
0.15503099637868215;0.4;N;0.8963870168566562;0.44715136888971924;0.1315334104411641
0.10750469412883334;0.4;N;0.4395609421545914;0.11070345097152616;0.0
0.19763661480347158;0.0;N;1.3980091111413546;0.15678347836282192;0.6576670522058206
0.3441626107208192;0.0;N;1.06017246345566;0.3338871166795573;0.39460023132349237
0.4893398369696723;0.0;Y;1.4078082404250556;0.3677841325509681;0.2630668208823282
0.5445928840790346;0.4;Y;0.5916807586539511;0.23040737170105136;0.5261336417646564
0.357690615464823;0.0;N;1.492267402346479;0.18664238798791766;0.1315334104411641
0.2956255063745814;0.4;N;0.873055756657368;0.31392466636450034;0.5261336417646564
0.143825355960431;0.4;N;0.7722647125964424;0.16786337779790983;0.2630668208823282
0.061541104322481666;0.0;N;0.5748822513104636;0.06324747958155982;0.5261336417646564
0.3887402234195455;0.4;N;1.3597458444145218;0.2881254926344412;0.5261336417646564
0.23254649456802323;0.0;N;1.6812506099607145;0.21096552465522256;0.5261336417646564
0.15503099637868215;0.4;N;0.4194960583832035;0.11151888872832716;0.39460023132349237
0.15068082662029633;0.0;Y;0.49322284061295457;0.06687917218689726;0.2630668208823282
0.0020464091521986043;0.0;N;1.5538619292726001;0.04641058809175697;0.39460023132349237
0.3565712916709689;0.0;Y;1.7643098962701809;0.1861038843197476;0.1315334104411641
0.13937286574443525;0.0;Y;0.29490712891900406;0.16357921565113862;0.2630668208823282
0.3218195435227236;0.4;N;0.587481131818079;0.30275481742472926;0.0
0.7441487826176744;0.8;Y;1.0489734585600017;0.7454913512554011;0.1315334104411641
0.15503099637868215;0.0;N;0.4367611909306768;0.22339638211545784;0.2630668208823282
0.0930185978272093;0.8;N;0.4675584543937374;0.165385813414354;0.2630668208823282
0.3007570323547158;0.0;N;1.141831874153169;0.11875363330069494;0.1315334104411641
0.43408678986031;0.4;N;0.5100213479564422;0.2030550400227965;0.39460023132349237
0.07751549818934107;0.0;N;1.8091059158528144;0.06490326648368935;0.39460023132349237
0.5077575193394598;0.0;Y;1.7619767702502518;0.5180369486998053;0.0
0.3410681920331007;0.0;Y;0.9281175307276883;0.16237228125247824;0.7892004626469847
0.3640871943754075;0.0;Y;1.4824682730627785;0.37979813447084293;0.0
0.5261752017092473;0.0;N;1.403141988385198;0.22302345713750074;0.2630668208823282
0.4893398369696723;0.0;N;1.9602924819442025;0.24997847454424008;0.1315334104411641
0.31365251063349453;0.0;Y;1.8576349370673342;0.23122571827268043;0.2630668208823282
0.14448888862493176;0.4;N;1.1292329936455534;0.1504096683945659;0.0
0.15935636117764737;0.0;N;1.7997734117730988;0.2285986855579594;0.0
0.3558023379289307;0.0;Y;0.6649409156797164;0.21602805581598583;0.1315334104411641
0.31998397652559996;0.8;N;0.44796019582633534;0.8439435454360761;0.2630668208823282
0.8567012859885975;0.0;N;1.6126567049748068;0.6097466592790157;0.0
0.5891177862389921;0.0;N;1.4288063746044148;0.5963213600725602;0.1315334104411641
0.15503099637868215;0.0;N;0.17825082792256258;0.08914339005090102;0.2630668208823282
0.09157370894095997;0.0;Y;0.44889344623430677;0.11758712396964513;0.39460023132349237
0.3281696131343944;0.0;N;1.8044396638129567;0.25375687583590584;0.0
0.6933296220047424;0.0;N;0.8982535176725993;0.4974642439508194;0.39460023132349237
0.6390315658330726;0.0;Y;1.4054751144051267;0.292689945194645;0.2630668208823282
0.27905579348162785;0.0;N;0.33643677207373723;0.2979813777068783;0.1315334104411641
0.34044806804758604;0.0;Y;1.1129011115060516;0.17834704477823987;0.2630668208823282
0.8730725592061864;0.0;Y;0.3649009095168689;0.21711632548666024;0.2630668208823282
0.16554829917301195;0.0;N;1.2132255303629913;0.09420323615182298;0.1315334104411641
0.7119023353709084;0.4;Y;0.5403519862155167;0.3570526942152833;0.39460023132349237
0.9977701908334156;0.0;Y;0.2501111093363705;0.41209269171197216;0.39460023132349237
0.21805109640661643;0.4;N;1.1945605222035607;0.33247693816791035;0.0
0.34454088635198316;0.8;N;0.5081548471404991;0.36099078198251033;0.1315334104411641
0.3228303456191125;0.0;Y;0.45869257551800774;0.21242865851373946;0.39460023132349237
0.018879674738995912;0.0;N;0.9057195209363714;0.02964134519295555;0.1315334104411641
0.06201239855147286;0.0;N;1.327548705339504;0.04936475059714196;0.0
0.08411361739521778;0.0;N;0.28977425167516063;0.07876115866457528;0.1315334104411641
0.5261752017092473;0.0;N;1.7209137522995046;0.418482761209267;0.39460023132349237
0.6182636135581845;0.0;N;1.789507657285412;0.5574305804063214;0.2630668208823282
0.05129665608177835;0.4;N;0.5328859829517447;0.07727997523712526;0.6576670522058206
0.05442828220862772;0.0;N;1.8828326980825654;0.11381446572263988;0.1315334104411641
0.5077575193394598;0.0;N;1.5421962991729559;0.7196351945887101;0.2630668208823282
0.1649529801469178;0.0;N;0.44562706980640643;0.14694676163425188;0.0
0.14448888862493176;0.0;N;2.1380766846627792;0.21071693286491636;0.0
0.04030805905845736;0.0;Y;0.9519154161309623;0.03776260702292295;0.1315334104411641
0.012402479710294572;0.0;N;1.5216647901975826;0.1040603891691851;0.1315334104411641
1.0270307410899282;0.0;N;1.146031500989041;0.6359148049822656;0.39460023132349237
0.5691249889459973;0.4;N;0.7610657077007842;0.4121006723065004;0.0
0.27905579348162785;0.0;N;0.6742734197594318;0.1861038843197476;0.9207338730881487
0.20705939876336787;0.4;Y;0.8875211379809269;0.11417411457138173;0.5261336417646564
0.3872612277140928;0.8;Y;0.850657746866051;0.16733084092938708;0.5261336417646564
0.1860371956544186;0.4;N;1.2099591539350907;0.20847938299717372;0.0
0.7966577810911339;0.0;N;0.7666652101486133;0.49737504029609203;0.0
0.5077575193394598;0.0;N;0.611745642425339;0.19902431769104498;0.2630668208823282
0.12402479710294571;0.8;Y;0.6859390498590759;0.09287263983047205;0.1315334104411641
1.0072301822324428;0.0;N;0.8417918679903217;0.7132024624739369;0.1315334104411641
0.43408678986031;0.4;N;1.4022087379772263;0.5081754697526989;0.2630668208823282
0.12402479710294571;0.4;N;0.28464137443131726;0.09287263983047205;0.5261336417646564
0.40616880803243693;0.0;Y;0.8277931118707488;0.42028883687751334;0.5261336417646564
0.13425684286393874;0.0;N;2.177273201797584;0.18894519972680276;0.0
0.32034364843719854;0.4;N;0.7657319597406417;0.24111777706797935;0.5261336417646564
0.12402479710294571;0.0;N;2.2314017254599325;0.12394974618856243;0.1315334104411641
0.1649529801469178;0.8;Y;0.33643677207373723;0.09391682976875193;0.2630668208823282
0.4371874097878837;0.4;Y;1.2290907872985073;0.22488808202728625;0.1315334104411641
0.7963384172385939;0.4;Y;0.5422184870314598;0.12402679248900837;0.5261336417646564
0.9266388690749486;0.4;N;0.7494000776011401;0.4603618633088717;0.2630668208823282
0.5922184061665658;0.0;N;1.3074838215681162;0.4993608658037136;0.0
0.5077575193394598;0.0;Y;0.9061861461403574;0.323638616190327;0.1315334104411641
0.3100619927573643;0.8;N;0.9864456812259091;0.39032468782363805;0.0
0.19181675119941585;0.4;Y;0.3779664152284704;0.11875199243079193;0.1315334104411641
0.2563344506523682;0.0;N;1.3928762338975111;0.5756364794902048;0.0
0.8567012859885975;0.4;N;0.7573327060688979;0.355536157499923;0.6576670522058206
0.07429085346466448;0.4;N;0.4045640518556589;0.10095765335258201;0.0
0.5138967467960556;0.0;Y;0.28884100126718915;0.2909206399292253;0.1315334104411641
0.5077575193394598;0.0;Y;0.9533152917429196;0.18478268570784118;0.1315334104411641
0.8116802846402282;0.0;N;1.6947827408763017;0.6753317072074063;0.0
0.5891177862389921;0.0;N;0.9453826632751616;0.5963213600725602;0.39460023132349237
0.8602514958056694;0.0;N;0.8809883851251261;0.8572047576522306;0.5261336417646564
0.23254649456802323;0.0;Y;0.9542485421508914;0.1470768378665633;0.6576670522058206
0.47749546884634103;0.0;N;1.803506413404985;0.69463795873125;0.2630668208823282
0.14448888862493176;0.0;N;0.750799953213097;0.14035844521867494;0.39460023132349237
0.4893398369696723;0.0;N;1.5907253203874756;0.4100300436588914;0.0
0.662788515718142;0.0;Y;1.1791618904720307;0.37051110915978164;0.2630668208823282
0.2015402952922868;0.4;Y;0.464292077965837;0.09287263983047205;0.2630668208823282
0.06201239855147286;0.0;Y;0.8240601102388624;0.027610768687979126;0.39460023132349237
0.13425684286393874;0.0;N;2.148809064354452;0.17248399285979393;0.1315334104411641
0.8567012859885975;0.0;N;1.6602524757813548;0.42671508009767006;0.9207338730881487
0.15503099637868215;0.0;N;0.9668474226585069;0.12750140909363028;0.5261336417646564
0.9490222443321027;0.0;Y;1.2486890458659092;0.6731971592185755;0.1315334104411641
0.13952789674081392;0.0;Y;1.295818191468472;0.13638052906380213;0.2630668208823282
0.22621502867591786;0.4;N;0.6495422839481861;0.20588882234529693;0.7892004626469847
0.5066847048445193;0.0;N;2.055950648761284;0.5875542667657667;0.1315334104411641
0.3100619927573643;0.0;N;0.23051285076896838;0.32781537594344656;0.0
0.9396986802098888;0.0;Y;1.4017421127732406;0.4666449033374929;0.0
0.13952789674081392;0.0;N;0.5851480057981504;0.16372838564232148;0.0
0.8798195081685866;1.2;N;0.6392765294604994;0.43783719464026266;0.39460023132349237
1.0542107753750387;0.8;Y;0.5109545983644138;0.7051751031534191;0.1315334104411641
0.15503099637868215;0.4;N;0.5748822513104636;0.19421097500055265;0.0
0.4893398369696723;0.0;N;1.1469647513970125;0.4632286121994235;0.0
0.41482573887022256;0.0;Y;1.3037508199362298;0.28186318723459436;0.0
0.8602514958056694;0.0;Y;1.5165319129537391;0.3894429440057563;0.2630668208823282
0.21074603585725293;0.0;N;1.461003513679433;0.12887064044269758;0.1315334104411641
0.09440767555476227;0.0;N;0.9971780609175815;0.08583606759139066;0.1315334104411641
0.3410681920331007;0.4;Y;1.1567638806807135;0.22339638211545784;0.0
0.43408678986031;0.0;N;1.0163096942809982;0.25982160558243106;0.5261336417646564
0.27905579348162785;0.0;Y;1.712514498627761;0.414002515109086;0.5261336417646564
0.8673550160597406;0.0;N;1.2430895434180804;1.0801393094749865;0.2630668208823282
0.07751549818934107;0.8;N;0.5109545983644138;0.20044717565194248;0.1315334104411641
0.5445928840790346;0.0;N;0.5772153773303923;0.46117334806090626;0.5261336417646564
0.1649529801469178;0.4;Y;0.7111368108743072;0.1174856883756408;0.0
0.8567012859885975;0.0;N;1.1352991212973682;0.8537887648541435;0.1315334104411641
1.0072301822324428;0.4;Y;1.571127061820074;0.6400166813998115;0.2630668208823282
0.6747569086385762;0.0;N;1.9056973330778677;0.6787228632019614;0.0
0.3281696131343944;0.4;N;1.0559728366197882;0.151219064766724;0.2630668208823282
0.892209585399171;0.0;N;1.7993067865691132;0.693636133070466;0.0
0.37575172654293953;0.8;Y;0.9262510299117453;0.3910216846074399;0.2630668208823282
0.0930185978272093;0.0;N;0.5725491252905348;0.06311800002921313;0.1315334104411641
0.14448888862493176;0.0;Y;1.6896498636324584;0.2810754205111578;0.39460023132349237
0.45188434824458273;0.8;Y;0.8893876387968698;0.46427608387750935;0.0
0.41796356623692704;0.0;N;1.4414052551120307;0.1346402373616675;0.1315334104411641
0.4026154975954375;0.0;N;1.4283397494004293;0.18929067742638223;0.39460023132349237
0.5797477128178646;0.0;N;1.1488312522129556;0.2667614410822303;0.39460023132349237
0.0930185978272093;0.4;Y;0.41109680471145965;0.09908803126809189;0.1315334104411641
0.3410681920331007;0.0;Y;1.186161268531817;0.17864538476060557;0.1315334104411641
0.1773151517981539;0.0;Y;0.3807661664523849;0.10404017663537983;0.2630668208823282
0.5966212864637204;0.4;Y;0.6434761562963711;0.335141263380427;0.6576670522058206
0.08165792641257945;0.0;N;1.9518932282724584;0.08997874200152493;0.7892004626469847
0.27905579348162785;0.0;N;0.36676741033281196;0.2979813777068783;0.2630668208823282
0.7751549818934108;0.4;N;0.8203271086069763;1.1403531189458607;0.1315334104411641
0.673194196195079;0.4;N;1.1646965091484716;0.3384303125160175;0.39460023132349237
0.2575188874647013;0.0;N;0.26877611749580105;0.15387324641984032;0.1315334104411641
0.1335995114392931;0.8;Y;0.6822060482271897;0.0821324004653075;0.0
0.3100619927573643;0.8;N;0.2921073776950894;0.18196024030467062;0.5261336417646564
0.3193607519201576;0.0;N;1.3084170719760873;0.36607747868184526;0.5261336417646564
0.7193438231970852;0.4;N;0.8245267354428484;0.30046751936492716;0.39460023132349237
0.37759349477991827;0.4;Y;0.252910860560285;0.6217179985814123;0.5261336417646564
0.5633206284415795;0.0;Y;1.4666030161272623;0.7144639930893701;0.2630668208823282
0.5335763814763655;0.0;Y;1.0242423227487563;0.45234002327802764;0.0
0.14448888862493176;0.0;Y;0.0909919147772243;0.1504096683945659;0.0
0.03100619927573643;0.8;N;0.3210381403422069;0.09287263983047205;0.1315334104411641
0.18541707166890384;0.0;Y;1.7727091499419245;0.5202446645693114;0.1315334104411641
0.6046208858768604;0.0;Y;1.0368412032563716;0.5659349107736463;0.2630668208823282
0.36495536795512806;0.0;Y;1.1805617660839876;0.23776145226636541;0.39460023132349237
0.3100619927573643;0.0;Y;0.4362945657266912;0.3414892669402084;0.2630668208823282
0.23014041350422607;0.0;N;0.2893076264711748;0.15668756205849135;0.1315334104411641
0.1649529801469178;0.0;N;1.691982989652387;0.3138928185713829;0.39460023132349237
0.2015402952922868;0.8;Y;0.5968136358977945;0.1594663752392409;0.39460023132349237
0.4893398369696723;0.0;N;1.472202518575091;0.35726578354768807;0.39460023132349237
0.1421324174799758;0.0;Y;0.4176295575672604;0.27729649712452287;0.39460023132349237
0.8991797789963565;0.0;N;0.7027375572025635;0.5323913531963433;0.1315334104411641
0.01857271336616612;0.8;N;0.9887788072458378;0.07914900064165067;0.1315334104411641
0.15068082662029633;0.0;N;1.7587103938223514;0.16773591204044408;0.2630668208823282
0.6827099987528025;1.2;N;0.7806639662681862;0.43985539003597096;0.2630668208823282
0.34454088635198316;0.0;N;1.2304906629104644;0.12869476902309301;0.2630668208823282
0.3100619927573643;0.0;N;0.36863391114875493;0.32781537594344656;0.2630668208823282
0.5138967467960556;0.0;N;1.0172429446889695;0.2617927378459211;0.0
0.06201239855147286;0.4;N;0.7517332036210689;0.06744594356839646;0.1315334104411641
0.2506541149450533;0.4;Y;0.4432939437864776;0.27065343532218183;0.1315334104411641
0.4709221545998849;0.0;N;1.8809661972666223;0.6522802447149352;0.0
0.0930185978272093;0.0;Y;0.27810862157551647;0.1751354894530689;0.2630668208823282
0.07751549818934107;0.4;N;1.0172429446889695;0.0866572483928522;0.39460023132349237
0.1649529801469178;0.0;N;1.7596436442303232;0.23532998141008513;0.1315334104411641
0.18541707166890384;0.0;N;1.9761577388797185;0.49077658032111465;0.2630668208823282
0.892209585399171;0.0;Y;1.2701538052492547;1.1100329757080278;0.2630668208823282
1.8293657572684492;0.0;Y;1.0069771902012827;0.2838306648333005;0.0
0.8567012859885975;0.8;Y;1.3000178183043436;0.9280624426739654;0.1315334104411641
0.1860371956544186;0.0;N;1.1045018578343078;0.1040603891691851;0.1315334104411641
0.2950146842488494;0.0;Y;0.7270020678098231;0.1564891659702182;0.6576670522058206
0.989097756895992;0.0;Y;0.6780064213913178;0.27229102348538703;0.2630668208823282
0.5674134467459767;0.8;N;0.6500089091521718;0.719386602798404;0.2630668208823282
0.12402479710294571;0.0;Y;2.1040130447718184;0.13776176859715963;0.0
0.4026154975954375;0.8;N;1.2332904141343792;0.8020038057350556;0.0
0.07122123973636657;0.0;N;1.7769087767777962;0.12259476057365311;0.1315334104411641
0.4371874097878837;0.4;N;0.5263532300959439;0.3214223976313235;0.2630668208823282
0.19769552658209547;0.0;N;1.8576349370673342;0.12189448205004524;0.5261336417646564
0.4371874097878837;0.4;N;0.5347524837676877;0.5359430161014112;0.0
0.27905579348162785;0.0;Y;0.31683851350633496;0.24825802245093279;0.0
0.8150506585015007;0.0;Y;0.6019465131416378;0.5811209379710287;0.5261336417646564
0.310303841111715;0.0;N;0.47875745928939567;0.20489557395900598;0.0
0.3834226602437567;0.0;N;1.36767847288228;0.3830656285427074;0.2630668208823282
0.27905579348162785;0.0;N;0.3317705200338795;0.2127413934002543;0.0
0.34454088635198316;0.0;N;1.002777563365411;0.1803160886618534;0.1315334104411641
0.5891177862389921;0.0;N;0.5109545983644138;0.15666242691497706;0.1315334104411641
0.4743948489187674;0.4;Y;1.1819616416959449;0.4048865131929158;0.1315334104411641
0.1860371956544186;0.0;N;0.32897076880996495;0.09039477710693386;0.1315334104411641
0.34454088635198316;0.0;Y;1.695715991284273;0.36099078198251033;0.2630668208823282
0.2159023667968079;0.0;Y;0.6742734197594318;0.09863060149012969;0.1315334104411641
0.004092818304397209;0.0;Y;2.1530086911903235;0.05592823020918695;0.2630668208823282
0.14448888862493176;0.0;N;0.9729135503103219;0.14035844521867494;0.0
0.4359223568574336;0.8;N;0.5324193577477587;0.561236578146356;0.39460023132349237
0.39238345183444445;0.8;Y;0.6514087847641292;0.4070246412615351;0.2630668208823282
0.23361310782310854;0.0;Y;1.0531730853958736;0.2648656396642876;0.5261336417646564
0.4928094306686272;0.0;N;1.4978669047943085;0.5474811657494127;0.0
0.5261752017092473;0.0;Y;1.975224488471747;0.37194485653003545;0.39460023132349237
0.7119023353709084;0.4;N;0.36163453308896853;0.7144639930893701;0.2630668208823282
0.662788515718142;0.0;N;1.3924096086935251;0.37051110915978164;0.1315334104411641
1.2261091441597212;0.8;Y;0.6892054262869763;0.5210162463487046;0.2630668208823282
0.5338523366499195;0.8;N;0.5170207260162285;0.6790212031843271;0.2630668208823282
0.3410681920331007;0.0;N;1.7288463807672625;0.3576493741800147;0.5261336417646564
0.46948966819334587;0.0;N;0.8361923655424924;0.2185388851075754;0.0
0.3640871943754075;0.8;Y;0.5174873512202142;0.3164387028109004;0.2630668208823282
0.9208841184893719;0.0;N;2.0540841479453418;0.41596126626330787;0.1315334104411641
0.33670561979500463;0.4;N;0.7321349450536665;0.2207728548955296;0.0
0.3720743913088372;0.0;N;1.558061556108472;0.3874833724165829;0.2630668208823282
0.1608601618425206;0.0;N;2.1324771822149495;0.1534854044427649;0.1315334104411641
0.09019083245326212;0.0;Y;1.1152342375259803;0.0968206474021127;0.7892004626469847
0.17554469781950935;0.0;N;1.8707004427789353;0.24806909865709972;0.0
0.8130445574083607;0.0;Y;1.5715936870240594;1.0148177703360204;0.0
1.0542107753750387;0.0;N;1.4138743680768704;0.5797469331822436;0.1315334104411641
0.4709221545998849;0.0;N;1.707381621383917;0.24111777706797935;0.1315334104411641
0.12693937983486495;0.4;N;0.15911919455914617;0.15161578235827478;0.0
1.1646610584350667;0.0;Y;0.978513052758151;0.3591615849656307;0.2630668208823282
0.1649529801469178;0.0;N;1.0391743292763007;0.3138928185713829;0.1315334104411641
0.12402479710294571;0.0;Y;1.3798107281859096;0.052916413502209804;0.2630668208823282
0.31626323261251155;0.0;Y;0.8823882607370831;0.23831338123374196;0.7892004626469847
0.4371874097878837;0.8;Y;0.47175808122960927;0.22488808202728625;0.5261336417646564
0.09832685914321537;0.0;N;0.26597636627188653;0.15519586214666295;0.1315334104411641
0.22901178785058926;0.4;N;0.9603146698027061;0.12228254778210741;0.2630668208823282
0.7364592451972917;0.0;Y;1.6000578244671912;0.27113077929396695;0.1315334104411641
0.6382316058917586;0.0;Y;0.9841125552059801;0.2679484612870678;0.1315334104411641
0.39616620814608433;0.0;N;0.8086614785073322;0.2051528921937964;0.2630668208823282
0.662788515718142;0.0;N;1.1189672391578664;0.4168698606796026;0.0
0.29951988500361393;0.0;Y;0.08352591151345205;0.17632497096276087;0.1315334104411641
0.4268995528681943;0.0;N;1.9458271006206438;0.24441607474302313;0.5261336417646564
0.21117702202718566;0.0;Y;0.252910860560285;0.16608952284775905;0.2630668208823282
0.18541707166890384;0.4;Y;0.5996133871217092;0.25994302995525387;0.1315334104411641
0.2909466709038728;1.2;Y;0.7298018190337378;0.17174209590864603;0.0
0.5144238521837431;0.4;Y;0.5552839927430614;0.11891637776107543;0.6576670522058206
0.3719131590726033;0.0;N;1.8268376736042733;0.21502294841539585;0.0
0.10587996928678475;0.0;N;1.4838681486747354;0.1368404947316144;0.1315334104411641
0.14448888862493176;0.0;Y;1.7031819945480453;0.16850182536017236;0.0
0.7111178785292323;0.0;N;1.5090659096899666;1.0497410757467691;0.0
0.09900279428742642;0.0;N;0.6588747880279013;0.16001822962162185;0.2630668208823282
0.86817357972062;0.0;N;1.3238157037076177;0.6176313375029673;0.0
0.06201239855147286;0.4;N;0.878655259105197;0.1488113865240374;0.0
0.4371874097878837;0.0;N;0.4474935706223495;0.4501347687133761;0.39460023132349237
0.7441487826176744;0.8;Y;0.6943383035308197;0.5323913531963433;0.39460023132349237
0.15068082662029633;0.0;N;1.7801751532056969;0.21816424467471968;0.2630668208823282
0.03509901758013364;0.0;Y;1.9098969599137396;0.10930707068406358;0.1315334104411641
0.4100259792223385;0.0;N;0.19178295883814975;0.5300898839873788;0.1315334104411641
0.3201235044223407;0.0;N;0.6686739173116023;0.3515738296091288;0.2630668208823282
0.48840965099140027;0.0;N;1.877699820838722;0.8326066261061802;0.1315334104411641
0.0930185978272093;0.0;N;0.0900586643692528;0.1189773882874692;0.0
0.4199603654702845;0.4;N;0.8245267354428484;0.5420384002811244;0.0
0.12402479710294571;0.0;Y;0.1012576692649111;0.06744594356839646;0.2630668208823282
0.4709221545998849;0.0;Y;0.9971780609175815;0.2679484612870678;0.1315334104411641
0.1649529801469178;0.0;N;0.8431917436022789;0.1118740624773335;0.1315334104411641
0.43408678986031;0.0;N;1.4162074940967995;0.7454913512554011;0.2630668208823282
0.27905579348162785;0.8;N;0.5828148797782217;0.1861038843197476;0.2630668208823282
0.5162005074022428;0.0;N;2.034019264173953;0.4697479374940784;0.1315334104411641
1.2712541703051936;0.0;N;0.713469936894236;0.6261553583091284;0.1315334104411641
0.4832006095130765;0.4;Y;0.7246689417898944;0.3088707870632257;0.0
0.4294730674080804;0.0;N;1.845502681763704;0.3161204486347118;0.2630668208823282
0.18443727577179056;0.4;N;0.6159452692612111;0.2724026772237874;0.0
0.04650929891360465;0.0;N;1.8128389174847006;0.09287263983047205;0.1315334104411641
0.551237512583825;0.4;N;1.133899245685411;0.2330713239885901;0.1315334104411641
0.7364592451972917;0.0;N;1.3149498248318883;0.3764022050365699;0.0
0.06201239855147286;0.0;N;1.9845569925514623;0.07422639093261692;0.0
0.10938987104479812;0.0;N;0.434428064910748;0.19262477589930993;0.39460023132349237
1.0542107753750387;0.4;Y;0.450293321846264;0.5217363644811397;0.39460023132349237
0.17554469781950935;0.0;Y;1.8469025573756612;0.4136875426727034;0.0
1.0263051960268759;0.0;N;0.41016355430348816;0.8474242034253409;0.0
0.3410681920331007;0.0;N;2.002288750302921;0.2979813777068783;0.1315334104411641
0.05162532179410115;0.0;N;1.847835807783633;0.1321540957036187;0.39460023132349237
0.32246447246765886;0.0;N;1.1483646270089696;0.13045199151922687;0.2630668208823282
0.143825355960431;0.8;Y;0.32477114197409307;0.16786337779790983;0.2630668208823282
0.49627902436758214;0.0;N;2.0400853918257686;0.30163604249085796;0.39460023132349237
0.06201239855147286;0.8;N;0.24544485729651278;0.11151888872832716;0.2630668208823282
0.3144958792537946;0.0;Y;1.7470447637227071;0.5358353153677772;0.7892004626469847
0.29976793459781975;0.0;N;1.3256822045235608;0.34558607157805393;0.1315334104411641
0.1287191356732922;0.4;N;0.3760999144125272;0.12771375257607906;0.39460023132349237
0.14448888862493176;0.0;N;1.5505955528447;0.14035844521867494;0.6576670522058206
0.4030805905845736;0.8;Y;0.9948449348976528;0.17367302685951233;0.0
0.06201239855147286;0.0;N;0.06066127651814959;0.1488113865240374;0.0
0.5891177862389921;0.4;Y;0.6789396717992892;0.165385813414354;0.0
0.5298897443824804;0.0;N;0.3014398817748048;0.6742552219660354;0.0
0.14448888862493176;0.0;Y;1.500666656018223;0.12025599886689292;0.1315334104411641
0.17554469781950935;0.0;N;1.7554440173944512;0.1652598393568001;0.39460023132349237
0.1649529801469178;0.8;N;0.3877655445121714;0.20458798543718695;0.0
0.5261752017092473;0.4;N;0.40689717787558777;0.5357583436523268;0.2630668208823282
0.717272609085466;0.0;Y;0.528219730911887;0.3996357295032798;0.39460023132349237
0.7441487826176744;0.0;Y;1.073704594371247;0.2327195065643854;0.1315334104411641
0.15503099637868215;0.0;Y;1.317749576055803;0.11151888872832716;0.2630668208823282
0.7441487826176744;0.0;Y;1.7568438930064083;1.0355441201759248;0.6576670522058206
0.6349759549678063;0.4;N;0.6364767782365847;0.5336451269722351;0.0
0.43408678986031;0.8;Y;1.1754288888401443;0.44715136888971924;0.1315334104411641
0.04650929891360465;0.0;Y;2.0111546291786513;0.04107753715198364;0.0
0.034106819203310074;0.4;N;0.8058617272834179;0.1040603891691851;0.39460023132349237
0.662788515718142;0.8;N;0.42929518766690455;0.37051110915978164;0.0
0.12402479710294571;0.8;Y;0.850657746866051;0.2190089943347881;0.2630668208823282
0.5891177862389921;0.0;Y;1.4507377591917459;0.42584139145931216;0.0
0.5891177862389921;0.0;Y;1.4997334056102516;0.4968747241456648;0.1315334104411641
0.049721541158570935;0.4;N;0.952382041334948;0.12910103349407948;0.2630668208823282
0.4371874097878837;0.8;N;0.46989158041366624;0.3214223976313235;0.1315334104411641
0.43408678986031;0.0;Y;1.512798911321853;0.44715136888971924;0.5261336417646564
0.06201239855147286;0.0;N;0.42649543644299004;0.12394974618856243;0.2630668208823282
0.15472093438592477;0.0;N;2.0993467927319607;0.22642520420142984;0.1315334104411641
0.5113480372155901;0.4;Y;0.9883121820418521;0.4345166706365326;0.0
0.27905579348162785;0.4;N;0.21698071985338108;0.14036776834312387;0.6576670522058206
0.5201848040091749;0.4;N;1.0676384667194323;0.662582670155978;0.39460023132349237
0.27905579348162785;0.8;N;0.717202938526122;0.2979813777068783;0.1315334104411641
0.08393068081949094;0.0;N;0.7004044311826344;0.11023304340433107;0.0
0.3228303456191125;0.0;N;1.490400901530536;0.3036232105284002;0.1315334104411641
0.19355309835885706;0.0;N;1.121766990381781;0.35975766825039746;0.39460023132349237
0.15503099637868215;0.4;N;0.5081548471404991;0.2979813777068783;0.0
0.27905579348162785;0.0;N;1.5701938114121021;0.2979813777068783;0.7892004626469847
0.2821564134092015;0.0;N;0.6570082872119583;0.30096477753053513;0.1315334104411641
0.27905579348162785;0.0;N;0.10825704732469771;0.3725663732982988;0.1315334104411641
0.2883576532643488;0.0;N;1.4484046331718172;0.3069315771778488;0.0
0.19432205210089537;0.8;N;0.585614631002136;0.13514741533168917;0.39460023132349237
0.3558023379289307;0.4;N;1.2528886727017816;0.23225707959171857;0.0
0.5298897443824804;0.0;N;0.3751666640045557;0.36429750776205594;0.1315334104411641
0.6201239855147286;0.8;Y;0.563683246414805;0.44715136888971924;0.2630668208823282
0.11757550765359254;0.0;N;2.1208115521153057;0.23791561945225287;0.0
0.4893398369696723;0.8;Y;1.143698374969112;0.26040918617770026;0.39460023132349237
0.12402479710294571;0.0;N;0.6686739173116023;0.2068219552251412;0.39460023132349237
0.31179833991680556;0.0;N;1.202026525467333;0.12650472979754213;0.1315334104411641
0.4928094306686272;0.4;Y;0.7018043067945918;0.41965188101516254;0.5261336417646564
0.4709221545998849;0.0;N;2.0419518926417113;0.4021020315525013;0.0
0.6933296220047424;0.0;Y;0.8590570005377948;0.6965934281456658;0.0
0.6062456107189089;0.0;Y;1.6518532221096112;0.5106082831388997;0.0
0.8150506585015007;0.0;Y;1.5141987869338103;0.5084359951422996;0.6576670522058206
0.27905579348162785;0.0;Y;1.1301662440535247;0.1488113865240374;0.1315334104411641
0.27905579348162785;0.0;N;0.29910675575487594;0.27588214185312276;0.39460023132349237
0.0813106569806912;0.0;Y;0.9743134259222792;0.1347297393563772;0.5261336417646564
0.1608601618425206;0.0;Y;0.5944805098778657;0.0806119107451808;0.1315334104411641
0.7441487826176744;0.0;N;1.7176473758716042;0.9319538402339522;0.0
0.024711940822761933;0.0;N;1.1646965091484716;0.11133242623934861;0.39460023132349237
0.703105876636382;0.0;N;1.3037508199362298;0.7060000877896558;0.1315334104411641
0.15503099637868215;0.4;Y;0.47175808122960927;0.17864538476060557;0.2630668208823282
0.008656930837785612;0.0;Y;2.166074196901925;0.06636103022252367;0.39460023132349237
0.3358963579939079;0.0;N;1.373277975330109;0.2518068511261682;0.0
0.8567012859885975;0.8;N;0.8623233769656952;0.4741676951628348;0.39460023132349237
0.2506541149450533;0.0;Y;0.8935872656327416;0.09643138831012107;0.1315334104411641
0.6312490098148628;0.0;N;1.568327310596159;0.51352716694137;0.2630668208823282
0.5077575193394598;0.0;N;1.5216647901975826;0.323638616190327;0.1315334104411641
0.13952789674081392;0.4;N;0.4096969290995025;0.13638052906380213;0.2630668208823282
0.662788515718142;0.0;N;0.8511243720700371;0.8340983260180087;0.0
0.14448888862493176;0.0;N;1.0433739561121724;0.35143398274239485;0.1315334104411641
0.4030805905845736;0.0;N;1.3919429834895394;0.34770473296282384;0.5261336417646564
0.2694314692264393;0.0;N;1.8025731629970136;0.20612674848123358;0.5261336417646564
0.34454088635198316;0.0;Y;1.0648387154955177;0.30076585934729283;0.0
0.33579403753629794;0.0;N;1.4582037624555184;0.19571542894662716;0.39460023132349237
0.7048329219360405;1.2;N;0.5627499960068337;0.22089778476314523;0.1315334104411641
0.8567012859885975;0.4;N;0.5109545983644138;0.8537887648541435;0.2630668208823282
0.27905579348162785;0.0;N;1.5435961747849134;0.28650677447512063;0.0
0.4876530997290722;0.0;N;1.8245045475843444;0.1915841660408184;0.2630668208823282
0.5891177862389921;0.0;N;2.0041552511188643;0.5963213600725602;0.0
0.5934090442187541;0.0;Y;0.6817394230232039;0.24997847454424008;0.5261336417646564
0.18449928817034203;0.0;N;1.765709771882138;0.34523843091360235;0.0
0.217043394930155;0.0;N;1.2211581588307494;0.1488113865240374;0.39460023132349237
0.7441487826176744;0.0;N;1.261754551577511;0.9319538402339522;0.0
0.2825284878005104;0.0;N;0.15211981649935957;0.3767431330514183;0.1315334104411641
0.6399059406526485;1.2;Y;1.1077682342622082;0.4031089289929855;0.5261336417646564
0.43408678986031;0.0;N;0.7517332036210689;0.2793351288090232;0.1315334104411641
0.6511301847904649;0.0;Y;1.2384232913782225;0.40985887109400904;0.1315334104411641
0.27905579348162785;0.0;N;2.0008888746909643;0.2979813777068783;0.39460023132349237
0.2821564134092015;0.4;N;0.28884100126718915;0.4181460845391674;0.1315334104411641
0.7348469228349533;0.0;Y;1.7288463807672625;0.40903015720799274;0.0
0.15472093438592477;0.0;Y;1.796040410141213;0.11133242623934861;0.2630668208823282
0.3436417065729868;0.0;N;1.0088436910172256;0.36012559603364985;0.2630668208823282
0.0684058768421297;0.0;N;1.9756911136757325;0.09161618099473898;0.0
0.2027402352042578;0.4;N;0.3928984217560148;0.37449066618455745;0.0
0.5077575193394598;0.8;Y;0.8119278549352326;0.323638616190327;0.0
0.15503099637868215;0.0;Y;0.8702560054334533;0.07422639093261692;0.0
0.09884776329104773;0.0;N;0.8058617272834179;0.23991979286878995;0.2630668208823282
0.45250447223009743;0.0;N;0.34250289972555215;0.2111102195466699;0.0
0.48059608877391463;1.2;N;0.39149854614405755;0.6149676089704152;0.2630668208823282
0.12402479710294571;0.0;N;0.394764922571958;0.10619135707822758;0.1315334104411641
0.27905579348162785;0.4;N;0.9276509055237027;0.27588214185312276;0.5261336417646564
0.15503099637868215;0.0;Y;1.3620789704344505;0.17864538476060557;0.0
0.2506541149450533;0.0;Y;2.0237535096862667;0.27065343532218183;0.0
0.20464091521986044;0.0;Y;0.5076882219365132;0.14135288696489534;0.5261336417646564
0.6974782514678358;0.0;N;1.4712692681671198;0.43773128394652283;0.1315334104411641
0.2334053662879611;0.0;N;1.6429873432338817;0.254056782103179;0.6576670522058206
0.11481285529812442;0.0;Y;0.3033063825907478;0.075894857283997;0.39460023132349237
0.17138366587670556;0.0;N;2.018620632442423;0.32420546215682183;0.1315334104411641
0.5445928840790346;0.0;N;1.1320327448694678;0.5534797386048483;0.2630668208823282
0.8433686203000309;0.0;Y;0.7312016946456952;0.6005833704756407;0.0
0.6201239855147286;0.0;N;1.869300567166978;1.2044759280356816;0.2630668208823282
0.8991797789963565;0.0;N;1.97709098928769;0.55902886227685;0.0
0.12712541703051936;0.4;N;0.9365167843994321;0.07571809084444533;0.2630668208823282
0.4030805905845736;0.0;N;1.5160652877497534;0.5797469331822436;0.0
0.5891177862389921;0.0;N;1.3186828264637742;0.3311302314875116;0.6576670522058206
0.7241807902841001;0.0;Y;1.6369212155820667;0.259154591966857;0.39460023132349237
0.0930185978272093;0.0;N;1.6891832384284724;0.19853474177998287;0.39460023132349237
0.1085216974650775;0.0;Y;0.3009732565708189;0.22339638211545784;0.2630668208823282
0.44512499680247214;0.0;Y;0.2258465987291107;0.2859731934166596;0.0
0.217043394930155;0.0;Y;0.4992889682647695;0.1488113865240374;0.6576670522058206
0.1605221942704151;0.0;N;1.2057595270992187;0.09178519059474913;0.0
0.2015402952922868;0.0;N;1.560394682128401;0.22339638211545784;0.0
0.039191835884530846;0.0;N;1.7750422759618534;0.11221499049218189;0.0
2.1394277500258134;0.0;N;0.7125366864862647;0.5797469331822436;0.0
0.13614822101975865;0.4;N;0.5104879731604277;0.10016332314953338;0.0
0.27905579348162785;0.0;N;0.04899564641850545;0.24825802245093279;0.5261336417646564
1.2150709372175592;0.4;Y;1.625722210686408;0.42784452068591095;0.0
0.07429085346466448;0.0;N;1.9686917356159461;0.1579480484839864;0.0
0.4709221545998849;0.0;Y;1.6392543416019956;0.30148687249967504;0.2630668208823282
0.3138013403900181;0.4;Y;0.4362945657266912;0.20699887083468405;0.5261336417646564
1.1831345519635508;0.0;N;0.9565816681708201;0.3647163025123018;0.39460023132349237
0.31179833991680556;0.4;Y;0.845058244418222;0.14431010745509956;0.1315334104411641
0.33707459356638586;0.0;N;2.174006825369683;0.17672407527417058;0.1315334104411641
0.17467652423978874;0.0;N;1.4731357689830629;0.2745119408991128;0.1315334104411641
0.33707459356638586;0.0;N;1.1096347350781512;0.19639989545116965;0.1315334104411641
0.217043394930155;0.0;N;2.0298196373380812;0.3725663732982988;0.0
0.49609918841178285;0.0;N;1.500666656018223;0.21096552465522256;0.0
0.5077575193394598;0.0;N;1.20342640107929;0.5180369486998053;0.7892004626469847
0.06697339043559068;0.0;N;2.036819015397868;0.14694676163425188;0.0
0.4147389215122505;0.0;N;1.8958982037941667;0.3570526942152833;0.5261336417646564
1.519303764511085;0.0;N;1.6695849798610705;0.6211830004080351;0.0
0.5298897443824804;0.0;N;1.8464359321716755;0.6742552219660354;0.2630668208823282
0.6182636135581845;0.8;Y;1.2846191865728136;0.4458727583102956;0.39460023132349237
0.0930185978272093;0.0;N;0.6206115213010684;0.08488137964782047;0.0
0.2058811631908899;0.0;N;1.5062661584660522;0.15792731385521194;0.6576670522058206
0.4893398369696723;0.0;Y;1.7703760239219957;0.2777936807051353;0.0
0.5261752017092473;0.0;N;1.7750422759618534;0.582377173051775;0.2630668208823282
0.40120471552839154;0.0;Y;1.3084170719760873;0.5194801683644993;0.0
0.37387895210668504;0.0;N;1.5650609341682589;0.2779115995831653;0.0
0.006201239855147286;0.0;N;1.861834563903206;0.08100683829683736;0.0
0.19867222185928116;0.0;N;0.9971780609175815;0.36796694037516264;0.0
0.5892852197150812;0.0;Y;0.1143231749765126;0.37266706304234726;0.1315334104411641
0.26765791462786714;0.0;N;0.7535997044370117;0.34175210446467263;0.2630668208823282
0.7990111516161623;0.0;Y;1.9514266030684728;0.29943048958622404;0.39460023132349237
0.08656930837785612;0.0;N;1.9584259811282594;0.1567671442487874;0.0
0.15503099637868215;0.8;N;0.5473513642753032;0.22339638211545784;0.39460023132349237
0.15503099637868215;0.8;N;0.7018043067945918;0.23517297999436518;0.0
0.26296357605752063;0.4;Y;0.24404498168455557;0.2824975326220994;0.1315334104411641
0.4502906296018099;0.0;N;2.034952514581925;0.38555907953032426;0.39460023132349237
0.4100259792223385;0.0;Y;0.13578793435985786;0.30275481742472926;0.1315334104411641
0.22634525471287595;0.4;Y;1.2412230426021373;0.17651441685156308;0.39460023132349237
0.22041686941135513;0.0;N;1.7475113889266933;0.1724399131273994;0.0
0.4619923692084728;0.4;Y;0.8912541396128129;0.19729163365846064;0.39460023132349237
1.3271149389203605;0.0;Y;0.30190650697879046;0.5936308555265909;0.2630668208823282
0.5891177862389921;0.0;Y;0.8324593639106062;0.2979813777068783;0.2630668208823282
0.12576114426238696;0.0;N;0.31823838911829233;0.18819226419630736;0.0
0.168034996354926;0.0;N;1.4572705120475467;0.1193391255160876;0.1315334104411641
0.27905579348162785;0.4;N;1.144165000173098;0.19591770345467113;0.0
0.4371874097878837;0.0;N;0.8072616028953749;0.3214223976313235;0.6576670522058206
0.31179833991680556;0.4;Y;0.2533774857642708;0.2352447307601241;0.0
0.1732936477520909;0.4;N;1.0956359789585781;0.32726844417077466;0.2630668208823282
0.33894426738271277;0.0;Y;0.384499168084271;0.2539016453123488;0.1315334104411641
0.687345425544525;0.8;N;0.9239179038918164;0.1724399131273994;0.5261336417646564
0.34044806804758604;0.0;Y;1.2967514418764434;0.15640070816544677;0.2630668208823282
0.5373188297289468;0.8;N;0.5067549715285417;0.34141594988954205;0.1315334104411641
1.3271149389203605;0.4;Y;0.7535997044370117;0.32633560963091274;0.2630668208823282
0.1853860654696281;0.0;Y;0.9542485421508914;0.24751217249501858;0.0
0.5891177862389921;0.4;Y;0.9183184014439871;0.46579761778757434;0.7892004626469847
0.06727104994863775;0.8;Y;0.5711492496785776;0.13870295665652776;0.1315334104411641
0.1649529801469178;0.0;Y;0.7848635931040582;0.180940290489958;0.1315334104411641
0.2821564134092015;0.0;N;1.78204165402164;0.5791094552249237;0.0
0.15503099637868215;0.0;N;1.3560128427826357;0.17864538476060557;0.0
0.27905579348162785;0.0;N;1.3662785972703226;0.3725663732982988;0.0
0.6827099987528025;0.0;Y;1.6047240765070487;0.34300833954541887;0.1315334104411641
0.6562214027115408;0.0;Y;1.530530669073312;0.16495307126993258;0.0
0.1126641256883159;0.4;N;0.6934050531228481;0.11484038233699988;0.2630668208823282
0.43951287473356393;0.4;Y;0.40409742665167325;0.11878108057907256;0.2630668208823282
0.07720543619658371;0.0;N;1.0111768170371547;0.17317584327889993;0.2630668208823282
0.3102108225138878;0.0;N;0.5030219698966557;0.2732390733643496;0.0
0.48902977497691497;0.4;N;0.6145453936492538;0.24982930455305724;0.39460023132349237
0.5891177862389921;0.0;N;1.3261488297275466;0.3725663732982988;0.1315334104411641
0.28820882350782523;0.4;N;0.799328974427617;0.29497500570457935;0.2630668208823282
0.49609918841178285;0.0;N;1.4773353958189346;0.42228972855424435;0.39460023132349237
0.7119023353709084;1.2;N;0.8385254915624212;1.1910123667264876;0.0
0.33670561979500463;0.0;Y;2.0279531365221386;0.14706236837741857;1.4468675148528052
0.2015402952922868;0.0;N;1.610790204158864;0.12394974618856243;0.0
0.6044596536406266;0.0;N;1.5076660340780097;0.38179253725295753;0.2630668208823282
0.4893398369696723;0.0;N;1.5529286788646288;0.35726578354768807;0.0
0.7441487826176744;0.0;Y;0.8627900021696812;0.31041223516711364;0.2630668208823282
0.15503099637868215;0.0;N;1.8665008159430636;0.1488113865240374;0.2630668208823282
0.7119023353709084;0.8;N;0.5590169943749473;0.8119397950927579;0.1315334104411641
0.13952789674081392;0.4;N;0.41529643154733153;0.15157379100575682;0.1315334104411641
0.13269413042044162;0.4;N;0.20484846454975125;0.09808613102231234;0.39460023132349237
0.22041686941135513;0.0;N;0.28510799963530287;0.30203880146705164;0.0
0.02287017258578319;1.2;Y;0.4367611909306768;0.03666963849752628;0.5261336417646564
0.27905579348162785;0.0;N;1.5267976674414259;0.6211830004080351;0.1315334104411641
0.4893398369696723;0.0;N;1.5053329080580806;0.2659574148297548;0.0
0.19833115366724807;0.0;Y;0.7722647125964424;0.1309908681123749;0.0
0.2563344506523682;0.0;Y;1.243556168622066;0.1378802095701588;0.39460023132349237
0.2076671202691723;0.0;N;0.5394187358075454;0.15912067378467468;0.1315334104411641
0.29455889311949607;0.0;N;0.6677406669036311;0.26068887991116807;0.1315334104411641
0.27905579348162785;0.8;N;0.4166963071592889;0.3725663732982988;0.0
0.747249402545248;0.4;N;0.8959203916526707;0.5422742380371844;0.1315334104411641
0.21394277500258135;0.8;Y;1.014443193465055;0.29425212792730726;0.1315334104411641
0.33176633225037977;0.0;N;0.9659141722505354;0.1338943874057533;0.5261336417646564
0.13425684286393874;0.0;N;1.093769478142635;0.11322367797256025;0.0
0.15472093438592477;0.0;N;0.7871967191239869;0.14856279473373118;0.2630668208823282
0.8567012859885975;0.4;N;1.0723047187592898;0.4741676951628348;0.6576670522058206
0.15472093438592477;0.0;N;0.5991467619177232;0.1272883197612256;0.0
0.1860371956544186;0.0;Y;1.8963648289981525;0.434720511429484;0.1315334104411641
0.5891177862389921;0.0;Y;1.2687539296372974;0.24825802245093279;0.2630668208823282
0.14448888862493176;0.0;N;0.2921073776950894;0.11073380706473186;0.0
0.6487551099259435;0.0;N;1.0919029773266922;0.429945803766708;0.1315334104411641
0.33512430363194207;0.0;N;0.5445516130513889;0.3519301967180646;0.5261336417646564
0.44512499680247214;1.2;N;0.7312016946456952;0.45777227226193756;0.1315334104411641
0.33535374950658253;0.8;N;0.7447338255612824;0.3521509683050152;0.0
0.9566218637745857;0.4;N;0.13952093599174392;0.678420271874847;0.1315334104411641
0.43408678986031;0.0;N;2.003688625914879;0.22339638211545784;0.1315334104411641
0.26332944920897433;0.0;N;1.5977246984472624;0.088143951109976;0.6576670522058206
0.6586119806757001;0.4;N;1.0555062114158023;0.41435821095306147;0.0
0.5581115869632557;0.4;Y;0.3672340355367978;0.217659080499579;0.0
0.5001734029966146;0.0;N;1.9663586095960175;0.5107395527311407;0.0
0.0930185978272093;0.0;N;1.9210959648093984;0.09908803126809189;0.39460023132349237
0.2715274882974791;0.4;Y;1.506732783670038;0.36351175483350034;0.1315334104411641
0.15680765159718182;0.0;N;1.797906910957156;0.1803548728595609;0.5261336417646564
0.12402479710294571;0.4;Y;0.39383167216398646;0.030718501699286846;0.0
0.7697599032194326;0.0;N;1.2561550491296818;0.29598481195989157;0.39460023132349237
0.1649529801469178;0.0;N;0.4890232137770827;0.1567671442487874;0.0
0.15503099637868215;0.0;N;0.5058217211205702;0.10619135707822758;0.39460023132349237
1.0147460849368812;0.0;N;1.359279219210536;0.5027500080033878;0.6576670522058206
0.35530623874051886;0.0;Y;1.325215579319575;0.46896934472509955;0.0
0.06201239855147286;0.4;N;0.4647587031698228;0.06357140221741336;0.0
0.43408678986031;0.0;Y;0.7386676979094673;0.1925336330346972;0.5261336417646564
0.15217222480545925;0.0;N;0.3956981729799295;0.10979970457994491;0.0
0.43408678986031;0.0;Y;0.4138965559353744;0.1912124344227908;0.0
0.4303660459472216;0.0;N;1.8543685606394336;0.8933640110249248;0.0
0.31179833991680556;0.0;N;0.7092703100583643;0.16456373759294537;0.0
0.3640871943754075;0.0;Y;0.9691805486784358;0.2711819446009427;0.1315334104411641
0.1649529801469178;0.8;Y;0.5753488765144492;0.13432056607056267;0.39460023132349237
0.37387895210668504;0.0;N;1.5468625512128138;0.5407224226189093;0.39460023132349237
0.3281696131343944;0.0;Y;0.48342371132925344;0.1724399131273994;0.39460023132349237
0.4371874097878837;0.0;Y;1.0550395862118167;0.17290808314472672;0.2630668208823282
1.44520514948193;0.4;N;0.611745642425339;0.5914757966639723;0.1315334104411641
0.0767465444473028;0.8;Y;0.820793733810962;0.12924028368084867;0.0
0.29455889311949607;0.0;N;1.5412630487649848;0.1301651376261823;0.1315334104411641
0.4026154975954375;0.0;N;1.3858768558377246;0.5211769770142041;0.0
1.55613912925066;0.0;N;1.6065905773229918;0.10872299558358718;0.5261336417646564
0.7241807902841001;0.0;Y;1.5132655365258385;0.30240672925030404;0.1315334104411641
0.13547538649547516;0.0;N;0.42929518766690455;0.04675539452637611;0.0
0.6222293064455511;0.0;N;0.3625677834969401;0.5234244466863603;0.1315334104411641
0.24804959420589143;0.0;N;1.779708528001711;0.09553636836302402;0.1315334104411641
0.11189517194627763;0.8;N;0.7937294719797877;0.13714032641389193;0.0
0.35710149767858407;0.0;Y;1.0503733341719588;0.20710537820838862;0.2630668208823282
0.4371874097878837;0.4;N;1.116167487933952;0.4501347687133761;0.1315334104411641
1.0342427830414644;0.4;Y;0.8716558810454107;0.17047086924378588;0.0
0.7119023353709084;0.0;Y;1.9663586095960175;0.39676502760796156;0.5261336417646564
0.6316954990844333;0.4;N;0.750799953213097;0.5310147379327124;0.0
0.18449928817034203;0.0;Y;0.60614613997751;0.18478268570784118;0.0
0.9053810188515038;1.2;Y;0.7685317109645563;0.4501347687133761;0.0
0.34454088635198316;0.0;N;0.6822060482271897;0.3222747549609422;0.2630668208823282
0.8798195081685866;0.0;N;1.0909697269187206;0.8760329939393288;0.39460023132349237
0.27905579348162785;0.8;Y;1.2043596514872619;0.12394974618856243;0.1315334104411641
0.3410681920331007;0.0;N;2.0354191397859105;0.2979813777068783;0.1315334104411641
0.03509901758013364;0.0;N;2.0634166520250568;0.12196078811112601;0.2630668208823282
0.46784633963173183;0.0;N;0.819393858199005;0.18425417642908037;0.2630668208823282
0.5891177862389921;0.0;N;1.2374900409702512;0.7454913512554011;0.0
0.5814282488186095;0.0;N;1.580926191103775;0.5889225285098914;0.1315334104411641
0.3036127033080111;0.4;N;0.7036708076105349;0.2679484612870678;0.2630668208823282
0.8116802846402282;0.4;Y;1.4624033892913901;0.36819979473139913;0.2630668208823282
0.7808167138811603;0.4;N;1.2183584076068348;0.24374503353768712;0.9207338730881487
0.1453570622046524;0.4;N;1.214158780770963;0.12085267883162429;0.0
0.5538017252639283;0.4;N;0.47315795684156664;0.4015692709289918;0.1315334104411641
0.07476214769365568;0.0;N;2.159074818842139;0.06324747958155982;0.0
0.8376510771535851;0.0;Y;0.7731979630044141;0.4639843819597514;0.39460023132349237
0.1665404975498355;0.0;N;1.0606390886596457;0.10294482139012423;0.1315334104411641
0.07429085346466448;0.4;Y;0.934650283583489;0.06296405659831242;0.39460023132349237
0.13937286574443525;0.0;N;2.1390099350707508;0.1514356595939215;0.1315334104411641
0.24804959420589143;0.4;N;0.982246054390037;0.1674576354218925;0.2630668208823282
0.25325863568421514;0.0;N;0.5431517374394315;0.4018738760509872;0.2630668208823282
0.3332360260960497;0.0;N;1.4554040112316036;0.14567135820963859;0.2630668208823282
0.27905579348162785;0.8;N;0.9388499104193608;0.12823622047019695;0.1315334104411641
0.1860371956544186;0.0;Y;0.3056395086106767;0.15319877430470707;0.5261336417646564
0.15503099637868215;0.8;Y;0.5622833708028478;0.17864538476060557;0.39460023132349237
0.5077575193394598;0.0;N;1.3284819557474754;0.6476358370394575;0.39460023132349237
0.8602514958056694;0.0;N;1.2463559198459806;1.428913665859587;0.1315334104411641
0.6116096831936114;0.4;N;0.5310194821358016;0.42903139172075727;0.2630668208823282
0.45188434824458273;0.0;N;2.0307528877460532;0.7740325677633831;0.1315334104411641
0.039191835884530846;0.4;Y;0.8870545127769409;0.03341348134499164;0.1315334104411641
0.2821564134092015;0.0;N;1.6355213399701092;0.3135198935934257;0.5261336417646564
0.8477590981174752;0.0;N;1.508599284485981;0.6036008556422828;0.0
0.46819360906362006;0.4;N;0.6906053018989334;0.2998460025966639;0.39460023132349237
0.24804959420589143;0.0;Y;1.654652973333526;0.22339638211545784;0.1315334104411641
0.17554469781950935;0.0;N;1.3704782241061944;0.2254847619920176;0.2630668208823282
1.7648728627749177;0.4;Y;0.6094125164054103;0.6642510619223626;0.39460023132349237
0.0930185978272093;0.8;Y;0.7769309646363001;0.1189773882874692;0.0
0.4100259792223385;0.0;N;0.25571061178419974;0.2353962874711659;0.6576670522058206
0.2821564134092015;0.0;Y;0.6938716783268337;0.21487236130929677;0.5261336417646564
0.4030805905845736;0.0;Y;1.5188650389736678;0.20847938299717372;0.39460023132349237
0.06201239855147286;0.0;N;0.03779664152284697;0.22339638211545784;0.0
0.31179833991680556;0.0;Y;1.3975424859373689;0.10271785924853953;0.0
0.8006172727386455;1.2;N;0.7055373084264779;0.44418788325988534;0.1315334104411641
0.47183993809844665;0.8;Y;0.5034885951006414;0.1724399131273994;0.2630668208823282
0.15503099637868215;0.0;Y;1.191760770979646;0.17864538476060557;0.0
0.3157578315643171;0.0;Y;0.5646164968227767;0.08305501686077336;0.1315334104411641
0.24804959420589143;0.4;N;0.3378366476856944;0.1914314159698472;0.0
0.5731433923721327;0.4;Y;0.9393165356233468;0.8545082863066139;0.0
0.5261752017092473;0.4;N;0.9262510299117453;0.5357583436523268;0.2630668208823282
0.19432205210089537;0.4;N;0.7270020678098231;0.15450542884247317;0.2630668208823282
0.5856078844809788;0.0;N;1.6569860993534546;0.2743186165905398;0.2630668208823282
0.0395391053164191;0.0;N;2.141343061090679;0.13539802091687633;0.39460023132349237
0.5484314515493708;0.0;N;0.7764643394323144;0.18548535095130794;0.39460023132349237
0.15472093438592477;0.0;N;1.373277975330109;0.17834704477823987;0.5261336417646564
0.3875774909467054;0.0;Y;0.23844547923672635;0.22339638211545784;0.39460023132349237
0.06815162600806868;0.0;N;0.7633988337207129;0.09505052170174151;0.0
0.3005368883398581;0.0;N;1.0349747024404288;0.22750497118260685;0.2630668208823282
0.5201848040091749;0.0;Y;1.4787352714308921;0.220621820279457;0.2630668208823282
0.6004660551739117;0.0;Y;1.3956759851214255;0.3793909003949138;0.1315334104411641
0.5655902822285633;0.0;N;1.2318905385224217;0.3185535603608951;0.39460023132349237
0.3281696131343944;0.0;N;0.8459914948261936;0.2876389001232028;0.1315334104411641
0.43408678986031;0.0;N;1.8427029305397895;0.55902886227685;0.0
0.4893398369696723;0.8;N;0.6560750368039869;0.4168698606796026;0.0
0.24804959420589143;0.4;N;0.9467825388871189;0.1674576354218925;0.39460023132349237
0.23303019127672472;0.0;N;1.281352810144913;0.18110885257999457;0.7892004626469847
0.217043394930155;0.0;N;1.4628700144953761;0.23831338123374196;0.0
0.15503099637868215;0.0;Y;0.6234112725249831;0.12750140909363028;0.1315334104411641
0.07751549818934107;0.0;N;0.4773575836774385;0.1040603891691851;0.5261336417646564
0.5891177862389921;0.8;N;0.8352591151345208;0.165385813414354;0.9207338730881487
0.0930185978272093;0.4;N;0.028930762647117532;0.1189773882874692;0.2630668208823282
0.17372463392202364;0.0;N;1.9136299615456258;0.10908077980743922;0.39460023132349237
0.43408678986031;0.0;Y;1.4778020210229206;0.55902886227685;0.1315334104411641
0.0395391053164191;0.0;N;0.3910319209400717;0.056206655997729726;0.1315334104411641
0.3007570323547158;0.0;N;1.5449960503968707;0.5316760830886216;0.1315334104411641
0.45250447223009743;0.0;Y;0.9645142966385782;0.2904110006543491;0.7892004626469847
0.43961519519117376;0.0;Y;0.1656519474149469;0.2260560830582479;0.0
0.6489132415422498;0.0;Y;1.0919029773266922;0.32674881050648924;0.2630668208823282
0.36273532408698533;0.0;N;2.018620632442423;0.5258302603041572;0.1315334104411641
0.5113480372155901;0.8;Y;0.8511243720700371;0.5926531208193829;0.1315334104411641
0.12402479710294571;0.0;N;2.185672455469327;0.09777951210543599;0.0
0.5922184061665658;0.0;Y;1.887032324918437;0.42797235936835465;0.5261336417646564
0.15503099637868215;0.0;Y;1.7596436442303232;0.22339638211545784;0.1315334104411641
0.3436417065729868;1.6;N;0.4918229650009972;0.45024664620676325;0.0
1.2092417717537207;0.0;N;0.9626477958226352;0.3974280136337737;0.39460023132349237
0.24168712211451032;0.0;N;1.5309972942772978;0.21829476841700468;0.1315334104411641
0.15472093438592477;0.0;N;2.1058795455877615;0.22302345713750074;0.1315334104411641
0.27905579348162785;0.4;Y;1.0293751999925995;0.1861038843197476;0.2630668208823282
0.3410681920331007;0.0;N;1.5515288032526715;0.23517297999436518;0.0
0.4030805905845736;0.0;N;1.8543685606394336;0.4173173706531511;0.5261336417646564
0.1853860654696281;0.0;N;1.8627678143111774;0.13142077602696384;0.2630668208823282
0.8150506585015007;0.0;Y;1.0032441885693966;0.2257723617350181;0.0
0.5261752017092473;0.0;Y;1.398942361549326;0.3825820940162883;0.0
0.6182636135581845;0.0;N;1.5893254447755187;0.7433603833463586;0.5261336417646564
0.27905579348162785;0.4;N;1.3200827020757315;0.10619135707822758;0.5261336417646564
0.687345425544525;0.4;Y;0.4796907096973674;0.49335147812391733;0.1315334104411641
0.15503099637868215;0.4;N;1.0270420739726707;0.22339638211545784;0.39460023132349237
0.27905579348162785;0.0;N;1.1063683586502508;0.1488113865240374;0.2630668208823282
0.3717023169175283;0.4;N;0.8473913704381507;0.6454480353637743;0.0
0.3640871943754075;0.4;N;0.9276509055237027;0.3164387028109004;0.1315334104411641
0.36040055728152237;0.8;N;0.9906453080617809;0.47040324126534455;0.1315334104411641
0.34454088635198316;0.0;N;1.2113590295470482;0.25774806811999396;0.7892004626469847
0.43098616993273636;0.4;N;0.8697893802294676;0.37008023164024995;0.39460023132349237
0.31179833991680556;0.0;Y;1.7115812482197892;0.2352447307601241;0.5261336417646564
0.5891177862389921;0.0;N;0.7279353182177949;0.3311302314875116;0.5261336417646564
0.27905579348162785;0.0;N;1.560861307332387;0.4512884494251842;0.1315334104411641
0.4893398369696723;0.0;N;1.1427651245611408;0.5003155537472838;0.0
0.34454088635198316;0.0;N;1.9500267274565157;0.25774806811999396;0.0
0.27905579348162785;0.0;N;1.1115012358940943;0.33866413647719656;0.0
0.15472093438592477;0.0;N;1.9252955916452699;0.22302345713750074;0.0
0.22999778498755769;0.0;Y;1.2416896678061229;0.3300843260943331;0.0
1.6666452234693845;0.4;N;0.8721225062493964;0.7421282392191884;0.2630668208823282
0.09440767555476227;0.0;N;2.082548285388473;0.16724215936962886;0.0
0.057252946962647315;0.4;Y;1.2006266498553755;0.0845638713215878;0.2630668208823282
0.5113480372155901;0.0;Y;0.7881299695319586;0.4345166706365326;0.1315334104411641
0.8991797789963565;0.0;Y;2.0419518926417113;0.3725663732982988;0.39460023132349237
0.43408678986031;0.0;N;0.5571504935590044;0.3192913551372854;0.2630668208823282
0.4928094306686272;0.0;Y;1.2393565417861943;0.6296571238521455;0.0
0.27905579348162785;0.0;Y;0.8147276061591472;0.165385813414354;0.2630668208823282
0.44512499680247214;0.4;Y;0.33923652329765175;0.2859731934166596;0.2630668208823282
0.3281696131343944;0.4;N;0.44609369501039214;0.2156395425739501;0.1315334104411641
0.5076024883430811;0.0;N;1.426939873788472;0.4794991798177006;0.0
0.8346868845028247;0.0;N;0.42929518766690455;0.5202446645693114;0.1315334104411641
0.24168712211451032;0.4;N;0.819393858199005;0.32762145495490885;0.1315334104411641
0.15676734353812338;0.0;N;0.4096969290995025;0.11256307866660704;0.5261336417646564
0.353312540127089;0.0;N;1.0923696025306777;0.3694308200836355;0.2630668208823282
0.2563344506523682;0.0;N;1.6210559586465507;0.2761190237991211;0.1315334104411641
0.15503099637868215;0.0;N;0.9939116844896811;0.17864538476060557;0.2630668208823282
0.14448888862493176;1.2;N;0.7703982117804994;0.16850182536017236;0.1315334104411641
0.06201239855147286;0.0;N;1.0153764438730264;0.22339638211545784;0.2630668208823282
0.7441487826176744;0.0;N;1.1912941457756603;0.2327195065643854;0.39460023132349237
0.04574034517156638;0.8;N;0.5249533544839866;0.09194778588513842;0.2630668208823282
0.15503099637868215;0.0;N;1.436739003072173;0.10134818038949871;0.1315334104411641
0.06201239855147286;1.2;Y;0.3719002875766554;0.05167740755544513;0.2630668208823282
0.8567012859885975;1.2;Y;0.5473513642753032;0.8537887648541435;0.0
0.29455889311949607;0.0;Y;1.0947027285506068;0.31289837682516247;0.0
0.14448888862493176;0.8;N;0.8105279793232752;0.14035844521867494;0.0
0.3262968386981399;0.0;N;2.0176873820344516;0.5052223514372521;0.0
0.892209585399171;0.0;N;1.7274465051553054;0.369771897268475;1.4468675148528052
0.892209585399171;0.0;N;1.2869523125927422;0.7399024737807491;0.2630668208823282
0.48840965099140027;0.0;N;1.1231668659937384;0.4161240107236883;0.5261336417646564
0.31365251063349453;0.0;Y;0.8562572493138805;0.18387961058122027;0.2630668208823282
0.5891177862389921;0.0;N;1.5673940601881875;0.4968747241456648;0.0
0.06201239855147286;0.0;N;1.3765443517580094;0.22339638211545784;0.2630668208823282
0.143825355960431;0.0;Y;0.4227624348111038;0.16786337779790983;0.1315334104411641
0.4100259792223385;0.0;Y;0.9439827876632042;0.30275481742472926;0.2630668208823282
0.0930185978272093;0.0;N;0.04106301795074735;0.1189773882874692;0.1315334104411641
0.8424973461003826;0.0;N;1.6532530977215685;0.8401218102619717;0.0
0.1701310154259658;0.0;N;1.9733579876558038;0.4278120762128287;0.1315334104411641
0.0930185978272093;0.0;Y;0.37050041196469813;0.034740199246571825;0.0
0.662788515718142;0.0;Y;1.3448138378869772;0.4168698606796026;0.1315334104411641
0.13952789674081392;0.8;N;0.6882721758790047;0.13638052906380213;0.0
0.44512499680247214;0.0;N;1.819838295544487;0.19052923586317336;0.1315334104411641
0.19840246792558225;0.0;N;0.1488534400714594;0.1573098246767106;0.39460023132349237
0.06201239855147286;0.0;N;0.5669496228427054;0.05228960119925951;0.1315334104411641
0.7441487826176744;0.0;N;1.2930184402445573;0.46579761778757434;0.1315334104411641
0.1853860654696281;0.0;N;0.18758333200227786;0.19984475264255058;0.0
0.8092618010967207;0.0;Y;1.0116434422411404;0.40389207144669537;0.2630668208823282
0.3720743913088372;0.0;N;1.6975824921002165;0.1488113865240374;1.4468675148528052
0.23837566003186167;0.0;N;1.3060839459561586;0.09221204052451884;0.2630668208823282
0.12402479710294571;0.0;Y;0.36070128268099705;0.09287263983047205;0.2630668208823282
0.08485156493798031;0.0;N;1.355079592374664;0.0425174750768716;0.2630668208823282
0.0930185978272093;0.4;N;1.3023509443242722;0.1488113865240374;0.39460023132349237
0.5205599790204113;0.0;Y;1.3387477102351621;0.4419030465049378;0.2630668208823282
0.9802175814234212;0.0;N;1.5239979162175112;0.2530252716141496;0.0
0.31179833991680556;0.4;N;1.038241078868329;0.20579432315588259;0.0
0.5922184061665658;0.0;Y;0.6934050531228481;0.33278773384453975;0.2630668208823282
0.8282934062121678;0.0;N;1.704115244956017;0.8264548556697999;0.6576670522058206
0.4000047756164205;0.0;Y;0.7396009483174389;0.41435783802808357;0.2630668208823282
0.3609865744478338;0.0;N;1.6093903285469067;0.2690509021069046;0.6576670522058206
1.269083736355892;1.2;Y;0.6584081628239157;0.5208661813375747;0.1315334104411641
0.43408678986031;0.0;Y;1.6975824921002165;0.2793351288090232;0.1315334104411641
0.5447479150754133;0.0;N;0.8077282280993608;0.4612976812485572;0.1315334104411641
0.1772221332003267;0.0;Y;2.04101864223374;0.04973044083052669;1.7099343357351333
0.5814282488186095;0.0;N;1.9322949697050564;0.736242811802065;0.5261336417646564
0.5378459351166344;0.0;N;1.8338370516640599;0.317866110456529;0.1315334104411641
0.0930185978272093;0.0;N;2.0158208812185086;0.19853474177998287;0.0
0.3138447490690041;0.0;N;0.4073638030795736;0.2366511800219915;0.2630668208823282
0.130226036958093;0.0;N;0.3257043923820646;0.12892202950466006;0.0
0.43408678986031;0.0;N;1.998555748671035;1.1184163292125033;0.1315334104411641
0.15676734353812338;0.0;N;1.41060799164897;0.06913163905375816;0.7892004626469847
0.15503099637868215;0.4;N;1.4624033892913901;0.2979813777068783;0.1315334104411641
0.4893398369696723;0.0;N;0.9220514030758733;0.20825562801039949;0.2630668208823282
0.43408678986031;0.4;Y;0.635543527828613;0.2793351288090232;0.0
0.07429085346466448;0.0;N;0.3672340355367978;0.10095765335258201;0.1315334104411641
0.1085216974650775;0.0;N;1.195960397815518;0.09553636836302402;0.0
0.0930185978272093;0.0;N;1.5505955528447;0.22913368373133666;0.1315334104411641
0.5076024883430811;0.0;Y;1.4894676511225649;0.43151335661905293;0.5261336417646564
0.07751549818934107;0.0;N;1.6887166132244866;0.17367302685951233;0.5261336417646564
0.14858170692932895;0.0;N;1.5552618048845577;0.042841024787747185;0.2630668208823282
0.38204598499591397;0.0;N;1.5631944333523158;0.2835246425963888;0.5261336417646564
0.3131626126849379;0.0;N;1.7190472514835613;0.39387635072870586;0.5261336417646564
0.11991957631883822;0.0;Y;0.37656653961651304;0.14486136515751577;0.0
0.48620821084282295;0.0;N;1.7988401613651275;0.35511348432990647;0.1315334104411641
0.3100619927573643;0.0;N;1.7479780141306789;0.20475013321760274;0.0
0.43408678986031;0.0;N;1.9061639582818535;0.24825802245093279;0.0
0.24314441348046995;0.4;Y;0.6346102774206417;0.25328199316897526;0.1315334104411641
0.11757550765359254;0.8;N;1.1376322473172973;0.07112365511601382;0.2630668208823282
0.260452073916186;0.4;N;0.7717980873924567;0.35019087462087267;0.5261336417646564
0.18541707166890384;0.0;N;1.9537597290884015;0.4161240107236883;0.0
0.19355309835885706;0.8;N;0.819393858199005;0.2451752008281526;0.1315334104411641
0.3193607519201576;0.0;N;0.6943383035308197;0.33676259201459335;0.0
0.7441487826176744;0.0;N;1.5109324105059099;0.414002515109086;0.1315334104411641
1.0235611473909731;0.0;Y;0.28977425167516063;0.6338282897305957;0.2630668208823282
0.0930185978272093;0.0;N;0.5837481301861931;0.19853474177998287;0.2630668208823282
0.5891177862389921;0.0;N;0.4894898389810683;0.2190089943347881;0.2630668208823282
0.14448888862493176;0.0;N;2.0699494048808575;0.08407161035068443;0.0
0.747249402545248;0.4;Y;1.3854102306337388;0.6930055915177361;0.2630668208823282
0.08739717389851828;0.4;N;0.765265334536656;0.056604939874187916;0.1315334104411641
0.15217222480545925;0.8;N;0.6164118944651968;0.14651916585452626;0.0
0.07122123973636657;0.0;N;1.7983735361611417;0.16357921565113862;0.5261336417646564
0.08656930837785612;0.4;N;0.8436583688062645;0.08044894252981354;0.2630668208823282
0.3281696131343944;0.0;N;1.4880677755106073;0.1266990982960534;0.6576670522058206
0.34454088635198316;0.8;N;0.25524398658021386;0.2254847619920176;0.39460023132349237
0.3565650904311138;0.0;N;1.4344058770522443;0.3449368091914306;0.0
0.5580402727049215;0.4;Y;1.1236334911977242;0.28303006949062215;0.0
0.0930185978272093;0.0;Y;0.2599102386200716;0.0659391774874586;0.1315334104411641
0.3627632296663335;0.0;N;1.4428051307239882;0.7282622172737829;0.39460023132349237
0.44865970351990614;0.0;N;1.195493772611532;0.25604805231547867;0.2630668208823282
0.12402479710294571;0.0;N;0.5734823756985062;0.1861038843197476;0.5261336417646564
0.06815162600806868;0.0;N;1.2323571637264075;0.16413987106299932;0.0
0.08752119869562121;0.4;Y;1.0727713439632758;0.08110312752614589;0.0
0.10529705274040091;0.0;N;0.3401697737056233;0.09332014980402056;0.0
0.2821564134092015;0.0;N;1.0713714683513185;0.30096477753053513;0.1315334104411641
0.1860371956544186;0.0;Y;1.6966492416922447;0.47427315834660105;0.2630668208823282
0.8046046699655053;0.0;N;1.5967914480392906;0.8036616810170618;0.1315334104411641
0.2844539727755336;0.0;Y;0.641609655480428;0.26130868122453277;0.1315334104411641
0.08791807804635064;0.0;Y;0.39196517134804326;0.2039776564182624;0.0
1.7034805882089594;0.0;Y;1.141831874153169;1.0427125586872115;0.0
0.2318767606636673;0.4;N;0.7204693149540224;0.35095328244580815;0.0
0.0930185978272093;0.0;N;1.8534353102314618;0.19853474177998287;0.2630668208823282
0.3036127033080111;0.0;Y;0.7162696881181506;0.17851277263844403;0.5261336417646564
0.3410681920331007;0.0;N;0.3840325428802853;0.3576493741800147;0.1315334104411641
1.0342427830414644;0.0;N;1.4479380079678317;0.355536157499923;0.0
0.7364592451972917;1.2;Y;0.7559328304569408;0.18425417642908037;0.39460023132349237
0.2015402952922868;0.0;N;0.980379553574094;0.13948826207510984;0.2630668208823282
0.5261752017092473;0.0;N;1.4059417396091127;0.8931696425264136;0.1315334104411641
0.11112001696438421;0.4;Y;1.4801351470428492;0.08104204241475652;0.2630668208823282
0.1649529801469178;0.8;N;0.5436183626434172;0.3138928185713829;0.1315334104411641
0.7364592451972917;0.0;N;0.39149854614405755;0.5590740607841783;0.0
0.164391767940027;0.0;N;0.874922257473311;0.10409186403732469;1.0522672835293128
0.7441487826176744;0.0;Y;1.1800951408800018;0.5323913531963433;0.1315334104411641
0.7004641484580892;0.4;N;1.2440227938260517;0.292898410257323;0.6576670522058206
0.15503099637868215;0.4;N;0.42602881123900416;0.17864538476060557;0.1315334104411641
0.5445928840790346;0.4;N;0.713469936894236;0.251386117166037;0.0
0.5020802842520724;0.0;Y;2.0298196373380812;0.4270855437707727;0.2630668208823282
0.5633206284415795;0.0;N;0.7279353182177949;0.9527382172004266;0.1315334104411641
0.27905579348162785;0.4;Y;0.9243845290958023;0.2127413934002543;0.6576670522058206
0.6182636135581845;1.2;N;0.8030619760595031;0.7805462991833687;0.7892004626469847
0.13062291630882242;0.4;N;0.5576171187629904;0.1491785684573339;0.39460023132349237
0.12402479710294571;0.0;Y;1.5267976674414259;0.08251360437777523;0.2630668208823282
0.15503099637868215;0.4;N;0.5179539764242002;0.22339638211545784;0.0
0.8542083875668284;0.0;N;1.0648387154955177;0.8513901113959236;0.2630668208823282
0.2821564134092015;0.4;N;0.45775932511003625;0.30096477753053513;0.2630668208823282
0.5457091072529612;0.0;N;0.8553239989059088;0.30792601892406923;0.1315334104411641
0.8567012859885975;0.0;Y;1.8086392906488284;0.34405566205351357;0.1315334104411641
1.020091553692018;0.4;Y;0.23424585240085444;0.42104162323801747;0.1315334104411641
0.5891177862389921;0.0;Y;1.2491556710698954;0.42584139145931216;0.1315334104411641
0.13952789674081392;0.0;N;1.1334326204814253;0.2731197373714033;0.2630668208823282
0.2825284878005104;0.0;N;1.6859168620005722;0.3832062212593973;0.39460023132349237
0.24804959420589143;0.0;N;1.3821438542058382;0.22339638211545784;0.0
0.4928094306686272;0.8;N;0.4311616884828476;0.6296571238521455;0.0
0.7119023353709084;0.0;Y;1.2804195597369414;1.3743002199526855;0.2630668208823282
0.4100259792223385;0.0;N;0.6453426571123142;0.2648656396642876;0.1315334104411641
0.5077575193394598;0.0;N;1.013976568261069;0.13606130528267082;0.7892004626469847
0.687345425544525;0.4;N;1.050839959375945;0.863633984272211;0.1315334104411641
0.2015402952922868;0.0;Y;1.2421562930101087;0.2068219552251412;0.39460023132349237
0.06201239855147286;0.0;Y;2.1810062034294697;0.08914339005090102;0.2630668208823282
0.15503099637868215;0.8;N;0.5618167455988621;0.24825802245093279;0.6576670522058206
0.4832006095130765;0.4;Y;0.4848235869412108;0.2745119408991128;0.2630668208823282
0.2556647167480123;0.0;Y;1.2589548003535962;0.21513609385370802;0.2630668208823282
0.6182636135581845;0.0;Y;1.3042174451402158;0.39009384726228263;0.39460023132349237
0.34454088635198316;0.0;Y;0.5286863561158727;0.30076585934729283;0.5261336417646564
0.4427685256575162;0.4;N;0.7335348206656239;0.19613429828186857;0.1315334104411641
0.3228303456191125;0.4;Y;0.8091281037113178;0.17696408978998374;0.1315334104411641
0.1649529801469178;0.0;N;2.1296774309910353;0.17422555250685356;0.0
0.5447479150754133;0.0;N;1.8916985769582948;0.6291726943057793;0.0
0.4589413591997403;0.0;N;1.2150920311789344;0.4205565224266909;0.1315334104411641
0.27595517355405424;0.0;N;0.462425577149894;0.2949979778832215;0.1315334104411641
0.3393256436338043;0.4;Y;0.2137143434254807;0.17780704941015799;0.0
0.8341907853144128;0.0;Y;1.3802773533898955;0.29695851907733756;0.2630668208823282
0.4100259792223385;0.0;Y;0.26644299147587236;0.2648656396642876;0.39460023132349237
0.08991797789963565;0.4;N;0.5263532300959439;0.05781769190250441;0.0
0.5077575193394598;0.0;Y;1.9262288420532416;0.5180369486998053;0.2630668208823282
0.02164232709446403;0.8;N;0.7022709319985775;0.06296405659831242;0.39460023132349237
0.13823183761108815;0.4;N;1.206226152303205;0.13534133632022685;0.0
0.4371874097878837;0.8;N;0.5473513642753032;0.43280807755752443;0.5261336417646564
0.29820522215432266;0.0;Y;1.624788960278437;0.15802412517948963;0.0
0.217043394930155;0.4;Y;0.4157630567513174;0.3311302314875116;0.5261336417646564
0.12402479710294571;0.8;Y;0.5940138846738797;0.10619135707822758;0.1315334104411641
0.3441626107208192;0.0;Y;1.9682251104119606;0.3606268072040242;0.5261336417646564
0.7887356971761833;0.0;N;0.6588747880279013;0.32828772272052703;0.1315334104411641
0.15503099637868215;0.0;N;1.4950671535703939;0.2030550400227965;0.2630668208823282
0.199233434066172;0.0;N;2.011621254382637;0.22117673264665716;0.2630668208823282
0.8413346136275426;0.0;N;1.7157808750556611;0.29941340962223356;0.5261336417646564
0.4832006095130765;0.8;N;0.5011554690807125;0.11208841975466323;0.1315334104411641
0.2883576532643488;0.4;Y;1.295818191468472;0.3069315771778488;0.39460023132349237
0.3364544695808711;0.8;N;0.5216869780560862;0.40142397935757973;0.2630668208823282
0.5261752017092473;0.0;N;1.1814950164919593;0.8931696425264136;0.2630668208823282
0.3720743913088372;0.0;Y;1.8249711727883304;0.12084201317725471;0.6576670522058206
0.18449928817034203;0.4;N;1.327082080135518;0.25883917202050083;0.2630668208823282
0.17929954855180105;0.0;N;1.3863434810417106;0.14418070248774845;0.0
0.4030805905845736;0.4;Y;1.0158430690770124;0.1680591634113373;0.0
0.8346868845028247;0.0;N;1.3644120964543796;0.27729649712452287;0.5261336417646564
0.09900279428742642;0.4;N;0.27624212075957333;0.18360312400256285;0.2630668208823282
0.19763661480347158;0.0;N;0.27950849718747367;0.2196402817374739;0.1315334104411641
0.43408678986031;0.8;N;1.12736649282961;0.22339638211545784;0.1315334104411641
0.12402479710294571;0.0;N;0.9668474226585069;0.1861038843197476;0.0
0.08371673804448836;0.0;Y;1.867900691555021;0.1376236371853243;0.2630668208823282
0.7491965918597642;0.8;N;0.3056395086106767;0.5358605996812826;0.5261336417646564
0.217043394930155;0.0;N;1.6733179814929564;0.9941079783651373;0.1315334104411641
0.22621502867591786;0.4;N;1.000444437345482;0.3090124985548494;0.39460023132349237
0.7119023353709084;0.8;N;0.6607412888438444;0.8931696425264136;0.2630668208823282
0.15503099637868215;0.0;N;0.5632166212108195;0.06357140221741336;0.6576670522058206
0.27905579348162785;0.4;Y;1.1068349838542366;0.414002515109086;0.0
0.1364272768132403;0.0;N;1.4078082404250556;0.1338943874057533;0.0
0.3892301213681021;0.0;Y;1.698049117304202;0.40399052364087606;0.0
1.0374364215668652;0.0;Y;0.2599102386200716;0.6421724861123859;0.0
0.19181675119941585;0.0;Y;1.5169985381577247;0.12145905484578254;0.0
0.1085216974650775;0.0;N;1.2482224206619237;0.11151888872832716;0.0
0.03100619927573643;0.8;N;0.5468847390713175;0.09287263983047205;0.0
0.0918403622547313;0.0;N;0.28977425167516063;0.19664520550166983;0.5261336417646564
0.3590207814137521;0.0;N;1.0662385911074752;0.46874372511343554;0.0
0.4893398369696723;0.4;N;0.6168785196691824;0.17845362673694;0.9207338730881487
0.7241807902841001;0.0;N;0.624344522932955;0.6724533230575422;0.2630668208823282
0.08144398363757688;0.0;N;1.6369212155820667;0.09982560228949543;0.2630668208823282
0.0930185978272093;0.4;N;0.43302818929879083;0.1861038843197476;0.0
0.5077575193394598;0.4;N;1.6229224594624938;0.6476358370394575;0.39460023132349237
0.8991797789963565;0.0;Y;1.425073372972529;0.2979813777068783;0.2630668208823282
0.07780075522267785;0.4;N;0.6794062970032752;0.06507481197354963;0.39460023132349237
0.14448888862493176;0.0;N;0.9379166600113895;0.14035844521867494;0.1315334104411641
0.06201239855147286;0.0;N;1.3247489541155895;0.11151888872832716;0.1315334104411641
0.06815162600806868;0.0;N;2.070416030084843;0.10806082999272654;0.0
0.1457291365959612;0.0;N;1.8506355590075474;0.21220863277674476;0.0
0.1565285958037002;0.4;N;0.824993360646834;0.09988862661077018;1.0522672835293128
0.5891177862389921;0.4;Y;0.821260359014948;0.3725663732982988;0.1315334104411641
0.3281696131343944;0.4;N;1.1992267742434184;0.4316376898067038;0.6576670522058206
0.5891177862389921;0.0;N;0.18338370516640598;0.7454913512554011;0.1315334104411641
1.269083736355892;0.0;Y;1.506732783670038;0.5682502527917909;0.0
0.03179375673734013;0.0;N;2.178206452205555;0.100351053583437;0.2630668208823282
0.19432205210089537;0.0;N;0.7722647125964424;0.08997874200152493;0.39460023132349237
0.5891177862389921;0.4;N;0.31870501432227805;0.42584139145931216;0.39460023132349237
0.14448888862493176;0.0;N;1.1870945189397881;0.12380348501220766;0.1315334104411641
0.8689828415217167;0.0;Y;0.9313839071555887;0.36045996056888624;0.1315334104411641
0.4100259792223385;0.4;N;0.6248111481369405;0.2522359386058056;0.2630668208823282
0.3228303456191125;0.0;N;0.3397031485016376;0.3401010164172653;0.1315334104411641
0.3590207814137521;0.0;N;1.6994489929161594;0.23419256022731597;0.1315334104411641
0.8055410571836324;0.0;Y;1.8291707996242024;0.25117929297326197;0.1315334104411641
0.07183516248202616;0.0;Y;1.7013154937321022;0.0985948006922458;0.1315334104411641
0.840218390453616;0.0;N;0.6206115213010684;1.047500915404181;0.39460023132349237
0.09900279428742642;0.0;N;0.13578793435985786;0.06218837264416165;0.0
0.2587901416350065;0.0;N;1.554795179680572;0.10688775718206467;0.1315334104411641
0.6750669706313336;0.0;N;1.7997734117730988;0.28271629041416907;0.39460023132349237
0.27905579348162785;0.0;Y;0.1325215579319575;0.165385813414354;0.0
0.4140381814086188;0.4;N;1.0723047187592898;0.15479332692545608;0.0
0.1085216974650775;0.0;Y;1.506732783670038;0.1338943874057533;0.2630668208823282
0.49974551744660944;0.4;N;1.249622296273881;0.45561147035465854;0.2630668208823282
0.43408678986031;0.0;N;1.6733179814929564;0.3725663732982988;0.1315334104411641
0.7501763877568774;0.0;Y;1.1404319985412115;0.31282878902427563;0.7892004626469847
0.33670561979500463;0.0;N;1.4222736217486143;0.35345173062812957;0.0
0.8991797789963565;0.0;N;1.9061639582818535;0.22339638211545784;0.0
0.23361310782310854;0.0;N;1.8972980794061238;0.254256669891364;0.0
0.49977032240603003;0.0;N;1.2524220474977954;0.2833693566355675;1.0522672835293128
0.360912159569572;0.8;N;0.6528086603760865;0.23532998141008513;0.5261336417646564
0.15503099637868215;0.0;Y;0.5706826244745915;0.09908803126809189;0.2630668208823282
0.13937286574443525;0.0;N;1.8926318273662666;0.22733282901278182;0.39460023132349237
0.653254109440853;0.0;Y;1.1432317497651263;0.4327937572383708;0.0
0.20245807879084857;0.0;N;1.5967914480392906;0.05694706124896576;0.2630668208823282
0.8991797789963565;0.0;N;0.8399253671743786;0.3192913551372854;0.0
0.21309940638228134;0.0;N;1.579992940695803;0.19537233796690665;0.0
0.4709221545998849;0.0;N;2.081148409776516;0.20087171344684884;0.0
0.1901176114791055;0.0;Y;1.0195760707088986;0.13261898398114;0.1315334104411641
0.33894426738271277;0.0;Y;1.36767847288228;0.12677152032677264;0.2630668208823282
0.1085216974650775;0.0;N;0.03779664152284697;0.09035286033941148;0.1315334104411641
0.13425684286393874;0.0;Y;2.107279421199719;0.18034047795541178;0.1315334104411641
0.22634525471287595;0.0;N;0.28884100126718915;0.41234501275205787;0.1315334104411641
0.4893398369696723;0.0;Y;1.8119056670767288;0.5003155537472838;0.2630668208823282
0.17671053091227706;0.4;N;0.5118878487723851;0.1719378815220735;1.0522672835293128
0.15503099637868215;0.0;Y;1.4624033892913901;0.11151888872832716;0.0
0.15503099637868215;0.8;N;0.17731757751459107;0.19421097500055265;0.1315334104411641
0.19763661480347158;0.0;N;1.2790196841249841;0.32316917822807456;0.1315334104411641
0.13952789674081392;0.8;N;0.476424333269467;0.1861038843197476;0.2630668208823282
0.31179833991680556;0.4;N;0.789529845143916;0.2745119408991128;0.0
0.15472093438592477;0.0;N;1.3457470882949487;0.4464055189338051;0.1315334104411641
0.43408678986031;0.0;N;1.408741490833027;0.11151888872832716;0.1315334104411641
0.03509901758013364;0.0;N;1.9392943477648432;0.10565151088013687;0.0
0.3705364838247607;0.0;N;1.5412630487649848;0.2756143817189496;0.2630668208823282
0.08656930837785612;0.8;N;0.9486490397030619;0.09391682976875193;0.7892004626469847
0.4939442575621192;0.0;Y;0.308905885038577;0.2627166967713076;0.0
0.5005733829672716;0.0;N;1.823571297176373;0.2553829033247944;0.39460023132349237
0.5891177862389921;0.4;Y;0.8725891314533823;0.5140206958571985;0.39460023132349237
0.6312490098148628;0.0;N;1.2244245352586498;0.4547973751277782;0.1315334104411641
0.4893398369696723;0.0;N;1.2113590295470482;0.4168698606796026;0.1315334104411641
0.5261752017092473;0.0;N;1.8156386687086148;0.3347144880356529;0.1315334104411641
0.1420021914430177;0.0;N;2.0279531365221386;0.10368373494144843;0.0
0.19432205210089537;0.0;N;1.1810283912879733;0.08997874200152493;0.2630668208823282
0.23564711449559686;0.0;N;2.0848814114084018;0.07422639093261692;0.0
0.28525703333677516;0.0;N;0.9141187746081152;0.5430463419115468;0.2630668208823282
0.12402479710294571;0.4;N;1.2449560442340235;0.24825802245093279;0.0
0.3007570323547158;0.0;N;2.0312195129500386;0.2656587019224112;0.0
0.4893398369696723;0.4;Y;0.8585903753338091;0.446671861953062;0.39460023132349237
1.0542107753750387;0.0;N;1.5897920699795043;0.6522601067661254;0.1315334104411641
0.8006172727386455;0.0;Y;1.8403698045198604;0.49975616628034814;0.7892004626469847
0.4619923692084728;0.0;N;0.29490712891900406;0.3949418719757249;0.1315334104411641
0.31179833991680556;0.0;Y;0.20344858893779388;0.20579432315588259;0.1315334104411641
0.3565712916709689;1.2;N;0.5748822513104636;0.31041223516711364;0.1315334104411641
0.5113480372155901;0.0;Y;1.8525020598234907;0.5214917256955999;0.1315334104411641
0.37728343278716087;0.0;Y;1.7246467539313908;0.3065586521998917;0.2630668208823282
0.8499791419856179;0.0;N;1.8907653265503235;0.347050995476465;0.0
0.8638017056227412;0.0;N;1.6635188522092552;0.35838276844166517;0.0
0.8567012859885975;0.0;N;1.2696871800452691;0.9702633790295471;0.2630668208823282
0.04650929891360465;0.0;Y;1.1754288888401443;0.04625701758583424;0.0
0.37728343278716087;0.4;N;0.19971558730590785;0.6543982348347448;0.1315334104411641
0.18541707166890384;0.4;Y;0.40083105022377286;0.5202446645693114;0.39460023132349237
0.8567012859885975;0.0;Y;1.6686517294530987;0.8537887648541435;0.2630668208823282
0.15503099637868215;0.0;N;0.5898142578380081;0.1594663752392409;0.1315334104411641
1.0342427830414644;0.4;Y;1.2729535564731693;0.42671508009767006;0.1315334104411641
0.5444440543225111;0.0;N;1.5958581976313195;0.39513795592913475;0.6576670522058206
0.8346868845028247;0.4;Y;0.6626077896597876;0.6937791125070146;0.1315334104411641
0.20022563244299557;0.0;N;1.475002269799006;0.09234554766662746;0.1315334104411641
0.12402479710294571;0.0;Y;1.3046840703442015;0.14307408490815854;0.1315334104411641
0.0930185978272093;0.0;N;1.8637010647191488;0.09908803126809189;0.5261336417646564
0.6898135190068737;0.4;Y;0.8590570005377948;0.7877878309903352;0.39460023132349237
0.6041805978471448;0.0;N;0.8567238745178661;0.6108147164158849;0.2630668208823282
0.14448888862493176;0.0;Y;1.399408986753312;0.14035844521867494;0.2630668208823282
0.5934090442187541;0.0;Y;1.0415074552962296;0.12480993494271828;0.5261336417646564
0.3410681920331007;0.0;N;1.1502311278249127;0.2553613482610685;0.39460023132349237
0.1665404975498355;0.0;N;0.43862769174661986;0.2497445014130698;0.0
0.5271053876875194;0.0;N;0.1889832076142352;0.28247575380338674;0.1315334104411641
0.4893398369696723;0.0;N;2.0223536340743093;0.6950221460435414;0.0
0.15503099637868215;0.0;N;0.8655897533935956;0.1488113865240374;0.0
0.33176633225037977;0.0;N;2.033086013765982;0.4359636195510062;0.0
0.3281696131343944;0.8;N;0.901053268896514;0.4316376898067038;0.2630668208823282
0.5891177862389921;0.4;Y;0.2874411256552318;0.4449249321863198;0.39460023132349237
0.7534506424003952;0.0;Y;0.4969558422448406;0.4598854143570336;0.1315334104411641
0.2015402952922868;0.4;N;1.0181761950969412;0.22339638211545784;0.39460023132349237
0.07751549818934107;0.8;Y;0.775064463820357;0.1040603891691851;0.0
0.48343935724749965;0.0;N;1.0312417008085426;0.27463955582656974;0.0
0.020414481603144862;0.4;N;0.44142744297053454;0.06835901308442663;0.1315334104411641
0.143825355960431;0.0;N;0.40876367869153085;0.20991887341208815;0.0
0.09157370894095997;0.0;N;0.6742734197594318;0.04878544893638339;0.1315334104411641
0.43408678986031;0.4;Y;0.6220113969130259;0.22339638211545784;0.6576670522058206
0.5936756975325254;0.0;N;2.018620632442423;0.3001741765772661;0.1315334104411641
0.27905579348162785;0.0;N;0.31403876228242045;0.12394974618856243;0.2630668208823282
0.19447708309727404;0.4;N;0.2977068801429186;0.2708398978111604;0.1315334104411641
0.06185736755509418;0.0;N;0.575815501718435;0.044317807700457304;0.0
0.564312826818403;0.0;Y;1.6485868456817105;0.24654346257227722;0.2630668208823282
0.5891177862389921;0.0;N;2.0204871332583663;0.5963213600725602;0.0
0.10938987104479812;0.0;Y;0.4876233381651253;0.1347297393563772;0.1315334104411641
0.49974551744660944;0.0;N;1.4978669047943085;0.41148527150787556;0.2630668208823282
0.06201239855147286;0.0;N;0.7018043067945918;0.1594663752392409;0.0
0.34787715339405245;0.4;N;1.124566741605696;0.18192115776698076;0.39460023132349237
0.5581115869632557;0.0;N;1.0853702244708914;0.5664873618359919;0.0
0.36277253152611627;0.0;Y;1.825437797992316;0.32627221238466003;0.5261336417646564
0.37728343278716087;0.8;Y;0.7661985849446277;0.09785491753597891;0.39460023132349237
0.11551979664161122;0.0;N;1.646253719661782;0.11713014170165649;0.0
0.164391767940027;0.0;N;1.5132655365258385;0.21329011521282037;0.2630668208823282
0.4000047756164205;0.0;N;1.2934850654485428;0.23003944391779887;0.1315334104411641
0.5261752017092473;0.0;N;1.4255399981765147;0.7050584522203142;0.1315334104411641
0.27905579348162785;0.0;Y;1.1376322473172973;0.1488113865240374;0.5261336417646564
0.1085216974650775;0.0;Y;0.12132255303629919;0.1455685800857136;0.5261336417646564
0.9872807936184339;0.0;Y;1.0769709707991475;0.34956652362277685;0.2630668208823282
0.217043394930155;0.0;N;1.5725269374320312;0.17012136395444447;0.2630668208823282
0.7173005146648141;0.8;N;1.0690383423313894;0.46119057719488793;0.5261336417646564
0.9590217435985278;0.8;N;1.0233090723407845;0.4326412309223864;0.1315334104411641
0.36423912475185855;0.4;N;0.308905885038577;0.4750200524924535;0.1315334104411641
0.07429085346466448;0.0;N;1.2626878019854826;0.10095765335258201;0.9207338730881487
0.27905579348162785;0.0;N;1.5043996576501093;0.14588646133692426;0.6576670522058206
0.3036127033080111;0.0;N;1.8380366784999318;0.0843699503330501;0.1315334104411641
0.17467652423978874;0.4;N;0.528219730911887;0.10958959864736388;1.8414677461762974
0.12693937983486495;0.0;N;1.1968936482234893;0.12628671785542842;0.5261336417646564
0.4893398369696723;0.0;N;0.28090837279943104;0.2717469259425477;0.1315334104411641
1.0542107753750387;0.0;Y;1.9178295883814978;0.7051751031534191;0.1315334104411641
0.2318767606636673;0.0;N;0.5632166212108195;0.36099078198251033;0.39460023132349237
0.49974551744660944;0.8;N;1.0177095698929555;0.510327843555476;0.1315334104411641
1.085216974650775;0.4;N;1.108234859466194;0.894661342438242;0.7892004626469847
0.687345425544525;0.0;N;1.476868770614949;0.5756364794902048;0.39460023132349237
0.15850369069756462;0.4;N;0.7027375572025635;0.16244977506289773;0.0
0.16096558292005808;0.0;N;1.4404720047040591;0.09199850368214059;0.1315334104411641
0.37728343278716087;0.0;N;1.3373478346232046;0.44606653012884206;0.2630668208823282
0.4184534641854837;0.0;Y;0.8459914948261936;0.5144838686798212;0.2630668208823282
0.12402479710294571;0.0;Y;0.8366589907464782;0.46579761778757434;0.0
0.4709221545998849;0.0;N;1.0466403325400728;0.3446076656058857;0.0
0.2806991220432419;0.0;N;0.30517288340669085;0.27734617073158674;0.2630668208823282
0.2694314692264393;0.4;Y;1.2384232913782225;0.1803160886618534;0.39460023132349237
0.43408678986031;0.0;Y;0.15118656609138809;0.1861038843197476;0.1315334104411641
0.09884776329104773;0.0;Y;1.022842447136799;0.12458617995594401;0.6576670522058206
0.2821564134092015;0.0;N;0.37563328920854155;0.22791668035827148;0.2630668208823282
0.4893398369696723;0.0;N;0.9225180282798593;0.14689850514210423;0.5261336417646564
0.1649529801469178;0.0;N;1.6415874676219242;0.47101856747897386;0.1315334104411641
1.0342427830414644;0.0;Y;0.8464581200301793;0.3938632237694818;1.183800693970477
0.5261752017092473;0.0;N;1.8977647046101098;0.6697875807301092;0.2630668208823282
0.5445928840790346;0.8;N;0.9225180282798593;0.34579035988097884;0.0
0.23874773442317052;0.8;N;0.8856546371649835;0.16186376075253595;0.1315334104411641
0.27905579348162785;0.0;Y;1.06017246345566;0.2327195065643854;0.2630668208823282
0.14448888862493176;0.0;Y;2.0914141642642026;0.12025599886689292;0.1315334104411641
0.5891177862389921;0.0;N;0.18151720435046295;0.7454913512554011;0.0
0.3875774909467054;0.0;N;1.4862012746946642;0.23937890248076096;1.0522672835293128
0.12402479710294571;0.8;N;0.7591992068848412;0.12394974618856243;0.7892004626469847
0.12402479710294571;0.0;N;2.111012422831605;0.1488113865240374;0.0
0.6852370039937751;0.0;N;2.018154007238437;0.39121262219615394;0.0
0.6827099987528025;0.0;N;1.0643720902915321;0.34300833954541887;0.1315334104411641
0.2318767606636673;0.4;N;0.8123944801392182;0.1261136806656563;1.0522672835293128
0.34044806804758604;0.0;N;1.9738246128597894;0.21238621965124793;0.0
0.5311547973129305;0.0;Y;1.3424807118670485;0.16867523547492244;0.1315334104411641
1.0235611473909731;0.0;Y;0.8753888826772966;0.38991021900313655;0.1315334104411641
0.10587996928678475;0.0;N;1.4535375104156605;0.21915995436586513;0.0
0.22041686941135513;0.8;Y;0.528219730911887;0.30203880146705164;0.1315334104411641
0.27905579348162785;0.0;N;0.47082483082163773;0.1352504917955965;0.1315334104411641
0.6004660551739117;0.0;Y;1.275286682493098;0.2758228467816276;0.5261336417646564
0.12402479710294571;0.0;N;2.0130211299945935;0.10619135707822758;0.0
0.0930185978272093;0.4;Y;0.09425829120512469;0.1488113865240374;0.0
0.4199603654702845;0.4;Y;1.6014577000791486;0.2777936807051353;0.0
0.0930185978272093;0.0;N;0.21931384587330993;0.1189773882874692;0.0
0.14448888862493176;0.0;Y;0.08679228794135242;0.16850182536017236;0.0
0.0930185978272093;0.0;N;0.40129767542775874;0.08488137964782047;0.5261336417646564
0.6376114819062438;0.8;Y;1.0368412032563716;0.45917021883430753;0.2630668208823282
0.2694314692264393;0.0;N;1.8529686850274762;0.2405410112970709;0.6576670522058206
0.34454088635198316;0.4;N;1.7087814969958746;0.2919952605457065;0.1315334104411641
0.3720743913088372;0.0;N;1.9224958404213555;0.19751993832996603;0.2630668208823282
0.34044806804758604;0.0;N;1.4754688950029915;0.2974841195412703;0.1315334104411641
0.4359223568574336;0.4;Y;0.9043196453244144;0.2156395425739501;0.1315334104411641
0.4914234535610018;0.0;N;1.8744334444108217;0.41854056458085037;0.1315334104411641
0.10616522632012154;0.0;N;1.0928362277346637;0.1316270035397741;0.39460023132349237
0.5891177862389921;0.8;N;0.60614613997751;0.19591770345467113;0.1315334104411641
0.3297664323970948;0.0;N;1.757310518210394;0.3467748818227856;0.0
0.0930185978272093;0.0;Y;1.6373878407860523;0.0659391774874586;0.2630668208823282
0.4893398369696723;0.0;N;1.4764021454109633;0.22722057859441674;1.0522672835293128
0.6646116802355552;0.0;N;1.2519554222938098;0.6689611789789564;0.0
0.5261752017092473;0.0;N;0.9673140478624925;0.4464055189338051;0.1315334104411641
0.43408678986031;0.0;N;1.2566216743336673;0.22339638211545784;0.5261336417646564
0.0930185978272093;0.0;N;1.4521376348037034;0.1189773882874692;0.1315334104411641
0.07429085346466448;0.0;Y;0.2323793515849114;0.08407161035068443;0.39460023132349237
0.3441626107208192;0.0;Y;1.0116434422411404;0.2001888132272138;0.1315334104411641
0.662788515718142;0.0;N;1.5239979162175112;0.3970018349689644;0.0
0.0930185978272093;0.8;N;0.9747800511262649;0.1488113865240374;0.1315334104411641
0.6914382438489224;0.4;Y;0.8501911216620655;0.4340989946612207;0.2630668208823282
0.12402479710294571;0.0;N;0.20158208812185086;0.1861038843197476;0.1315334104411641
0.2096422151630367;0.0;Y;1.8669674411470492;0.156094536758544;0.7892004626469847
0.4709221545998849;0.0;Y;0.4526264478661928;0.20087171344684884;0.9207338730881487
0.34044806804758604;0.0;N;0.8240601102388624;0.2974841195412703;0.0
0.15935636117764737;0.0;N;1.6597858505773693;0.32672322785300134;0.0
0.3640871943754075;0.4;N;1.4997334056102516;0.2711819446009427;0.1315334104411641
0.4893398369696723;0.4;Y;1.481068397450821;0.2777936807051353;0.5261336417646564
0.1853860654696281;0.8;Y;0.9836459300019944;0.07400263594584265;0.2630668208823282
0.0918403622547313;0.0;N;1.0051106893853397;0.11784369635447961;0.6576670522058206
0.12402479710294571;0.4;N;0.713469936894236;0.07422639093261692;0.2630668208823282
0.6182636135581845;0.0;N;0.6084792659974387;0.5202446645693114;0.0
0.34053798602548563;0.0;N;0.6472091579282571;0.31883586456920865;0.1315334104411641
0.27905579348162785;0.0;N;1.0326415764205;0.3725663732982988;0.0
0.3719131590726033;0.4;N;1.013976568261069;0.21502294841539585;0.1315334104411641
0.13365842321791702;0.0;N;1.3121500736079734;0.26370711092776605;0.1315334104411641
0.382256827150989;0.0;N;1.5487290520287569;0.4966907229615407;0.0
0.6349759549678063;0.0;N;1.582326066715732;0.26664322386421796;1.3153341044116411
0.24672873011674507;0.0;N;1.1726291376162297;0.2668764511454323;0.1315334104411641
0.4546501012199784;0.0;Y;0.765265334536656;0.2917013210780807;0.5261336417646564
0.07183516248202616;0.0;N;0.6808061726152322;0.07032238850837519;0.0
0.7856846871674508;0.0;N;0.33643677207373723;0.3568302817584298;0.1315334104411641
0.20558970491769796;0.4;N;0.32663764279003615;0.33442271153289926;0.39460023132349237
0.4371874097878837;0.4;N;0.2939738785110325;0.2811997536988087;0.0
0.13425684286393874;0.0;N;2.2160030937284025;0.07914900064165067;0.39460023132349237
0.07869063314189148;0.0;N;2.166074196901925;0.15486157219642221;0.6576670522058206
0.5113170310163143;0.4;Y;0.9108523981802151;0.04312646156587554;0.0
0.6419740541443401;0.0;N;0.8333926143185778;0.6471793768664379;0.2630668208823282
0.4743948489187674;0.4;N;0.6962048043467628;0.2698048072423427;0.39460023132349237
0.17467652423978874;0.4;Y;0.21558084424142387;0.22453551875312558;0.0
0.27429324127287474;0.0;N;1.7129811238317465;0.2619248278731135;0.0
0.21924173445880474;0.0;N;0.3863656689002142;0.2002974089807949;0.2630668208823282
0.3100619927573643;0.0;Y;1.2724869312691836;0.23405137083066135;0.2630668208823282
0.14262851666838758;0.0;N;1.819838295544487;0.13886674530684653;0.1315334104411641
0.1339591833508917;0.4;N;1.9826904917355193;0.11301909132965299;0.1315334104411641
0.5460036661460806;0.0;Y;1.5165319129537391;0.34663876420583123;0.5261336417646564
0.5814282488186095;1.2;N;1.1819616416959449;0.4907090063151088;0.0
0.3640871943754075;0.4;N;1.1306328692575107;0.3164387028109004;0.2630668208823282
0.15850369069756462;0.0;N;0.2893076264711748;0.3035504155727029;0.2630668208823282
0.09535026401274466;0.0;N;0.2468447329084701;0.11433902199663436;0.0
0.5261752017092473;0.0;Y;1.4479380079678317;0.2974841195412703;0.0
0.16377474457443983;0.4;N;1.0503733341719588;0.16120793488630059;0.0
0.4147389215122505;0.0;N;1.0186428203009268;0.28180821809284345;0.2630668208823282
0.5261752017092473;0.0;N;1.877233195634736;0.6378758682713509;0.0
0.34416881196067434;0.0;N;1.551995428456657;0.2001921695520154;0.39460023132349237
0.0930185978272093;0.0;N;1.498333529998294;0.08488137964782047;0.0
0.17053409601655034;0.0;N;1.9817572413275475;0.12722096951020653;0.1315334104411641
0.8341907853144128;0.0;Y;0.8263932362587915;0.46213467406908415;0.0
1.0342427830414644;0.0;Y;1.000444437345482;0.6739682934879951;0.39460023132349237
0.08482055873870457;0.0;N;0.40083105022377286;0.061556861486489096;0.1315334104411641
0.16123223623382943;0.0;N;1.1595636319046283;0.23085488167459992;0.1315334104411641
0.37517501123641084;0.0;Y;0.25524398658021386;0.2788023681855136;0.0
0.38527062972059056;0.0;Y;1.1110346106901088;0.24997847454424008;0.0
0.10643187963389286;0.4;Y;0.4269620616469757;0.07835698257346538;0.0
0.3281696131343944;0.8;Y;0.8291929874827062;0.2156395425739501;0.5261336417646564
0.37728343278716087;0.4;N;0.412496680323417;0.17821144925625465;0.0
0.07780075522267785;0.8;N;0.8179939825870477;0.08688592598933548;0.39460023132349237
0.27905579348162785;0.0;N;1.380743978593881;0.2979813777068783;0.9207338730881487
0.5400845827043426;0.4;Y;0.7008710563866204;0.2858395371045598;0.39460023132349237
0.15376594344823208;0.0;N;1.5795263154918175;0.09841184369806007;0.1315334104411641
1.4988117674097508;0.4;N;0.5627499960068337;0.6687243716179536;0.1315334104411641
0.43408678986031;0.0;Y;0.8893876387968698;0.3725663732982988;0.1315334104411641
0.3036127033080111;0.0;Y;0.37143366237266967;0.0843699503330501;0.5261336417646564
0.10938987104479812;0.0;Y;1.618256207422636;0.09613304832775539;0.2630668208823282
0.07131425833419379;0.0;Y;1.4110746168529562;0.040663142916477706;0.0
0.7476369800361947;0.0;Y;1.3060839459561586;0.4678953207885831;0.39460023132349237
0.15472093438592477;1.2;N;1.5762599390639171;0.21238621965124793;0.0
0.0930185978272093;0.0;N;0.8576571249258378;0.19853474177998287;0.1315334104411641
0.43408678986031;0.4;N;0.9495822901110336;0.24825802245093279;0.1315334104411641
0.5891177862389921;0.0;N;1.2230246596466925;0.5521228137800536;0.0
0.6450405672527104;0.8;N;0.7148698125061933;0.9562422202933115;0.1315334104411641
0.15935636117764737;0.0;N;0.08959203916526697;0.18280722751460682;0.0
0.8567012859885975;0.0;N;0.8175273573830619;1.4232203693911067;0.2630668208823282
0.06201239855147286;0.4;N;1.3303484565634183;0.07422639093261692;0.1315334104411641
0.6175008610560012;0.0;Y;1.0797707220230623;0.3896351495393954;0.1315334104411641
1.0542107753750387;0.0;Y;0.16145232057907505;0.5797469331822436;0.5261336417646564
0.1605221942704151;0.0;Y;0.8394587419703929;0.13127540987055614;0.2630668208823282
0.0;0.4;N;0.663541040067759;0.052916413502209804;0.1315334104411641
0.8376510771535851;0.4;Y;1.147898001804984;0.4971517328192913;0.2630668208823282
0.3976979143903057;0.4;N;0.5888810074300365;0.25745189110250044;0.39460023132349237
0.5271053876875194;0.0;N;0.211381217405552;0.22339638211545784;0.1315334104411641
0.0930185978272093;0.8;N;0.717202938526122;0.09908803126809189;0.1315334104411641
0.2376067062898234;0.0;Y;1.7829749044296115;0.08040948706714568;0.0
1.1570273321733806;0.8;Y;0.7563994556609265;0.237791286264602;0.2630668208823282
0.3281696131343944;0.4;N;0.3854324184922425;0.2876389001232028;0.0
0.17372463392202364;0.0;N;0.6248111481369405;0.19663230229743253;0.39460023132349237
0.1541070116402652;0.0;N;2.0461515194775837;0.29649959759946354;0.0
0.04574034517156638;0.8;N;0.37470003880057007;0.12271655787145389;0.39460023132349237
0.11189517194627763;0.4;Y;1.1394987481332404;0.062140936586965505;0.2630668208823282
0.14448888862493176;0.0;N;0.1740512010866907;0.14035844521867494;0.5261336417646564
0.3720743913088372;0.0;Y;0.7293351938297522;0.11371258261866202;0.0
0.8567012859885975;0.0;N;1.2934850654485428;0.2665624483139924;0.7892004626469847
0.7119023353709084;0.0;Y;0.4227624348111038;0.46991940839894303;0.2630668208823282
1.0342427830414644;0.0;Y;0.14512043843957315;0.7832628338927994;0.0
0.21468692378519902;0.0;Y;1.4880677755106073;0.1033275915874994;0.2630668208823282
0.4095546849933473;0.0;Y;1.9514266030684728;0.31133649243248246;0.2630668208823282
0.24662951027906269;0.4;N;0.3397031485016376;0.1332111888461359;0.1315334104411641
0.12402479710294571;0.8;N;1.3681450980862657;0.13776176859715963;0.1315334104411641
0.7728977305861372;0.4;N;1.2211581588307494;0.4293703059407246;0.2630668208823282
0.2015402952922868;0.4;N;0.8301262378906774;0.22339638211545784;0.1315334104411641
0.2821564134092015;0.0;Y;1.3746778509420663;0.2507442386939772;0.6576670522058206
0.33894426738271277;0.0;N;0.8175273573830619;0.2962783785025394;0.2630668208823282
0.5261752017092473;0.0;N;1.8086392906488284;0.6697875807301092;0.39460023132349237
0.1860371956544186;0.0;N;0.28090837279943104;0.17367302685951233;0.1315334104411641
0.0930185978272093;0.0;N;0.15351969211131694;0.09908803126809189;0.2630668208823282
0.24804959420589143;0.4;Y;1.0354413276444143;0.1674576354218925;0.5261336417646564
0.7119023353709084;0.4;Y;0.462425577149894;0.5953269183263398;0.0
0.7119023353709084;0.0;Y;1.257088299537653;0.39676502760796156;0.39460023132349237
0.43408678986031;0.0;N;0.5683494984546629;0.44715136888971924;0.39460023132349237
0.3262968386981399;0.0;N;1.7694427735140243;0.24520928617113788;0.2630668208823282
0.3281696131343944;0.0;N;0.6668074164956594;0.14364018502469744;0.2630668208823282
0.8991797789963565;0.4;N;0.4745578324535238;0.3725663732982988;0.1315334104411641
0.8929785391412092;0.4;N;0.43162831368683346;0.555299612497279;0.1315334104411641
1.1007200742886432;0.0;Y;1.303284194732244;0.38854889366360196;0.0
0.8567012859885975;0.0;N;1.2934850654485428;0.6097466592790157;0.39460023132349237
0.0637487457109141;0.4;N;0.7899964703479015;0.09081409395214883;0.39460023132349237
0.2318767606636673;0.0;N;1.6905831140404297;0.21042851268696433;0.2630668208823282
0.12402479710294571;0.0;N;1.857168311863348;0.471698335128794;0.1315334104411641
0.4619923692084728;0.0;Y;1.0751044699832044;0.2152598303613942;0.1315334104411641
0.7004641484580892;0.4;N;0.9351169087874748;0.5023676853159861;0.39460023132349237
1.0542107753750387;0.4;Y;0.6084792659974387;0.5797469331822436;0.0
0.15503099637868215;0.0;N;1.7801751532056969;0.1488113865240374;0.39460023132349237
0.06201239855147286;0.0;Y;0.6761399205753749;0.08914339005090102;0.0
0.7131425833419378;0.0;Y;0.8427251183982933;0.5963213600725602;0.0
0.5891177862389921;0.8;Y;0.8170607321790759;0.42584139145931216;0.2630668208823282
0.6182636135581845;0.4;N;1.1054351082422793;0.7805462991833687;0.1315334104411641
0.3875774909467054;0.0;N;1.2981513174884007;0.2513657554622405;0.1315334104411641
0.27905579348162785;0.0;Y;0.68547242465509;0.165385813414354;0.5261336417646564
0.7119023353709084;0.4;N;1.0079104406092543;0.8931696425264136;0.39460023132349237
0.16123223623382943;0.8;Y;0.719536064546051;0.17091062237779286;0.0
0.17467652423978874;0.0;Y;0.7731979630044141;0.16456373759294537;0.2630668208823282
0.5316943051803282;0.4;N;0.8963870168566562;0.5202446645693114;0.2630668208823282
0.27905579348162785;0.0;N;0.2426451060725982;0.33866413647719656;0.5261336417646564
0.43408678986031;0.4;N;0.5440849878474028;0.22339638211545784;0.39460023132349237
0.27905579348162785;1.2;Y;0.5734823756985062;0.4968747241456648;0.5261336417646564
0.14799879038294514;0.0;N;1.5977246984472624;0.20468621387638086;0.0
0.2821564134092015;0.0;Y;0.7722647125964424;0.30096477753053513;1.0522672835293128
0.5271053876875194;0.8;N;0.6850057994511043;0.20001898319225217;0.0
0.5077575193394598;0.0;N;0.747533576785197;0.25883917202050083;0.0
0.31365251063349453;0.0;N;0.47875745928939567;0.18387961058122027;0.39460023132349237
0.8602514958056694;0.4;Y;0.6005466375296805;0.2676299087708968;0.1315334104411641
0.27751788599755134;0.0;N;1.5244645414214972;0.6181001787852549;0.0
0.6370595715591358;0.0;N;1.6849836115926005;0.3567576359727237;0.0
0.23254649456802323;0.0;N;0.5324193577477587;0.25323038035202605;0.0
0.17554469781950935;0.0;Y;0.18245045475843444;0.24806909865709972;0.1315334104411641
0.086817357972062;0.0;N;1.9854902429594337;0.09411574795199423;0.6576670522058206
0.1649529801469178;0.8;Y;0.7680650857605706;0.17422555250685356;0.39460023132349237
0.3332360260960497;0.4;Y;1.0872367252868345;0.35011330622545755;0.39460023132349237
0.5077575193394598;0.8;Y;0.3439027753375095;0.4316376898067038;0.0
0.9277178848097443;0.8;N;1.1814950164919593;0.8232835016572526;0.0
0.12402479710294571;0.0;N;1.4964670291823512;0.13776176859715963;0.2630668208823282
0.3394620709106176;0.0;Y;1.3345480833992904;0.3561039730713605;0.1315334104411641
0.0;0.8;N;0.9869123064298947;0.03693389313690669;0.0
0.27905579348162785;0.0;N;1.3826104794098244;0.165385813414354;0.1315334104411641
0.8991797789963565;0.0;N;1.7638432710661949;0.7454913512554011;0.39460023132349237
0.12402479710294571;0.8;N;1.2290907872985073;0.08251360437777523;1.183800693970477
0.040828963206289724;0.8;N;0.6406764050724564;0.05724092613159596;0.39460023132349237
0.8567012859885975;0.0;N;1.502999782038152;0.711430845073654;0.7892004626469847
0.04737747249332526;0.0;N;1.2967514418764434;0.062491709821231964;0.1315334104411641
0.015503099637868214;0.0;N;2.1539419415982954;0.11151888872832716;0.0
0.5891177862389921;0.0;N;1.0247089479527418;0.42584139145931216;0.1315334104411641
0.02164232709446403;1.2;N;1.002310938161425;0.12628671785542842;0.1315334104411641
0.2715274882974791;0.0;N;0.9444494128671902;0.1911520951613573;0.2630668208823282
0.43408678986031;0.0;N;0.9313839071555887;0.3725663732982988;0.0
0.43408678986031;0.0;N;0.47082483082163773;0.2793351288090232;0.0
0.5261752017092473;0.0;N;1.6504533464976536;0.3825820940162883;0.2630668208823282
0.5271053876875194;0.4;N;1.1814950164919593;0.44715136888971924;0.0
0.2015402952922868;0.0;N;1.8818994476745936;0.22339638211545784;0.39460023132349237
0.6750669706313336;0.0;N;1.9028975818539533;0.37707458877182665;0.1315334104411641
0.5922928210448275;0.4;N;0.38916542012412875;0.29950887841659063;0.5261336417646564
0.14448888862493176;0.0;Y;2.098880167527975;0.23416973721866496;0.2630668208823282
0.12402479710294571;0.0;Y;0.1385876855837724;0.10619135707822758;0.1315334104411641
0.1085216974650775;0.0;Y;0.08352591151345205;0.1338943874057533;0.6576670522058206
0.14858170692932895;0.0;Y;1.4260066233805007;0.18746588092424252;0.0
0.15850369069756462;0.4;Y;0.6523420351721005;0.1819867925631012;0.2630668208823282
0.5407543166086984;0.0;N;1.783441529633597;0.2922716725393683;0.0
0.1811754236079831;0.0;N;0.4054973022636306;0.11306361857202106;0.0
0.12402479710294571;0.0;N;1.861834563903206;0.2068219552251412;0.0
0.3036127033080111;0.0;Y;0.3882321697161572;0.11463012723442767;0.2630668208823282
0.030054308957971322;0.0;N;1.9574927307202878;0.01847216751814474;0.0
1.2976466471287003;0.0;N;1.4862012746946642;0.5323175140507078;0.2630668208823282
0.217043394930155;0.0;N;1.4064083648130983;0.23831338123374196;0.2630668208823282
0.15503099637868215;0.4;Y;0.5688161236586485;0.17864538476060557;0.2630668208823282
0.24804959420589143;1.2;Y;0.9145853998121012;0.11151888872832716;0.1315334104411641
1.2092417717537207;0.4;Y;1.0424407057042007;0.22913368373133666;0.9207338730881487
0.6697339043559069;0.0;Y;1.1488312522129556;0.48124737752936797;0.5261336417646564
0.0930185978272093;0.0;N;0.16238557098704653;0.165385813414354;0.0
0.24684345305406527;0.0;N;1.9798907405116046;0.16673229633976594;0.0
0.3410681920331007;0.0;N;1.4054751144051267;0.17864538476060557;0.6576670522058206
0.19223843550956587;0.8;Y;0.7214025653619941;0.14096034613309769;0.6576670522058206
0.0930185978272093;0.0;N;1.8408364297238466;0.09908803126809189;0.1315334104411641
0.0930185978272093;0.4;Y;0.6798729222072609;0.09908803126809189;0.0
0.23564711449559686;0.8;N;0.5025553446926698;0.213451740898267;0.1315334104411641
0.06201239855147286;0.4;N;1.4264732485844862;0.1488113865240374;0.0
0.6498837355795805;0.0;N;1.5389299227450557;0.23362302920097985;0.0
0.0804300809212603;0.0;N;1.3756111013500376;0.1272883197612256;0.39460023132349237
0.13425684286393874;0.0;N;0.4474935706223495;0.09902590196676422;0.0
0.1772221332003267;0.0;N;1.13623237170534;0.5005318502344989;0.0
0.27905579348162785;0.0;N;1.610323578954878;0.2327195065643854;0.39460023132349237
0.2115614988982048;0.0;N;0.5795485033503213;0.20803187302362522;0.0
0.5891177862389921;0.0;Y;0.6290107749728123;0.1488113865240374;0.0
0.3441626107208192;0.0;N;1.6476535952737394;0.45087316016973117;0.39460023132349237
0.2671091049006866;0.4;Y;0.6042796391615669;0.3581975738976116;0.39460023132349237
0.1649529801469178;0.4;N;0.5884143822260507;0.1567671442487874;0.39460023132349237
0.7364592451972917;0.0;N;1.0634388398835604;1.1534712771404712;0.2630668208823282
0.8567012859885975;0.0;N;1.7316461319911771;0.4741676951628348;0.1315334104411641
0.8217914062240459;0.8;Y;0.35416852982519625;0.37952903180674913;0.39460023132349237
0.3410681920331007;0.0;N;1.5211981649935966;0.08100683829683736;0.2630668208823282
0.3795871933933481;0.4;N;0.5594836195789333;0.42906614832870277;0.1315334104411641
0.5891177862389921;0.0;N;1.0993689805904645;0.5963213600725602;0.0
0.15472093438592477;0.0;N;0.10452404569281148;0.16510962517567898;0.0
0.34454088635198316;0.4;N;0.6094125164054103;0.2254847619920176;0.2630668208823282
1.457182844262147;0.0;Y;1.197360273427475;0.7951566793847765;0.0
0.34454088635198316;0.0;Y;1.2930184402445573;0.2254847619920176;0.2630668208823282
0.03509901758013364;0.0;Y;1.8441028061517468;0.10565151088013687;0.1315334104411641
0.38953088150107673;0.0;N;1.7587103938223514;0.36092581845135024;0.1315334104411641
0.42229513227574744;0.4;N;0.7862634687160156;0.1554143215987502;0.0
0.15068082662029633;0.0;Y;0.44142744297053454;0.15572914486514164;0.0
0.07429085346466448;0.0;N;1.981290616123562;0.12628671785542842;0.0
0.24314441348046995;0.0;N;1.2099591539350907;0.3293742023513072;0.1315334104411641
1.0219643281282726;0.0;N;0.9449160380711759;0.5625095202661148;0.5261336417646564
0.43408678986031;0.4;N;0.4619589519459082;0.44715136888971924;0.1315334104411641
0.1085216974650775;0.0;N;1.8296374248281881;0.2793351288090232;0.5261336417646564
0.0;0.4;N;1.2066927775071905;0.07422639093261692;0.1315334104411641
1.4548108700175533;0.4;N;1.0055773145893252;0.2974841195412703;1.183800693970477
0.13937286574443525;0.8;N;0.4036308014476874;0.20456367072862416;0.39460023132349237
0.43408678986031;0.0;N;1.390543107877582;0.3725663732982988;0.2630668208823282
0.1800467979543463;0.0;Y;0.4059639274676163;0.06310203884015655;0.2630668208823282
0.43408678986031;0.0;N;1.9392943477648432;0.7454913512554011;0.0
0.2511502141334651;0.0;N;1.7050484953639884;0.35686429251641943;0.1315334104411641
0.13952789674081392;0.4;N;1.0989023553864785;0.13638052906380213;0.1315334104411641
0.37299217480739894;0.4;N;0.8889210135928838;0.19400392705279085;0.39460023132349237
1.1310999483390096;0.0;Y;0.750799953213097;1.1178136824481248;0.0
0.6465133617183079;0.0;N;1.3541463419666928;0.7082345050875836;0.0
0.24978594136533266;0.4;N;1.056439461823774;0.4499358505301338;0.0
0.37728343278716087;0.0;N;1.3462137134989345;0.19606843973076138;0.0
0.10616522632012154;0.4;Y;0.6224780221170114;0.1174856883756408;0.39460023132349237
0.747249402545248;0.0;Y;2.00462187632285;0.23365181900927814;0.1315334104411641
0.37222322106536065;0.0;Y;1.1012354814064076;0.19363398547465743;0.2630668208823282
0.4709221545998849;0.0;N;1.251488797089824;0.16062564982571836;0.2630668208823282
0.20580054707277298;0.8;N;0.5086214723444847;0.1535969090111741;0.1315334104411641
0.15503099637868215;0.0;Y;1.5165319129537391;0.17864538476060557;0.0
0.21396757996200194;0.4;N;0.21884722066932424;0.18379174945641358;0.2630668208823282
0.1845488980891832;0.0;N;1.5491956772327429;0.10334437321150748;0.1315334104411641
0.21055379742174338;0.4;Y;0.3107723858545201;0.12876793690376817;0.0
0.27905579348162785;0.0;N;0.4997555934687553;0.414002515109086;0.1315334104411641
0.4649968699182917;0.0;Y;1.4204071209326712;0.39735096733332786;0.0
0.3100619927573643;0.0;N;2.0060217519348074;0.9112357693285587;0.1315334104411641
0.0930185978272093;0.4;N;0.815194231363133;0.1488113865240374;0.0
0.382256827150989;0.0;N;1.4246067477685431;0.24816605915136858;0.0
0.4893398369696723;0.4;N;1.2029597758753043;0.8340983260180087;0.2630668208823282
0.3228303456191125;0.8;N;0.7857968435120296;0.1887856624212327;0.2630668208823282
0.3719131590726033;0.4;N;1.4073416152210698;0.3227137622449934;0.39460023132349237
0.6750669706313336;0.4;Y;0.46989158041366624;0.28271629041416907;0.2630668208823282
0.8991797789963565;0.0;N;1.5048662828540948;0.3725663732982988;0.39460023132349237
0.6821363840662014;0.0;N;0.330837269625908;0.42850511999186414;0.39460023132349237
0.07429085346466448;0.4;Y;0.771331462188471;0.06296405659831242;0.5261336417646564
0.6784559482121715;0.0;Y;1.8907653265503235;0.37888618372974664;0.1315334104411641
0.18496128053955052;0.0;N;2.0736824065127437;0.17281037680050193;0.1315334104411641
0.004092818304397209;0.4;N;1.2132255303629913;0.03341348134499164;0.2630668208823282
0.3193607519201576;0.4;N;1.4633366396993617;0.4210428911829425;0.0
0.6750669706313336;0.4;Y;0.6346102774206417;0.33933129926276184;0.0
0.24758450121675538;0.4;N;1.2566216743336673;0.3347144880356529;0.1315334104411641
0.38545046567638985;0.0;N;1.4992667804062658;0.19999757729851741;0.2630668208823282
0.07806740853644918;0.0;N;2.1684073229218543;0.10459143433779601;0.39460023132349237
0.30100508194892167;0.0;Y;1.9602924819442025;0.1448502519931726;0.1315334104411641
0.10120423443600371;0.0;N;2.1553418172102528;0.18671809175844298;0.1315334104411641
0.39377873080185266;0.0;N;1.5524620536606433;0.1699437770799413;0.1315334104411641
0.5891177862389921;0.0;N;1.9817572413275475;0.2127413934002543;0.0
0.7130619672238209;0.4;N;1.2104257791390767;0.5110259591142118;0.2630668208823282
0.6078951405203782;0.0;N;0.3065727590186482;0.5119308988657225;0.1315334104411641
0.27905579348162785;0.4;N;0.8254599858508197;0.19591770345467113;0.1315334104411641
0.5891177862389921;0.0;N;0.45775932511003625;0.2979813777068783;0.1315334104411641
0.07429085346466448;0.0;Y;1.0251755731567276;0.12628671785542842;0.6576670522058206
0.43408678986031;0.0;N;1.7251133791353763;0.3992038823788055;0.39460023132349237
1.2092417717537207;0.4;N;1.319616076871746;0.6626191422188222;0.5261336417646564
0.2542508340610387;0.0;N;2.00135549989495;0.43669999721248026;0.2630668208823282
0.7364592451972917;0.4;N;0.4997555934687553;0.5271064841637221;0.1315334104411641
0.6827099987528025;0.8;Y;0.40036442501978703;0.34300833954541887;0.2630668208823282
0.0930185978272093;0.4;N;0.3014398817748048;0.059309391814332826;0.0
0.4893398369696723;0.0;N;1.9313617192970851;0.5003155537472838;0.0
0.33504988875368025;0.8;Y;0.8725891314533823;0.2931557284921134;0.1315334104411641
0.3036127033080111;0.4;N;1.006510564997297;0.2679484612870678;0.2630668208823282
0.5891177862389921;0.8;N;0.9159852754240585;0.12394974618856243;0.0
0.14448888862493176;0.0;N;1.7181140010755898;0.23416973721866496;0.0
0.29455889311949607;0.0;N;1.4675362665352336;0.22339638211545784;0.0
0.3410681920331007;0.0;N;1.955159604700359;0.22339638211545784;0.1315334104411641
0.034106819203310074;0.4;Y;0.665407540883702;0.057651964042300274;0.2630668208823282
0.17053409601655034;0.0;N;1.8207715459524587;0.2200061211408498;0.2630668208823282
0.29190476246149305;0.0;Y;1.456803886843561;0.17225427107337232;0.0
0.15503099637868215;0.0;Y;1.9920229958152345;0.24825802245093279;0.2630668208823282
1.1831345519635508;0.0;Y;1.5921251959994331;0.9731745059924758;0.1315334104411641
0.4893398369696723;0.0;N;1.6756511075128853;0.4168698606796026;0.1315334104411641
0.32034364843719854;0.0;N;1.709714747403846;0.2910783871949012;0.0
0.4876530997290722;0.0;Y;1.704115244956017;0.49869258424321444;0.0
0.5488097271805348;0.0;N;0.35603503064113934;0.3483262497310871;0.2630668208823282
0.07751549818934107;0.0;N;1.7974402857531702;0.22663918855378162;0.1315334104411641
0.2954270666992167;0.0;N;1.3462137134989345;0.3137337287757863;0.1315334104411641
0.12402479710294571;0.8;Y;0.5277531057079013;0.12394974618856243;0.2630668208823282
0.6284150432010605;0.4;N;1.014443193465055;0.31688718238939156;0.1315334104411641
0.8991797789963565;0.0;N;0.6014798879376522;0.2030550400227965;0.5261336417646564
0.15503099637868215;0.4;Y;0.9402497860313183;0.1488113865240374;0.1315334104411641
0.2058811631908899;0.0;N;1.4134077428728848;0.3795276146918328;0.7892004626469847
0.662788515718142;0.8;N;0.27624212075957333;0.4632286121994235;0.39460023132349237
0.15813161630625577;0.0;N;2.0419518926417113;0.19745378143887643;0.0
0.2821564134092015;0.0;N;1.6863834872045578;0.21487236130929677;0.6576670522058206
0.15195518141052908;0.0;N;1.4684695169432052;0.27471085908235515;0.39460023132349237
0.05878775382679627;0.0;N;1.869767192370964;0.05364093214938486;0.1315334104411641
0.05913502325868452;0.0;N;1.2169585319948775;0.04300809517787196;0.9207338730881487
0.3705612887841812;0.4;N;0.5501511154992179;0.24113269406709764;0.1315334104411641
0.11921263497535142;0.0;Y;0.6612079140478304;0.05126271497995684;0.5261336417646564
0.357690615464823;0.0;Y;1.0116434422411404;0.3113097164190652;0.39460023132349237
0.6914382438489224;0.0;N;1.9336948453170137;0.1927336699928734;0.6576670522058206
0.20414481603144866;0.0;Y;0.4115634299154455;0.09391682976875193;0.9207338730881487
0.4555988909178159;0.0;Y;1.5589948065164436;0.3898154214737398;0.1315334104411641
0.2542508340610387;0.0;N;0.05132877243843431;0.17118688520146352;0.1315334104411641
0.15503099637868215;0.0;Y;1.8338370516640599;0.17864538476060557;0.1315334104411641
0.27905579348162785;0.0;N;1.1581637562926708;0.1861038843197476;0.2630668208823282
0.5767153065286976;0.0;N;1.9010310810380102;0.3651078737391568;0.39460023132349237
0.0930185978272093;0.4;Y;1.0219091967288272;0.0659391774874586;0.1315334104411641
0.15503099637868215;0.0;N;0.43816106654263415;0.1488113865240374;0.1315334104411641
0.5261752017092473;0.0;N;1.0247089479527418;0.6697875807301092;1.0522672835293128
0.0930185978272093;1.2;N;0.32710426799402176;0.10619135707822758;0.1315334104411641
0.7119023353709084;0.4;Y;0.9425829120512471;0.4464055189338051;0.2630668208823282
0.33176013101052465;0.0;N;1.8347703020720314;0.2905178809530316;0.0
0.5344352531963034;0.0;N;1.825904423196302;0.6797223021428864;0.0
0.5038879456698478;0.0;N;0.5730157504945205;0.4285349539901007;0.0
0.270662415337686;0.0;Y;0.3602346574770112;0.2588056087724847;0.2630668208823282
0.08785916626772673;0.0;Y;1.355079592374664;0.09495109990261816;0.0
0.4100259792223385;0.4;Y;0.739134323113453;0.20766043974557993;0.6576670522058206
0.8567012859885975;0.0;Y;1.470336017759148;0.8209369085259554;0.1315334104411641
0.12402479710294571;0.0;N;1.3149498248318883;0.1488113865240374;0.2630668208823282
0.0930185978272093;0.0;N;1.3681450980862657;0.2327195065643854;0.1315334104411641
0.0804300809212603;0.0;N;1.7031819945480453;0.22302345713750074;0.2630668208823282
0.3900548862688367;0.8;N;0.4815572105133104;0.5060697861571619;0.2630668208823282
0.0741482249479961;0.0;Y;0.41529643154733153;0.10082041696069381;0.0
0.4030805905845736;0.4;Y;0.34670252656142403;0.24825802245093279;0.5261336417646564
0.03840427842292714;0.0;Y;0.2883743760632033;0.066427783793578;1.3153341044116411
0.19355309835885706;0.0;N;1.2925518150405717;0.22471407523257145;0.1315334104411641
0.40616880803243693;0.0;N;0.9939116844896811;0.42028883687751334;0.0
0.015503099637868214;0.0;N;1.7055151205679742;0.11380208461337173;0.39460023132349237
0.07780075522267785;0.4;N;0.332703770441851;0.10433486195296154;0.0
0.662788515718142;0.8;Y;0.9117856485881864;0.5559460406540698;0.0
0.7215421627257349;0.4;Y;0.9001200184885423;0.6238638089045775;0.1315334104411641
0.3281696131343944;0.0;N;0.40829705348754514;0.4110664021726341;0.39460023132349237
0.6118577327878173;0.0;Y;1.0699715927393612;0.1929414637905911;0.1315334104411641
0.43408678986031;0.4;N;1.638321091194024;0.24825802245093279;0.5261336417646564
0.22609720511867004;0.0;Y;1.3891432322656252;0.12333315203000816;0.5261336417646564
0.14448888862493176;0.0;N;2.0951471658960887;0.17928017765808413;0.0
0.08482055873870457;0.0;N;1.4894676511225649;0.09251463185163322;0.2630668208823282
1.2092417717537207;0.0;N;0.6710070433315314;0.8520413129924321;0.7892004626469847
0.3332360260960497;0.0;Y;1.1147676123219947;0.07265637677541752;0.5261336417646564
0.5136238922424291;0.0;N;1.654652973333526;0.3271664864818012;0.0
0.8567012859885975;0.0;Y;2.0111546291786513;0.8537887648541435;0.0
0.5891177862389921;0.0;N;1.788107781673455;0.6776868030282011;0.0
0.3193607519201576;0.4;N;1.283219310960856;0.12004179075955437;0.7892004626469847
0.27905579348162785;0.0;Y;0.12272242864825639;0.10619135707822758;0.0
0.27905579348162785;0.0;N;1.5333304202972267;0.04936475059714196;0.1315334104411641
0.1519303764511085;0.4;N;1.1604968823125996;0.14632524486598858;0.0
0.0813106569806912;0.0;N;1.749844514946622;0.059680675922386905;0.2630668208823282
0.662788515718142;0.0;N;0.8478579956421367;0.37051110915978164;0.39460023132349237
0.3720743913088372;0.4;N;0.412496680323417;0.6460447153285057;0.0
0.4709221545998849;0.0;Y;2.171207074145768;0.30148687249967504;0.0
0.05065172713684303;0.0;N;1.1768287644521014;0.07821221309702243;0.5261336417646564
0.42492445797432987;0.0;Y;0.17778420271857676;0.1563178442353447;0.39460023132349237
0.11162231739265115;0.4;Y;1.0755710951871902;0.06825959128530328;0.1315334104411641
0.09157370894095997;0.0;N;0.3952315477759436;0.10885038675605731;0.1315334104411641
0.9909798331920293;0.0;Y;0.6131455180372964;0.5459466540501148;0.0
0.7441487826176744;0.4;N;1.2006266498553755;0.6011332856481362;0.1315334104411641
0.7441487826176744;0.0;N;0.9341836583795035;0.31041223516711364;0.1315334104411641
0.07751549818934107;0.0;N;1.2085592783231336;0.09632562678637242;1.0522672835293128
0.6119755563450651;0.0;N;0.3009732565708189;0.3905933429777584;0.1315334104411641
1.0072301822324428;0.0;N;1.7610435198422807;0.8321292821343952;0.1315334104411641
0.43408678986031;0.0;N;1.3191494516677602;0.2793351288090232;0.1315334104411641
0.12402479710294571;0.0;N;2.0993467927319607;0.1488113865240374;0.1315334104411641
0.7248040148895424;0.0;N;1.1394987481332404;0.4541642231002026;0.5261336417646564
0.6511301847904649;0.0;N;1.4358057526642019;0.38123904200067354;0.6576670522058206
0.2015402952922868;0.0;N;1.4073416152210698;0.22339638211545784;0.1315334104411641
1.1831345519635508;0.0;N;1.4316061258283297;0.8340983260180087;0.39460023132349237
0.3281696131343944;0.4;N;0.4722247064335951;0.2876389001232028;0.39460023132349237
0.15503099637868215;0.0;Y;1.2052929018952332;0.1594663752392409;0.39460023132349237
0.34454088635198316;0.0;Y;0.587947757022065;0.1803160886618534;0.1315334104411641
0.006201239855147286;0.0;N;1.738178884846978;0.08914339005090102;0.2630668208823282
0.1649529801469178;0.0;N;1.8072394150368711;0.29425212792730726;0.39460023132349237
0.9022803989239301;0.0;N;0.874922257473311;0.3450272807910831;0.9207338730881487
0.8898779192136355;0.0;N;0.4376944413386483;0.738032851696259;0.0
0.43408678986031;0.8;Y;0.8665230038015672;0.6577442669069671;0.0
0.4107794298647389;0.0;N;1.7801751532056969;0.3791804961223504;0.0
0.1883874655595194;0.8;N;0.8534574980899657;0.21074080006350562;0.0
0.7466261779398056;0.0;N;0.739134323113453;0.21971009329334745;0.5261336417646564
0.40616880803243693;0.0;N;1.7885744068774405;0.20996511610935487;0.0
0.34454088635198316;0.0;N;2.0900142886522453;0.15020366463674242;1.0522672835293128
0.12402479710294571;0.0;Y;0.19131633363416406;0.26601641156126765;0.1315334104411641
0.43408678986031;0.0;Y;1.4017421127732406;0.2030550400227965;0.9207338730881487
0.2295264907585665;1.2;Y;0.4222958096071181;0.2503245489237843;0.2630668208823282
0.8991797789963565;0.0;Y;1.0783708464111048;0.7454913512554011;0.0
0.4294730674080804;0.4;N;1.1115012358940943;0.4427120699521179;0.0
0.12402479710294571;0.8;Y;1.2626878019854826;0.1488113865240374;0.2630668208823282
0.03100619927573643;0.4;N;0.09472491640911053;0.059309391814332826;0.6576670522058206
0.88228140039108;0.0;N;0.9752466763302506;0.21933149985572542;0.2630668208823282
0.27905579348162785;0.0;Y;0.3014398817748048;0.2979813777068783;0.2630668208823282
0.3212583313158327;0.0;N;0.29677362973494703;0.4980929208786594;0.39460023132349237
0.27905579348162785;0.4;Y;0.9738468007182932;0.2127413934002543;0.1315334104411641
0.15503099637868215;0.0;N;1.5552618048845577;0.1488113865240374;0.2630668208823282
0.36423912475185855;0.0;Y;0.5016220942846983;0.37994432106220205;0.1315334104411641
0.662788515718142;0.8;Y;0.7274686930138089;0.5956820920753462;0.1315334104411641
0.7364592451972917;0.4;N;0.6238778977289688;0.9712875801890084;0.2630668208823282
0.8673550160597406;0.8;Y;0.6705404181275454;0.6170687428812212;0.2630668208823282
0.19432205210089537;0.0;Y;0.2874411256552318;0.27065343532218183;0.0
0.43408678986031;0.0;N;1.6131233301787926;0.3725663732982988;0.6576670522058206
0.5113480372155901;0.8;Y;0.68547242465509;0.3723916206536281;0.0
0.7441487826176744;0.0;Y;1.0377744536643434;0.46579761778757434;0.1315334104411641
0.0767465444473028;0.0;N;1.5244645414214972;0.08604065423429794;0.0
0.24184835435074414;0.0;Y;1.8030397882009994;0.5963213600725602;0.2630668208823282
0.3719131590726033;0.4;Y;0.9066527713443431;0.19348481548347457;0.39460023132349237
0.34454088635198316;0.8;Y;0.9495822901110336;0.25774806811999396;0.6576670522058206
0.06201239855147286;0.8;N;0.5804817537582926;0.13623561041736798;0.2630668208823282
0.34454088635198316;0.0;N;1.408741490833027;0.5310375609413633;0.2630668208823282
0.5891177862389921;0.0;N;1.0317083260125284;0.3725663732982988;0.9207338730881487
0.4781372971713488;0.0;N;1.5995911992632055;0.23072398500733693;0.2630668208823282
0.7487935112691796;0.0;N;1.336881209419219;0.34069553341712444;0.7892004626469847
0.1557658433015171;0.0;N;1.0410408300922438;0.2804398817637233;0.0
0.3436417065729868;0.0;N;0.7419340743373677;0.257130131431519;0.1315334104411641
0.38797437029743476;0.0;N;1.2225580344427067;0.28759914632055256;0.1315334104411641
0.2425490944543758;0.4;N;0.5408186114195025;0.5058210451968645;0.1315334104411641
0.27905579348162785;1.2;N;0.9234512786878306;0.1861038843197476;0.1315334104411641
0.31179833991680556;0.0;Y;0.17078482465879033;0.18288845057480588;0.1315334104411641
0.5891177862389921;0.8;N;1.0452404569281155;0.1488113865240374;0.0
0.46784633963173183;0.0;Y;0.49275621540896875;0.46117334806090626;0.0
0.06697339043559068;0.0;N;1.9808239909195764;0.180940290489958;0.0
0.6898135190068737;0.0;N;0.8016621004475457;0.3464258240434177;0.39460023132349237
0.1649529801469178;0.0;N;0.35370190462121043;0.03106651528871641;0.0
1.269083736355892;0.0;N;1.3480802143148776;0.6251111683708483;0.1315334104411641
0.12402479710294571;0.0;N;2.180539578225484;0.24825802245093279;0.0
0.044410179222637285;0.0;N;0.3177717639143065;0.0694156587169703;0.0
0.17178984708721767;0.4;N;1.0835037236549483;0.24355297717403923;0.0
0.12402479710294571;0.0;Y;0.9551817925588627;0.1488113865240374;0.39460023132349237
0.1798359557992713;0.0;N;1.508599284485981;0.14454937612095686;0.0
0.5749789593692564;0.0;N;1.1968936482234893;0.6070118512456653;0.5261336417646564
0.1697651422745121;0.0;N;1.805372914220928;0.21916539907054333;0.0
0.0930185978272093;0.0;Y;0.07512665784170827;0.1488113865240374;0.39460023132349237
0.4199603654702845;0.8;Y;0.46055907633395093;0.28511352675747287;0.2630668208823282
0.15472093438592477;0.0;N;2.0232868844822813;0.22302345713750074;0.1315334104411641
0.22041686941135513;0.0;N;1.642520718029896;0.3554030232827923;0.5261336417646564
0.12402479710294571;0.0;N;1.9514266030684728;0.24825802245093279;0.1315334104411641
0.37728343278716087;0.4;Y;0.12692205548412827;0.1580503045129422;0.0
0.34454088635198316;0.4;N;0.10359079528483997;0.31114950784853485;0.1315334104411641
0.34454088635198316;0.0;Y;0.4997555934687553;0.1803160886618534;0.2630668208823282
0.7441487826176744;0.0;Y;1.0186428203009268;0.6211830004080351;0.39460023132349237
0.39877382950517376;0.4;Y;0.2533774857642708;0.34425144766694105;0.0
0.4893398369696723;0.4;Y;0.7377344475014959;0.35726578354768807;0.1315334104411641
0.8991797789963565;0.0;N;0.980379553574094;0.3725663732982988;0.1315334104411641
0.16096558292005808;0.0;N;1.4372056282761587;0.1843556120230847;0.2630668208823282
0.14448888862493176;0.0;N;2.1544085668022808;0.12025599886689292;0.39460023132349237
0.18449928817034203;0.8;N;0.6425429058883997;0.11484038233699988;0.39460023132349237
0.8744554356938842;0.0;N;1.6042574513030632;0.6636889148105899;0.2630668208823282
0.16427704500270676;0.0;N;1.4138743680768704;0.23451700495813863;0.1315334104411641
0.4100259792223385;0.8;N;0.7130033116902503;0.1925317684098074;0.9207338730881487
0.13952789674081392;0.0;Y;0.3303706444219222;0.09731223710805575;0.1315334104411641
0.9380150435892163;0.4;Y;1.3644120964543796;0.6656321522857289;0.1315334104411641
0.771480747279236;0.0;N;1.2370234157662654;0.48223428619103365;0.39460023132349237
0.039191835884530846;0.0;N;1.022375821932813;0.11221499049218189;0.5261336417646564
0.14448888862493176;0.0;N;0.48342371132925344;0.12025599886689292;0.1315334104411641
0.6078951405203782;0.4;Y;0.8618567517617095;0.27907206752957225;0.0
0.3431611104842129;0.0;Y;0.6210781465050544;0.24965649111827193;0.0
0.1085216974650775;0.8;Y;0.47082483082163773;0.09553636836302402;0.0
0.49645886032338143;0.4;Y;0.6719402937395028;0.38412928516483674;0.5261336417646564
0.0;0.0;N;0.789529845143916;0.03206968347942101;0.5261336417646564
0.2015402952922868;0.0;Y;1.0060439397933114;0.09287263983047205;0.1315334104411641
0.27905579348162785;0.0;N;1.4936672779584366;0.1046907069669282;0.7892004626469847
0.6898135190068737;0.0;N;1.000444437345482;0.577615443178232;0.5261336417646564
0.10120423443600371;0.0;N;2.0648165276370136;0.09902590196676422;0.0
0.12402479710294571;0.0;Y;0.4680250795977232;0.09287263983047205;0.7892004626469847
0.06201239855147286;0.0;Y;0.2692427426997869;0.09296206724018614;0.0
1.3565832307120202;0.0;N;1.3144831996279027;0.6059349184943207;0.0
0.3968793507294263;0.0;N;1.8916985769582948;0.22836874001655105;0.1315334104411641
0.12402479710294571;0.4;Y;0.39336504696000063;0.16915272861669872;0.1315334104411641
0.662788515718142;0.4;Y;1.4110746168529562;0.19370111197068968;0.5261336417646564
0.34454088635198316;0.4;N;0.6850057994511043;0.20039108773525774;0.0
0.34454088635198316;0.0;N;1.8044396638129567;0.31114950784853485;0.2630668208823282
0.0804300809212603;0.8;N;0.34670252656142403;0.1068647850034225;0.39460023132349237
0.2821564134092015;0.4;Y;1.0149098186690408;0.1503030864358658;0.2630668208823282
0.6004660551739117;0.0;N;1.3182162012597884;0.5059740936078181;0.1315334104411641
0.5936756975325254;0.4;N;0.4740912072495381;0.25008535484292255;0.7892004626469847
0.1649529801469178;0.4;N;1.3345480833992904;0.3138928185713829;0.6576670522058206
0.662788515718142;0.4;Y;0.44609369501039214;0.20825562801039949;0.2630668208823282
0.6175008610560012;0.0;Y;0.8879877631849126;0.2832732165762502;0.1315334104411641
1.3565832307120202;0.0;Y;1.083970348858934;1.1122506113819473;0.1315334104411641
0.143825355960431;0.0;Y;0.6892054262869763;0.11979998620384699;0.1315334104411641
0.1665404975498355;0.4;Y;1.1964270230195038;0.18971976490601966;0.0
0.2635526938437597;0.0;N;1.9397609729688288;0.20208640468505074;0.0
0.15503099637868215;0.0;Y;0.3593014070690397;0.17864538476060557;0.0
0.130226036958093;0.0;N;1.6915163644484015;0.16826837432397124;0.1315334104411641
0.5298897443824804;0.0;Y;1.3700115989022086;0.42127499968922305;0.2630668208823282
0.4100259792223385;0.4;N;0.3397031485016376;0.44168182740801365;0.39460023132349237
0.06201239855147286;0.0;N;2.0120878795866224;0.22339638211545784;0.0
0.1649529801469178;0.4;N;0.2104479669975803;0.3138928185713829;0.1315334104411641
0.12402479710294571;0.8;N;0.9024531445084709;0.12394974618856243;0.9207338730881487
0.5298897443824804;0.0;N;1.5748600634519598;0.5393324566410677;0.5261336417646564
0.31179833991680556;0.0;Y;1.2356235401543079;0.20579432315588259;0.1315334104411641
0.2883576532643488;0.0;N;2.045218269069612;0.2191343717123773;0.0
0.06201239855147286;0.0;N;1.8940317029782234;0.1861038843197476;0.0
0.5410333724021801;0.0;N;1.0951693537545926;0.45831920403460946;0.0
0.310303841111715;0.0;N;1.2734201816771549;0.1638447382354441;0.39460023132349237
0.27905579348162785;0.4;Y;0.838992116766407;0.1488113865240374;0.0
0.43408678986031;0.0;Y;1.3634788460464078;0.7454913512554011;0.0
0.0930185978272093;0.8;N;0.7717980873924567;0.1189773882874692;0.2630668208823282
0.04960991884117829;0.4;N;0.8305928630946631;0.09660188961004305;0.1315334104411641
0.5077575193394598;0.0;N;2.0512843967214267;0.4316376898067038;0.1315334104411641
0.4684726648571017;0.0;Y;1.1772953896560872;0.4802372729340734;0.0
0.5077575193394598;0.0;N;0.4750244576575096;0.3499086449975547;0.0
0.08656930837785612;0.8;N;0.8165941069750903;0.08044894252981354;0.2630668208823282
1.0342427830414644;0.0;Y;1.6868501124085435;0.42671508009767006;0.2630668208823282
0.8567012859885975;0.0;Y;1.592591821203419;0.8537887648541435;0.2630668208823282
0.7081877926976752;0.4;N;1.0181761950969412;1.1850555614685832;0.0
0.16469872931285678;0.0;N;1.4124744924649133;0.11733278913467839;0.1315334104411641
0.15503099637868215;0.4;N;0.6271442741568692;0.11151888872832716;0.39460023132349237
1.2976466471287003;0.4;Y;1.2412230426021373;0.4913423820976711;1.0522672835293128
0.7071862924610688;0.4;N;0.9155186502200725;0.5069877036979055;0.0
0.0767465444473028;0.0;N;0.7587325816808552;0.10332050601291821;0.2630668208823282
0.17671053091227706;0.0;N;0.7680650857605706;0.14240132824792393;0.2630668208823282
0.15503099637868215;0.0;N;1.7666430222901095;0.2979813777068783;0.0
0.33176013101052465;0.0;Y;0.5982135115097519;0.512952862475316;0.39460023132349237
0.5936756975325254;0.8;N;0.9043196453244144;0.6007069578133357;0.2630668208823282
0.4030805905845736;0.0;N;0.5249533544839866;0.34770473296282384;0.0
0.27905579348162785;0.0;Y;1.2654875532093968;0.24825802245093279;0.0
0.2821564134092015;0.0;N;1.975224488471747;0.30096477753053513;0.6576670522058206
0.6750669706313336;0.0;Y;0.332703770441851;0.37707458877182665;0.1315334104411641
0.20690746838691676;0.4;N;0.8511243720700371;0.1904074385653726;0.0
0.1891378155819922;0.0;N;1.621989209054522;0.15094235443307985;0.0
0.11162231739265115;0.0;N;0.5478179894792893;0.12217387744353071;0.1315334104411641
0.2537237286733512;0.0;Y;1.0573727122317453;0.08021951908337432;0.5261336417646564
0.5891177862389921;0.0;N;0.9859790560219235;0.42584139145931216;0.5261336417646564
0.018603719565441858;0.0;N;2.1040130447718184;0.07919874883371016;0.1315334104411641
0.43702617755164985;0.0;Y;0.18245045475843444;0.24982930455305724;0.0
0.323568293161875;0.4;Y;1.3662785972703226;0.23656481059709666;0.1315334104411641
0.2018317535654787;0.0;N;1.1539641294567988;0.11165910852003903;0.9207338730881487
0.4100259792223385;0.0;N;0.13112168232000015;0.5923212921739968;0.2630668208823282
0.5271053876875194;0.4;N;0.7666652101486133;0.20618447726782133;0.1315334104411641
0.15472093438592477;0.0;N;2.106812795995733;0.12374254907080945;0.39460023132349237
0.18541707166890384;0.0;N;0.8753888826772966;0.148385207859228;0.0
0.04737747249332526;0.0;Y;1.7475113889266933;0.09391682976875193;0.2630668208823282
0.4267135156725399;0.0;N;1.7260466295433479;0.3666542444527537;0.2630668208823282
0.6356270851525968;0.0;N;1.263621052393454;0.6410723574274123;0.39460023132349237
0.4100259792223385;0.4;N;0.30610613381466234;0.2353962874711659;0.0
0.0;0.0;N;0.011665630099644147;0.03693389313690669;0.1315334104411641
0.6046208858768604;0.0;N;0.44422719419444906;0.5093055070209045;0.2630668208823282
0.6182636135581845;0.0;N;1.6518532221096112;0.6243653184149343;0.39460023132349237
0.9053810188515038;0.0;N;1.5267976674414259;0.3879977851311769;0.7892004626469847
0.4409856691991614;0.0;N;1.8109724166687575;0.1743137119716426;0.1315334104411641
0.07429085346466448;0.0;N;1.102168731814379;0.11265705576105223;0.1315334104411641
0.303860752902217;0.0;N;0.3135721370784346;0.21161978423655053;0.1315334104411641
0.43408678986031;0.0;N;1.958892606332245;0.4860652699045914;0.39460023132349237
0.31179833991680556;1.2;Y;0.6350769026246273;0.4119472509705688;0.1315334104411641
0.23254649456802323;0.0;N;0.9565816681708201;0.21096552465522256;0.0
0.27905579348162785;0.0;N;0.3551017802331678;0.28650677447512063;0.39460023132349237
0.1939189715103108;0.0;N;0.7927962215718163;0.21606318534890936;0.1315334104411641
0.8300979670100157;0.0;N;1.286019062184771;0.4139162948541823;0.1315334104411641
0.46819360906362006;0.4;N;1.167962885576372;0.8001869898274442;0.0
0.27905579348162785;0.0;Y;1.1987601490394324;0.2127413934002543;0.0
1.0932134734439873;0.0;Y;1.4082748656290414;0.14988004034087124;0.39460023132349237
0.33504988875368025;0.0;N;1.421340371340643;0.2512250881605551;0.0
0.31179833991680556;0.4;Y;1.2640876775974397;0.20579432315588259;0.0
0.4893398369696723;0.0;N;1.8086392906488284;0.18371276394608227;0.0
0.05493058263689466;0.0;N;0.10079104406092543;0.13745455300031859;0.0
0.9454720345150309;0.0;N;1.8422363053358035;0.6707571856727977;0.2630668208823282
0.6980859729736403;0.4;N;0.42836193725893307;0.7011699634751554;0.5261336417646564
0.5637795201908603;0.4;Y;0.9318505323595744;0.47655777134656185;0.0
0.1085216974650775;0.0;N;2.0232868844822813;0.1338943874057533;0.2630668208823282
0.714668088346304;0.0;N;1.2542885483137387;0.39824352597557033;0.2630668208823282
0.15680765159718182;0.0;Y;0.3854324184922425;0.1502359599398335;0.1315334104411641
0.43408678986031;0.0;N;1.1250333668096815;0.22339638211545784;0.0
0.23029854512053233;0.0;Y;0.3084392598345912;0.2510674154798748;0.1315334104411641
0.18541707166890384;0.8;Y;0.6850057994511043;0.34671021663160784;0.0
0.5077575193394598;0.0;N;1.8660341907390778;0.6476358370394575;0.2630668208823282
0.3193607519201576;0.0;Y;0.8973202672646277;0.1682019936778949;0.0
1.1315650413281457;0.0;Y;0.42789531205494724;0.5081049123468694;0.7892004626469847
0.14968862824347276;0.0;N;1.7549773921904652;0.10830614004322672;0.1315334104411641
0.0930185978272093;0.0;Y;0.02659763662718867;0.1189773882874692;0.0
0.7441487826176744;0.0;N;0.7899964703479015;0.6655788240138809;0.1315334104411641
0.1396488209179893;0.0;N;1.9028975818539533;0.20489557395900598;0.1315334104411641
0.27905579348162785;0.0;Y;1.2332904141343792;0.165385813414354;0.5261336417646564
0.5054010481945037;0.4;N;1.0513065845799305;0.3683043628952183;0.0
0.0146225235784373;0.4;N;0.24171185566462672;0.07281427321108455;0.2630668208823282
0.3392233231761944;0.0;N;0.9953115601016385;0.2540934033360143;0.0
0.7004641484580892;0.4;N;0.4493600714382925;0.3906507734243638;0.0
0.7119023353709084;0.4;N;0.982712679594023;0.2974841195412703;0.7892004626469847
0.6190387685400779;0.4;N;0.15398631731530277;0.5208661813375747;0.6576670522058206
0.05162532179410115;0.0;N;0.1222558034442707;0.0327695890780509;0.5261336417646564
0.3705364838247607;0.0;Y;0.3070393842226339;0.19282250072262277;0.2630668208823282
0.27905579348162785;0.0;N;0.34950227778533854;0.46579761778757434;0.1315334104411641
0.43408678986031;0.0;Y;0.3033063825907478;0.3725663732982988;0.2630668208823282
1.1315650413281457;0.0;Y;1.2323571637264075;0.5589512938814349;0.6576670522058206
0.0146225235784373;0.0;Y;1.917362963177512;0.031001178832578326;0.0
0.49627902436758214;0.0;N;0.7004044311826344;0.31673577484834103;0.1315334104411641
0.34454088635198316;0.4;N;1.0895698513067633;0.5471404614895511;0.1315334104411641
0.34454088635198316;0.0;N;0.8674562542095385;0.12510991579498698;0.1315334104411641
0.43408678986031;0.8;N;0.5468847390713175;0.19942260156750313;0.39460023132349237
0.13425684286393874;0.0;Y;0.7363345718895387;0.1321540957036187;0.0
1.320324581278974;0.0;N;1.6089237033429207;0.7219987185140067;0.7892004626469847
0.0930185978272093;0.0;N;1.0835037236549483;0.059309391814332826;0.2630668208823282
0.15503099637868215;0.4;Y;0.47595770806548116;0.1488113865240374;0.0
0.11551979664161122;0.0;N;2.0382188910098256;0.10034605638873237;0.0
0.35395746907202436;0.0;Y;1.4017421127732406;0.2642199573574527;0.0
0.3262968386981399;0.0;N;1.4950671535703939;0.1428893378740786;0.6576670522058206
0.4030805905845736;0.0;Y;0.35603503064113934;0.1488113865240374;1.0522672835293128
0.45118050752102346;0.0;N;1.3560128427826357;0.23162012372936785;0.2630668208823282
0.14448888862493176;0.0;N;1.796040410141213;0.2810754205111578;0.2630668208823282
0.3037925392638104;0.0;N;1.7867079060614974;0.20614241133030778;0.5261336417646564
0.12402479710294571;0.0;N;0.05132877243843431;0.10619135707822758;0.1315334104411641
0.14448888862493176;0.0;N;2.188472206693242;0.17928017765808413;0.1315334104411641
0.42155408411305734;0.0;Y;1.9196960891974408;0.36251731308727997;0.1315334104411641
0.7119023353709084;0.4;Y;0.4647587031698228;0.3570526942152833;0.5261336417646564
0.5445928840790346;0.0;Y;1.1432317497651263;0.46117334806090626;0.2630668208823282
0.2015402952922868;0.0;N;0.5137543495883281;0.1861038843197476;0.1315334104411641
0.6542308047180386;0.0;N;1.564594308964273;0.29933748209672156;0.0
0.3441626107208192;0.0;N;1.9336948453170137;0.5636811013768649;0.2630668208823282
0.7119023353709084;0.4;N;0.9551817925588627;0.4464055189338051;0.39460023132349237
0.34454088635198316;0.4;N;0.43162831368683346;0.30076585934729283;0.0
0.48679732862906194;0.0;N;0.38916542012412875;0.12419833797886862;0.1315334104411641
0.2694314692264393;0.0;N;0.4194960583832035;0.14418114999772202;0.0
0.4893398369696723;0.4;N;0.17638432710661955;0.31256274434500103;0.2630668208823282
0.4893398369696723;0.0;N;0.9677806730664785;0.6254840933488055;0.0
0.06815162600806868;0.0;N;0.5151542252002854;0.06589770822990977;0.0
0.5261752017092473;0.0;N;1.5291307934613547;0.6378758682713509;0.0
0.5077575193394598;0.0;N;1.317749576055803;0.3699239014894904;0.0
0.9244560326459367;0.0;N;0.37470003880057007;0.24157311846606494;0.0
0.3281696131343944;0.4;N;0.5249533544839866;0.17963982650682597;0.0
0.14039607032053456;0.0;N;2.0158208812185086;0.2166445008045489;0.1315334104411641
0.6750669706313336;0.4;N;0.34156964931758066;0.6790212031843271;0.0
0.12402479710294571;0.0;N;1.1450982505810694;0.11618045095279093;0.0
0.24804959420589143;0.4;N;0.4647587031698228;0.3725663732982988;0.39460023132349237
0.15472093438592477;0.8;N;0.9145853998121012;0.13104263009931533;0.6576670522058206
0.2027402352042578;0.0;N;0.6271442741568692;0.2807783484737172;0.39460023132349237
1.0342427830414644;0.0;N;1.9649587339840602;0.7317677120665798;0.1315334104411641
0.27905579348162785;0.0;N;0.6206115213010684;0.24825802245093279;0.5261336417646564
0.24804959420589143;0.0;Y;1.5692605610041308;0.1914314159698472;0.2630668208823282
0.10938987104479812;0.0;N;1.0125766926491122;0.041856502845940426;0.2630668208823282
0.2058811631908899;0.0;N;1.3242823289116035;0.22757314186857738;0.6576670522058206
0.12402479710294571;0.0;N;1.963092233168117;0.1488113865240374;0.1315334104411641
0.1772221332003267;0.0;N;1.2533552979057672;0.12486400906452207;0.5261336417646564
0.2638069446778207;0.0;N;0.7941960971837736;0.17693365911178247;0.2630668208823282
0.06815162600806868;0.0;N;1.7190472514835613;0.09505052170174151;0.1315334104411641
0.0804300809212603;0.4;N;0.6294774001767983;0.08899422005971817;0.39460023132349237
0.42904208123814774;0.0;N;1.6686517294530987;0.27630138411334215;0.0
0.0930185978272093;0.0;N;1.3256822045235608;0.24825802245093279;0.2630668208823282
0.43408678986031;0.0;N;0.211381217405552;0.22339638211545784;0.2630668208823282
0.27905579348162785;0.0;Y;0.8399253671743786;0.4968747241456648;0.6576670522058206
0.3705612887841812;0.4;N;0.6588747880279013;0.32162981850406325;0.1315334104411641
0.05674134467459766;0.4;Y;0.7013376815906062;0.10517916410305642;0.2630668208823282
0.5891177862389921;0.4;Y;0.3000400061628475;0.2979813777068783;0.2630668208823282
0.4185836902224418;0.0;N;0.09659141722505354;0.29193395167933034;0.1315334104411641
0.30695827220986305;0.0;Y;1.115700862729966;0.14745393960427353;0.7892004626469847
0.2671091049006866;0.0;Y;1.0167763194849837;0.09525637628957383;0.39460023132349237
0.32246447246765886;0.0;N;0.43862769174661986;0.12110835619651168;0.1315334104411641
0.15503099637868215;0.0;Y;0.919251651851959;0.17864538476060557;0.1315334104411641
0.1649529801469178;0.8;Y;0.5828148797782217;0.09206831523801416;0.0
0.0020464091521986043;0.4;N;0.8501911216620655;0.0719210433038817;0.1315334104411641
0.04650929891360465;0.0;Y;1.6023909504871199;0.12394974618856243;0.39460023132349237
0.27905579348162785;0.0;Y;0.9383832852153752;0.165385813414354;0.1315334104411641
0.5261752017092473;0.4;N;1.2244245352586498;0.6697875807301092;0.1315334104411641
0.11189517194627763;0.0;N;0.9696471738824216;0.06574667361383714;0.7892004626469847
0.48620821084282295;0.0;N;0.330837269625908;0.1881493032388467;0.39460023132349237
0.5581115869632557;0.0;N;0.3872989193081857;0.2358272395756931;0.2630668208823282
0.48902977497691497;0.0;N;1.5589948065164436;0.4496196847338217;0.1315334104411641
0.09562621918629872;0.0;Y;1.4806017722468348;0.10117894703450175;0.2630668208823282
0.15503099637868215;0.4;N;0.2095147165896088;0.11151888872832716;0.39460023132349237
0.43408678986031;0.0;N;1.7652431466781522;0.5081754697526989;0.1315334104411641
0.3565650904311138;0.0;N;0.25524398658021386;0.18610090091992396;0.1315334104411641
0.7303665270396095;0.0;N;1.4974002795903225;0.6101320399512367;0.39460023132349237
0.3410681920331007;0.8;N;1.1124344863020657;0.2553613482610685;0.0
0.3100619927573643;0.0;Y;0.36676741033281196;0.32781537594344656;0.0
0.45118050752102346;0.4;Y;0.25851036300811425;0.4635988521175393;0.0
0.5185321735877781;0.0;N;1.663985477413241;0.5284042630870127;0.2630668208823282
0.10529705274040091;0.0;N;0.8618567517617095;0.25185339216341723;0.1315334104411641
0.6827099987528025;0.0;N;1.0447738317241297;0.43985539003597096;0.1315334104411641
0.4199603654702845;0.0;Y;2.000422249486978;0.492729588430676;0.0
0.27905579348162785;0.0;Y;0.3970980485918867;0.1617826868623281;0.7892004626469847
0.15503099637868215;0.0;Y;1.4082748656290414;0.038555296356068566;0.1315334104411641
0.14448888862493176;0.0;N;0.16938494904683296;0.16850182536017236;0.0
0.15472093438592477;0.0;N;0.4241623104230612;0.22302345713750074;0.0
0.1939189715103108;0.4;N;0.34296952492953797;0.2701686328508376;0.0
0.12402479710294571;0.4;Y;0.7008710563866204;0.14307408490815854;0.2630668208823282
0.360912159569572;0.0;Y;0.3313038948298938;0.47101856747897386;0.1315334104411641
0.8730725592061864;0.0;N;1.2136921555669768;0.8695411159230516;0.0
0.36270121726778204;0.0;N;1.6411208424179387;0.4616208580344548;0.1315334104411641
0.9590217435985278;0.0;Y;0.07979290988156601;0.5288634083198736;0.1315334104411641
0.07751549818934107;0.0;Y;0.18338370516640598;0.03693389313690669;0.39460023132349237
0.4893398369696723;0.0;N;1.2911519394286142;0.17845362673694;0.6576670522058206
0.43684014035599544;0.0;N;1.1511643782328844;0.29579879698088657;0.6576670522058206
0.2200944049388875;0.4;Y;0.2874411256552318;0.22335215321307214;0.0
0.15472093438592477;0.4;N;0.5268198552999296;0.17834704477823987;0.1315334104411641
0.7441487826176744;0.0;N;1.9462937258246296;0.414002515109086;0.9207338730881487
0.24323743207829715;0.0;N;0.36863391114875493;0.3294860798446943;0.2630668208823282
0.07429085346466448;0.0;N;1.6737846066969422;0.09706088567291266;0.0
0.1597873473475801;0.4;N;1.2211581588307494;0.13077032028041105;0.2630668208823282
0.07429085346466448;0.0;N;1.4628700144953761;0.10095765335258201;0.1315334104411641
0.7364592451972917;0.0;N;1.512798911321853;0.3353010244409838;0.1315334104411641
0.01568603621359506;0.4;N;0.8553239989059088;0.03708060182323501;0.0
0.12402479710294571;0.4;N;0.48342371132925344;0.07422639093261692;0.2630668208823282
0.8991797789963565;0.0;N;1.6313217131342375;0.2030550400227965;0.2630668208823282
0.15217222480545925;0.0;Y;0.19504933526605012;0.10685143428921166;0.2630668208823282
0.5891177862389921;0.4;N;0.49042308938903983;0.4968747241456648;0.2630668208823282
0.5633206284415795;0.0;Y;1.3746778509420663;0.40811141923229766;0.0
0.15503099637868215;0.0;Y;1.1791618904720307;0.09485630237322147;0.0
0.1608601618425206;0.0;N;1.281352810144913;0.18425417642908037;0.0
0.6419740541443401;0.0;Y;1.6803173595527428;0.4621685356570826;0.5261336417646564
0.1085216974650775;0.0;N;0.9164519006280443;0.22339638211545784;0.1315334104411641
0.4100259792223385;0.4;Y;0.21978047107729576;0.37853317294561245;0.2630668208823282
0.7119023353709084;1.2;N;0.98084617877808;1.0508511242361562;0.2630668208823282
0.15503099637868215;0.0;N;1.9308950940930991;0.165385813414354;0.2630668208823282
0.5338523366499195;0.0;N;1.9500267274565157;0.3015880097536971;0.1315334104411641
0.0930185978272093;0.4;Y;0.43162831368683346;0.1189773882874692;0.0
1.053888310902571;0.0;Y;1.2748200572891124;0.7452697592334989;0.1315334104411641
0.0804300809212603;0.0;N;1.3088836971800732;0.08899422005971817;0.1315334104411641
0.15503099637868215;0.4;Y;0.4171629323632748;0.07422639093261692;0.2630668208823282
0.43408678986031;0.0;N;1.7801751532056969;0.2793351288090232;0.0
0.3193638525400852;0.0;N;0.30190650697879046;0.4210466204327221;0.1315334104411641
0.43408678986031;0.8;N;0.9817794291860513;0.4860652699045914;0.2630668208823282
0.058911778623899215;0.0;N;1.649986721293668;0.14383902862294418;0.0
1.0542107753750387;0.4;N;0.31823838911829233;0.6522601067661254;0.39460023132349237
0.27905579348162785;0.0;N;0.2505777345403563;0.20287029298871653;0.1315334104411641
0.8991797789963565;0.0;N;1.5071994088740235;0.4968747241456648;0.0
0.27905579348162785;0.0;N;1.6798507343487572;0.24825802245093279;0.7892004626469847
1.1315650413281457;0.0;Y;1.560394682128401;1.1182611924216732;0.0
0.19867222185928116;0.0;N;0.2104479669975803;0.22063673727857527;0.2630668208823282
0.09900279428742642;0.0;N;1.371411474514166;0.06218837264416165;0.7892004626469847
0.13952789674081392;0.0;Y;1.805372914220928;0.09080081782293355;0.39460023132349237
0.6116096831936114;0.0;Y;1.685450236796586;0.8584213135153222;0.0
0.3281696131343944;0.0;Y;0.09612479202106772;0.191639731862534;0.0
0.4268995528681943;0.0;N;1.8347703020720314;0.289506135487834;0.1315334104411641
0.3712713307475956;0.0;N;1.040107579684272;0.32219912577541254;0.6576670522058206
0.5814282488186095;0.0;N;0.9892454324498238;0.3679421035716307;0.39460023132349237
0.1795879062050654;0.0;N;0.8977868924686135;0.3373622553791483;0.0
1.33636718878424;0.0;Y;1.2776198085130273;0.5056718752056816;0.0
0.1649529801469178;0.0;N;1.6490534708856965;0.1174856883756408;0.1315334104411641
0.687345425544525;0.0;Y;1.5813928163077606;0.4666644446063379;0.1315334104411641
0.12402479710294571;0.4;N;0.9747800511262649;0.10619135707822758;0.5261336417646564
0.27905579348162785;1.2;N;0.8973202672646277;0.1861038843197476;0.1315334104411641
0.9628696129286466;0.8;N;0.8767887582892541;0.4777923767785866;0.0
0.2058811631908899;0.0;N;0.5898142578380081;0.3795276146918328;0.1315334104411641
0.5533366322747922;0.8;N;0.775064463820357;0.351048602070174;0.1315334104411641
0.27905579348162785;0.0;Y;0.9593814193947348;0.1861038843197476;0.2630668208823282
0.27905579348162785;0.0;Y;0.5445516130513889;0.24825802245093279;1.3153341044116411
0.44958988949817824;0.0;N;1.923429090829327;0.23085488167459992;0.0
0.21309940638228134;0.0;N;0.585614631002136;0.1464395836642302;0.1315334104411641
0.3297664323970948;0.8;N;0.8217269842189336;0.14428034804185857;0.2630668208823282
0.4893398369696723;0.4;Y;1.034041452032457;0.17845362673694;0.2630668208823282
0.36592276137253105;0.0;N;0.34296952492953797;0.11899230528658748;0.0
1.0542107753750387;0.0;N;1.3858768558377246;0.501655771533066;0.39460023132349237
0.3640871943754075;0.0;N;0.051795397642419985;0.2565040649785247;0.0
0.2511502141334651;0.4;N;0.6518754099681149;0.22588252377350665;0.2630668208823282
0.34454088635198316;0.4;N;0.5426851122354458;0.12869476902309301;0.39460023132349237
0.08211991878178793;0.0;N;1.1600302571086138;0.09034920567462752;0.2630668208823282
0.7255450630522325;0.0;Y;0.5254199796879723;0.30295373560797156;0.1315334104411641
0.33724512766240244;0.0;N;1.3956759851214255;0.25273386803637393;0.0
0.2821564134092015;0.4;Y;0.3313038948298938;0.16704324118638658;0.1315334104411641
0.15319542938155856;0.0;Y;1.4162074940967995;0.1700623672229317;0.6576670522058206
0.4619923692084728;0.0;N;1.2785530589209984;0.2152598303613942;0.2630668208823282
0.5261752017092473;0.8;N;0.43722781613466266;1.339933766119022;0.2630668208823282
0.15503099637868215;0.0;N;0.7139365620982216;0.17864538476060557;0.0
0.3795871933933481;0.0;N;1.2561550491296818;0.3947121501893034;0.1315334104411641
0.14448888862493176;0.0;Y;1.335481333807262;0.07639614303936693;0.0
0.7119023353709084;0.0;Y;0.11758955140441298;0.5102289438513219;0.5261336417646564
0.12402479710294571;0.0;N;2.0872145374283306;0.24825802245093279;0.1315334104411641
1.3565832307120202;0.4;N;0.3009732565708189;0.5131533469434658;0.2630668208823282
0.34044806804758604;0.0;N;0.5174873512202142;0.2549351695962591;0.39460023132349237
0.09583086010151859;0.0;N;2.0204871332583663;0.15219381607410828;0.1315334104411641
0.086817357972062;0.4;N;1.0041774389773683;0.14135288696489534;0.0
0.5138967467960556;0.0;N;1.6495200960896823;0.36374050701497923;0.5261336417646564
0.1085216974650775;0.4;N;1.191760770979646;0.1674576354218925;0.0
0.13425684286393874;0.0;N;2.134810308234879;0.1321540957036187;0.0
1.013155466914036;0.4;N;0.6220113969130259;0.3860593956807514;0.2630668208823282
0.38204598499591397;0.4;N;0.9971780609175815;0.33083852956975357;0.1315334104411641
0.8567012859885975;0.0;N;1.59025869518349;1.1859572194802879;0.39460023132349237
0.31179833991680556;0.4;Y;0.6579415376199299;0.18288845057480588;0.1315334104411641
0.31179833991680556;0.4;Y;1.096102604162564;0.16456373759294537;0.0
0.2232446347853023;0.0;N;1.4395387542960878;0.2035070250960805;0.0
0.6597127007499888;0.0;Y;1.3037508199362298;0.2765605669730224;0.0
0.4831944082732214;0.0;N;0.9995111869375106;0.30886705781344614;0.0
0.04574034517156638;0.4;Y;0.9472491640911046;0.07348650777635002;0.5261336417646564
0.9166672753878717;0.4;N;0.6033463887535953;0.32530081740207734;0.6576670522058206
0.2976595130470697;0.0;N;0.3677006607407835;0.3158817766488193;0.0
0.11183315954772616;0.0;N;1.8137721678926717;0.1490319343560012;0.1315334104411641
0.04621163940055758;0.8;N;0.5711492496785776;0.061556861486489096;0.1315334104411641
0.7217623067405926;0.0;Y;2.006955002342779;0.36179629993489765;0.0
0.4928094306686272;0.0;N;1.4493378835797888;0.1571453647614315;0.2630668208823282
0.30695827220986305;0.0;N;1.5795263154918175;0.27063105982350444;0.0
0.5490081668558995;0.0;N;1.5697271862081164;0.4356466333197426;0.0
0.6415771747936106;0.0;N;1.2505555466818523;0.4041139618085799;0.5261336417646564
0.4000047756164205;0.0;N;1.1604968823125996;0.34523843091360235;0.1315334104411641
0.8991797789963565;0.0;N;1.4022087379772263;0.55902886227685;0.1315334104411641
0.4617133134149911;0.0;N;1.5515288032526715;0.5264103823998673;0.1315334104411641
0.4619923692084728;0.0;N;2.0466181446815694;0.3702355921860669;0.2630668208823282
0.8991797789963565;0.0;Y;0.7843969679000725;0.4968747241456648;0.0
0.15637976604717668;0.0;N;1.4120078672609275;0.09980904442047414;0.7892004626469847
1.0249316213989608;0.4;Y;1.0438405813161582;0.46146758586851444;0.5261336417646564
0.06201239855147286;0.0;N;0.04152964315473318;0.11536672865088854;0.1315334104411641
0.4650557816969156;0.4;N;0.5011554690807125;0.18322147258012156;0.5261336417646564
0.5077575193394598;0.0;N;1.5356635463171553;0.323638616190327;0.5261336417646564
0.4407748270440863;0.0;N;1.4227402469526;0.43612710986134257;0.0
0.40120471552839154;0.0;Y;0.302839757386762;0.29669210147308506;0.0
0.3281696131343944;0.4;Y;0.2986401305508901;0.2156395425739501;0.1315334104411641
0.17178984708721767;0.0;N;1.6905831140404297;0.5416671161730703;0.0
0.2813750571874529;0.4;N;0.3210381403422069;0.1666255652110746;0.39460023132349237
0.20558970491769796;0.0;N;1.9523598534764444;0.13199679594791638;0.1315334104411641
0.5445928840790346;0.0;Y;0.2729757443316731;0.2765605669730224;0.2630668208823282
0.8766878820417373;0.0;N;0.7969958484076881;0.34080480043566597;0.5261336417646564
0.16096558292005808;0.0;Y;1.0289085747886135;0.1843556120230847;0.1315334104411641
0.3036127033080111;0.4;Y;0.29490712891900406;0.12347546020159657;0.39460023132349237
1.0501117558307862;0.0;N;1.4404720047040591;0.5197643371977025;0.0
0.20245807879084857;0.4;Y;0.1376544351758009;0.2804389867437762;0.0
0.0930185978272093;0.4;Y;0.5753488765144492;0.07815194842058457;0.0
0.1860371956544186;0.8;N;1.0177095698929555;0.28969416426171996;0.1315334104411641
0.26704399188220757;0.0;Y;0.4054973022636306;0.2044858785782223;0.6576670522058206
0.4928094306686272;0.4;Y;0.6817394230232039;0.27964838579050716;0.1315334104411641
0.5891177862389921;0.0;N;1.1670296351684002;0.24825802245093279;0.0
0.15472093438592477;0.0;N;1.69384949046833;0.22302345713750074;0.39460023132349237
0.3281696131343944;0.0;N;0.30983913544654856;0.15964000910897774;0.39460023132349237
0.1304492815928783;0.0;N;0.11059017334462655;0.11060678881723966;0.5261336417646564
0.217043394930155;0.0;N;1.3480802143148776;0.35062958356494134;0.39460023132349237
0.5373188297289468;0.0;Y;1.2864856873887565;0.4553408014056572;0.2630668208823282
0.5338523366499195;0.0;N;1.1110346106901088;0.7147780705058056;0.0
0.27751788599755134;0.0;N;1.1282997432375819;0.26469513836436565;0.39460023132349237
0.49609918841178285;0.0;Y;0.901053268896514;0.16870074354341472;0.5261336417646564
0.27905579348162785;0.0;N;0.9841125552059801;0.165385813414354;0.0
0.2821564134092015;0.0;N;0.43349481450277644;0.19788048219865495;0.0
0.13425684286393874;0.0;N;2.2113368416885444;0.2646667214810453;0.0
0.4100259792223385;0.0;Y;0.279041871983488;0.4818673280127239;0.0
0.0804300809212603;0.4;N;0.32010488993423536;0.13367063241897903;0.39460023132349237
0.0930185978272093;0.0;Y;0.5846813805941647;0.19853474177998287;0.0
0.1649529801469178;0.8;N;0.46989158041366624;0.18819226419630736;0.2630668208823282
0.22041686941135513;0.0;N;1.7069149961799315;0.2876389001232028;0.0
0.43408678986031;0.0;N;0.4306950632788619;0.3192913551372854;0.0
0.1860371956544186;0.4;N;1.0891032261027773;0.20847938299717372;0.5261336417646564
0.5445928840790346;0.0;Y;1.608457078138935;0.251386117166037;0.0
0.168034996354926;0.4;N;0.3401697737056233;0.13643877994535902;0.1315334104411641
0.14634305934162078;0.4;N;0.605679514773524;0.08496364689795782;0.1315334104411641
0.5336042870557136;0.0;N;1.6989823677121734;0.27127398248550244;0.39460023132349237
0.569155995145273;0.0;Y;1.0867701000828487;0.41212200361523954;0.1315334104411641
1.2092417717537207;0.0;Y;0.6817394230232039;0.3311302314875116;0.7892004626469847
0.1062148362389627;0.4;Y;0.2071815905696801;0.16468307358589165;0.2630668208823282
0.10938987104479812;0.4;Y;1.4082748656290414;0.1347297393563772;0.1315334104411641
1.0342427830414644;0.8;N;0.5095547227524562;0.9851960409969054;0.1315334104411641
0.5484624577486465;0.4;Y;0.7876633443279729;0.43523641584398987;0.6576670522058206
0.3410681920331007;0.0;N;2.0274865113181524;0.22339638211545784;0.0
0.15637976604717668;0.0;N;2.0302862625420675;0.32160886012030204;0.0
0.5891177862389921;0.0;N;0.818927232995019;0.3725663732982988;0.39460023132349237
0.04960991884117829;0.0;N;1.7087814969958746;0.07720979075627374;1.4468675148528052
1.1573497966458481;0.0;N;1.3210159524837033;0.2854988328446982;0.6576670522058206
0.43408678986031;0.4;N;1.4124744924649133;0.414002515109086;0.6576670522058206
0.5091403958271575;0.4;N;0.5557506179470469;0.37087433808831183;0.2630668208823282
0.13952789674081392;0.0;Y;1.2911519394286142;0.20475013321760274;0.1315334104411641
0.2113878641822607;0.8;N;0.5146875999962998;0.23287165995539189;0.0
0.8567012859885975;0.4;N;1.1768287644521014;0.3046940273101062;0.39460023132349237
0.5261752017092473;0.0;Y;1.6369212155820667;0.8931696425264136;0.1315334104411641
0.6182636135581845;0.0;N;1.652786472517583;0.2888654503757037;0.2630668208823282
0.5261752017092473;0.0;N;1.2202249084227776;0.6697875807301092;0.1315334104411641
0.17372463392202364;0.0;N;1.9122300859336683;0.19663230229743253;0.0
0.15503099637868215;0.0;N;0.15398631731530277;0.08914339005090102;0.39460023132349237
0.13874033927921023;0.0;N;1.1520976286408557;0.16297060208711261;0.2630668208823282
0.38527062972059056;0.0;N;0.10592392130476884;0.2221632683833449;0.1315334104411641
1.3218934949623262;0.0;Y;1.7591770190263376;0.4335589992931388;0.0
0.6004660551739117;0.0;N;1.1348324960933827;0.33719652751894424;0.0
0.8567012859885975;0.0;N;1.2622211767814966;0.6097466592790157;0.1315334104411641
0.12712541703051936;0.0;Y;0.3103057606505342;0.18983313409931862;0.0
0.07751549818934107;0.0;Y;1.8977647046101098;0.15319877430470707;0.39460023132349237
0.1891378155819922;0.0;Y;1.520264914585625;0.07529191217963595;0.1315334104411641
0.585511765263224;0.8;N;1.076504345595162;0.49398328762157223;0.1315334104411641
0.20934455564998966;0.0;N;0.9878455568378663;0.19236156544986777;0.1315334104411641
0.15501859389897182;0.0;N;1.1749622636361583;0.14880146671962374;0.1315334104411641
0.2956255063745814;0.0;Y;1.0522398349879019;0.2241294780371259;0.0
0.5240295727193662;0.0;Y;0.344836025745481;0.44468506684049774;0.39460023132349237
0.2694314692264393;1.2;Y;0.48575683734918224;0.14418114999772202;0.2630668208823282
0.3358963579939079;0.4;Y;0.8403919923783643;0.3526730632741551;0.5261336417646564
0.3281696131343944;0.8;Y;0.5384854853995737;0.2156395425739501;0.0
0.5707497137880458;0.0;Y;0.7545329548449835;0.620014178942122;0.39460023132349237
0.2563344506523682;0.0;N;1.8641676899231348;0.2761190237991211;0.0
0.5767153065286976;0.0;Y;0.5870145066140934;0.5843877607779329;0.1315334104411641
0.13952789674081392;0.0;N;1.859034812679291;0.13638052906380213;0.5261336417646564
0.2821564134092015;0.4;Y;0.3103057606505342;0.10725687832524662;0.9207338730881487
0.039191835884530846;0.0;Y;0.4446938193984349;0.08407161035068443;0.1315334104411641
0.5891177862389921;0.8;N;0.6434761562963711;0.2127413934002543;0.0
0.1421324174799758;0.4;N;0.7158030629141646;0.1662344414941932;0.0
0.43684014035599544;0.0;N;0.3877655445121714;0.321183725645431;0.2630668208823282
0.5261752017092473;0.0;N;1.1003022309984358;0.6697875807301092;0.5261336417646564
0.4893398369696723;0.0;N;1.2505555466818523;0.2777936807051353;0.0
0.12703239843269215;0.0;Y;1.2986179426923865;0.12636130285101982;0.39460023132349237
0.12402479710294571;0.0;N;1.7862412808575119;0.12394974618856243;0.5261336417646564
0.011962191680579114;0.4;N;0.6294774001767983;0.10300128223178694;0.0
0.20415721851115895;0.0;N;0.09472491640911053;0.14106200548208878;0.0
0.12402479710294571;0.0;Y;1.4040752387931694;0.07422639093261692;0.0
0.5891177862389921;0.4;Y;0.6976046799587201;0.2979813777068783;0.6576670522058206
0.5814282488186095;0.8;N;0.500222218672741;0.4205565224266909;0.0
0.12402479710294571;2.0;N;0.5440849878474028;0.1861038843197476;0.39460023132349237
0.31179833991680556;0.0;Y;1.3466803387029203;0.16456373759294537;0.6576670522058206
0.6827099987528025;0.4;Y;0.4325615640948049;0.8580587558517524;0.0
0.8150506585015007;0.0;Y;0.6584081628239157;0.45190325354384425;0.1315334104411641
0.7119023353709084;0.8;Y;1.622455834258508;0.3570526942152833;0.2630668208823282
0.27905579348162785;0.0;N;1.668185104249113;0.24825802245093279;0.1315334104411641
0.05519723595066599;0.4;N;0.384499168084271;0.08258587723850333;0.0
0.1334754866421902;0.0;N;0.20578171495772274;0.0715792948540818;0.1315334104411641
0.3193607519201576;0.0;Y;0.9631144210266208;0.4210428911829425;0.1315334104411641
0.11991957631883822;0.0;N;0.49835571785679794;0.12930211464219393;0.1315334104411641
0.27905579348162785;0.0;N;0.24451160688854123;0.2979813777068783;0.2630668208823282
0.31998397652559996;0.0;Y;0.5552839927430614;0.3373622553791483;0.1315334104411641
0.3358963579939079;0.4;Y;0.7512665784170831;0.17615722930767577;0.5261336417646564
0.16294997967370523;0.4;N;0.31403876228242045;0.13294395080693183;0.2630668208823282
0.29455889311949607;0.4;N;0.6406764050724564;0.39121262219615394;0.2630668208823282
0.3486337046563804;0.0;N;1.703648619752031;0.3649288697497373;0.0
0.015503099637868214;0.0;Y;1.3718780997181514;0.11151888872832716;0.0
0.8341907853144128;0.0;Y;1.536596796725127;0.259793859964071;0.39460023132349237
0.26296357605752063;0.4;N;0.2753088703516018;0.2824975326220994;0.0
0.19763661480347158;0.4;Y;0.6080126407934531;0.17151550669203933;0.0
0.38953088150107673;0.4;Y;1.2463559198459806;0.2886689189123203;0.1315334104411641
0.4100259792223385;0.0;Y;0.5809483789622786;0.2788248182691867;0.0
0.1649529801469178;0.4;N;0.5230868536680435;0.3138928185713829;0.1315334104411641
0.747249402545248;0.8;Y;1.0163096942809982;0.2009407045677709;0.39460023132349237
0.43408678986031;0.4;Y;0.4516931974582214;0.11151888872832716;0.0
0.6827099987528025;0.0;Y;1.379344102981924;0.4288500755964745;0.39460023132349237
0.11773053864997123;0.0;N;2.14787581394648;0.054685122087664746;0.0
0.06201239855147286;0.0;Y;1.5533953040686146;0.02201689401862259;0.5261336417646564
0.20414481603144866;0.0;N;1.4222736217486143;0.18819226419630736;0.39460023132349237
0.0930185978272093;0.0;N;1.9313617192970851;0.09908803126809189;0.2630668208823282
0.3782756311639844;0.0;N;1.9882899941833483;0.39345017206389654;0.0
0.662788515718142;0.0;N;1.5071994088740235;0.1665327814765589;0.5261336417646564
0.14448888862493176;0.0;N;2.0657497780449856;0.42179247038863626;0.0
0.15503099637868215;0.0;N;0.28977425167516063;0.08914339005090102;0.6576670522058206
0.168034996354926;0.4;N;1.0195760707088986;0.20781132519166143;0.0
0.27905579348162785;0.0;Y;1.789974282489398;0.4968747241456648;0.0
0.3590207814137521;0.0;N;0.9033863949164428;0.46874372511343554;0.0
0.43408678986031;0.0;Y;1.4544707608236322;0.1861038843197476;0.2630668208823282
0.0930185978272093;0.0;Y;0.9411830364392899;0.08488137964782047;0.2630668208823282
0.34454088635198316;0.4;N;0.38869879492014286;0.1803160886618534;0.5261336417646564
0.9688041994700226;0.0;Y;0.5268198552999296;0.24014444287551132;0.0
0.17645628007821604;0.0;N;1.3448138378869772;0.09945103644163533;0.2630668208823282
0.14448888862493176;0.0;N;1.8319705508481168;0.21071693286491636;0.0
0.18541707166890384;0.4;Y;1.2449560442340235;0.25994302995525387;0.2630668208823282
0.4407748270440863;0.0;N;0.6439427815003568;0.6301208187697375;0.1315334104411641
0.34454088635198316;0.8;N;0.7703982117804994;0.9030148619444811;0.0
0.5829661563026861;0.4;Y;1.080237347227048;0.15510479386704587;0.2630668208823282
0.17313861675571224;0.0;N;1.3448138378869772;0.3270197777954728;0.39460023132349237
0.0930185978272093;0.0;N;0.24731135811245594;0.07422639093261692;0.1315334104411641
1.0072301822324428;0.4;Y;1.0587725878437027;0.3326365500584759;0.6576670522058206
0.13614822101975865;0.0;N;0.394764922571958;0.13367063241897903;0.0
0.260452073916186;0.0;N;2.045218269069612;0.28008097876493737;0.2630668208823282
0.5292448154375451;0.4;Y;0.5277531057079013;0.24467346756280914;0.0
0.460172305310987;0.4;N;0.5655497472307481;0.2950222180067887;0.1315334104411641
0.23668892279126158;0.8;N;0.8478579956421367;0.32160990431024034;0.39460023132349237
0.31626323261251155;0.0;Y;0.3406363989096091;0.278092020687501;0.5261336417646564
0.8991797789963565;0.0;Y;0.12365567905622789;0.55902886227685;0.2630668208823282
0.15503099637868215;0.0;N;1.034508077236443;0.22339638211545784;0.0
0.30100508194892167;0.0;N;1.4236734973605716;0.2658576201056535;0.2630668208823282
0.46862149461362523;0.4;N;0.3196382647302497;0.14987235808632535;0.2630668208823282
0.19527394241866045;0.4;N;0.8875211379809269;0.21736693107184743;0.2630668208823282
0.03100619927573643;0.0;Y;1.2430895434180804;0.02947539357776464;0.0
0.5261752017092473;0.0;N;1.6709848554730278;0.5357583436523268;0.39460023132349237
0.7040143582751611;0.0;Y;1.5818594415117462;0.5890021107001873;0.2630668208823282
0.22479184412916153;0.0;N;1.7736424003498958;0.15347108412361135;0.0
0.7119023353709084;0.0;Y;0.9355835339914604;0.4464055189338051;0.0
0.16325694104653501;0.8;Y;0.7997955996316027;0.05805352965856448;0.2630668208823282
0.14262851666838758;0.4;Y;0.49228959020498303;0.2194708246274902;0.39460023132349237
0.7119023353709084;0.0;Y;1.592591821203419;0.4464055189338051;0.39460023132349237
0.5922184061665658;0.0;N;1.5636610585563013;0.5993047598962169;0.0
0.06201239855147286;0.4;N;0.5380188601955881;0.07422639093261692;0.1315334104411641
0.06185736755509418;0.4;Y;0.7979290988156598;0.031553107799954835;0.0
0.8730725592061864;0.0;Y;1.805372914220928;0.362099637111968;0.1315334104411641
0.8991797789963565;0.0;Y;1.8072394150368711;0.7454913512554011;0.0
0.2728545536264806;0.0;N;0.7923295963678303;0.14582798670038058;0.2630668208823282
0.7241807902841001;0.8;N;0.7647987093326704;0.37809811866632764;0.2630668208823282
0.8960791590687828;0.0;Y;1.0317083260125284;0.49521722178863664;0.39460023132349237
0.5261752017092473;0.0;Y;1.5785930650838458;0.24333093764216354;0.2630668208823282
0.3281696131343944;0.0;N;0.7764643394323144;0.2876389001232028;0.2630668208823282
0.15472093438592477;0.0;Y;0.9514487909269767;0.14856279473373118;0.5261336417646564
0.5637795201908603;0.8;Y;0.7078704344464068;0.3573286586989716;0.0
0.06099849583515628;0.0;N;2.05315089753737;0.2209574527596184;0.0
0.14448888862493176;0.0;N;1.757310518210394;0.08758956083774495;0.0
0.8839216283327666;0.8;N;0.24404498168455557;0.4398107136236117;0.39460023132349237
0.844742194927946;0.0;N;1.1576971310886852;0.3507415356433241;0.5261336417646564
0.3281696131343944;0.0;N;0.12458892946419939;0.34523843091360235;0.2630668208823282
0.7728977305861372;0.4;Y;0.5272864805039154;0.8404153768046194;0.2630668208823282
0.1674334760889767;0.0;Y;0.2785752467795022;0.12865329976554418;0.2630668208823282
0.33176013101052465;0.0;Y;1.887498950122423;0.6141692511776047;0.1315334104411641
0.31179833991680556;0.0;N;0.7605990824967982;0.12650472979754213;1.183800693970477
0.18541707166890384;0.4;N;0.9388499104193608;0.25994302995525387;0.2630668208823282
0.3441626107208192;0.0;N;1.3144831996279027;0.30046259675521814;0.0
0.19432205210089537;0.0;N;1.6653853530251983;0.1803160886618534;0.6576670522058206
0.07122123973636657;0.0;N;0.3523020290092533;0.24554812580610974;0.0
0.4026154975954375;0.0;Y;0.9990445617335246;0.18929067742638223;0.2630668208823282
1.3253630886612813;0.0;Y;0.9411830364392899;0.8153234180027583;0.0
0.31603998797772626;0.0;N;1.4675362665352336;0.4634274557976702;0.39460023132349237
0.09535026401274466;0.0;Y;0.17218470027074767;0.06043115014802779;0.0
0.41402887954883616;0.0;N;1.8646343151271205;0.534904345452805;0.39460023132349237
0.4039983740831354;0.0;N;0.7699315865765136;0.3484405885293288;0.39460023132349237
0.8999456321184671;0.0;N;2.003688625914879;0.4068035713346021;0.0
0.43408678986031;0.0;Y;0.2337792271968686;0.24825802245093279;0.5261336417646564
0.2821564134092015;0.0;Y;0.2902408768791463;0.16704324118638658;0.6576670522058206
0.27905579348162785;0.0;N;1.6448538440498248;0.3725663732982988;0.5261336417646564
1.269083736355892;0.4;Y;1.0415074552962296;0.6946078263930311;0.6576670522058206
0.1649529801469178;0.4;Y;0.7745978386163714;0.052016620115394915;0.5261336417646564
0.15068082662029633;0.0;N;1.5995911992632055;0.21816424467471968;0.0
0.5077575193394598;0.0;N;1.8310373004401455;0.5180369486998053;0.0
0.8216642808070154;0.0;N;2.043818393457655;0.4554385823348776;0.39460023132349237
0.5581115869632557;0.0;Y;1.8963648289981525;0.3539201244004437;0.1315334104411641
0.6980859729736403;0.0;N;1.648120220477725;0.38937947217450797;0.2630668208823282
0.4893398369696723;0.4;Y;1.014443193465055;0.2777936807051353;0.0
0.18541707166890384;0.0;N;0.8744556322693253;0.12071193694494328;0.9207338730881487
0.3705612887841812;0.0;Y;0.20158208812185086;0.27563146168294006;0.0
0.5240295727193662;0.0;Y;0.1143231749765126;0.44468506684049774;0.0
0.8567012859885975;0.0;N;0.8263932362587915;1.0673256072323805;0.2630668208823282
0.49609918841178285;0.0;Y;1.2561550491296818;0.42228972855424435;0.0
0.3720743913088372;0.0;N;1.2468225450499661;0.2151091686702995;0.0
0.34044806804758604;0.0;Y;0.6168785196691824;0.27886897258657684;0.1315334104411641
0.23254649456802323;0.0;Y;0.899186768080571;0.12643588784661125;0.0
0.15179704979422284;0.4;N;0.9024531445084709;0.1217887951112922;0.0
0.31365251063349453;0.8;N;0.394764922571958;0.2759987182012322;0.1315334104411641
0.33176013101052465;0.8;Y;0.8856546371649835;0.5813944411498624;0.0
0.8116802846402282;0.0;N;1.6093903285469067;0.36819979473139913;0.39460023132349237
0.5891177862389921;0.0;N;1.3200827020757315;0.26601641156126765;0.39460023132349237
0.168034996354926;0.0;N;1.3345480833992904;0.15923836890771795;0.0
0.3973072362794315;0.4;Y;0.41109680471145965;0.29401345594141476;0.1315334104411641
0.16103379655846473;0.0;N;1.8641676899231348;0.16462340558941854;0.5261336417646564
0.7447441016437685;0.0;N;1.9710248616358752;0.414320694700279;0.2630668208823282
0.27905579348162785;0.4;N;0.33457027125779404;0.5733721536090448;0.0
0.13230965354942248;0.0;N;0.7120700612822787;0.13059273340590788;0.39460023132349237
0.12402479710294571;1.2;Y;0.5590169943749473;0.24825802245093279;1.0522672835293128
0.06201239855147286;0.0;Y;0.4946227162249119;0.11151888872832716;0.2630668208823282
0.6974782514678358;0.0;N;1.472202518575091;0.43773128394652283;0.2630668208823282
0.1813056496449412;0.0;N;1.8081726654448427;0.2549980447475427;0.0
0.07429085346466448;0.0;N;1.9836237421434906;0.07201017237361344;0.0
0.27905579348162785;0.8;N;0.3084392598345912;0.4332750542149223;0.0
0.4092818304397209;0.0;N;1.877233195634736;0.13202976251596776;0.7892004626469847
0.27905579348162785;0.0;N;1.022842447136799;0.24825802245093279;0.2630668208823282
0.18541707166890384;0.0;N;0.09752466763302506;0.25994302995525387;0.2630668208823282
0.4294730674080804;0.0;N;1.3466803387029203;0.37512501157206246;0.2630668208823282
0.30695827220986305;0.4;Y;1.06017246345566;0.2536942244396091;0.0
0.43408678986031;0.0;Y;0.9976446861215675;0.2940558202189107;0.0
0.11757550765359254;0.8;N;0.33363702084982255;0.23791561945225287;0.1315334104411641
1.1570273321733806;0.0;Y;0.2981735053469044;0.6347077959986097;0.1315334104411641
0.43408678986031;0.0;Y;1.4236734973605716;0.22339638211545784;0.2630668208823282
0.14634305934162078;0.0;N;0.23657897842078332;0.17028589845471917;0.2630668208823282
0.09217522920690926;0.0;N;0.8203271086069763;0.19718221746992806;0.1315334104411641
0.47426772350173685;0.8;Y;1.3896098574696107;0.346906971849978;0.0
0.43408678986031;0.0;N;1.2776198085130273;0.3725663732982988;0.0
0.37728343278716087;0.0;Y;0.13532130915587204;0.2451752008281526;0.0
0.0930185978272093;0.0;N;1.134365870889397;0.1488113865240374;0.1315334104411641
0.1649529801469178;0.0;Y;1.5211981649935966;0.10439184488959337;0.2630668208823282
0.6136746960653754;0.8;N;0.6565416620079726;0.30979564100855933;0.0
0.4893398369696723;0.8;Y;1.0555062114158023;0.5003155537472838;0.2630668208823282
0.24804959420589143;0.0;N;1.6705182302690416;0.3725663732982988;0.0
0.06201239855147286;1.2;Y;0.3658341599248404;0.09668147180033909;0.5261336417646564
0.2433366519159795;0.0;N;1.4180739949127426;0.09391682976875193;0.5261336417646564
0.22479184412916153;0.0;N;1.8133055426886862;0.1227051463671284;0.6576670522058206
0.5538017252639283;0.0;N;0.6369434034405704;0.17548484557241914;0.39460023132349237
1.4056970503647868;0.0;N;1.670051605065056;0.863633984272211;0.2630668208823282
0.43408678986031;0.0;Y;0.424628935627047;0.1594663752392409;0.2630668208823282
0.5373188297289468;0.0;N;1.3620789704344505;0.3902408542885933;0.2630668208823282
0.1860371956544186;0.0;N;0.055528399274306195;0.20847938299717372;0.0
0.06815162600806868;0.0;N;0.611745642425339;0.07417977531037227;0.0
0.14039607032053456;0.0;Y;0.5417518618274741;0.05117962729486799;0.2630668208823282
0.7119023353709084;0.4;N;0.9337170331755174;0.7144639930893701;0.5261336417646564
0.8836766793584881;0.0;Y;1.676117732716871;0.4396928693305773;0.0
0.3978529453866844;0.0;N;0.5986801367137375;0.1715771884833934;0.2630668208823282
0.7441487826176744;0.8;Y;0.6504755343561576;0.5646792723728649;0.0
1.0072301822324428;0.0;N;1.2486890458659092;0.4158853387377958;0.0
0.14448888862493176;0.0;N;2.1688739481258397;0.2810754205111578;0.0
0.2954270666992167;0.4;N;1.642520718029896;0.2239930620801892;0.6576670522058206
0.9977701908334156;0.4;N;0.46895833000569476;0.3803656517022981;0.0
0.27905579348162785;0.0;N;1.0079104406092543;0.43837666791337543;0.39460023132349237
0.18449928817034203;0.0;N;1.0699715927393612;0.11484038233699988;0.0
0.31998397652559996;0.0;N;0.3551017802331678;0.18726412851116775;0.39460023132349237
0.13399949140995013;0.0;N;1.7633766458622093;0.07902518954896892;0.2630668208823282
0.1649529801469178;0.4;Y;0.6705404181275454;0.025829007728295682;0.2630668208823282
0.09270853583445192;0.0;N;0.07605990824967979;0.16383123835124205;0.0
1.0072301822324428;0.4;N;1.4969336543863367;0.49913412741711566;0.0
0.3410681920331007;0.0;Y;1.8688339419629922;0.22339638211545784;0.6576670522058206
0.46784633963173183;0.0;N;1.0699715927393612;0.17106754920851722;0.1315334104411641
0.8991797789963565;0.0;N;1.5277309178493976;0.22339638211545784;0.0
0.13332665688566664;0.4;N;0.7419340743373677;0.11258440997534619;0.2630668208823282
0.747671086855398;0.8;N;0.8903208892048412;0.6240073104360954;0.2630668208823282
0.5136238922424291;0.0;Y;1.2608213011695395;0.33556453323040836;0.0
0.27905579348162785;0.0;Y;1.5183984137696822;0.24825802245093279;0.2630668208823282
1.1310999483390096;1.6;Y;0.9696471738824216;0.39898863008152863;0.6576670522058206
0.15503099637868215;0.0;N;1.7745756507578676;0.26288257380150293;0.0
0.5298897443824804;0.0;N;1.4129411176688993;0.5393324566410677;0.1315334104411641
0.06815162600806868;0.0;N;1.070904843147333;0.11890280329187779;0.0
1.158850496690794;0.0;N;1.6905831140404297;0.8174083669695208;0.2630668208823282
0.22041686941135513;0.0;Y;0.43722781613466266;0.4028379617040018;0.2630668208823282
0.43408678986031;0.0;Y;2.088147787836302;0.2793351288090232;0.1315334104411641
0.2318767606636673;0.0;N;1.9780242396956615;0.46121906866320384;0.39460023132349237
0.8258315139896744;0.4;N;0.9472491640911046;0.4576662123982065;0.39460023132349237
0.5891177862389921;0.0;N;1.2580215499456249;0.165385813414354;1.0522672835293128
0.5484624577486465;0.0;N;1.0513065845799305;0.3978996891458939;0.1315334104411641
0.7364592451972917;0.0;Y;1.7391121352549497;0.204766691086624;0.2630668208823282
0.22621502867591786;0.4;N;0.5095547227524562;0.20588882234529693;0.1315334104411641
0.5731433923721327;0.4;Y;0.8403919923783643;0.2638729879579614;0.2630668208823282
0.34454088635198316;0.0;N;0.4876233381651253;0.20039108773525774;0.1315334104411641
0.11097428782778825;0.4;N;0.563683246414805;0.09722198926339012;0.39460023132349237
0.4928094306686272;0.4;Y;0.5403519862155167;0.46631971275671436;0.39460023132349237
0.17053409601655034;0.0;N;0.410630179507474;0.12084201317725471;0.1315334104411641
0.5581115869632557;0.0;N;1.9406942233768;0.2830643785885942;0.0
0.37728343278716087;0.0;N;0.2986401305508901;0.4088644293477886;0.2630668208823282
0.3497189216310312;0.0;N;0.9771131771461936;0.30491778229688044;0.1315334104411641
0.43408678986031;0.0;Y;1.8450360565597181;0.4860652699045914;0.5261336417646564
0.1894695819142426;0.0;Y;0.6210781465050544;0.17642521319683574;0.1315334104411641
0.29976793459781975;0.4;Y;1.2402897921941656;0.17645758308492243;0.0
0.0930185978272093;0.4;N;0.28230824841138835;0.1488113865240374;0.0
0.17053409601655034;0.8;N;0.8557906241098945;0.32284301804235327;0.2630668208823282
0.4100259792223385;0.8;N;0.9878455568378663;0.2353962874711659;0.2630668208823282
0.1571146129700116;0.0;N;1.7675762726980813;0.11277191665426302;0.1315334104411641
0.6715322639138996;0.4;Y;0.9883121820418521;0.22496766421758227;0.6576670522058206
0.43408678986031;0.0;N;0.735867946685553;0.13948826207510984;0.0
0.12402479710294571;0.0;N;0.9323171575635602;0.08251360437777523;0.9207338730881487
0.6750669706313336;0.0;Y;1.1096347350781512;0.33933129926276184;0.1315334104411641
0.3565650904311138;0.4;Y;0.6733401693514601;0.6211730806036214;0.1315334104411641
0.5261752017092473;0.0;N;1.6588526001693975;0.5357583436523268;0.0
0.5891177862389921;0.4;Y;1.760110269434309;0.3725663732982988;0.1315334104411641
0.12402479710294571;0.0;Y;0.9239179038918164;0.10619135707822758;0.39460023132349237
0.12402479710294571;0.0;N;1.7162475002596471;0.05701448608498041;0.39460023132349237
1.020091553692018;0.0;N;1.1544307546607848;1.8056424785918517;0.39460023132349237
0.687345425544525;0.4;N;0.3784330404324561;0.3836380683838716;0.39460023132349237
0.31179833991680556;0.4;Y;0.4348946901147338;0.16456373759294537;0.1315334104411641
0.168034996354926;0.0;N;1.470336017759148;0.16474169739242647;0.1315334104411641
0.43408678986031;0.4;Y;0.8683895046175103;0.1861038843197476;0.2630668208823282
0.13937286574443525;0.4;N;0.8473913704381507;0.22733282901278182;0.1315334104411641
0.2821564134092015;0.0;Y;1.3060839459561586;0.2507442386939772;0.1315334104411641
0.6464172425005531;0.4;Y;0.6719402937395028;0.3255479920774674;0.1315334104411641
0.9726210626008658;0.0;N;0.34203627452156626;0.6031943674163095;0.2630668208823282
0.49645886032338143;0.0;N;0.8576571249258378;0.4225780741472007;0.1315334104411641
0.3036127033080111;0.0;N;1.3387477102351621;0.16062564982571836;0.39460023132349237
0.3281696131343944;0.0;N;0.3882321697161572;0.1325633435744288;0.0
0.4092818304397209;0.0;N;1.833370426460074;0.21146278282083056;0.2630668208823282
0.3281696131343944;0.4;N;0.7256021921978658;0.2156395425739501;0.1315334104411641
0.7253218184174471;0.0;N;0.9113190233842009;0.5194519006511701;0.1315334104411641
0.8211929865780242;0.0;N;0.6453426571123142;0.48772560649145197;0.1315334104411641
0.049721541158570935;0.0;N;0.954715167354877;0.06437125171013576;0.1315334104411641
0.1085216974650775;0.0;N;0.4661585787817801;0.1861038843197476;0.2630668208823282
0.48096196192536833;0.0;Y;1.8427029305397895;0.41015221388167006;0.0
0.06185736755509418;0.0;N;1.8907653265503235;0.14856279473373118;0.2630668208823282
0.34454088635198316;0.4;N;0.3252377671780788;0.36099078198251033;0.39460023132349237
0.27905579348162785;0.0;N;1.3322149573793614;0.2979813777068783;0.5261336417646564
0.07751549818934107;0.4;N;1.774109025553882;0.03444775147885786;0.2630668208823282
0.37759349477991827;0.0;Y;1.7311795067871916;0.33856590803800274;0.1315334104411641
0.0930185978272093;0.4;Y;1.083970348858934;0.09908803126809189;0.0
0.10120423443600371;0.0;Y;1.5496623024367284;0.07914900064165067;0.2630668208823282
0.1608601618425206;0.4;N;0.4451604446024206;0.23040737170105136;0.1315334104411641
0.8991797789963565;0.0;Y;1.6177895822186505;0.6577442669069671;0.6576670522058206
0.43408678986031;0.0;N;0.7685317109645563;0.22339638211545784;0.0
0.3144958792537946;0.8;Y;1.0555062114158023;0.1843304022945748;0.1315334104411641
0.3193607519201576;0.0;N;2.0302862625420675;0.129303382587119;0.0
0.06815162600806868;0.0;Y;1.655586223741497;0.04734595852146897;0.2630668208823282
0.3103999603294698;0.0;Y;1.5757933138599314;0.273390704660387;0.0
0.27905579348162785;0.0;Y;1.814238793096658;0.19591770345467113;0.1315334104411641
0.5261752017092473;0.0;N;1.0783708464111048;0.3347144880356529;1.5784009252939695
0.653254109440853;0.0;Y;1.723713503523419;0.32883719038304904;0.1315334104411641
0.8730725592061864;0.0;N;1.1810283912879733;0.4829190510355585;0.0
0.7728977305861372;0.0;N;1.8511021842115332;0.9665314441901348;0.1315334104411641
0.13952789674081392;0.0;N;1.5692605610041308;0.20475013321760274;0.39460023132349237
0.1665404975498355;0.4;N;0.3751666640045557;0.10524047296943256;0.0
0.36792576184574366;0.0;N;1.75777714341438;0.47945413048036345;0.0
0.26351858702455633;0.4;N;0.8739890070653393;0.0860408034042891;0.2630668208823282
0.33894426738271277;0.0;N;0.9953115601016385;0.1776235703210031;0.1315334104411641
0.33707459356638586;1.6;Y;0.8077282280993608;0.17672407527417058;0.1315334104411641
0.27905579348162785;0.0;N;1.9327615949090422;0.18155598962856515;0.2630668208823282
0.12402479710294571;0.0;N;2.1819394538374413;0.26601641156126765;0.0
0.8362371944666115;0.0;Y;1.7853080304495401;0.3789400340965636;0.2630668208823282
0.1953390554371395;0.0;N;1.7507777653545937;0.20905309078326295;0.5261336417646564
0.88228140039108;0.0;N;0.8945205160407133;0.6861730092415974;0.2630668208823282
0.3041770161348295;0.8;Y;0.5795485033503213;0.26840096845532097;0.7892004626469847
0.27905579348162785;0.4;Y;0.33223714523786535;0.1352504917955965;0.2630668208823282
0.0804300809212603;0.0;N;1.3924096086935251;0.11618858071731039;0.2630668208823282
0.15503099637868215;0.0;N;0.5170207260162285;0.1104743258650693;0.1315334104411641
0.08482055873870457;0.0;Y;1.8044396638129567;0.05029952434688924;0.2630668208823282
0.1287191356732922;0.0;N;0.38123279165637064;0.15332825385705381;0.0
0.33176013101052465;0.0;N;1.8902987013463373;0.3962911891309693;0.2630668208823282
0.30695827220986305;0.4;Y;0.9715136746983645;0.17637374954987767;0.39460023132349237
0.14858170692932895;0.0;Y;1.5449960503968707;0.11040966067389155;0.2630668208823282
0.42959709220518333;0.0;Y;1.707381621383917;0.1625788816902665;0.1315334104411641
0.143825355960431;0.0;N;1.9635588583721026;0.11979998620384699;0.39460023132349237
0.43702617755164985;0.0;N;1.6168563318106788;0.32131156432787467;0.39460023132349237
0.662788515718142;0.0;Y;0.9579815437827773;0.33342416761192134;0.2630668208823282
0.31998397652559996;0.0;Y;1.5356635463171553;0.14035844521867494;0.7892004626469847
0.15472093438592477;0.8;N;0.6383432790525277;0.27886897258657684;0.1315334104411641
0.34454088635198316;0.8;N;0.28090837279943104;0.4298192330291894;0.0
0.0767465444473028;0.0;Y;0.4078304282835593;0.07818618293356103;0.9207338730881487
0.0930185978272093;0.4;N;0.9178517762400016;0.1352504917955965;0.1315334104411641
0.3281696131343944;0.0;N;2.0876811626323164;0.5756364794902048;0.0
0.143825355960431;0.4;Y;0.7069371840384352;0.16786337779790983;0.2630668208823282
0.43408678986031;0.0;N;1.0051106893853397;0.24661155867325218;0.0
0.13952789674081392;0.8;N;0.845058244418222;0.16372838564232148;0.0
0.5561054858701157;0.4;N;1.3242823289116035;0.6415910960717507;0.1315334104411641
0.3719131590726033;0.4;N;1.1045018578343078;0.4842499456968918;0.5261336417646564
0.0918403622547313;0.0;N;1.61452320579075;0.2458962139805349;0.1315334104411641
0.07429085346466448;0.0;N;0.9085192721602862;0.08407161035068443;0.0
0.2015402952922868;0.4;N;1.0480402081520301;0.1508271951998867;0.1315334104411641
2.449489742783178;0.0;Y;0.7521998288250544;0.29783228230069103;0.39460023132349237
0.3497189216310312;0.0;N;1.8324371760521025;0.8322133394244267;0.0
0.24725583550443256;0.4;N;0.1801173287385056;0.267383629115454;0.1315334104411641
0.38136694923177533;0.4;Y;0.5170207260162285;0.3302940591019362;0.1315334104411641
0.14262851666838758;0.4;N;1.0811705976350197;0.08317659040358738;0.5261336417646564
0.6710423659653428;0.0;N;0.37656653961651304;0.4218334921362116;0.1315334104411641
0.3303214433641305;0.0;Y;1.390543107877582;0.5428718876068586;0.5261336417646564
0.4893398369696723;0.0;N;1.311216823200002;0.24997847454424008;0.39460023132349237
0.27905579348162785;0.0;N;1.644387218845839;0.3725663732982988;0.0
0.09148069034313276;0.4;N;0.798862349223631;0.29428196192554384;0.0
0.25816381640963665;0.4;N;0.27950849718747367;0.27787922969507867;0.1315334104411641
0.6334690536830055;0.0;N;1.5636610585563013;0.3193186532456719;0.2630668208823282
0.13332665688566664;0.0;N;1.6653853530251983;0.15776158599500784;0.0
1.7034805882089594;0.4;Y;1.0928362277346637;0.6950221460435414;0.1315334104411641
0.2624426719096883;0.0;N;1.8305706752361592;0.23493714223830506;0.1315334104411641
0.08656930837785612;0.0;N;0.9449160380711759;0.11277191665426302;0.2630668208823282
0.27905579348162785;0.0;N;0.5482846146832748;0.165385813414354;0.1315334104411641
0.00491138196527665;0.4;N;0.13205493272797167;0.05724092613159596;0.0
0.46509298913604646;0.0;Y;1.0979691049785072;0.3311302314875116;0.2630668208823282
0.23254649456802323;0.0;Y;1.923429090829327;0.15813451097296494;0.0
0.6898135190068737;0.0;N;1.9476936014365869;0.693210252745639;0.0
0.27905579348162785;0.0;Y;1.8007066621810703;0.09287263983047205;0.1315334104411641
0.5891177862389921;0.0;N;0.8091281037113178;0.5963213600725602;0.1315334104411641
0.4058649472795347;0.4;Y;0.8683895046175103;0.09517664492928661;0.1315334104411641
0.19769552658209547;0.8;N;1.1534975042528133;0.27471085908235515;0.1315334104411641
0.5891177862389921;0.4;N;0.5963470106938088;0.3725663732982988;0.0
0.05674134467459766;0.0;N;1.0349747024404288;0.052410279722126425;0.5261336417646564
0.4893398369696723;0.0;N;0.35463515502918214;0.5003155537472838;0.0
0.12402479710294571;0.0;N;1.917362963177512;0.1488113865240374;0.1315334104411641
0.3720743913088372;0.0;N;2.0144210056065512;0.1488113865240374;0.9207338730881487
0.7441487826176744;0.0;Y;1.2687539296372974;0.25161770357734836;0.0
0.12184196067393387;0.0;N;0.7727313378004284;0.10778083791927634;0.6576670522058206
0.3193607519201576;0.0;N;1.7503111401506077;0.7658259061134637;0.0
0.5891177862389921;0.8;Y;0.6686739173116023;0.3311302314875116;0.0
0.8991797789963565;0.8;Y;1.1147676123219947;0.3192913551372854;0.39460023132349237
0.44958988949817824;0.0;N;1.289285438612671;0.2565452358960911;0.0
0.15068082662029633;0.0;N;1.0051106893853397;0.29100521931422596;0.0
0.07131425833419379;0.0;N;1.865100940331106;0.12270663806704021;0.1315334104411641
0.48473851699715303;0.0;N;1.6807839847567287;0.30979564100855933;0.2630668208823282
0.15472093438592477;0.0;N;1.363012220842422;0.16510962517567898;0.2630668208823282
0.4100259792223385;0.0;N;1.144165000173098;0.13225351750274206;0.0
0.13952789674081392;0.0;N;2.0111546291786513;0.3414892669402084;0.1315334104411641
0.0918403622547313;0.4;Y;0.9094525225682578;0.11784369635447961;0.2630668208823282
0.24804959420589143;0.4;N;1.7372456344390064;0.22339638211545784;0.1315334104411641
0.9022803989239301;0.4;N;0.7340014458696096;0.7012065101229952;0.39460023132349237
0.4095546849933473;0.0;N;1.7475113889266933;0.4072426532036488;0.0
0.4709221545998849;0.4;N;0.277175371167545;0.24111777706797935;0.2630668208823282
0.43408678986031;0.0;N;1.8109724166687575;0.44715136888971924;0.5261336417646564
0.2954270666992167;0.0;N;1.0424407057042007;0.07442530911585923;0.2630668208823282
0.3100619927573643;0.0;N;1.7568438930064083;0.3725663732982988;0.0
0.9909798331920293;0.0;N;1.9061639582818535;0.8190992834045739;0.1315334104411641
0.34044806804758604;0.0;N;1.5832593171237037;0.3570526942152833;0.2630668208823282
0.27905579348162785;0.0;N;1.0209759463208559;0.2979813777068783;0.0
0.4371874097878837;0.0;N;1.550128927640714;0.18734699244126982;0.9207338730881487
0.05581115869632557;0.0;N;0.636010153032599;0.06925403303152368;0.0
0.5891177862389921;0.0;Y;0.5062883463245561;0.9319538402339522;0.5261336417646564
0.1649529801469178;0.0;N;1.3406142110511052;0.17422555250685356;0.0
0.13425684286393874;0.0;N;0.7396009483174389;0.05264649040316446;0.2630668208823282
0.5580402727049215;0.0;Y;0.868856129821496;0.31451769166444776;0.5261336417646564
1.0058349032650344;0.0;N;0.689672051490962;0.41532595127086014;0.0
1.1831345519635508;0.4;N;1.3191494516677602;0.648663469108716;0.0
0.5550109670356821;0.0;Y;1.206226152303205;0.46952686756714535;0.5261336417646564
0.1894695819142426;0.8;N;0.980379553574094;0.13222927737917484;0.0
0.40616880803243693;0.0;N;1.8119056670767288;0.618240547746958;0.0
0.2821564134092015;0.0;Y;1.3224158280956602;0.33444516161657234;0.0
0.33579403753629794;0.0;N;0.6985379303666915;0.19571542894662716;0.2630668208823282
0.020414481603144862;0.0;N;1.4026753631812123;0.08210256646707091;0.1315334104411641
0.5077575193394598;1.2;Y;0.8128611053432043;0.25883917202050083;0.2630668208823282
0.2018317535654787;0.0;Y;1.8660341907390778;0.18633755911093552;0.0
0.15068082662029633;0.0;N;1.98922324459132;0.29100521931422596;0.0
0.16586456240562444;0.4;N;0.8413252427863359;0.13494708003353062;0.39460023132349237
0.7441487826176744;0.4;Y;0.9990445617335246;0.5323913531963433;0.1315334104411641
0.6465133617183079;0.4;Y;1.1488312522129556;0.6515470742082714;0.1315334104411641
0.4359223568574336;0.0;Y;0.5954137602858371;0.31163871083461897;0.6576670522058206
0.12712541703051936;0.0;N;0.3994311746118155;0.3166276266047334;0.1315334104411641
0.7119023353709084;0.4;Y;1.0895698513067633;0.5102289438513219;0.1315334104411641
0.27905579348162785;0.0;N;0.5324193577477587;0.059309391814332826;0.5261336417646564
0.31179833991680556;0.4;Y;0.2935072533070467;0.2745119408991128;0.0
0.40618121051214723;0.8;N;0.5809483789622786;0.20997108290900213;0.2630668208823282
0.5891177862389921;0.0;N;0.5230868536680435;0.165385813414354;0.7892004626469847
0.8567012859885975;0.4;Y;0.846924745234165;0.42671508009767006;0.1315334104411641
0.31179833991680556;0.0;Y;0.4157630567513174;0.13707670541265243;0.0
0.09440767555476227;0.0;N;1.895431578590181;0.10738471700769031;0.0
0.43408678986031;0.8;N;0.874922257473311;0.44715136888971924;0.1315334104411641
0.12402479710294571;0.0;N;1.2664208036173685;0.1488113865240374;0.0
0.07751549818934107;0.0;N;0.20764821577366577;0.1040603891691851;0.1315334104411641
0.3410681920331007;0.4;Y;1.0858368496748774;0.09908803126809189;0.6576670522058206
0.3410681920331007;0.0;Y;0.6938716783268337;0.2979813777068783;0.1315334104411641
0.27905579348162785;0.4;N;1.2654875532093968;0.2127413934002543;0.0
0.43408678986031;0.0;N;0.4120300551194312;0.1861038843197476;0.1315334104411641
0.43408678986031;0.8;N;0.9747800511262649;0.7454913512554011;0.0
0.5261752017092473;0.4;N;0.8338592395225636;0.2974841195412703;0.39460023132349237
1.2092417717537207;0.0;Y;0.8287263622787201;0.3136834584887577;0.9207338730881487
0.2914582731919224;0.0;N;1.7274465051553054;0.5167640065800465;0.2630668208823282
0.5891177862389921;0.0;Y;1.4208737461366574;0.3725663732982988;0.0
0.18388536542468245;0.0;N;1.8944983281822096;0.17194765215649602;0.39460023132349237
0.43408678986031;0.0;N;1.7260466295433479;0.22339638211545784;0.1315334104411641
0.5891177862389921;0.0;Y;0.8935872656327416;0.2708595882499965;0.2630668208823282
0.0930185978272093;0.0;N;0.024264510607259808;0.1488113865240374;0.0
0.5891177862389921;0.0;N;1.22769091168655;0.3311302314875116;0.2630668208823282
1.0219643281282726;0.4;N;0.6462759075202859;0.2299056384357079;0.1315334104411641
0.06201239855147286;0.0;N;1.2304906629104644;0.06011573020167166;0.2630668208823282
0.5781787991345123;0.0;N;1.4143409932808564;0.24387242471015727;0.0
0.5791275888323498;0.0;N;1.61452320579075;0.3858699497919493;0.1315334104411641
0.9688041994700226;0.0;Y;1.8599680630872628;0.4806474904098262;0.1315334104411641
0.42588254953195015;0.0;N;1.9364945965409284;0.10954536974497817;0.2630668208823282
0.7441487826176744;0.0;Y;1.096102604162564;0.31041223516711364;0.2630668208823282
1.0342427830414644;0.8;Y;0.7344680710735956;0.42671508009767006;0.0
0.4294730674080804;0.0;N;0.7997955996316027;0.4256708901593902;0.39460023132349237
1.0219643281282726;0.0;N;0.8674562542095385;0.35143398274239485;0.5261336417646564
0.7891697839660435;0.0;N;1.6061239521190063;0.5633334607124132;0.1315334104411641
0.5445928840790346;0.0;N;2.0498845211094694;0.3952402119580906;0.0
0.1665404975498355;0.0;N;1.9178295883814978;0.11844037631921098;0.6576670522058206
0.12402479710294571;0.0;Y;1.3826104794098244;0.2190089943347881;0.0
0.12402479710294571;0.0;N;0.3905652957360861;0.09287263983047205;0.0
0.18541707166890384;0.0;N;1.3298818313594327;0.12979221264822516;0.39460023132349237
1.5929744939902348;0.0;N;1.646720344865768;0.5205032507490267;0.1315334104411641
0.17271693244556222;0.0;N;1.528664168257369;0.13965660041015965;0.2630668208823282
0.617023365587155;0.0;N;1.7694427735140243;0.48677464779766144;0.0
0.8567012859885975;0.8;N;0.8823882607370831;0.2665624483139924;0.0
0.12402479710294571;0.4;N;0.7708648369844854;0.10619135707822758;0.1315334104411641
0.2821564134092015;0.0;N;0.7340014458696096;0.21487236130929677;0.1315334104411641
0.7119023353709084;0.4;Y;0.7587325816808552;0.2745731751804934;0.39460023132349237
0.0930185978272093;0.0;N;0.16938494904683296;0.1352504917955965;0.0
0.5891177862389921;0.8;N;1.1982935238354468;0.2708595882499965;0.0
0.20414481603144866;0.0;N;0.09565816681708203;0.22590243796732956;0.1315334104411641
0.3497189216310312;0.0;N;1.630855087930252;0.4575559757747224;0.0
0.07429085346466448;0.0;N;1.3364145842152335;0.06296405659831242;0.1315334104411641
0.23254649456802323;0.0;N;1.714380999443704;0.21096552465522256;0.0
0.15472093438592477;0.4;Y;1.286019062184771;0.11133242623934861;0.0
0.5891177862389921;0.0;N;1.3312817069713903;0.1861038843197476;1.183800693970477
0.4876530997290722;0.4;N;0.9397831608273325;0.24916698979220545;0.1315334104411641
0.12402479710294571;0.0;N;0.17638432710661955;0.12394974618856243;0.0
0.46158928861788817;1.2;N;0.6462759075202859;0.26295954551695333;0.2630668208823282
0.004092818304397209;0.0;Y;0.3723669127806412;0.08407161035068443;0.0
0.13425684286393874;0.8;N;0.37096703716868384;0.11322367797256025;0.2630668208823282
0.1813056496449412;0.4;N;1.0209759463208559;0.11313320637290787;0.0
0.27905579348162785;0.0;N;0.6859390498590759;0.2127413934002543;0.39460023132349237
0.34454088635198316;0.8;Y;0.462425577149894;0.2254847619920176;0.0
0.31365251063349453;0.0;N;1.608457078138935;0.2759987182012322;0.0
0.15503099637868215;0.0;N;0.030797263463060554;0.17864538476060557;0.0
0.20895697815904293;0.4;N;1.0573727122317453;0.1279143116292244;0.5261336417646564
0.6059913598848479;0.4;Y;1.0597058382516742;0.08476853254949064;0.2630668208823282
0.0813106569806912;0.0;N;1.2267576612785784;0.04876441596762661;0.6576670522058206
0.1891378155819922;0.0;N;1.4740690193910342;0.19577233729826346;0.0
0.3236892173390505;0.0;Y;0.3928984217560148;0.094443101497645;0.2630668208823282
0.15503099637868215;0.8;Y;0.47782420888142413;0.1488113865240374;0.2630668208823282
1.1241607609411;0.0;N;1.1875611441437743;0.4271396178925764;0.5261336417646564
0.7004641484580892;0.4;N;0.9990445617335246;0.4395269177153863;0.1315334104411641
0.34454088635198316;0.0;Y;1.6733179814929564;0.12869476902309301;0.7892004626469847
0.7361553844443894;0.0;N;0.6789396717992892;0.40972961529664914;0.0
0.5891177862389921;0.0;Y;1.8450360565597181;0.42584139145931216;0.5261336417646564
0.27905579348162785;0.0;N;0.40083105022377286;0.2979813777068783;0.1315334104411641
0.3486337046563804;0.0;N;1.4432717559279737;0.21707440871913786;0.2630668208823282
0.43408678986031;0.0;N;1.6947827408763017;0.1861038843197476;0.1315334104411641
0.16887216373537087;0.0;N;1.1884943945517457;0.28246769862386284;0.2630668208823282
0.4649968699182917;0.4;Y;0.3317705200338795;0.19849618133726213;0.1315334104411641
0.27905579348162785;0.0;N;0.9995111869375106;0.3725663732982988;0.2630668208823282
0.5891177862389921;0.0;N;0.5151542252002854;0.2979813777068783;0.2630668208823282
0.15676734353812338;0.0;N;1.470336017759148;0.07492249269647165;0.0
0.6827099987528025;0.0;N;1.5967914480392906;0.4084115492545575;0.6576670522058206
0.43408678986031;0.8;N;0.8473913704381507;0.22339638211545784;0.6576670522058206
0.34454088635198316;0.0;N;1.3121500736079734;0.36099078198251033;0.0
0.2015402952922868;0.4;Y;0.5352191089716735;0.2793351288090232;0.2630668208823282
0.3705612887841812;0.0;N;0.9043196453244144;0.2679650937410847;0.0
1.2976466471287003;0.0;Y;0.6556084116000009;0.456220904353636;0.2630668208823282
0.5891177862389921;0.0;Y;1.35881259400655;0.48083492250374743;0.1315334104411641
0.4371874097878837;0.0;N;1.3658119720663369;0.18734699244126982;0.0
0.6750669706313336;0.4;N;1.3910097330815683;0.32626632017000834;0.0
0.6784714513118094;0.0;Y;0.8716558810454107;0.42630113337213765;0.0
0.653254109440853;0.4;N;0.394764922571958;0.32883719038304904;0.0
1.0342427830414644;0.0;N;0.8053951020794318;0.8537887648541435;0.0
0.05271053876875193;0.0;N;1.1646965091484716;0.04439239269604873;0.39460023132349237
0.15503099637868215;0.8;Y;0.629944025380784;0.2030550400227965;0.2630668208823282
0.07476214769365568;0.0;N;1.8044396638129567;0.21166170100407286;0.1315334104411641
0.31998397652559996;0.0;N;0.5272864805039154;0.16850182536017236;0.5261336417646564
0.662788515718142;0.0;N;1.20016002465139;0.5211769770142041;0.2630668208823282
0.11189517194627763;0.0;N;0.4960225918368691;0.17151505918206575;0.0
0.06201239855147286;0.0;N;1.2211581588307494;0.22339638211545784;0.0
0.217043394930155;0.0;N;1.7703760239219957;0.17012136395444447;0.39460023132349237
0.9629812352460394;0.0;N;1.4050084892011412;0.3981452975363764;0.0
0.07122123973636657;0.0;N;2.1432095619066227;0.22319298883248004;0.0
0.24804959420589143;0.0;N;1.2150920311789344;0.1338943874057533;0.39460023132349237
0.878005645510956;0.0;Y;0.4936894658169402;0.3640773328550701;0.1315334104411641
0.5271053876875194;0.4;N;0.4852902121451964;0.3832213620135024;0.39460023132349237
0.0930185978272093;0.0;N;1.2183584076068348;0.1189773882874692;0.5261336417646564
0.14448888862493176;0.0;N;0.1376544351758009;0.1504096683945659;0.1315334104411641
0.9022803989239301;0.0;N;1.9425607241927434;0.8976447422618987;0.2630668208823282
0.14262851666838758;0.0;N;1.6523198473135967;0.1189773882874692;0.39460023132349237
0.29455889311949607;0.0;N;0.9971780609175815;0.26068887991116807;0.0
0.0804300809212603;0.0;N;1.6859168620005722;0.13367063241897903;0.2630668208823282
0.5891177862389921;0.4;N;0.7200026897500368;0.5963213600725602;0.0
0.4893398369696723;0.4;N;0.7811305914721722;0.31256274434500103;0.1315334104411641
0.5298897443824804;0.0;N;0.32430451677010724;0.2994697958789007;0.1315334104411641
0.3441626107208192;0.0;N;1.004644064181354;0.40985208385941024;0.1315334104411641
0.27905579348162785;0.0;N;0.3126388866704631;0.2979813777068783;0.39460023132349237
0.21396757996200194;0.0;N;0.11758955140441298;0.13059273340590788;0.2630668208823282
0.30695827220986305;0.0;N;1.9808239909195764;0.32482899271996607;0.39460023132349237
0.662788515718142;0.8;N;0.8217269842189336;0.5211769770142041;0.0
0.27905579348162785;0.0;Y;1.2206915336267634;0.22452530060872958;0.2630668208823282
0.5138967467960556;0.4;N;0.5440849878474028;0.2909206399292253;0.1315334104411641
0.31827863556543445;0.0;N;0.7120700612822787;0.4197413830098723;0.0
0.27771632567291604;0.0;N;1.2603546759655535;0.18529836636736025;0.5261336417646564
0.391099795184429;1.2;N;0.42089593399516084;0.28974719419358547;0.2630668208823282
0.3640871943754075;1.2;Y;0.821260359014948;0.21083955059766862;0.1315334104411641
0.14799879038294514;0.0;N;1.9943561218351633;0.15912067378467468;0.1315334104411641
0.05674134467459766;0.0;N;1.6154564561987212;0.1504096683945659;0.0
0.5457091072529612;0.8;Y;0.6910719271029194;0.30792601892406923;0.1315334104411641
0.2922489312734537;0.0;Y;0.6915385523069051;0.2588367107156463;0.0
0.2443009447134549;0.0;N;0.47129145602562356;0.19442011132819098;0.1315334104411641
0.655849328320232;0.0;N;1.9299618436851276;0.3668017735740335;0.7892004626469847
0.3193607519201576;0.0;N;1.721847002707476;0.2805757010406953;0.1315334104411641
0.04960991884117829;0.0;N;1.517465163361711;0.06428174971542605;0.2630668208823282
0.2511502141334651;1.2;N;0.6826726734311757;0.3081520860457068;0.0
0.9590217435985278;0.0;Y;1.714380999443704;0.2900680588446198;0.1315334104411641
0.3497189216310312;0.0;N;0.43862769174661986;0.4357505302186015;0.1315334104411641
0.22609720511867004;0.4;N;0.6980713051627058;0.7727148746462695;0.2630668208823282
0.34454088635198316;0.0;N;1.706448370975946;0.30076585934729283;0.39460023132349237
0.27905579348162785;0.0;N;0.3233712663621357;0.1488113865240374;0.0
0.07145688685086217;0.4;Y;1.0354413276444143;0.03485192756996778;0.2630668208823282
0.16089116804179635;0.4;N;0.1306550571160145;0.18428401042731696;0.2630668208823282
0.9580915576202556;0.0;N;0.7111368108743072;0.47549366721445907;0.5261336417646564
0.7441487826176744;0.4;N;0.5328859829517447;0.6211830004080351;0.1315334104411641
0.15753629728016164;0.0;Y;2.0876811626323164;0.12922320371685822;1.5784009252939695
0.15472093438592477;0.0;N;2.0601502755971564;0.14856279473373118;0.2630668208823282
0.6232246054423023;0.0;Y;0.854857373701923;0.24175577712026838;0.9207338730881487
1.3271149389203605;0.0;Y;1.668185104249113;0.5022479018130663;0.2630668208823282
0.2666533137713333;0.0;N;1.755910642598437;0.3576493741800147;0.2630668208823282
0.4893398369696723;0.4;Y;1.2440227938260517;0.1561020698430987;0.0
0.04737747249332526;1.2;N;0.6495422839481861;0.17105128967947833;0.0
0.13952789674081392;0.0;N;0.09192516518519582;0.24094578406814554;0.39460023132349237
0.15503099637868215;0.0;Y;0.3373700224817088;0.08914339005090102;0.5261336417646564
0.5407543166086984;0.4;N;0.39383167216398646;0.45809544904783517;0.1315334104411641
0.8991797789963565;0.8;N;0.5683494984546629;0.44715136888971924;0.7892004626469847
0.34454088635198316;0.4;N;1.0648387154955177;0.25774806811999396;0.39460023132349237
0.6747569086385762;0.8;N;1.00837706581324;0.5655425936968355;0.0
0.43408678986031;0.0;N;0.3023731321827763;0.3020129950585769;0.5261336417646564
0.31179833991680556;0.0;N;0.6649409156797164;0.20579432315588259;0.1315334104411641
0.17673533587169762;0.0;Y;0.358834781865054;0.09049949444074423;0.0
0.31365251063349453;0.0;Y;0.9243845290958023;0.3450879929774945;0.2630668208823282
0.5298897443824804;0.0;Y;1.038241078868329;0.32088605692802563;0.0
0.0217043394930155;0.0;N;0.6378766538485421;0.07008274691753996;0.1315334104411641
0.46509298913604646;0.0;Y;1.6168563318106788;0.6626191422188222;0.0
0.10643187963389286;0.0;N;0.2309794759729541;0.1649441210704616;0.2630668208823282
0.06201239855147286;0.4;N;0.9705804242903928;0.11151888872832716;0.0
0.7364592451972917;0.0;Y;0.29444050371501823;0.16747120989109013;0.0
0.8346868845028247;0.0;N;0.2855746248392888;0.34671021663160784;0.2630668208823282
0.41238245036729454;0.4;N;0.6210781465050544;0.26628275458052464;0.0
0.8346868845028247;0.4;N;1.1604968823125996;0.5946165708283271;0.0
0.12576114426238696;0.4;N;0.34250289972555215;0.1504820904252852;0.2630668208823282
0.7364592451972917;0.0;Y;0.5408186114195025;0.3073293389593379;0.1315334104411641
0.16797918519622967;0.0;N;1.1007688562024216;0.09537272888269645;0.0
0.33176013101052465;0.0;Y;1.5771931894718887;0.435956161051447;0.1315334104411641
0.27521102477143655;0.0;N;1.453070885211675;0.29428196192554384;0.0
0.10938987104479812;0.0;Y;1.8464359321716755;0.07469045877518674;0.1315334104411641
0.7119023353709084;0.4;N;1.0797707220230623;0.4464055189338051;0.1315334104411641
0.22870172585783188;0.4;Y;1.3877433566536677;0.15582237610963087;0.0
0.15850369069756462;0.0;N;1.1810283912879733;0.19784289136087685;0.2630668208823282
1.190638052188279;0.0;Y;1.0293751999925995;0.5873711606015898;0.0
0.15503099637868215;0.0;N;0.0909919147772243;0.17864538476060557;0.0
0.4617133134149911;0.0;Y;0.576282126922421;0.3288720215759902;0.0
1.013155466914036;0.0;N;1.8856324493064798;0.6381701806639547;0.1315334104411641
0.5633206284415795;0.4;N;0.4138965559353744;0.4761897689783137;0.1315334104411641
0.3281696131343944;1.2;Y;0.9757133015342363;0.24649639944005905;0.1315334104411641
0.1085216974650775;0.0;N;0.261310114232029;0.1594663752392409;0.39460023132349237
1.3565832307120202;0.0;N;0.8030619760595031;0.6950221460435414;0.7892004626469847
0.37835934790202896;0.0;N;1.7283797555632767;0.18901128203289677;0.0
0.12092417717537207;0.0;Y;0.39616479818391515;0.12566430606721798;0.2630668208823282
0.1605221942704151;0.0;N;1.8380366784999318;0.18392898584830178;0.39460023132349237
1.1782355724779843;0.0;N;1.2673540540253398;0.3874833724165829;0.1315334104411641
0.858871719937899;0.0;N;0.34110302411359483;0.8558771447307033;0.0
0.5467106074895675;0.0;N;1.3168163256478314;0.21343988188396795;0.0
0.08482055873870457;0.0;N;0.9654475470465494;0.06929632272402401;0.39460023132349237
0.33894426738271277;0.4;N;0.6005466375296805;0.1973993343920947;0.2630668208823282
0.217043394930155;0.4;Y;0.9402497860313183;0.10812862775371913;0.39460023132349237
0.15503099637868215;0.0;N;0.1418540620116728;0.1488113865240374;0.5261336417646564
0.08656930837785612;0.4;N;0.8109946045272612;0.21720008443670943;0.2630668208823282
1.0342427830414644;0.0;N;1.5753266886559456;0.7317677120665798;0.1315334104411641
0.46784633963173183;0.8;Y;0.6826726734311757;0.29963716460900786;0.2630668208823282
0.1697651422745121;0.4;N;0.9542485421508914;0.1203795862045879;0.0
0.06201239855147286;0.0;N;0.6518754099681149;0.11151888872832716;0.1315334104411641
0.3281696131343944;1.2;Y;0.7619989581087556;0.1724399131273994;0.2630668208823282
0.12402479710294571;0.0;Y;0.524020104076015;0.12394974618856243;0.1315334104411641
0.3005368883398581;0.0;Y;1.5090659096899666;0.3186503716851728;0.39460023132349237
0.7119023353709084;0.0;N;2.0200205080543805;0.3077545480192045;0.0
0.2563344506523682;0.0;N;0.9271842803197167;0.3836380683838716;0.2630668208823282
0.6182636135581845;0.0;N;0.28137499800341687;0.25994302995525387;1.3153341044116411
0.4100259792223385;0.4;N;0.3303706444219222;0.2648656396642876;0.1315334104411641
0.7937587014588526;0.8;N;0.7312016946456952;0.4129666041053168;0.2630668208823282
0.6182636135581845;0.0;N;1.1511643782328844;0.48770696024255417;0.7892004626469847
1.3135342236375878;0.0;N;1.0214425715248414;0.35900518022987554;0.0
0.07429085346466448;0.0;N;0.8273264866667627;0.07201017237361344;0.2630668208823282
0.6225920789770771;0.0;N;1.8091059158528144;0.39269686360842315;0.39460023132349237
0.08656930837785612;0.0;N;2.108679296811676;0.11277191665426302;0.1315334104411641
0.168034996354926;0.4;N;0.4325615640948049;0.13643877994535902;0.2630668208823282
0.36858929451024436;0.4;Y;1.5090659096899666;0.1369587865346224;0.0
0.5261752017092473;0.4;N;0.9421162868472611;0.36188259477479695;1.0522672835293128
1.0219643281282726;0.0;N;0.3583681566610682;0.46016980694522375;0.1315334104411641
0.3100619927573643;0.8;N;0.6490756587442001;0.5465980048166147;0.1315334104411641
0.05674134467459766;0.0;N;0.15911919455914617;0.0699998829874379;0.2630668208823282
0.168034996354926;1.2;Y;1.0167763194849837;0.06804008764327772;0.0
0.14448888862493176;0.0;N;2.1539419415982954;0.29693084804397313;0.0
0.3281696131343944;0.0;N;1.6061239521190063;0.3923653333030193;0.2630668208823282
0.12402479710294571;0.0;N;1.9882899941833483;0.12394974618856243;0.39460023132349237
0.44958988949817824;0.0;Y;0.9607812950066917;0.16479390688934048;0.2630668208823282
0.9084816387790773;0.0;Y;0.8319927387066205;0.45162646862520445;0.5261336417646564
0.3193607519201576;0.0;N;1.927628717665199;0.6479514061558047;0.39460023132349237
0.18541707166890384;0.8;N;0.8035286012634888;0.2888654503757037;0.5261336417646564
0.3242070208669553;0.4;N;0.4647587031698228;0.2844615793110083;0.1315334104411641
0.1515086921409585;0.4;N;0.9052528957323857;0.12508060389171954;0.1315334104411641
0.168034996354926;0.4;N;0.4031641762437017;0.2390368556909787;0.2630668208823282
0.1853860654696281;0.0;N;0.14932006527544506;0.17315093189037237;0.0
0.4100259792223385;0.4;N;1.325215579319575;0.5300898839873788;0.1315334104411641
0.3007601329746434;0.4;N;0.7489334523971541;0.2656612378122613;0.1315334104411641
0.4107794298647389;0.0;N;1.2164919067908917;0.42472515241529096;0.2630668208823282
0.02287017258578319;0.0;Y;0.9887788072458378;0.051480950677057324;0.39460023132349237
0.965805900000059;0.0;Y;1.3924096086935251;0.21762484598660253;0.2630668208823282
0.5201848040091749;0.4;N;1.038241078868329;0.662582670155978;0.0
0.27905579348162785;0.8;N;0.6770731709833462;0.9319538402339522;0.0
0.0020464091521986043;0.4;N;0.17778420271857676;0.019518296666310008;0.0
0.15472093438592477;0.4;N;0.06486090335402149;0.14856279473373118;0.1315334104411641
0.14858170692932895;0.4;Y;0.824993360646834;0.06610236945781263;0.6576670522058206
0.8346868845028247;1.2;N;0.663541040067759;0.5946165708283271;0.6576670522058206
0.15503099637868215;0.4;N;0.9897120576538094;0.12750140909363028;0.0
0.27905579348162785;0.0;N;1.3760777265540238;0.2127413934002543;0.1315334104411641
0.8217014882461462;0.0;Y;1.0807039724310334;0.273131670970698;0.39460023132349237
0.07429085346466448;0.0;Y;1.4096747412409987;0.12628671785542842;0.39460023132349237
0.3720743913088372;0.0;N;1.6065905773229918;0.2151091686702995;0.39460023132349237
0.24168712211451032;0.0;N;1.845502681763704;0.2620254430321663;0.0
0.5922184061665658;0.4;Y;0.450293321846264;0.4993608658037136;0.39460023132349237
0.5760641763439072;0.4;N;1.5179317885656964;0.4168698606796026;0.0
0.8371673804448836;0.0;Y;1.3121500736079734;0.2979813777068783;0.2630668208823282
0.34044806804758604;0.0;N;1.9126967111376545;0.2974841195412703;0.6576670522058206
0.3193607519201576;0.0;N;1.827770924012245;0.24044226076290787;0.1315334104411641
0.34454088635198316;0.0;Y;0.5132877243843424;0.30076585934729283;0.1315334104411641
0.6263252253698758;0.0;Y;0.4544929486821359;0.3949418719757249;0.0
0.005351669994992108;0.0;Y;0.28230824841138835;0.043370578256446274;0.1315334104411641
0.3193607519201576;0.0;N;1.8511021842115332;0.18693095733586088;0.6576670522058206
0.42395086331707177;0.0;Y;0.8912541396128129;0.2732396700443143;0.1315334104411641
0.06201239855147286;0.0;N;1.113834361914023;0.06545168995627307;0.0
0.33176013101052465;0.0;N;0.6504755343561576;0.1741673016252967;0.1315334104411641
0.1649529801469178;0.0;Y;2.0573505243732417;0.048743159243883054;0.5261336417646564
0.7303665270396095;0.0;N;0.952848666538934;0.915377324963759;0.1315334104411641
0.88228140039108;0.0;Y;1.4479380079678317;0.7319417188612944;0.0
0.5922184061665658;0.0;N;0.6682072921076168;0.37443099818808434;0.1315334104411641
0.37728343278716087;0.0;N;0.42089593399516084;0.2451752008281526;0.1315334104411641
0.17313861675571224;0.0;N;1.4414052551120307;0.13994643770302792;0.0
0.4100259792223385;0.0;N;0.13625455956384355;0.2648656396642876;0.1315334104411641
0.4928094306686272;0.0;Y;1.8025731629970136;0.1396448905658518;0.39460023132349237
0.5298897443824804;0.0;N;1.5617945577403582;0.5393324566410677;0.0
0.04737747249332526;0.0;N;1.4628700144953761;0.14248299881809653;0.1315334104411641
0.5333066275426666;1.2;N;0.8091281037113178;0.30129623325094346;0.0
0.1287191356732922;0.4;N;0.7661985849446277;0.07648482459912515;0.0
0.387267428953948;0.0;N;1.8427029305397895;0.25117929297326197;0.2630668208823282
0.31365251063349453;0.8;N;0.41436318113936005;0.30670506254623764;0.1315334104411641
0.48096196192536833;0.0;Y;1.6630522270052697;0.3075245278928006;0.0
0.3193607519201576;0.0;N;0.6910719271029194;0.14010858548344365;0.1315334104411641
0.4100259792223385;0.0;N;1.6457870944577964;0.2118207907996694;0.5261336417646564
0.027781554551059844;0.8;Y;0.7540663296409975;0.08282559341433415;0.2630668208823282
0.13937286574443525;0.4;N;0.7554662052529548;0.1514356595939215;0.2630668208823282
0.3281696131343944;0.8;N;1.088169975694806;0.34523843091360235;0.9207338730881487
0.353312540127089;0.4;N;1.0088436910172256;0.20507994806810798;0.1315334104411641
0.11991957631883822;0.0;N;0.8763221330852683;0.09273115209383512;0.2630668208823282
0.27905579348162785;0.0;N;0.7577993312728839;0.1488113865240374;0.5261336417646564
0.6514278443035121;0.0;N;2.0568838991692564;0.23415370144461284;0.0
0.1085216974650775;0.4;Y;0.45635944949807905;0.22339638211545784;0.2630668208823282
0.12402479710294571;0.0;N;2.14787581394648;0.31041223516711364;0.1315334104411641
0.5731433923721327;0.4;Y;1.1912941457756603;0.24185370721947988;0.1315334104411641
0.43408678986031;0.0;N;1.134365870889397;0.5733721536090448;0.1315334104411641
0.29154198992996694;0.0;N;1.3653453468623509;0.09662709933855297;0.5261336417646564
0.12402479710294571;0.0;Y;1.1828948921039164;0.07422639093261692;0.2630668208823282
0.7728977305861372;0.0;N;1.5207315397896108;1.017420413757183;0.6576670522058206
0.585155193971553;0.4;Y;1.1259666172176532;0.24666936204483553;0.2630668208823282
0.15472093438592477;0.0;N;1.0667052163114608;0.24784370280042245;0.1315334104411641
0.6182636135581845;0.0;Y;1.2132255303629913;0.4458727583102956;0.2630668208823282
0.47756988372460274;0.4;N;0.2743756199436303;0.30548462826337525;0.2630668208823282
0.2015402952922868;0.0;N;1.5225980406055541;0.19942260156750313;0.1315334104411641
0.3069861777892112;0.8;Y;0.5921473838579369;0.5803815023247354;0.0
0.27905579348162785;0.0;N;1.4334726266442728;0.1488113865240374;0.2630668208823282
0.747249402545248;0.8;Y;0.8763221330852683;0.5056098950743452;0.2630668208823282
0.5484314515493708;0.0;N;1.7783086523897538;0.46425124707397747;0.0
0.382256827150989;0.0;N;1.2136921555669768;0.38198705492145996;0.2630668208823282
0.2587901416350065;0.0;N;0.29444050371501823;0.15455279031467373;0.1315334104411641
0.2954270666992167;0.0;N;0.6196782708930971;0.16671178546597828;0.39460023132349237
0.049721541158570935;0.4;N;1.4311395006243441;0.13834815583249938;0.0
0.6750669706313336;0.0;Y;1.9322949697050564;0.13029133543872295;0.7892004626469847
0.4893398369696723;0.0;Y;1.4913341519385077;0.20825562801039949;0.39460023132349237
0.5891177862389921;0.0;N;1.2790196841249841;0.22913368373133666;0.2630668208823282
0.15503099637868215;0.4;Y;0.6495422839481861;0.11151888872832716;0.39460023132349237
0.09019083245326212;0.0;N;1.393342859101497;0.1454103107250686;0.5261336417646564
0.0930185978272093;0.0;N;0.04666252039857659;0.09908803126809189;0.5261336417646564
1.224744871391589;0.0;Y;0.39149854614405755;0.8195014457008029;0.1315334104411641
0.4039983740831354;0.0;Y;0.4096969290995025;0.3484405885293288;0.2630668208823282
0.37033184290954074;0.0;N;0.27997512239145955;0.2754737890022598;0.6576670522058206
0.12402479710294571;0.0;N;1.0116434422411404;0.10323167528316884;0.1315334104411641
0.07751549818934107;0.0;N;0.07652653345366563;0.0866572483928522;0.2630668208823282
0.7119023353709084;0.0;Y;0.6294774001767983;0.5953269183263398;0.1315334104411641
0.31179833991680556;0.0;N;1.4432717559279737;0.18288845057480588;0.1315334104411641
0.24015541587028894;0.4;N;0.8263932362587915;0.29613032728629046;0.2630668208823282
0.017989796819782276;0.0;N;1.8501689338035616;0.038927773824052124;0.0
0.199233434066172;0.4;N;0.5095547227524562;0.2765605669730224;0.39460023132349237
0.5077575193394598;0.4;N;1.6289885871143086;0.18746588092424252;0.2630668208823282
0.9277178848097443;0.0;Y;1.5967914480392906;1.152509801962302;0.0
0.2694314692264393;0.0;Y;1.7484446393346647;0.17171256025039186;0.6576670522058206
0.20245807879084857;0.4;N;0.5156208504042712;0.22427946846326025;0.0
0.14448888862493176;0.0;Y;1.4208737461366574;0.16200718769905825;0.0
0.4371471017288252;0.0;N;2.0088215031587224;0.28117551357524145;0.2630668208823282
0.35058089397089665;0.0;N;2.075082282124701;0.3668024448389938;0.0
0.323568293161875;0.4;Y;0.713469936894236;0.12148769548408962;0.6576670522058206
0.130226036958093;0.0;N;0.9775798023501796;0.19356238387888966;0.0
0.48902977497691497;0.0;N;1.3695449736982228;0.3570526942152833;0.39460023132349237
0.24276613784930595;0.0;Y;0.22211359709722445;0.18780017087448328;0.2630668208823282
0.4030805905845736;0.0;Y;1.2986179426923865;0.34770473296282384;0.0
1.282974513631422;0.0;Y;1.3947427347134542;0.37149585485657516;0.5261336417646564
0.09886016577075804;0.0;N;2.067149653656943;0.12459811355523864;0.1315334104411641
0.41028643129625475;0.0;N;1.3238157037076177;0.30293382141414865;0.5261336417646564
0.2922520318933813;0.0;Y;1.5762599390639171;0.221810928864171;0.39460023132349237
0.08165792641257945;0.0;N;2.0676162788609282;0.16902392032931232;0.1315334104411641
0.0945937127504167;0.0;Y;1.6126567049748068;0.12049295539788688;0.1315334104411641
0.5077575193394598;0.0;N;1.4418718803160167;0.323638616190327;0.5261336417646564
0.5149416557116478;0.0;N;1.4428051307239882;0.32795895205996;0.39460023132349237
0.5077575193394598;0.8;Y;0.713469936894236;0.25883917202050083;0.0
0.662788515718142;0.4;Y;0.4526264478661928;0.5559460406540698;0.6576670522058206
0.4709221545998849;0.4;Y;0.35463515502918214;0.24111777706797935;0.0
0.1159786883908921;0.0;N;1.582792691919718;0.12591647793731262;0.0
0.43408678986031;0.0;N;2.037285640601854;0.24825802245093279;0.5261336417646564
0.27905579348162785;0.0;N;1.9178295883814978;0.1488113865240374;0.2630668208823282
0.217043394930155;0.0;Y;1.2146254059749486;0.19853474177998287;0.0
0.4893398369696723;0.4;Y;0.28884100126718915;0.2777936807051353;0.2630668208823282
0.21396757996200194;0.4;Y;0.29164075249110366;0.14696167863337017;0.2630668208823282
0.5116022880496511;0.4;N;0.4199626835871893;0.2715658335732517;0.7892004626469847
0.12402479710294571;0.4;N;0.384499168084271;0.1861038843197476;0.7892004626469847
0.12402479710294571;0.0;Y;1.3564794679866214;0.08251360437777523;0.7892004626469847
0.3364606708207263;0.4;Y;0.5674162480466912;0.25219469310324355;0.0
0.34454088635198316;0.0;N;1.5081326592819952;0.2254847619920176;0.1315334104411641
0.43408678986031;1.2;N;0.3453026509494667;0.3192913551372854;0.7892004626469847
0.7441487826176744;0.0;Y;0.9313839071555887;0.3725663732982988;0.1315334104411641
0.14455710226333837;0.0;N;1.7643098962701809;0.38356430382323164;0.0
0.34454088635198316;0.0;N;0.11805617660839883;0.25774806811999396;0.1315334104411641
0.07131425833419379;0.4;N;0.5394187358075454;0.15347294874850115;0.1315334104411641
0.7119023353709084;0.0;Y;1.1726291376162297;0.3570526942152833;0.0
0.7751549818934108;0.0;Y;0.8931206404287559;0.4305769419994026;0.1315334104411641
0.13952789674081392;0.8;N;0.9738468007182932;0.1021957642793996;0.2630668208823282
0.27905579348162785;0.8;N;0.6934050531228481;0.1861038843197476;0.1315334104411641
0.804576764386157;0.8;Y;0.4619589519459082;0.5739224417065183;0.39460023132349237
0.10781165550166313;0.0;Y;1.633654839154166;0.10399281516317928;0.39460023132349237
0.34454088635198316;0.0;Y;0.5347524837676877;0.30076585934729283;0.39460023132349237
0.1649529801469178;0.0;N;1.2365567905622794;0.058563541858418625;0.6576670522058206
0.7241807902841001;0.0;N;1.141831874153169;0.18130061060366012;0.2630668208823282
0.5798159264562712;0.0;N;1.64205409282591;0.32615794817141397;0.9207338730881487
0.7105845719016897;0.0;N;0.9757133015342363;0.3239843922298888;0.5261336417646564
0.4333116348784166;0.0;N;0.9388499104193608;0.18579308864311816;0.6576670522058206
0.1649529801469178;0.0;N;1.7913741581013551;0.23532998141008513;0.2630668208823282
0.8991797789963565;0.0;Y;1.2925518150405717;0.55902886227685;0.5261336417646564
0.37728343278716087;0.0;N;0.12505555466818524;0.35040396395327733;0.1315334104411641
0.14448888862493176;0.4;N;1.070438217943347;0.09345276192618211;0.0
0.5891177862389921;0.8;N;0.5632166212108195;0.19853474177998287;0.5261336417646564
1.0342427830414644;0.0;Y;0.5846813805941647;0.5690729998781598;0.39460023132349237
0.3085891982917668;0.8;N;0.8301262378906774;0.2719387585512088;0.1315334104411641
0.15503099637868215;0.0;N;0.6532752855800723;0.1488113865240374;0.2630668208823282
0.6182636135581845;0.4;N;0.7312016946456952;0.6243653184149343;0.39460023132349237
0.007602720062410573;0.0;N;1.5949249472233475;0.03059916570634057;0.7892004626469847
0.5261752017092473;0.0;N;0.9453826632751616;0.2676998694967616;0.0
0.07751549818934107;0.0;N;2.00135549989495;0.23695727684389872;0.1315334104411641
0.3281696131343944;0.0;N;1.44700475755986;0.4316376898067038;0.2630668208823282
0.9802175814234212;0.0;Y;1.7139143742397178;1.2158840014513714;0.0
0.5261752017092473;0.0;N;1.1632966335365145;0.5357583436523268;0.2630668208823282
0.3486337046563804;0.4;N;0.9425829120512471;0.3649288697497373;0.2630668208823282
0.27905579348162785;0.0;N;0.30423963299871937;0.1488113865240374;0.0
0.43408678986031;0.0;N;0.5776820025343783;0.3192913551372854;0.6576670522058206
0.16782105357992344;0.0;N;1.0615723390676173;0.2809803992267743;0.0
0.25479654316829164;0.0;Y;0.9640476714345921;0.22880625560069034;0.39460023132349237
0.2556647167480123;0.0;N;1.1306328692575107;0.19666511969549275;0.1315334104411641
0.5261752017092473;0.0;N;1.7769087767777962;0.9569930674439303;0.0
0.4939442575621192;0.4;N;0.6490756587442001;0.28025498555965217;0.0
0.48840965099140027;0.0;N;0.3793662908404276;0.6937791125070146;0.0
1.0072301822324428;0.0;Y;1.5062661584660522;0.31182435288864596;0.2630668208823282
0.43408678986031;0.8;Y;1.0783708464111048;0.3725663732982988;0.2630668208823282
0.8514953451302014;0.0;Y;1.3966092355293973;0.3534489709832927;0.39460023132349237
0.14725154098039986;0.0;N;1.8972980794061238;0.09285802117133611;0.0
0.7611184754812848;0.0;N;1.867900691555021;0.42307369144290574;0.2630668208823282
0.2443009447134549;0.0;Y;0.11478980018049845;0.13209092221235275;0.0
0.272705723869957;0.0;N;1.3079504467721017;0.2083771269682179;0.1315334104411641
0.2821564134092015;0.0;N;0.3070393842226339;0.30096477753053513;0.0
0.20414481603144866;0.0;N;0.5935472594698941;0.18819226419630736;0.0
0.65618419527241;0.4;N;1.1572305058846992;0.5696508098390065;0.2630668208823282
0.0637487457109141;0.0;N;2.0092881283627073;0.07561866904532197;0.1315334104411641
0.5891177862389921;0.0;N;1.4628700144953761;0.4968747241456648;0.2630668208823282
0.22521662905923914;0.4;Y;1.3116834484039879;0.2461776231689013;0.0
0.27905579348162785;0.4;Y;1.2696871800452691;0.1488113865240374;1.4468675148528052
0.3281696131343944;0.0;N;1.7447116377027785;0.1325633435744288;0.2630668208823282
0.8496008663544539;0.0;Y;0.4596258259259795;0.47037213932218297;0.0
0.37728343278716087;0.0;Y;0.8413252427863359;0.1507391103200932;0.1315334104411641
0.15503099637868215;0.0;N;1.9257622168492559;0.22339638211545784;0.1315334104411641
0.5298897443824804;0.0;N;1.6896498636324584;0.8991265223693136;0.0
0.09556420678774726;0.0;Y;1.3340814581953044;0.30410480584493393;0.0
0.22760100578354328;0.0;N;1.877233195634736;0.31067947320631767;0.1315334104411641
0.9987003768116877;0.0;N;1.975224488471747;0.7073400818204512;0.0
0.18649608740369947;0.0;N;1.8133055426886862;0.1159077682089087;0.2630668208823282
0.3565650904311138;0.0;N;0.6593414132318873;0.18610090091992396;0.6576670522058206
0.3193607519201576;0.0;N;1.8525020598234907;0.35080933340431675;0.2630668208823282
0.0930185978272093;0.0;Y;0.36676741033281196;0.1189773882874692;0.2630668208823282
0.8567012859885975;0.0;N;0.27997512239145955;0.42671508009767006;0.1315334104411641
0.2015402952922868;0.0;N;1.5505955528447;0.22339638211545784;0.0
0.20895697815904293;0.8;N;0.34716915176540986;0.2882554942817571;0.2630668208823282
0.46509298913604646;0.0;Y;1.8021065377930277;0.4769853671262875;0.0
0.5581115869632557;0.0;N;0.4815572105133104;0.4045313394439094;0.1315334104411641
0.43408678986031;0.4;N;0.7312016946456952;0.3725663732982988;0.0
0.15503099637868215;0.0;N;0.1479201896634877;0.1488113865240374;0.1315334104411641
0.5075466771843847;0.0;N;1.4792018966348779;0.28752620219486413;0.0
0.27905579348162785;0.0;N;0.3621011582929542;0.2327195065643854;0.9207338730881487
0.6977480054015347;0.0;N;2.0130211299945935;0.25743675034839536;0.6576670522058206
0.5261752017092473;0.0;N;1.4120078672609275;0.5357583436523268;0.5261336417646564
0.17554469781950935;0.4;Y;0.45822595031402213;0.24806909865709972;0.0
0.02164232709446403;0.4;Y;1.1096347350781512;0.041856502845940426;0.0
0.3431611104842129;0.8;Y;0.5744156261064779;0.1996535167138542;0.2630668208823282
0.41102437883901727;0.0;N;0.9635810462306064;0.3793909003949138;0.1315334104411641
0.3193607519201576;0.4;Y;0.7759977142283289;0.2805757010406953;0.5261336417646564
0.7441487826176744;0.0;N;2.012554504790608;0.5480604674101713;0.0
0.7119023353709084;0.4;Y;1.5291307934613547;0.5953269183263398;0.1315334104411641
0.43408678986031;0.0;Y;0.47549108286149544;0.6577442669069671;0.39460023132349237
0.6597127007499888;0.8;Y;0.8501911216620655;0.41502015278893534;0.0
0.0930185978272093;0.0;N;1.779708528001711;0.19853474177998287;0.1315334104411641
0.037207439130883715;0.0;Y;0.7587325816808552;0.13638052906380213;0.5261336417646564
0.11481285529812442;0.0;Y;1.237956666174237;0.08733283928291928;0.2630668208823282
0.7119023353709084;0.0;N;1.8898320761423517;0.8931696425264136;0.0
0.15935636117764737;0.4;N;0.6668074164956594;0.15227958881903841;0.1315334104411641
0.15503099637868215;0.4;Y;1.3499467151308207;0.22339638211545784;0.39460023132349237
0.1853860654696281;0.4;N;0.7890632199399299;0.14836387655048885;0.39460023132349237
1.0342427830414644;0.0;N;1.5379966723370844;0.7317677120665798;0.1315334104411641
0.2590133862697918;0.0;Y;1.3522798411507495;0.2786966812467606;0.1315334104411641
1.0342427830414644;0.0;Y;1.7839081548375826;0.5690729998781598;0.1315334104411641
0.2563344506523682;0.8;N;0.8534574980899657;0.23003944391779887;0.5261336417646564
0.0930185978272093;0.0;N;1.7722425247379388;0.06179553347238164;0.0
0.06201239855147286;0.4;N;0.3733001631886127;0.1717605929875527;0.2630668208823282
1.05027298806702;0.0;Y;1.225824410870607;0.433141845412796;0.39460023132349237
0.1860371956544186;0.0;N;0.462425577149894;0.07422639093261692;0.0
0.0146225235784373;0.0;N;1.0153764438730264;0.06061880599693579;0.1315334104411641
0.8567012859885975;0.0;N;1.6523198473135967;0.4741676951628348;0.2630668208823282
0.8150506585015007;0.0;Y;1.050839959375945;0.37652631446923407;0.39460023132349237
0.4333116348784166;0.0;N;1.8375700532959462;0.4464055189338051;0.5261336417646564
0.4709221545998849;1.2;Y;0.8464581200301793;0.3173734765606476;0.2630668208823282
0.12402479710294571;0.0;Y;0.7214025653619941;0.10619135707822758;0.2630668208823282
0.20988406351738745;0.4;N;0.8357257403385064;0.23142471104091833;0.0
1.269083736355892;0.0;Y;1.5039330324461233;0.8931696425264136;0.1315334104411641
0.4893398369696723;0.0;N;1.2505555466818523;0.31256274434500103;0.0
0.039191835884530846;0.0;N;1.482934898266764;0.04788722183447591;0.1315334104411641
0.8282934062121678;0.0;N;0.7517332036210689;0.6886525874200341;0.1315334104411641
0.15503099637868215;0.4;N;0.5058217211205702;0.22339638211545784;0.39460023132349237
0.11112621820423937;0.8;Y;0.3191716395262639;0.12174769877872134;0.5261336417646564
0.4991998083393565;0.0;N;1.4652031405153048;0.3640423524921378;0.0
1.394742560160669;0.4;N;1.124566741605696;0.525624405716325;0.1315334104411641
0.19763661480347158;0.0;N;1.7190472514835613;0.17151550669203933;0.39460023132349237
0.15472093438592477;0.0;N;0.7764643394323144;0.17834704477823987;0.2630668208823282
0.8567012859885975;0.4;Y;0.6094125164054103;0.2665624483139924;0.0
0.1860371956544186;0.4;Y;0.7615323329047698;0.03693389313690669;0.2630668208823282
0.213232733039167;0.0;N;1.1105679854861228;0.23464678285046772;0.0
0.14448888862493176;0.0;N;2.1614079448620678;0.08082432881262516;1.0522672835293128
0.5338523366499195;0.0;Y;1.7610435198422807;0.3878584603594121;0.39460023132349237
0.217043394930155;0.4;Y;0.19364945965409278;0.09435248072800141;0.1315334104411641
0.8567012859885975;0.0;Y;1.2407564173981511;0.6097466592790157;0.0
0.27905579348162785;0.8;Y;0.8287263622787201;0.12394974618856243;0.2630668208823282
0.3590207814137521;0.0;N;1.1651631343524573;0.4260980384291423;0.1315334104411641
0.03509901758013364;0.8;Y;0.6994711807746632;0.04381227060033866;0.2630668208823282
0.8376510771535851;0.0;N;0.717669563730108;0.3727741670960165;0.2630668208823282
0.05674134467459766;0.0;N;2.0951471658960887;0.17408399018522105;0.1315334104411641
0.3609865744478338;0.0;N;2.095613791100075;0.3768147346471861;0.0
0.1894695819142426;0.0;N;1.408741490833027;0.26481715941715317;0.0
0.4030805905845736;0.0;N;1.861834563903206;0.47427315834660105;0.2630668208823282
0.1732936477520909;0.0;Y;0.8161274817711046;0.24536166331713116;0.0
0.17467652423978874;0.4;Y;1.1152342375259803;0.19754820604329515;0.2630668208823282
0.10938987104479812;0.0;Y;0.4544929486821359;0.2247886602281629;0.0
0.1860371956544186;0.4;Y;1.2178917824028488;0.17367302685951233;0.5261336417646564
0.143825355960431;0.4;N;0.34996890298932437;0.2800113909640506;0.0
0.0930185978272093;0.4;N;0.025197761015231315;0.19853474177998287;0.0
0.12402479710294571;0.0;Y;0.30937251024256274;0.1488113865240374;0.1315334104411641
0.4359223568574336;0.0;N;1.9999556242829926;0.3740381590163043;0.1315334104411641
0.1457291365959612;0.0;N;1.127833118033596;0.4247758702122931;0.0
0.5113480372155901;0.0;N;1.4442050063359455;0.26056656051839816;0.1315334104411641
0.43408678986031;0.0;N;1.3121500736079734;0.44715136888971924;0.39460023132349237
0.0930185978272093;0.4;Y;0.6467425327242714;0.08488137964782047;0.1315334104411641
0.43408678986031;0.0;N;0.8847213867570122;0.24825802245093279;0.1315334104411641
0.34454088635198316;0.0;N;2.0097547535666935;0.25774806811999396;0.0
0.07751549818934107;0.4;Y;0.27950849718747367;0.07422639093261692;0.1315334104411641
0.14448888862493176;0.0;N;0.8879877631849126;0.21071693286491636;0.1315334104411641
1.0542107753750387;0.4;N;0.7433339499493251;0.325950751053661;0.2630668208823282
0.49609918841178285;0.4;Y;0.9710470494943789;0.2814069508165617;0.0
0.5691249889459973;0.0;N;1.9005644558340242;0.2883628966754087;0.0
0.1860371956544186;0.0;Y;0.870722630637439;0.11072545354522563;0.39460023132349237
0.14448888862493176;0.4;N;1.4465381323558741;0.14216370045196966;0.2630668208823282
0.14448888862493176;0.0;N;2.116611925279434;0.16200718769905825;0.2630668208823282
0.34454088635198316;0.0;N;1.917362963177512;0.4298192330291894;0.39460023132349237
0.44892015559382237;0.0;Y;1.2309572881144506;0.20954259210932946;0.2630668208823282
0.3281696131343944;0.0;N;1.6537197229255542;0.2876389001232028;0.0
0.7476369800361947;0.0;Y;0.1031241700808543;0.5347887387096383;0.1315334104411641
0.06697339043559068;0.0;N;0.8627900021696812;0.03892285121434309;0.2630668208823282
0.34454088635198316;0.0;N;1.978490864899647;0.6945440562218003;0.0
0.16294997967370523;0.4;N;0.5468847390713175;0.06629271036656192;0.7892004626469847
0.5966212864637204;0.0;N;0.9897120576538094;0.4309984218094897;0.2630668208823282
0.5261752017092473;0.4;N;0.9080526469563004;0.37194485653003545;0.0
1.0983481000440494;0.0;Y;1.8305706752361592;0.5540590402656068;0.0
0.14858170692932895;0.4;Y;0.8459914948261936;0.06135518365840989;0.0
0.670940045507733;0.4;N;0.9640476714345921;0.21070664013552476;0.2630668208823282
0.3332360260960497;0.4;Y;0.4218291844031323;0.08725937306226174;0.1315334104411641
0.8061611811691471;0.0;Y;1.3826104794098244;0.2873263889916748;0.0
0.350425862974518;0.4;Y;0.7008710563866204;0.30548462826337525;0.0
0.43408678986031;0.0;N;0.0849257871254094;0.5323913531963433;0.0
0.4893398369696723;0.0;N;1.9733579876558038;0.4168698606796026;0.0
0.1860371956544186;0.8;Y;0.44049419256256306;0.11072545354522563;0.39460023132349237
0.07122123973636657;0.0;Y;1.4544707608236322;0.09800408752716176;0.1315334104411641
0.3193638525400852;0.0;N;1.7129811238317465;0.27151571245621425;0.2630668208823282
0.1649529801469178;0.0;Y;1.5631944333523158;0.18819226419630736;0.0
1.2663892976388307;0.4;N;1.2057595270992187;0.4049488662492302;0.0
0.22944587464044958;0.0;N;1.2267576612785784;0.14534228920908923;0.0
0.3720743913088372;0.0;N;2.043818393457655;0.2766714002764712;1.3153341044116411
0.43408678986031;0.0;Y;1.8375700532959462;0.44715136888971924;0.0
0.6213394285263375;0.0;Y;0.23937872964469784;0.3134831231905992;0.2630668208823282
0.15503099637868215;0.0;Y;0.5417518618274741;0.08914339005090102;0.1315334104411641
0.6491705929962385;0.0;N;1.9304284688891133;0.36323161359005907;0.0
0.7441487826176744;0.0;N;1.4236734973605716;0.7454913512554011;0.0
0.3515916960672857;0.0;Y;0.6154786440572252;0.4598084426415833;0.1315334104411641
0.07806740853644918;0.0;Y;1.917362963177512;0.15397967920854927;0.0
0.34454088635198316;0.0;N;0.6262110237488978;0.6018903979383847;0.39460023132349237
0.7643803276450923;0.4;Y;0.5655497472307481;0.2547469170673864;0.1315334104411641
0.5261752017092473;0.0;N;1.8553018110474049;0.582377173051775;0.1315334104411641
0.1649529801469178;0.0;Y;1.0172429446889695;0.20458798543718695;0.39460023132349237
0.15503099637868215;0.8;Y;0.6262110237488978;0.1488113865240374;0.1315334104411641
1.2092417717537207;0.0;N;1.1548973798647706;0.6626191422188222;0.5261336417646564
0.16294997967370523;0.8;Y;0.3695671615567265;0.18626498791022508;0.0
0.4893398369696723;0.0;N;0.9565816681708201;0.2777936807051353;0.0
0.5814282488186095;0.0;N;0.47829083408541007;0.3270197777954728;0.2630668208823282
0.0930185978272093;0.0;N;0.277175371167545;0.07815194842058457;0.2630668208823282
0.43098616993273636;0.4;Y;1.65418634812954;0.24660059467890025;0.2630668208823282
0.7324222380515908;0.0;N;1.5258644170334545;0.5243319223277211;0.6576670522058206
0.3565712916709689;0.4;Y;0.9127188989961581;0.1861038843197476;0.1315334104411641
0.5891177862389921;0.0;Y;1.7311795067871916;0.4968747241456648;0.1315334104411641
0.06201239855147286;0.0;N;1.5328637950932409;0.03988507224246801;0.2630668208823282
0.2376067062898234;0.0;N;0.5202871024441289;0.21502294841539585;0.39460023132349237
0.8991797789963565;0.0;Y;0.2561772369881854;0.24825802245093279;0.2630668208823282
1.4988117674097508;0.0;Y;1.6369212155820667;0.42262491352443216;0.5261336417646564
0.06697339043559068;0.4;N;0.3849657932882568;0.07820423250249416;0.2630668208823282
0.5891177862389921;0.0;N;1.568327310596159;0.2979813777068783;0.6576670522058206
0.1557658433015171;0.0;N;0.8837881363490404;0.2804398817637233;0.2630668208823282
0.217043394930155;0.8;Y;0.7442672003572968;0.1189773882874692;0.0
0.3281696131343944;0.0;N;1.17589551404413;0.4316376898067038;0.0
0.7728977305861372;0.0;N;1.6457870944577964;0.5521499627184489;0.0
0.7658531221106898;1.2;Y;0.47549108286149544;0.7663751500209987;0.1315334104411641
0.04030805905845736;0.0;N;0.2501111093363705;0.056823250156284;0.0
0.27905579348162785;0.0;N;0.33223714523786535;0.1861038843197476;0.1315334104411641
0.03100619927573643;0.0;Y;0.3401697737056233;0.054889559560580836;0.2630668208823282
0.38204598499591397;0.0;N;2.0494178959054836;0.33083852956975357;0.1315334104411641
0.0930185978272093;0.0;Y;0.4367611909306768;0.08488137964782047;0.1315334104411641
0.2956255063745814;0.0;N;1.1222336155857668;0.2615441460556149;0.1315334104411641
0.3281696131343944;0.0;N;0.8310594882986491;0.191639731862534;0.1315334104411641
0.7380002533012957;0.0;N;0.7265354426058375;0.46210006663112974;0.1315334104411641
0.10870463404080434;0.0;N;1.8151720435046292;0.06074552590444562;0.9207338730881487
0.34454088635198316;0.8;N;0.7050706832224922;0.30076585934729283;0.1315334104411641
0.13952789674081392;0.0;N;2.034019264173953;0.11051094709790468;0.2630668208823282
0.217043394930155;0.4;N;0.32710426799402176;0.17012136395444447;0.5261336417646564
0.20991817033659077;0.0;N;0.934650283583489;0.1652243368988986;0.0
0.40491615758169713;1.2;Y;0.683605923839147;0.2617927378459211;0.39460023132349237
0.04621163940055758;0.0;Y;1.5057995332620666;0.12347240221677734;0.1315334104411641
0.44074072022488303;0.0;Y;1.5468625512128138;0.3238645341419734;0.5261336417646564
0.024711940822761933;0.0;N;0.3224380159541642;0.08899422005971817;0.0
1.3565832307120202;0.0;N;1.7489112645386502;0.6672069398826462;0.1315334104411641
0.5445928840790346;0.0;Y;1.4437383811319593;0.23040737170105136;0.0
0.26007379828502203;0.0;N;0.8711892558414249;0.34973590614776495;0.0
0.8567012859885975;0.0;Y;0.9481824144990763;0.711430845073654;0.1315334104411641
0.3193607519201576;0.0;N;0.9897120576538094;0.2805757010406953;1.183800693970477
0.27905579348162785;0.0;N;1.468936142147191;0.12394974618856243;0.5261336417646564
0.7131425833419378;0.0;N;1.7022487441400738;1.193001324803924;0.0
0.687345425544525;0.8;N;1.2132255303629913;0.34523843091360235;0.5261336417646564
0.6009497518826132;0.0;Y;1.6373878407860523;0.21680731984992496;0.7892004626469847
0.8341907853144128;0.0;N;0.8137943557511755;0.17307634689478096;0.2630668208823282
0.8836766793584881;0.0;Y;1.2962848166724577;0.48858751070050643;0.5261336417646564
0.6745336640037908;0.0;N;1.865100940331106;1.1310858586586312;0.0
0.27905579348162785;0.4;N;0.6528086603760865;0.24825802245093279;0.1315334104411641
0.5891177862389921;0.0;N;1.4656697657192903;0.42584139145931216;0.6576670522058206
0.15503099637868215;0.0;Y;1.3480802143148776;0.17864538476060557;0.5261336417646564
0.0685485053587981;0.0;N;1.9444272250086865;0.23911889918612927;0.5261336417646564
0.15676734353812338;0.0;N;1.4815350226548067;0.1803160886618534;0.0
0.8116802846402282;0.0;N;1.4670696413312478;0.9184062962197221;0.1315334104411641
0.5538017252639283;0.0;N;1.8133055426886862;0.3122519486683716;0.1315334104411641
0.7914022303138966;0.4;Y;0.8567238745178661;0.47066339372996746;0.39460023132349237
0.43408678986031;0.0;N;2.0223536340743093;0.24825802245093279;0.39460023132349237
0.5936756975325254;0.0;Y;1.3242823289116035;0.7509733484313704;0.0
0.5484624577486465;0.0;Y;0.820793733810962;0.2784222084629842;0.1315334104411641
0.5271053876875194;0.0;N;0.7605990824967982;0.3352738755025886;0.39460023132349237
0.05674134467459766;0.0;N;0.6640076652717447;0.08407161035068443;0.2630668208823282
0.3410681920331007;0.4;N;1.116167487933952;0.3311302314875116;0.1315334104411641
0.27905579348162785;0.4;N;0.7843969679000725;0.12394974618856243;0.39460023132349237
0.12402479710294571;0.0;N;0.133454808339929;0.1488113865240374;0.2630668208823282
1.030500334788883;0.0;N;1.4110746168529562;0.5103293352553878;0.0
0.260452073916186;0.0;N;0.09379166600113885;0.28008097876493737;0.1315334104411641
0.15472093438592477;0.0;N;0.47875745928939567;0.17834704477823987;0.0
0.15503099637868215;0.4;Y;0.0718602814138079;0.1488113865240374;0.2630668208823282
0.24804959420589143;0.0;N;1.6807839847567287;0.22339638211545784;0.5261336417646564
0.17518502590791085;0.4;Y;0.7498667028051258;0.16497149376384368;0.2630668208823282
0.1649529801469178;0.0;N;0.2398453548486837;0.3138928185713829;0.39460023132349237
0.8006172727386455;0.4;N;1.0102435666291831;0.41640370445715613;0.5261336417646564
0.24804959420589143;0.0;Y;1.6126567049748068;0.22339638211545784;0.1315334104411641
0.18808980604647232;0.0;N;1.9103635851177254;0.1753188939572282;0.0
0.5077575193394598;0.0;Y;0.5258866048919583;0.4316376898067038;0.2630668208823282
0.12402479710294571;0.4;N;0.5151542252002854;0.12394974618856243;0.1315334104411641
0.8116802846402282;0.0;N;1.3690783484942368;0.578804551762946;0.2630668208823282
0.0930185978272093;0.0;Y;0.7703982117804994;0.0659391774874586;0.39460023132349237
0.9206174651756006;0.0;N;0.27344236953565876;0.7626807314343691;0.0
0.9194206258835572;0.0;N;0.26784286708782956;0.28542126444928306;0.5261336417646564
0.86817357972062;0.0;Y;1.6051907017110345;0.5026564784189161;0.6576670522058206
0.1085216974650775;0.0;N;1.1866278937358026;0.06676789137347486;1.183800693970477
0.1649529801469178;0.4;N;0.40036442501978703;0.21390372597155097;0.0
0.8567012859885975;0.4;Y;0.8917207648167985;0.5334835012867885;0.39460023132349237
0.4100259792223385;0.0;N;0.9752466763302506;0.2522359386058056;0.5261336417646564
0.3431611104842129;0.0;N;1.6583859749654117;0.1996535167138542;1.0522672835293128
0.6046208858768604;0.4;N;1.6602524757813548;0.2936784201412181;0.6576670522058206
0.27905579348162785;1.2;N;0.7871967191239869;0.3725663732982988;0.1315334104411641
0.6747569086385762;0.0;Y;0.5412852366234885;0.24217046969575665;0.5261336417646564
0.5576650976936851;0.0;Y;0.9243845290958023;0.4042244967720464;0.2630668208823282
0.12402479710294571;0.0;N;0.7923295963678303;0.09287263983047205;0.39460023132349237
1.0542107753750387;0.0;N;1.2491556710698954;0.8697997021027671;0.0
0.27905579348162785;0.0;N;0.9089858973642718;0.165385813414354;0.1315334104411641
0.648562871490434;0.0;Y;1.7479780141306789;0.7103780032758854;0.0
0.0804300809212603;0.0;N;1.6476535952737394;0.21408817466564856;0.0
0.12049009038551177;0.0;N;0.9673140478624925;0.09074696745611656;0.1315334104411641
0.14448888862493176;0.0;N;2.0097547535666935;0.14035844521867494;0.2630668208823282
0.1674334760889767;0.0;N;1.202026525467333;0.1832351962193104;0.0
0.360912159569572;0.4;N;1.2449560442340235;0.18819226419630736;0.2630668208823282
0.2015402952922868;0.0;Y;0.5702159992706057;0.22339638211545784;0.39460023132349237
0.315227625556702;0.4;Y;1.0335748268284715;0.10374899681259094;0.39460023132349237
0.0930185978272093;0.4;N;0.29117412728711783;0.08488137964782047;0.1315334104411641
0.06201239855147286;1.2;N;1.102168731814379;0.1861038843197476;0.0
0.4147389215122505;0.0;N;2.029353012134096;0.5357583436523268;0.0
0.3565650904311138;0.8;N;0.6934050531228481;0.23271577731460583;0.1315334104411641
0.14853209701048778;0.8;Y;1.4997334056102516;0.17239217873022086;0.0
0.360912159569572;0.0;N;1.749844514946622;0.5542027655521116;0.0
0.43408678986031;0.0;N;0.3056395086106767;0.3725663732982988;0.0
1.8262651373408756;0.4;Y;0.5977468863057662;0.5953269183263398;0.7892004626469847
0.7038407235592169;0.0;N;0.5062883463245561;0.5888628605134182;0.6576670522058206
0.24804959420589143;0.0;Y;2.033552638969968;0.1338943874057533;0.0
0.7914022303138966;0.0;Y;1.690116488836444;0.43926191722605;0.1315334104411641
1.0342427830414644;0.0;N;1.7153142498516754;1.024618238756733;0.0
0.14858170692932895;0.0;Y;0.34203627452156626;0.10764046895757329;0.39460023132349237
0.2027402352042578;0.0;N;0.6033463887535953;0.18706603076287695;0.39460023132349237
0.08331365745390379;0.4;N;1.1334326204814253;0.04547387513212433;0.9207338730881487
0.6784559482121715;0.0;N;1.2510221718858385;0.3409617272663903;0.1315334104411641
0.0930185978272093;0.0;N;0.011199004895658308;0.1189773882874692;0.1315334104411641
0.04328465418892806;0.4;N;0.6738067945554458;0.04928188666703989;0.0
0.05674134467459766;0.0;N;1.879566321654665;0.09141338439172589;2.23606797749979
0.5298897443824804;0.0;Y;1.3863434810417106;1.0790235179409389;0.2630668208823282
0.25479654316829164;0.0;N;0.28464137443131726;0.20797310004709918;0.1315334104411641
0.3100619927573643;0.0;N;0.6332104018086843;0.23405137083066135;0.39460023132349237
0.49609918841178285;0.0;N;0.6196782708930971;0.2814069508165617;0.2630668208823282
0.30404368947794386;0.0;Y;1.8949649533861952;0.36598596289225455;0.2630668208823282
0.21842007017799772;0.0;N;2.033086013765982;0.17106754920851722;0.1315334104411641
0.5891177862389921;0.0;N;0.8613901265577238;0.15666242691497706;0.0
0.6898135190068737;0.0;N;1.7643098962701809;0.433121931218973;0.1315334104411641
0.2922520318933813;0.8;Y;0.605679514773524;0.1724399131273994;0.0
0.44512499680247214;0.0;Y;1.1749622636361583;0.1758456131960948;0.2630668208823282
0.5077575193394598;0.0;Y;1.2986179426923865;0.18478268570784118;0.1315334104411641
0.5891177862389921;0.4;Y;0.5151542252002854;0.1488113865240374;0.1315334104411641
1.1570273321733806;0.0;N;1.9682251104119606;1.7857655772667382;0.1315334104411641
0.15068082662029633;0.4;Y;1.1931606465916034;0.14532327003521342;0.2630668208823282
0.5010384759564077;0.4;Y;0.4050306770596448;0.3364377743587927;0.0
0.15217222480545925;0.0;N;0.9253177795037737;0.12553661655476547;0.39460023132349237
0.4893398369696723;0.4;Y;0.980379553574094;0.34733180798486674;0.0
0.24804959420589143;0.4;Y;0.1143231749765126;0.23111205073939914;0.39460023132349237
0.43408678986031;0.8;Y;0.7032041824065491;0.22339638211545784;0.0
0.14262851666838758;0.0;N;1.9934228714271918;0.20847938299717372;0.0
0.28820882350782523;0.0;N;1.2804195597369414;0.11777485440354873;0.39460023132349237
0.284094300863935;0.4;Y;1.3228824532996464;0.25229806790713327;0.6576670522058206
0.27905579348162785;0.0;N;0.6724069189434885;0.12394974618856243;0.39460023132349237
0.3100619927573643;0.0;N;1.1628300083325287;0.32781537594344656;0.1315334104411641
0.32703478624090243;0.0;N;1.1040352326303218;0.2149570898642886;0.0
0.23254649456802323;0.0;N;1.5529286788646288;0.23444600004233562;0.0
0.27905579348162785;0.0;N;1.7092481221998603;0.2586170579036296;0.6576670522058206
0.3193607519201576;0.8;Y;0.5375522349916024;0.2805757010406953;0.1315334104411641
0.37759349477991827;0.0;N;1.4633366396993617;0.4676799939063106;0.5261336417646564
0.5136238922424291;0.0;Y;1.5977246984472624;0.523681541166164;0.1315334104411641
0.14448888862493176;0.8;N;0.5062883463245561;0.15599362325950883;0.6576670522058206
0.5076024883430811;0.0;N;1.9453604754166578;0.43151335661905293;0.2630668208823282
0.15503099637868215;0.0;Y;0.4493600714382925;0.1488113865240374;0.1315334104411641
0.8216642808070154;0.0;Y;1.2925518150405717;0.4554385823348776;0.5261336417646564
0.43408678986031;0.0;Y;0.4418940681745202;0.13126198457134972;0.39460023132349237
0.3410681920331007;0.4;Y;1.2160252815869061;0.22339638211545784;0.6576670522058206
0.4893398369696723;0.4;Y;0.6626077896597876;0.31256274434500103;0.0
0.4893398369696723;0.0;Y;1.766176397086124;0.35726578354768807;0.2630668208823282
0.12712541703051936;0.0;N;1.303284194732244;0.25323038035202605;0.0
0.27905579348162785;0.0;N;1.1208337399738098;0.09287263983047205;0.2630668208823282
0.07481175761249685;0.0;N;1.0214425715248414;0.0632773135797964;0.1315334104411641
0.3262968386981399;0.0;N;1.781575028817654;0.42938522293984294;0.2630668208823282
0.3281696131343944;0.0;Y;1.5361301715211413;0.24649639944005905;0.1315334104411641
0.1845488980891832;0.8;N;0.8408586175823503;0.1848252737403239;0.2630668208823282
0.33176013101052465;0.0;Y;0.39383167216398646;0.2905178809530316;0.2630668208823282
0.10232045760993022;0.0;N;1.869767192370964;0.17781667087458927;0.1315334104411641
0.4709221545998849;1.6;N;0.5417518618274741;0.2679484612870678;0.1315334104411641
0.6190387685400779;0.4;Y;1.1049684830382935;0.9194498894780374;0.0
0.0930185978272093;0.0;Y;0.1446538132355875;0.08488137964782047;0.2630668208823282
0.14448888862493176;0.0;N;0.4348946901147338;0.08407161035068443;0.0
1.013155466914036;0.0;Y;0.7815972166761579;0.7172748032332286;0.39460023132349237
0.27905579348162785;0.0;N;0.7615323329047698;0.09908803126809189;0.0
0.22609720511867004;0.0;N;0.3065727590186482;0.20579432315588259;0.1315334104411641
0.43684014035599544;0.8;Y;0.46989158041366624;0.37477408916780486;0.39460023132349237
0.5298897443824804;0.0;Y;1.6569860993534546;0.44938392156275725;0.39460023132349237
0.12402479710294571;0.0;N;1.305150695548187;0.1488113865240374;0.0
0.13937286574443525;0.0;N;1.5188650389736678;0.20456367072862416;0.1315334104411641
0.3565650904311138;0.0;N;1.161896757924557;0.310407237972409;0.0
0.43408678986031;0.0;N;2.098880167527975;0.2793351288090232;0.0
0.46509298913604646;0.4;Y;0.717202938526122;0.3974280136337737;0.2630668208823282
0.4546501012199784;0.0;N;0.8847213867570122;0.2592502099312052;0.0
0.2080639996199017;0.0;N;0.17545107669864787;0.19133475381556067;0.2630668208823282
0.42168431015001545;0.0;N;1.9112968355256972;0.38854889366360196;0.0
0.16294997967370523;0.0;N;0.4992889682647695;0.09684115827590034;0.39460023132349237
0.3393256436338043;0.0;Y;0.26737624188384385;0.22234846292739838;0.1315334104411641
0.33176633225037977;0.0;N;0.8926540152247703;0.30055329210985726;0.0
1.0342427830414644;0.0;Y;1.8725669435948786;0.7317677120665798;0.1315334104411641
0.1420021914430177;0.4;Y;0.924851154299788;0.11854695827791112;0.0
0.2318767606636673;0.0;N;1.685450236796586;0.30076585934729283;0.1315334104411641
0.878005645510956;0.0;N;1.7022487441400738;0.436964550191843;0.39460023132349237
1.1831345519635508;0.0;Y;0.4628922023538796;0.4168698606796026;0.2630668208823282
0.5633206284415795;0.8;N;0.26457649065992916;0.2745731751804934;0.0
0.8991797789963565;0.0;N;1.0256421983607134;0.44715136888971924;0.1315334104411641
0.3461284037549009;0.0;N;0.8716558810454107;0.1886397741698559;0.2630668208823282
0.06821363840662015;0.0;N;1.297218067080429;0.09511018969821465;0.1315334104411641
1.0342427830414644;0.4;N;0.7120700612822787;0.5121298170489648;0.2630668208823282
0.5891177862389921;0.0;N;1.3410808362550912;0.42584139145931216;0.0
0.12402479710294571;0.4;Y;0.4451604446024206;0.3725663732982988;0.0
0.4185836902224418;0.4;N;0.314972012690392;0.2769446051153226;0.0
0.8055410571836324;0.0;N;1.2654875532093968;0.5027171906053275;0.2630668208823282
0.6009497518826132;0.4;N;0.8893876387968698;0.6077060137996346;0.39460023132349237
0.8744554356938842;0.0;Y;1.2491556710698954;0.4836582629268651;0.1315334104411641
0.687345425544525;0.0;Y;1.8492356833955903;0.4316376898067038;0.2630668208823282
0.8673550160597406;0.0;N;1.9406942233768;0.6170687428812212;0.39460023132349237
0.8376510771535851;0.0;N;1.8501689338035616;0.5220272459639463;0.1315334104411641
0.5891177862389921;0.0;N;1.7391121352549497;0.42584139145931216;0.1315334104411641
0.17237276363360152;0.0;N;1.2603546759655535;0.16271649100713267;0.1315334104411641
0.43408678986031;0.0;N;0.9323171575635602;0.3192913551372854;0.1315334104411641
0.4371874097878837;0.0;N;0.848791246050108;0.3879977851311769;0.2630668208823282
0.7103396229274114;0.0;Y;1.5543285544765864;0.3563008774597219;0.6576670522058206
0.06185736755509418;0.0;Y;0.13158830752398598;0.10117872327951498;0.1315334104411641
0.7364592451972917;0.0;Y;1.1716958872082581;0.3073293389593379;0.2630668208823282
0.09884776329104773;0.0;N;0.9831793047980087;0.062113787648570236;0.0
0.1234387799366343;0.0;N;1.4838681486747354;0.14824752395736626;0.1315334104411641
0.3262968386981399;0.0;N;0.7834637174921009;0.42938522293984294;0.1315334104411641
0.1939189715103108;0.4;N;0.3658341599248404;0.450520149385597;0.2630668208823282
0.08482055873870457;0.4;N;1.184294767715874;0.055365337247458506;0.1315334104411641
0.053231442916584305;0.0;N;1.5641276837602873;0.09276725123170135;0.0
0.3218195435227236;0.8;Y;0.43582794052270535;0.18824529412817287;0.6576670522058206
0.12402479710294571;1.2;Y;0.9425829120512471;0.030718501699286846;0.1315334104411641
0.3441626107208192;0.0;N;1.5636610585563013;0.45087316016973117;0.2630668208823282
0.3410681920331007;0.0;N;1.5473291764167996;0.1488113865240374;0.5261336417646564
1.1831345519635508;0.4;Y;1.115700862729966;0.8340983260180087;0.1315334104411641
0.47426772350173685;0.0;Y;2.0288863869301097;0.25824346166071216;0.0
1.0542107753750387;0.0;Y;0.9654475470465494;0.5217363644811397;0.0
0.1085216974650775;0.0;N;2.1278109301750923;0.0555801420347618;0.0
0.15472093438592477;0.0;N;1.556661680496515;0.24784370280042245;0.2630668208823282
0.14448888862493176;0.0;N;1.5631944333523158;0.14035844521867494;0.2630668208823282
0.4546501012199784;0.0;N;1.9504933526605013;0.4669372765202112;0.1315334104411641
0.5185321735877781;0.0;N;1.3518132159467637;0.2640228292141046;0.1315334104411641
0.4709221545998849;0.0;N;0.0849257871254094;0.4825941587947623;0.0
0.3100619927573643;0.0;N;1.9523598534764444;0.1488113865240374;0.6576670522058206
0.3640871943754075;0.8;N;0.5641498716187907;0.3273627196052022;0.0
0.1800467979543463;0.0;Y;1.6831171107766574;0.16886975314342487;0.39460023132349237
0.12576114426238696;0.0;N;1.2113590295470482;0.1504820904252852;0.1315334104411641
0.44218250849120483;0.8;N;0.8590570005377948;0.45494102582928725;0.5261336417646564
0.5934090442187541;0.0;N;1.44700475755986;0.30004589038484886;0.2630668208823282
0.12576114426238696;0.0;N;0.1670518230269041;0.20914236902298589;0.1315334104411641
0.11892737794201465;0.0;N;2.170740448941783;0.24008350693411312;0.0
0.45188434824458273;0.8;N;0.7759977142283289;0.6449673350671875;0.1315334104411641
0.13425684286393874;0.0;N;0.7340014458696096;0.09902590196676422;0.0
0.1649529801469178;0.8;Y;0.6985379303666915;0.1567671442487874;0.1315334104411641
0.27905579348162785;1.2;Y;1.3028175695282584;0.1861038843197476;0.0
0.2821564134092015;0.4;N;1.4582037624555184;0.6273984664306506;0.0
0.43408678986031;0.0;N;2.0512843967214267;0.6577442669069671;0.0
0.05162532179410115;0.0;N;0.791396345959859;0.05643257394937614;0.39460023132349237
0.7081877926976752;0.0;Y;1.169829386392315;0.322936174701847;0.2630668208823282
0.06201239855147286;0.4;Y;0.03406363989096093;0.06357140221741336;0.1315334104411641
0.15503099637868215;0.0;N;0.23424585240085444;0.1488113865240374;0.39460023132349237
0.46509298913604646;0.0;Y;0.5954137602858371;0.23831338123374196;0.39460023132349237
0.1339591833508917;0.0;N;1.9486268518445582;0.2641893775092602;0.0
0.0930185978272093;0.8;N;0.6738067945554458;0.19853474177998287;0.0
0.45388114747794017;0.0;Y;1.2412230426021373;0.23291939435257036;0.2630668208823282
0.5077575193394598;0.0;N;1.8021065377930277;0.323638616190327;0.0
0.2318767606636673;0.4;N;1.1110346106901088;0.21042851268696433;0.2630668208823282
0.3100619927573643;0.0;N;0.9682472982704642;0.09287263983047205;0.5261336417646564
0.09611921775478294;0.0;Y;2.1530086911903235;0.3594042845412852;0.0
0.07429085346466448;0.0;N;1.9313617192970851;0.12628671785542842;0.1315334104411641
0.22687546072049103;0.0;Y;0.3233712663621357;0.20641837581399602;0.0
0.6182636135581845;0.4;N;1.2594214255575822;0.42175211990602135;0.2630668208823282
0.0930185978272093;0.4;Y;1.0573727122317453;0.165385813414354;0.1315334104411641
0.3410681920331007;0.0;N;0.35370190462121043;0.2553613482610685;0.0
0.7324222380515908;0.4;Y;0.5622833708028478;0.4587456064544056;0.39460023132349237
0.5891177862389921;0.0;Y;1.3074838215681162;0.2979813777068783;0.2630668208823282
0.5891177862389921;0.4;N;0.6010132627336666;0.22913368373133666;0.0
1.1675353331079277;0.8;Y;1.2962848166724577;0.27422001522636796;0.39460023132349237
0.8991797789963565;0.0;N;1.2612879263735253;0.63894138951837;0.39460023132349237
0.12402479710294571;0.0;N;1.303284194732244;0.414002515109086;0.0
0.4928094306686272;0.0;N;1.164229883944486;0.1571453647614315;0.0
0.03217203236850412;0.0;N;1.363012220842422;0.06043115014802779;0.1315334104411641
0.3286657123228061;0.8;N;1.1469647513970125;0.246837402039903;0.5261336417646564
1.1553840036117664;0.4;N;0.45075994705024985;0.4073336468982703;0.39460023132349237
0.687345425544525;0.0;Y;1.1674962603723864;0.49335147812391733;0.1315334104411641
0.42588254953195015;0.4;Y;0.9477157892950906;0.2966791982688477;0.2630668208823282
0.04650929891360465;0.0;Y;1.5790596902878313;0.12394974618856243;0.0
0.13952789674081392;0.8;Y;0.5697493740666202;0.16372838564232148;0.5261336417646564
0.13952789674081392;0.4;Y;0.8739890070653393;0.10759333124035951;0.6576670522058206
0.3030266861416997;0.0;N;0.16285219619103222;0.40139720334416235;0.1315334104411641
1.8262651373408756;0.8;N;0.7088036848543783;0.7442482431338789;0.39460023132349237
0.4359223568574336;0.0;N;0.5613501203948764;0.3205529603377143;0.0
0.24804959420589143;0.0;N;1.540796423560999;0.3352738755025886;0.0
0.8116802846402282;0.0;Y;1.4614701388834186;0.33748658856679925;0.2630668208823282
0.18541707166890384;0.0;N;0.4148298063433459;0.08713772493445211;0.5261336417646564
0.6666332844283333;0.0;Y;1.8156386687086148;0.1674576354218925;0.0
0.49475972060307105;0.0;N;0.8427251183982933;0.42121570461772784;0.0
0.7004641484580892;0.0;Y;1.5076660340780097;0.31955814566651597;0.2630668208823282
0.799581665682836;0.0;N;0.845058244418222;0.5704893689444409;0.2630668208823282
0.15503099637868215;0.4;Y;0.7605990824967982;0.08914339005090102;0.2630668208823282
0.0655719102283274;0.0;Y;1.835703552480003;0.06601779007281196;0.6576670522058206
0.13425684286393874;0.0;N;2.065283152841;0.11322367797256025;0.0
0.687345425544525;0.0;N;1.7283797555632767;0.6908354664860082;0.1315334104411641
0.34454088635198316;0.0;Y;0.3205715151382212;0.2254847619920176;0.2630668208823282
0.17053409601655034;0.0;Y;1.8291707996242024;0.2548006182642122;0.5261336417646564
0.15472093438592477;0.4;N;0.6677406669036311;0.2974841195412703;0.1315334104411641
0.044103217849807495;0.0;N;1.9742912380637756;0.15020366463674242;0.1315334104411641
0.24804959420589143;0.0;Y;1.5141987869338103;0.22339638211545784;0.1315334104411641
0.15472093438592477;0.0;N;0.6822060482271897;0.17834704477823987;0.1315334104411641
0.12402479710294571;0.4;Y;0.6229446473209975;0.05368851737657219;0.2630668208823282
0.471095789315829;0.0;N;0.8973202672646277;0.26804131960657906;1.0522672835293128
0.15217222480545925;0.0;N;2.1208115521153057;0.26669185328134354;0.1315334104411641
0.2954270666992167;0.0;Y;1.540796423560999;0.24502603083696978;0.0
0.9633626114971309;0.0;Y;0.9775798023501796;0.23883547620288187;0.0
0.5138967467960556;0.0;Y;1.2790196841249841;0.21810084742846694;0.2630668208823282
0.40616880803243693;0.4;Y;0.42929518766690455;0.42028883687751334;0.5261336417646564
0.3875774909467054;0.0;N;0.8408586175823503;0.22339638211545784;0.7892004626469847
0.687345425544525;0.0;N;0.7605990824967982;0.31382054571065476;0.2630668208823282
0.30695827220986305;0.8;Y;0.6612079140478304;0.1803011716627351;0.39460023132349237
0.7441487826176744;0.4;N;0.3728335379846269;0.2068219552251412;0.1315334104411641
0.1665404975498355;0.8;N;0.9239179038918164;0.11844037631921098;0.2630668208823282
0.662788515718142;0.0;N;1.000444437345482;0.5559460406540698;0.2630668208823282
0.5633206284415795;0.8;N;0.6252777733409262;0.4761897689783137;0.5261336417646564
0.2563344506523682;0.0;N;1.775508901165839;0.23003944391779887;0.0
0.12712541703051936;0.8;Y;0.5804817537582926;0.11851123206502283;0.39460023132349237
0.15068082662029633;0.0;N;1.8707004427789353;0.07910424964429581;0.1315334104411641
0.49378302532588536;0.0;Y;0.16471869700697542;0.28016883988974406;0.39460023132349237
0.5077575193394598;0.0;N;1.6359879651740954;0.7947266223001964;0.0
0.4898979485566356;0.0;Y;0.9407164112353038;0.11355304531309197;0.39460023132349237
0.48531523230368173;0.0;N;0.7708648369844854;0.49644310077617715;0.5261336417646564
0.0930185978272093;0.4;Y;0.251044359744342;0.07422639093261692;0.39460023132349237
0.4709221545998849;0.0;Y;0.7540663296409975;0.30148687249967504;0.0
0.09884776329104773;1.2;N;0.5310194821358016;0.15582237610963087;0.39460023132349237
0.27905579348162785;0.0;N;0.12645543028014258;0.11803030801344934;0.1315334104411641
0.5616338912009794;0.0;N;1.3280153305434896;0.5698765040356661;0.0
0.12712541703051936;0.0;Y;0.45495957388612174;0.21096552465522256;0.39460023132349237
0.4147389215122505;0.8;Y;1.1833615173079022;0.23791561945225287;0.2630668208823282
0.27905579348162785;0.4;Y;0.47595770806548116;0.1861038843197476;0.1315334104411641
0.3100619927573643;0.4;N;0.8095947289153038;0.2213805734396085;0.2630668208823282
0.1860371956544186;0.0;N;1.9406942233768;0.20847938299717372;0.1315334104411641
0.4893398369696723;0.0;N;0.46055907633395093;0.4168698606796026;0.2630668208823282
0.5891177862389921;0.4;N;0.6266776489528836;0.3725663732982988;0.39460023132349237
0.5113480372155901;0.4;Y;1.1786952652680445;0.2714384424007815;0.39460023132349237
0.5261752017092473;0.0;Y;1.034508077236443;0.7442482431338789;0.1315334104411641
0.08752119869562121;0.0;N;0.13018843191202864;0.09468005802863892;0.2630668208823282
1.0542107753750387;0.0;N;1.3541463419666928;0.8154147846223578;0.0
0.27905579348162785;0.8;N;0.47549108286149544;0.33866413647719656;0.5261336417646564
0.5814282488186095;0.0;N;1.2505555466818523;0.736242811802065;0.0
0.8371673804448836;0.0;N;1.4451382567439168;0.34770473296282384;0.5261336417646564
0.5891177862389921;0.0;N;1.384943605429753;0.42584139145931216;0.5261336417646564
0.36423912475185855;0.8;Y;0.6500089091521718;0.3165605001087012;0.5261336417646564
0.49609918841178285;0.8;Y;0.5912141334499654;0.3166276266047334;0.39460023132349237
0.04650929891360465;0.0;N;2.2080704652606444;0.1093251948379923;0.0
0.2563344506523682;0.0;N;1.8389699289079031;0.1724399131273994;0.2630668208823282
0.43408678986031;0.0;N;1.8665008159430636;0.55902886227685;0.1315334104411641
0.29455889311949607;0.0;N;1.7475113889266933;0.6261553583091284;0.0
0.12402479710294571;0.0;N;0.6682072921076168;0.28650677447512063;0.1315334104411641
0.12402479710294571;0.0;N;1.4311395006243441;0.24825802245093279;0.5261336417646564
0.15503099637868215;0.0;Y;0.005132877243843398;0.1488113865240374;0.0
0.15935636117764737;0.0;Y;0.5809483789622786;0.08289861212501816;0.39460023132349237
0.25440896567734494;0.0;Y;1.3401475858471195;0.3429225668004887;0.0
0.12402479710294571;0.4;N;0.2720424939237014;0.09059869248488081;0.39460023132349237
0.3410681920331007;0.0;Y;1.7335126328071202;0.5963213600725602;0.1315334104411641
0.7134898527738261;0.0;N;0.2776419963715307;0.3578164445701395;0.0
0.5261752017092473;0.4;N;0.528219730911887;0.3825820940162883;0.2630668208823282
0.3069861777892112;0.0;Y;0.849257871254094;0.08094500733549208;0.1315334104411641
0.07751549818934107;0.0;N;1.6971158668962303;0.1627960731974287;0.5261336417646564
0.49609918841178285;0.4;Y;0.2599102386200716;0.19470987403606366;0.1315334104411641
0.3565650904311138;0.0;N;1.869767192370964;0.1691500435568574;0.0
0.4893398369696723;0.0;N;1.8637010647191488;0.2777936807051353;0.2630668208823282
0.20322703253288685;0.4;Y;0.34110302411359483;0.1123303734803618;0.0
0.14738176701735797;0.4;N;0.9635810462306064;0.3572329661496278;0.0
0.5891177862389921;0.4;N;0.14698693925551617;0.42584139145931216;0.1315334104411641
0.12402479710294571;0.0;N;1.9546929794963732;0.12394974618856243;0.0
0.583635890207042;0.0;N;1.7419118864788639;0.49247913201548;0.0
0.19527394241866045;0.4;N;0.4269620616469757;0.3198259803856847;0.0
0.9590217435985278;0.8;Y;0.6271442741568692;0.5666649487104952;0.0
1.2092417717537207;0.0;Y;1.859034812679291;0.3590871491400305;0.5261336417646564
0.17313861675571224;0.0;N;2.1212781773192915;0.1633306238608324;0.0
0.662788515718142;0.0;N;1.5958581976313195;0.3030803063454902;0.2630668208823282
0.00491138196527665;0.4;N;0.952382041334948;0.06135518365840989;0.1315334104411641
0.0804300809212603;0.0;Y;0.8954537664486846;0.17834704477823987;0.0
0.4039983740831354;0.0;Y;0.30377300779473354;0.12131555331426463;0.39460023132349237
0.1860371956544186;0.0;Y;0.5188872268321715;0.26068887991116807;0.2630668208823282
0.0930185978272093;0.4;N;0.6098791416093959;0.1189773882874692;0.0
0.2821564134092015;0.0;Y;0.8870545127769409;0.2507442386939772;0.2630668208823282
0.5814282488186095;0.8;N;0.5506177407032036;0.3270197777954728;0.5261336417646564
0.5013950472480787;0.4;N;0.3733001631886127;0.6399834164917776;0.0
0.1453570622046524;0.0;Y;1.6905831140404297;0.21176112280319626;0.1315334104411641
0.5271053876875194;0.0;N;0.12178917824028487;0.5366533635994238;0.0
0.5744642564612792;0.0;N;1.3662785972703226;0.48512505145016593;0.0
0.1649529801469178;0.0;N;0.5025553446926698;0.1567671442487874;0.0
0.5076024883430811;0.0;N;1.610790204158864;0.5885577332964536;0.2630668208823282
0.29455889311949607;0.0;Y;1.610790204158864;0.217180990677838;0.0
0.27751788599755134;0.0;N;0.3462359013574382;0.43620050149700457;0.0
0.43408678986031;0.0;N;2.027019886114167;0.22339638211545784;0.0
0.31179833991680556;0.0;N;1.054572961007831;0.2745119408991128;0.1315334104411641
0.15503099637868215;1.2;N;0.9687139234744498;0.17864538476060557;0.0
1.0945002307139304;0.0;Y;1.8002400369770846;0.18013410127261031;0.1315334104411641
0.1528481599496703;0.0;N;1.9472269762326009;0.12600113190730886;0.2630668208823282
0.24804959420589143;0.0;Y;1.9495601022525297;0.22339638211545784;0.2630668208823282
0.8567012859885975;0.0;Y;0.4166963071592889;0.38789023356753405;0.0
0.3558023379289307;0.0;Y;0.8291929874827062;0.11594923746645754;0.1315334104411641
0.027781554551059844;0.0;N;1.5160652877497534;0.019843263492101828;0.1315334104411641
0.628098779968448;0.0;N;0.28977425167516063;0.31673502899838507;0.1315334104411641
0.6750669706313336;0.4;Y;0.5912141334499654;0.37707458877182665;0.0
0.2318767606636673;0.0;N;1.5715936870240594;0.21042851268696433;0.1315334104411641
0.14448888862493176;0.0;N;0.1819838295544486;0.16850182536017236;0.2630668208823282
0.0930185978272093;0.0;N;0.058794775702206405;0.11013764919496964;0.2630668208823282
0.7119023353709084;0.0;Y;1.564594308964273;0.3570526942152833;0.1315334104411641
0.34454088635198316;0.0;N;1.1404319985412115;0.2254847619920176;0.1315334104411641
0.625953150978567;0.8;Y;1.0970358545705354;0.35082067032364667;0.0
0.0930185978272093;0.0;N;1.7260466295433479;0.1488113865240374;0.5261336417646564
0.6784559482121715;0.4;Y;1.1539641294567988;0.37888618372974664;0.2630668208823282
1.0342427830414644;0.4;Y;0.9850458056139517;1.4232203693911067;0.2630668208823282
0.15503099637868215;0.0;N;0.09332504079715317;0.08914339005090102;0.1315334104411641
0.12712541703051936;0.4;N;0.9290507811356596;0.1517947863476942;0.0
0.4278855500051627;0.0;Y;1.197826898631461;0.31502934473420485;0.0
0.15503099637868215;0.0;N;1.398942361549326;0.2030550400227965;0.1315334104411641
0.9864653305774821;0.4;Y;0.9243845290958023;0.6115199175492019;0.0
0.03217203236850412;0.0;N;0.4250955608310327;0.08903807603712593;0.2630668208823282
0.7119023353709084;0.4;N;0.8791218843091828;0.8931696425264136;0.2630668208823282
0.20895697815904293;0.4;N;1.1054351082422793;0.2882554942817571;0.1315334104411641
0.8362371944666115;0.0;Y;0.8889210135928838;0.3205863744157393;0.2630668208823282
0.43408678986031;0.0;N;0.7666652101486133;0.2793351288090232;0.0
0.14448888862493176;0.0;N;0.20298196373380822;0.12025599886689292;0.2630668208823282
0.15850369069756462;0.8;Y;0.5958803854898231;0.1819867925631012;0.1315334104411641
0.8567012859885975;0.4;Y;0.8254599858508197;0.8209369085259554;0.6576670522058206
0.29951988500361393;0.4;Y;0.9276509055237027;0.1321540957036187;0.2630668208823282
0.27771632567291604;0.0;Y;1.656052848945483;0.2966925489830585;0.2630668208823282
0.07429085346466448;0.4;N;1.028441949584628;0.16850182536017236;0.0
0.43408678986031;0.0;Y;1.5734601878400025;0.17722468976458017;0.7892004626469847
0.04650929891360465;0.0;N;1.8184384199325294;0.05979061420588866;0.7892004626469847
0.27905579348162785;0.0;Y;1.4362723778681874;0.1861038843197476;0.1315334104411641
0.15503099637868215;0.0;N;1.5309972942772978;0.1488113865240374;0.39460023132349237
0.02287017258578319;0.0;N;1.7251133791353763;0.07164075289044915;0.39460023132349237
0.37835934790202896;0.0;Y;1.5449960503968707;0.21846877521171945;0.39460023132349237
0.3410681920331007;0.4;N;0.8632566273736669;0.19853474177998287;0.2630668208823282
0.17929954855180105;0.0;N;0.10032441885693959;0.2525852201401602;0.1315334104411641
0.3834226602437567;0.4;N;0.3700337867607123;0.4980929208786594;0.1315334104411641
0.5113480372155901;0.4;Y;0.869322755025482;0.23684607061547192;0.6576670522058206
0.2954270666992167;0.0;N;0.26457649065992916;0.11181722871069283;0.1315334104411641
0.18541707166890384;0.0;N;0.7321349450536665;0.0864085820175504;0.2630668208823282
0.12402479710294571;0.0;Y;1.5491956772327429;0.10619135707822758;0.0
0.6969139386410175;0.0;Y;1.3065505711601446;0.5468295912279261;0.39460023132349237
0.7627525021831162;0.0;Y;0.3597680322730255;0.3893099589586168;0.39460023132349237
0.44445526289811627;0.4;Y;1.070438217943347;0.45712785790002763;0.0
0.27905579348162785;0.0;N;1.944893850212672;0.3725663732982988;0.2630668208823282
0.2096422151630367;0.0;N;1.4694027673511767;0.12828059854257387;0.0
0.49609918841178285;0.0;N;1.8487690581916043;0.15813451097296494;0.0
0.2506541149450533;0.0;N;1.1133677367100374;0.2254847619920176;0.7892004626469847
0.5581115869632557;0.0;Y;1.7171807506676182;0.14135288696489534;0.9207338730881487
0.2656766184941476;0.0;N;1.7409786360708925;0.18744835345027852;0.0
0.2015402952922868;0.0;N;1.323349078503632;0.22339638211545784;0.2630668208823282
0.02287017258578319;0.8;N;0.3793662908404276;0.05598871864061159;0.5261336417646564
0.2018317535654787;0.0;N;0.424628935627047;0.0929895145185638;0.7892004626469847
0.21581244881890826;0.0;N;0.6112790172213534;0.1558832374660335;0.5261336417646564
0.4147389215122505;1.2;N;0.7759977142283289;0.305993969198269;0.1315334104411641
0.27905579348162785;0.0;N;1.8567016866593624;0.3725663732982988;0.9207338730881487
0.8055720633829082;0.0;Y;0.38589904369622835;0.5292144798941223;0.0
0.34454088635198316;0.4;Y;0.7587325816808552;0.30076585934729283;0.5261336417646564
0.12402479710294571;0.4;N;0.4297618128708904;0.14890692990339;0.1315334104411641
0.2635526938437597;0.0;N;0.21791397026135256;0.2830643785885942;0.2630668208823282
0.5001734029966146;0.0;N;1.7241801287274052;0.23195873960935287;0.1315334104411641
0.4100259792223385;0.4;N;0.43816106654263415;0.4240001862581424;0.2630668208823282
0.34787715339405245;0.0;N;1.7475113889266933;0.6072406034271441;0.2630668208823282
0.4000047756164205;0.0;N;1.3480802143148776;0.5180369486998053;0.39460023132349237
0.12402479710294571;0.0;N;2.063883277229042;0.0789871512012173;0.0
0.12402479710294571;0.0;N;2.173540200165698;0.12394974618856243;0.7892004626469847
0.8130445574083607;0.0;Y;1.448871258375803;0.4057119453391261;0.2630668208823282
0.15503099637868215;0.0;N;0.11478980018049845;0.17864538476060557;0.5261336417646564
0.1224868896188692;0.4;N;0.4684917048017089;0.11874639855612257;0.0
0.08467793022203618;0.0;N;1.9299618436851276;0.198410408592332;0.0
0.5713078253750091;0.8;N;0.7554662052529548;0.41360087490782615;0.39460023132349237
0.05442828220862772;0.0;Y;1.8856324493064798;0.07575680045715727;0.2630668208823282
0.08825914623838375;0.0;N;0.3341036460538084;0.09527181538366127;0.2630668208823282
0.2661572145829215;0.0;Y;1.3074838215681162;0.2643905332423703;0.2630668208823282
0.14039607032053456;0.0;N;0.8217269842189336;0.05117962729486799;0.1315334104411641
0.15503099637868215;0.4;N;0.5898142578380081;0.17864538476060557;0.1315334104411641
0.2433366519159795;0.4;Y;1.0247089479527418;0.16885371736937269;0.39460023132349237
0.5936756975325254;0.4;Y;0.631810526196727;0.37530737188628344;0.9207338730881487
0.14448888862493176;0.0;N;0.3359701468697514;0.05994865981154689;0.0
0.27905579348162785;0.0;N;0.3509021533972959;0.0873884796896305;0.39460023132349237
0.33176013101052465;0.0;N;1.8534353102314618;0.34869320790939695;0.0
0.12402479710294571;0.0;N;1.3387477102351621;0.1488113865240374;0.2630668208823282
0.2673354501553995;0.4;N;0.8063283524874034;0.08407161035068443;0.5261336417646564
0.19763661480347158;0.0;N;1.5851258179396468;0.15241839149583405;0.2630668208823282
0.12402479710294571;0.0;N;0.35416852982519625;0.052916413502209804;0.0
0.35580853916878585;0.0;N;1.3345480833992904;0.3098006382032639;0.6576670522058206
1.0164886333361776;0.8;N;0.4750244576575096;0.3356060024879572;1.0522672835293128
0.04328465418892806;0.4;N;1.2640876775974397;0.11877847010422687;0.1315334104411641
0.44958988949817824;0.4;N;1.297218067080429;0.770352991590876;0.6576670522058206
0.34454088635198316;0.4;Y;0.18151720435046295;0.23127561563473106;0.2630668208823282
0.15472093438592477;0.0;N;1.2486890458659092;0.3433060828478198;0.39460023132349237
0.7441487826176744;0.0;N;1.4400053795000736;0.7454913512554011;0.0
0.8567012859885975;0.0;N;1.909430334709754;0.6097466592790157;0.2630668208823282
0.2883576532643488;0.0;Y;1.8030397882009994;0.23971184990108108;0.39460023132349237
0.3441626107208192;0.0;N;1.1231668659937384;0.45087316016973117;0.0
0.22436705919908392;0.0;N;1.0891032261027773;0.3067898656862251;0.39460023132349237
0.15935636117764737;0.4;N;0.7909297207558732;0.18280722751460682;0.1315334104411641
0.11014642230712608;0.4;N;0.9897120576538094;0.1694117623063877;0.1315334104411641
0.39616620814608433;0.4;Y;0.6864056750630616;0.21827067746342868;0.1315334104411641
0.7241807902841001;0.0;Y;1.6863834872045578;0.10649976603499811;0.1315334104411641
0.2821564134092015;0.8;Y;0.6336770270126699;0.1879685092095331;0.1315334104411641
1.0342427830414644;0.0;Y;1.9537597290884015;0.42671508009767006;0.0
0.598419646021713;0.0;N;0.854857373701923;0.2159378825563158;0.6576670522058206
0.3193607519201576;0.4;N;0.8557906241098945;0.21034214326206946;0.2630668208823282
0.4100259792223385;0.0;N;0.09192516518519582;0.17645758308492243;0.39460023132349237
0.02164232709446403;1.2;N;0.7535997044370117;0.06629681254131946;0.0
0.15503099637868215;0.0;N;1.8623011891071914;0.2979813777068783;0.39460023132349237
0.5138967467960556;0.0;Y;0.424628935627047;0.17677069089641517;0.39460023132349237
0.41796356623692704;1.2;Y;0.5772153773303923;0.35963833225745107;0.0
0.747249402545248;0.0;N;1.5459293008048425;0.4676622426773599;0.1315334104411641
0.15753629728016164;0.0;Y;1.652786472517583;0.05003430010256613;0.2630668208823282
0.2956255063745814;0.0;N;1.608457078138935;0.19606843973076138;0.2630668208823282
0.3565712916709689;0.0;N;1.3508799655387922;0.40499466143652335;0.0
0.5705140666735503;0.0;Y;0.3481024021733814;0.18051000965039107;0.2630668208823282
0.4199603654702845;0.0;Y;1.7806417784096824;0.20825562801039949;0.2630668208823282
0.4000047756164205;0.0;N;1.5048662828540948;0.1616400057657617;0.1315334104411641
0.21597058043521453;0.0;N;0.7442672003572968;0.19767447844083144;0.1315334104411641
0.8744554356938842;0.0;N;1.8926318273662666;0.4836582629268651;0.1315334104411641
0.27905579348162785;0.0;N;0.7657319597406417;0.43837666791337543;0.7892004626469847
0.12712541703051936;0.0;Y;0.7405341987254104;0.12643588784661125;0.2630668208823282
0.303860752902217;0.0;Y;0.47595770806548116;0.22339638211545784;0.2630668208823282
0.5891177862389921;0.4;Y;0.5804817537582926;0.2979813777068783;0.1315334104411641
0.27905579348162785;0.0;N;0.2883743760632033;0.1861038843197476;0.5261336417646564
0.41965030347752713;0.4;Y;1.0629722146795748;0.16641806975333928;0.0
0.7666592832918588;0.0;N;1.7587103938223514;0.2394880949143068;0.39460023132349237
0.217043394930155;0.0;N;1.2897520638166569;0.2979813777068783;0.39460023132349237
0.07476214769365568;0.0;N;2.003688625914879;0.14098824092144888;0.0
0.1649529801469178;0.0;N;0.3802995412483991;0.1567671442487874;0.0
0.747249402545248;0.0;Y;1.5706604366160877;0.3400201662820442;0.0
0.4333116348784166;0.0;N;0.6915385523069051;0.318758594513776;0.0
0.20705939876336787;0.0;N;0.9355835339914604;0.14280729437892806;0.1315334104411641
0.4371874097878837;0.0;N;1.811439041872743;0.5490235834582433;0.0
0.27905579348162785;0.0;Y;1.20342640107929;0.09908803126809189;0.2630668208823282
0.16567852520997003;0.0;N;0.6705404181275454;0.1573489072144005;0.39460023132349237
1.7034805882089594;0.0;Y;0.9617145454146635;0.8340983260180087;0.2630668208823282
0.687345425544525;0.0;Y;1.668185104249113;0.34523843091360235;0.2630668208823282
0.6182636135581845;0.0;Y;1.2426229182140947;0.5574305804063214;0.39460023132349237
0.07873094120094995;0.0;N;1.5473291764167996;0.04363662293572087;0.1315334104411641
0.22041686941135513;0.8;Y;0.42649543644299004;0.37763815299851533;0.0
0.27905579348162785;0.4;Y;0.13672118476782938;0.2127413934002543;0.1315334104411641
0.20895697815904293;0.4;Y;0.27157586871971573;0.09584611984971521;0.39460023132349237
0.5891177862389921;0.0;Y;1.4460715071518886;0.09908803126809189;0.0
0.30695827220986305;0.0;N;1.2426229182140947;0.2164331269270428;0.9207338730881487
0.43408678986031;0.0;Y;0.7410008239293963;0.2147903923991418;0.0
0.8069890466898094;0.0;N;1.0998356057944503;0.4475938816685631;0.39460023132349237
0.36273532408698533;0.0;N;0.21558084424142387;0.24888871317365385;0.1315334104411641
0.5445928840790346;0.0;N;1.0895698513067633;0.7688612916790476;0.0
0.06201239855147286;0.0;N;0.3896320453281146;0.08251360437777523;0.1315334104411641
0.5814282488186095;0.0;N;2.055950648761284;0.3270197777954728;0.0
0.22634525471287595;0.0;Y;0.5174873512202142;0.15440526119339393;0.1315334104411641
0.13937286574443525;0.4;N;0.35416852982519625;0.11673983841972659;0.0
0.0930185978272093;0.0;N;1.8585681874753055;0.059309391814332826;0.0
0.43408678986031;0.0;N;0.7610657077007842;0.46579761778757434;0.1315334104411641
0.4709221545998849;0.0;Y;0.8828548859410691;0.20087171344684884;0.0
0.15503099637868215;0.0;N;0.19504933526605012;0.17864538476060557;0.2630668208823282
0.34454088635198316;0.0;N;0.9187850266479729;0.5642498119682494;0.0
0.14299438981984128;0.0;N;2.1922052083251278;0.2458508663032153;0.0
0.27112750832682203;0.0;N;1.0359079528484003;0.30246580056681255;0.0
0.3880363826959862;0.0;Y;0.6971380547547341;0.08364147868110872;0.2630668208823282
0.3193607519201576;0.0;N;0.958448168986763;0.33676259201459335;0.1315334104411641
0.27905579348162785;0.4;N;1.4638032649033474;0.17309484397368766;0.0
0.3262968386981399;0.8;N;0.6103457668133817;0.42938522293984294;0.2630668208823282
0.5983142249441755;0.0;N;0.9967114357135959;0.3780968507214027;0.6576670522058206
0.15503099637868215;0.0;Y;1.161896757924557;0.2793351288090232;0.1315334104411641
0.07751549818934107;0.0;N;0.17218470027074767;0.07422639093261692;0.0
0.6465133617183079;0.0;Y;0.5202871024441289;0.29596213812123173;0.2630668208823282
0.2058811631908899;0.4;Y;1.6602524757813548;0.1895845423090124;0.1315334104411641
0.2954270666992167;0.4;N;0.5991467619177232;0.2239930620801892;0.1315334104411641
0.2058811631908899;0.4;N;0.6929384279188623;0.5176681258966057;0.1315334104411641
0.12049009038551177;0.8;Y;0.5291529813198583;0.1454103107250686;0.1315334104411641
0.04650929891360465;0.0;N;0.5170207260162285;0.15502677796165723;0.0
1.3218934949623262;0.0;N;1.6616523513933124;0.3250795983051532;0.39460023132349237
0.14448888862493176;0.0;N;1.3821438542058382;0.2810754205111578;0.1315334104411641
0.6898135190068737;0.0;N;1.7316461319911771;0.3849574023708883;0.2630668208823282
0.5429371530377103;0.0;Y;0.8637232525776526;0.21204342701150977;0.39460023132349237
0.27521102477143655;0.0;N;1.9761577388797185;0.3679421035716307;0.0
0.7105566663223414;0.0;Y;1.9126967111376545;0.5942478971951187;0.39460023132349237
0.5731495936119878;0.0;N;1.8702338175749496;0.20725402610460225;0.39460023132349237
0.7782556018209843;0.0;Y;1.7134477490357323;0.29912886786405235;0.0
0.27905579348162785;0.0;Y;0.6192116456891115;0.1861038843197476;0.0
0.27905579348162785;0.0;Y;1.0816372228390052;0.165385813414354;0.2630668208823282
0.07751549818934107;0.0;N;0.6532752855800723;0.23695727684389872;0.0
0.27905579348162785;0.4;N;0.5870145066140934;0.24825802245093279;0.1315334104411641
0.3887371227996179;0.0;N;0.3728335379846269;0.4035161630689146;0.2630668208823282
0.15503099637868215;0.0;N;1.3074838215681162;0.22339638211545784;1.0522672835293128
0.15503099637868215;0.4;N;0.3509021533972959;0.22339638211545784;0.6576670522058206
0.38527062972059056;0.0;Y;0.4726913316375808;0.2857409357403879;0.0
0.37728343278716087;0.4;N;1.1003022309984358;0.3270197777954728;1.4468675148528052
1.1056438587336301;0.4;N;1.1544307546607848;0.6831905044378874;0.39460023132349237
0.37728343278716087;0.0;N;0.20578171495772274;0.2802514800648594;0.1315334104411641
0.27905579348162785;0.8;Y;0.5268198552999296;0.2979813777068783;0.0
0.2537237286733512;0.8;N;1.5141987869338103;0.1953310924643446;0.2630668208823282
0.15503099637868215;0.4;N;0.5711492496785776;0.1488113865240374;0.2630668208823282
0.9611921775478293;0.0;N;1.8184384199325294;0.7952147065113465;0.0
0.14448888862493176;0.0;N;2.061083526005128;0.3123459257628168;0.0
0.12402479710294571;0.0;Y;1.4619367640874044;0.12394974618856243;0.1315334104411641
0.5271053876875194;0.4;N;0.2505777345403563;0.22339638211545784;0.2630668208823282
0.06289917585075892;0.0;N;1.2132255303629913;0.08999664240046687;0.39460023132349237
0.34044806804758604;0.0;N;1.6317883383382232;0.2549351695962591;0.5261336417646564
0.19769552658209547;0.4;N;0.9864456812259091;0.18302106269696744;0.2630668208823282
0.4359223568574336;0.0;N;1.4572705120475467;0.22427946846326025;1.0522672835293128
0.27905579348162785;0.4;Y;1.0788374716150906;0.165385813414354;0.2630668208823282
0.15503099637868215;0.0;Y;1.0503733341719588;0.06357140221741336;0.2630668208823282
0.06201239855147286;0.0;N;1.4241401225645576;0.22339638211545784;0.6576670522058206
0.36423912475185855;0.8;Y;1.0279753243806422;0.09471712677144786;0.0
0.15501859389897182;0.4;Y;0.32150476554619273;0.18609142862548383;0.2630668208823282
0.7119023353709084;0.0;N;1.5557284300885432;0.9924505505931049;0.0
0.8602514958056694;0.0;N;0.8982535176725993;0.4284230764967136;0.1315334104411641
0.17053409601655034;0.0;N;1.1385654977252688;0.13815639780883385;0.1315334104411641
0.14448888862493176;0.0;N;2.134343683030893;0.14035844521867494;0.0
0.47426772350173685;0.0;N;1.125499992013667;0.2379609671295725;0.2630668208823282
0.6680719720747275;0.0;N;1.8039730386089707;0.5601824684036625;0.39460023132349237
0.13332665688566664;0.0;N;0.46989158041366624;0.14082012634138583;0.2630668208823282
0.2821564134092015;0.0;N;0.36443428431288305;0.30096477753053513;0.2630668208823282
0.65618419527241;0.0;N;1.4236734973605716;0.13739369164391596;0.2630668208823282
0.31365251063349453;0.8;Y;0.7396009483174389;0.24348607443299372;0.6576670522058206
0.5261752017092473;0.0;N;1.508599284485981;0.6697875807301092;0.0
0.1953390554371395;0.0;N;0.39009867053210023;0.27187662924988115;0.0
0.6465133617183079;0.0;N;1.0555062114158023;0.4652882768526806;0.1315334104411641
0.27905579348162785;0.0;N;0.48808996336911115;0.165385813414354;0.0
0.5891177862389921;0.4;N;0.58188162937025;0.04351490022291567;0.7892004626469847
0.7998886270556657;1.2;N;0.412496680323417;0.7991239298852797;0.2630668208823282
0.049721541158570935;0.0;N;1.6835837359806434;0.23360460670706878;0.1315334104411641
0.27905579348162785;0.8;Y;0.9911119332657669;0.24825802245093279;0.5261336417646564
0.7364592451972917;0.4;N;1.0172429446889695;0.512454709289761;0.0
0.5076024883430811;0.0;N;1.6593192253733835;0.5178877787086225;0.1315334104411641
0.143825355960431;0.0;N;1.3121500736079734;0.2896793218475973;0.2630668208823282
0.8673550160597406;0.4;N;1.4731357689830629;1.0801393094749865;1.183800693970477
0.12402479710294571;0.4;N;0.48015733490135304;0.1861038843197476;0.39460023132349237
0.4427685256575162;0.0;N;0.9640476714345921;0.5694707616596488;1.183800693970477
0.6790357641386278;0.4;Y;1.0205093211168699;0.1704410352455493;0.0
0.4371874097878837;0.0;N;1.4652031405153048;0.37505251495634756;0.1315334104411641
0.8055410571836324;0.0;N;1.9528264786804301;0.23638297237784478;0.5261336417646564
0.6598987379456432;0.0;Y;0.06486090335402149;0.4744878139639131;0.2630668208823282
0.6465133617183079;0.0;Y;1.64205409282591;0.27126876153581103;0.0
0.4100259792223385;0.4;N;0.1460536888475447;0.35327369624365285;0.1315334104411641
0.08153390161547652;0.0;N;1.3877433566536677;0.08423942659076512;0.0
0.7678592232038299;0.0;N;2.055017398353313;0.4800564043197642;0.1315334104411641
0.6784714513118094;0.0;Y;1.7353791336230633;0.4872525138644156;0.0
0.03100619927573643;0.8;N;0.45915920072199357;0.09908803126809189;0.0
0.17313861675571224;0.0;N;1.6644521026172268;0.13994643770302792;0.1315334104411641
0.5891177862389921;0.8;N;0.9738468007182932;0.42584139145931216;0.1315334104411641
0.12402479710294571;0.4;Y;0.37096703716868384;0.022949206463515347;0.1315334104411641
0.21309940638228134;0.4;N;0.636010153032599;0.23451849665805044;0.0
0.13230965354942248;0.4;Y;0.49228959020498303;0.19606843973076138;0.1315334104411641
0.3281696131343944;0.8;Y;0.4218291844031323;0.3082101877572725;0.5261336417646564
0.8712741996481936;0.0;N;1.1203671147698238;1.2054321822641592;0.0
0.13952789674081392;0.0;N;1.398942361549326;0.20475013321760274;0.5261336417646564
0.7441487826176744;0.4;Y;0.553884117131104;0.7454913512554011;0.1315334104411641
0.4893398369696723;0.4;Y;0.687338925471033;0.2777936807051353;0.0
0.09921983768235658;0.4;N;0.6192116456891115;0.1156625327434041;0.2630668208823282
0.1813056496449412;0.0;N;0.6705404181275454;0.08476025361498;0.9207338730881487
0.27905579348162785;0.0;N;0.44282731858249175;0.15833290706123812;0.5261336417646564
0.15503099637868215;0.8;N;1.0219091967288272;0.11151888872832716;0.2630668208823282
0.4893398369696723;0.4;Y;0.6817394230232039;0.20825562801039949;0.39460023132349237
0.20414481603144866;0.4;N;0.12272242864825639;0.14105454698252964;0.0
0.18649608740369947;0.4;N;0.5062883463245561;0.0713125043248513;0.1315334104411641
0.5637795201908603;0.0;Y;0.5767487521264066;0.2380995460513813;0.5261336417646564
0.8991797789963565;0.0;N;1.0447738317241297;0.55902886227685;0.0
1.5473767773353366;0.0;N;0.7088036848543783;1.0844354052210523;0.0
0.27786515542943957;0.4;Y;0.7526664540290405;0.1347297393563772;0.1315334104411641
0.34454088635198316;0.8;N;0.4446938193984349;0.4513281286428388;0.39460023132349237
0.37728343278716087;0.8;Y;0.587947757022065;0.2580980209193089;0.1315334104411641
0.5261752017092473;0.0;N;0.8903208892048412;0.5357583436523268;0.39460023132349237
0.4371874097878837;0.0;N;1.2057595270992187;0.3879977851311769;0.5261336417646564
0.5261752017092473;0.0;N;1.5160652877497534;0.20584019292817135;0.2630668208823282
0.08743748195757674;0.4;N;1.1992267742434184;0.1895845423090124;0.2630668208823282
0.43408678986031;0.0;N;1.5272642926454114;0.7454913512554011;0.2630668208823282
0.46465580172625853;0.0;N;1.9416274737847719;0.7448341082742493;0.0
0.07122123973636657;0.0;N;1.9145632119535974;0.1362562704611468;0.0
0.17673533587169762;0.4;Y;0.3359701468697514;0.12457126295682575;0.0
0.23668892279126158;0.4;N;1.2519554222938098;0.09870861739551832;0.39460023132349237
0.5966212864637204;0.0;N;0.9318505323595744;0.6035411876458097;0.5261336417646564
0.7134898527738261;0.0;Y;0.9691805486784358;0.5113200477518287;0.1315334104411641
0.4030805905845736;0.0;Y;0.8917207648167985;0.2979813777068783;0.2630668208823282
0.662788515718142;0.0;Y;0.7321349450536665;0.3547294461876062;0.39460023132349237
0.18195367920980407;1.6;N;0.629944025380784;0.1182228864720664;0.2630668208823282
0.5520591768646319;0.0;N;1.0923696025306777;0.5005542257331763;0.2630668208823282
0.5436751005804729;0.0;N;0.11105679854861222;0.34523843091360235;0.2630668208823282
0.14448888862493176;0.0;Y;0.30517288340669085;0.19152822729412483;0.6576670522058206
0.8296855845596484;0.0;Y;0.2804417475954452;0.4137178987659091;0.0
0.6382316058917586;0.0;N;0.46989158041366624;0.804562667763806;0.1315334104411641
0.5891177862389921;0.0;Y;0.7396009483174389;0.2708595882499965;0.0
0.10120423443600371;1.6;N;0.5291529813198583;0.1268535638219232;0.0
0.8282934062121678;0.0;N;1.1049684830382935;0.8264548556697999;0.0
0.5138967467960556;0.0;Y;1.186161268531817;0.3273305734721023;0.39460023132349237
0.0217043394930155;0.4;Y;0.8879877631849126;0.05035919234336237;0.39460023132349237
0.17554469781950935;0.0;Y;1.757310518210394;0.3308783579573994;0.1315334104411641
0.8991797789963565;0.0;Y;0.8016621004475457;0.3192913551372854;0.5261336417646564
0.5488097271805348;0.0;N;2.0265532609101813;0.30958352128109734;0.6576670522058206
0.33176013101052465;0.0;N;1.9514266030684728;0.34869320790939695;0.0
0.24804959420589143;0.0;N;1.7722425247379388;0.1970722791864263;0.7892004626469847
0.12500459300005898;0.8;N;0.5128210991803568;0.18728232725009203;0.39460023132349237
1.0303049957334458;0.4;Y;1.169829386392315;0.25493837675106956;0.0
0.7534506424003952;1.2;N;0.5123544739763708;0.7544415507263714;0.2630668208823282
0.86817357972062;0.0;Y;0.5310194821358016;1.0811238314167932;0.0
0.18449928817034203;0.0;N;1.416674119300785;0.34523843091360235;0.2630668208823282
0.15472093438592477;0.8;N;0.33503689646177987;0.7442482431338789;0.1315334104411641
0.21396757996200194;0.4;N;0.6551417863960152;0.09785491753597891;0.5261336417646564
0.27905579348162785;0.4;Y;0.5212203528521006;0.17309484397368766;0.0
0.3281696131343944;0.4;N;0.7074038092424209;0.1325633435744288;0.2630668208823282
0.15503099637868215;0.8;Y;1.1203671147698238;0.08914339005090102;0.1315334104411641
0.1085216974650775;0.0;N;0.13625455956384355;0.1338943874057533;0.0
0.3005368883398581;0.8;Y;1.1833615173079022;0.22750497118260685;0.39460023132349237
0.6116096831936114;0.0;Y;1.568327310596159;0.25727534841793553;0.5261336417646564
0.33176013101052465;0.0;N;1.579992940695803;0.2905178809530316;0.1315334104411641
0.06201239855147286;0.0;N;1.6331882139501805;0.1488113865240374;0.0
0.4100259792223385;0.0;Y;1.2822860605528845;0.2353962874711659;0.6576670522058206
0.32200868133830557;0.0;N;1.1483646270089696;0.15403643839019435;0.1315334104411641
0.17372463392202364;0.4;N;0.42789531205494724;0.30743965016781755;0.1315334104411641
0.7119023353709084;0.0;Y;1.186161268531817;0.3570526942152833;0.39460023132349237
0.5373188297289468;0.0;N;1.39520935991744;0.3902408542885933;0.0
0.9590217435985278;0.0;N;2.0279531365221386;2.6457513110645907;0.1315334104411641
0.5903673360698043;0.4;N;0.7288685686257661;0.19893548696129557;1.0522672835293128
0.13425684286393874;0.0;N;1.6126567049748068;0.198410408592332;0.0
0.27905579348162785;0.4;N;0.5398853610115312;0.26601641156126765;0.5261336417646564
1.0342427830414644;0.0;N;1.0494400837639875;0.5121298170489648;0.39460023132349237
0.14634305934162078;0.4;N;1.5277309178493976;0.4262526531250033;0.1315334104411641
0.21396757996200194;0.0;N;0.3774997900244846;0.29428196192554384;0.1315334104411641
0.5271053876875194;0.0;N;1.5300640438693263;0.44715136888971924;0.1315334104411641
0.5261752017092473;0.0;Y;0.5174873512202142;0.19674321018587698;0.39460023132349237
0.7441487826176744;0.0;Y;1.3891432322656252;0.28650677447512063;0.2630668208823282
0.33670561979500463;0.8;N;0.5790818781463353;0.19620269272282598;0.2630668208823282
0.34454088635198316;0.0;Y;1.975224488471747;0.1803160886618534;0.9207338730881487
0.02164232709446403;0.0;N;1.7395787604589352;0.10517916410305642;0.2630668208823282
0.15676734353812338;0.0;N;0.28510799963530287;0.12869476902309301;0.2630668208823282
0.024804959420589145;0.0;N;1.7997734117730988;0.06676789137347486;0.1315334104411641
0.37728343278716087;0.0;N;1.1632966335365145;0.2802514800648594;0.0
0.5596060857683463;0.0;Y;0.687338925471033;0.21821212824188937;0.6576670522058206
0.6465133617183079;0.0;N;1.4479380079678317;0.4935092999745887;0.5261336417646564
1.013155466914036;0.0;Y;1.0405742048882578;0.19285039551097394;0.39460023132349237
0.43408678986031;0.0;N;0.6696071677195742;0.7454913512554011;0.5261336417646564
0.1853860654696281;0.0;N;0.7643320841286846;0.17913406565172055;0.2630668208823282
0.03100619927573643;0.8;N;0.3733001631886127;0.06744594356839646;0.0
0.17673533587169762;0.0;N;1.8707004427789353;0.24950113057245502;0.1315334104411641
0.2318767606636673;0.4;N;0.3840325428802853;0.1803160886618534;0.1315334104411641
0.43408678986031;0.4;N;0.9859790560219235;0.2793351288090232;0.1315334104411641
0.168034996354926;0.0;Y;1.3499467151308207;0.14472957347030574;0.2630668208823282
0.2527439327762379;0.0;N;1.9682251104119606;0.2726642468033265;0.0
0.29455889311949607;0.0;N;1.8156386687086148;0.1562698860831794;0.0
0.31179833991680556;0.4;N;0.7825304670841295;0.2352447307601241;0.1315334104411641
0.2027402352042578;0.4;N;0.9551817925588627;0.18706603076287695;0.0
0.27905579348162785;0.0;N;0.9355835339914604;0.1488113865240374;0.39460023132349237
0.8730725592061864;0.4;N;1.1516310034368702;0.362099637111968;0.2630668208823282
0.12402479710294571;0.0;Y;1.1385654977252688;0.17722468976458017;0.1315334104411641
0.15503099637868215;0.4;N;0.7811305914721722;0.2030550400227965;0.7892004626469847
0.0;0.0;Y;1.1222336155857668;0.04936475059714196;0.2630668208823282
0.8371673804448836;0.0;Y;0.5361523593796451;0.26068887991116807;0.0
0.14799879038294514;0.0;Y;0.3910319209400717;0.05029952434688924;0.2630668208823282
0.15068082662029633;0.0;Y;1.6075238277309636;0.1245115949603526;0.2630668208823282
0.6004660551739117;0.0;N;1.749844514946622;0.33719652751894424;1.0522672835293128
0.27905579348162785;0.0;Y;1.006510564997297;0.1861038843197476;0.1315334104411641
0.6225920789770771;0.0;N;0.9715136746983645;0.39269686360842315;0.39460023132349237
0.6182636135581845;0.0;N;1.4698693925551625;0.5202446645693114;0.1315334104411641
0.48142085367464926;0.0;N;0.7078704344464068;0.3078004923764888;0.1315334104411641
0.07131425833419379;0.8;N;1.0998356057944503;0.20475013321760274;0.0
0.260452073916186;0.0;N;1.3499467151308207;0.19995536219101268;0.6576670522058206
0.8991797789963565;0.0;Y;1.907097208689825;0.44715136888971924;0.2630668208823282
0.0930185978272093;0.4;N;0.24311173127658403;0.22913368373133666;0.1315334104411641
0.19432205210089537;0.0;N;1.1199004895658382;0.30076585934729283;0.0
0.0930185978272093;0.8;Y;0.7927962215718163;0.09908803126809189;0.0
0.34454088635198316;0.0;N;0.4703582056176519;0.3222747549609422;0.1315334104411641
0.27905579348162785;0.8;N;0.4446938193984349;0.1861038843197476;0.1315334104411641
0.03509901758013364;0.0;N;1.779708528001711;0.06080109172616123;0.39460023132349237
0.662788515718142;0.4;N;0.3131055118744489;0.5179376014856775;0.5261336417646564
0.18090877029421176;0.0;N;2.1091459220156614;0.24238355902816133;0.6576670522058206
0.16433285616140306;0.0;N;0.40689717787558777;0.06676789137347486;0.1315334104411641
0.15503099637868215;0.8;Y;0.5963470106938088;0.05701448608498041;0.0
0.4371874097878837;0.0;N;1.1455648757850552;0.4501347687133761;0.2630668208823282
0.687345425544525;0.0;N;1.8986979550180814;0.8224914835890673;0.1315334104411641
0.15503099637868215;0.0;Y;0.2636432402519577;0.1488113865240374;0.0
0.15935636117764737;0.0;N;1.6392543416019956;0.14735578575007524;0.1315334104411641
0.09535026401274466;0.8;N;0.4899564641850541;0.12122090495485913;0.7892004626469847
0.35058089397089665;0.0;N;0.16005244496711768;0.2618993198046212;0.0
0.6225920789770771;0.0;N;2.0414852674377255;0.5611492391165185;0.1315334104411641
0.7119023353709084;0.0;Y;1.275286682493098;0.4826296612526638;0.0
0.6791597889357307;0.4;N;0.4432939437864776;0.2843571603171803;0.2630668208823282
0.2563344506523682;0.4;N;0.3490356525813529;0.1724399131273994;0.39460023132349237
0.3036127033080111;0.4;N;0.7839303426960865;0.16062564982571836;0.39460023132349237
0.12402479710294571;0.0;N;1.7241801287274052;0.16915272861669872;0.1315334104411641
0.07751549818934107;0.0;N;1.9546929794963732;0.217180990677838;0.2630668208823282
0.2563344506523682;0.0;N;0.9159852754240585;0.1971253837032874;0.1315334104411641
0.5891177862389921;1.2;Y;0.6826726734311757;0.26601641156126765;0.2630668208823282
0.217043394930155;0.4;N;0.3378366476856944;0.24825802245093279;0.1315334104411641
0.48059608877391463;0.0;Y;1.2897520638166569;0.40985887109400904;0.0
0.35058089397089665;0.0;N;1.0653053406995034;0.2618993198046212;0.2630668208823282
0.31179833991680556;0.0;Y;0.8114612297312469;0.20579432315588259;0.0
0.4147389215122505;0.8;Y;0.6075460155894673;0.4285349539901007;0.0
1.3271149389203605;0.0;N;1.3798107281859096;0.816376931065487;0.0
0.8346868845028247;0.4;Y;0.3802995412483991;0.8326066261061802;0.0
0.3590207814137521;0.0;Y;1.6369212155820667;0.14179360970384505;0.1315334104411641
0.5077575193394598;0.4;Y;1.034508077236443;0.3923653333030193;0.1315334104411641
0.48840965099140027;0.0;N;2.012554504790608;0.3566265155504739;0.1315334104411641
0.15935636117764737;0.0;N;1.5561950552925294;0.4575559757747224;0.1315334104411641
0.2015402952922868;0.4;Y;0.3065727590186482;0.17444997875858814;0.5261336417646564
0.315227625556702;0.4;Y;0.815194231363133;0.1662135576954276;0.1315334104411641
0.018132425336450663;0.0;N;1.1894276449597174;0.09814333771393095;0.6576670522058206
0.3131626126849379;0.0;Y;0.9957781853056242;0.23618241332469944;0.0
0.14448888862493176;0.0;N;2.059217025189185;0.42179247038863626;0.1315334104411641
0.38615740701987666;0.0;N;0.719536064546051;0.26371546444727234;0.1315334104411641
0.5373188297289468;0.4;Y;1.0181761950969412;0.6831905044378874;0.39460023132349237
0.33038345576268197;0.0;Y;1.7582437686183658;0.2713032198037743;0.1315334104411641
0.8960791590687828;0.0;N;1.7185806262795758;0.42850511999186414;0.0
0.15068082662029633;0.0;Y;0.9201849022599302;0.09741449313701159;0.2630668208823282
0.6750669706313336;0.4;Y;0.7577993312728839;0.33933129926276184;0.0
0.5426084873253875;0.0;Y;0.9122522737921721;0.7662094221607946;0.1315334104411641
0.4709221545998849;0.0;N;0.9687139234744498;0.4825941587947623;0.0
0.1860371956544186;0.0;N;1.5141987869338103;0.22663918855378162;0.2630668208823282
0.0930185978272093;0.0;N;0.09472491640911053;0.165385813414354;0.0
0.2916877190665629;0.0;N;1.1408986237451977;0.1937003661207338;0.0
0.14448888862493176;0.0;Y;1.6537197229255542;0.12025599886689292;0.1315334104411641
0.05162532179410115;0.0;Y;2.058750399985199;0.1321540957036187;0.0
0.217043394930155;0.4;N;1.073704594371247;0.17012136395444447;0.0
0.16427704500270676;0.0;N;2.0536175227413556;0.27596567704818514;0.2630668208823282
0.5077575193394598;0.0;N;0.12085592783231336;0.25883917202050083;0.1315334104411641
0.6827099987528025;0.0;N;1.0933028529386495;0.47653994553261547;0.9207338730881487
0.8959489330318248;0.0;N;1.990623120203277;0.27836365924144496;0.1315334104411641
0.37728343278716087;0.0;N;1.5272642926454114;0.3065586521998917;0.2630668208823282
0.039191835884530846;0.0;Y;0.4297618128708904;0.08407161035068443;0.0
0.12402479710294571;0.0;N;0.08819216355330978;0.12191186035401803;0.0
0.5891177862389921;0.4;Y;0.9131855242001438;0.22913368373133666;0.2630668208823282
0.49609918841178285;0.0;Y;0.7036708076105349;0.21096552465522256;0.0
0.43408678986031;0.0;N;1.1912941457756603;0.2190089943347881;0.1315334104411641
0.0930185978272093;0.0;Y;0.1698515742508188;0.07422639093261692;0.5261336417646564
0.6768498270896883;0.0;N;1.684516986388615;0.42532593455477985;0.0
0.27905579348162785;0.0;N;0.7167363133221364;0.3548080587729595;0.0
0.16782105357992344;0.4;Y;0.13812106037978675;0.1590668234178577;0.2630668208823282
0.34454088635198316;0.0;Y;0.37703316482049876;0.15020366463674242;0.2630668208823282
0.32556509239523246;0.0;N;1.5575949309044865;0.285550520246643;0.1315334104411641
0.43408678986031;0.0;Y;0.9673140478624925;0.44715136888971924;0.1315334104411641
0.5077575193394598;0.0;N;1.223491284850678;0.4316376898067038;0.2630668208823282
0.5113480372155901;0.0;N;0.1740512010866907;0.2895582703997524;0.2630668208823282
0.34454088635198316;0.4;N;0.6808061726152322;0.20039108773525774;0.2630668208823282
0.8346868845028247;1.2;N;1.2790196841249841;0.6937791125070146;0.0
0.1649529801469178;0.0;N;0.06906053018989337;0.44018080437173623;0.0
0.3486337046563804;0.0;N;1.775508901165839;0.15709285692453517;0.7892004626469847
0.43408678986031;0.0;N;1.3373478346232046;0.33866413647719656;0.1315334104411641
0.5298897443824804;0.8;Y;1.5692605610041308;0.5393324566410677;0.0
0.1620383974149986;0.0;N;1.530530669073312;0.3092188752376509;0.2630668208823282
0.2821564134092015;0.0;Y;0.6033463887535953;0.0938049522753648;0.2630668208823282
0.1364272768132403;0.8;Y;0.7549995800489692;0.14348385487393783;0.0
0.3565650904311138;0.0;Y;1.746111513314736;0.310407237972409;0.2630668208823282
0.20414481603144866;0.0;N;0.211381217405552;0.22590243796732956;0.0
0.43408678986031;0.0;N;0.617811770077154;0.2793351288090232;0.2630668208823282
0.3036127033080111;0.0;Y;0.32663764279003615;0.14599073116076106;0.1315334104411641
0.5271053876875194;0.0;Y;1.7633766458622093;0.22339638211545784;0.2630668208823282
0.43408678986031;0.0;N;0.1283219310960856;0.2030550400227965;0.39460023132349237
0.1781058098796852;0.0;N;1.038241078868329;0.20084784624825963;0.2630668208823282
0.3281696131343944;0.0;Y;1.4400053795000736;0.14364018502469744;0.6576670522058206
0.7364592451972917;0.8;N;0.717202938526122;1.0252679486533298;0.1315334104411641
0.9549909376926821;0.0;N;1.6037908260990772;0.6238000387333468;0.1315334104411641
0.05160361745460814;0.8;N;0.45355969827416437;0.09899979721830723;0.1315334104411641
0.9802175814234212;0.0;N;1.9766243640837042;0.44191140002444396;0.0
0.27905579348162785;0.0;Y;1.5538619292726001;0.24825802245093279;0.5261336417646564
0.47749546884634103;0.0;N;1.3532130915587208;0.3491253533738536;0.39460023132349237
0.0637487457109141;0.4;Y;0.6430095310923855;0.15159586816445186;0.2630668208823282
0.7441487826176744;0.8;Y;0.7223358157699654;0.5323913531963433;0.39460023132349237
0.34454088635198316;0.0;N;1.8081726654448427;0.30076585934729283;0.2630668208823282
0.13937286574443525;0.0;N;1.867900691555021;0.10609454575394991;0.2630668208823282
0.14448888862493176;0.0;Y;0.2748422451476161;0.14035844521867494;0.6576670522058206
0.15503099637868215;0.0;Y;0.6439427815003568;0.08914339005090102;0.2630668208823282
0.5814282488186095;0.0;Y;0.873055756657368;0.4907090063151088;0.5261336417646564
0.4893398369696723;0.0;N;1.2206915336267634;0.24997847454424008;0.0
0.8217914062240459;0.0;Y;1.8515688094155192;0.2560655052044471;0.39460023132349237
0.39616620814608433;0.4;Y;1.0307750756045566;0.2051528921937964;0.39460023132349237
0.7543219166000434;0.0;Y;1.7843747800415688;0.1713774498651996;0.0
0.07429085346466448;0.4;N;0.7601324572928125;0.041856502845940426;0.5261336417646564
0.5445928840790346;0.0;Y;1.000444437345482;0.5534797386048483;0.1315334104411641
0.17467652423978874;0.0;N;1.5939916968153762;0.4119472509705688;0.0
0.27771632567291604;0.0;N;1.8921652021622803;0.24718399851441633;0.6576670522058206
0.15068082662029633;0.8;N;0.8921873900207843;0.14532327003521342;0.0
0.34787715339405245;0.4;N;0.8366589907464782;0.3501793885315516;0.0
0.5891177862389921;0.0;Y;0.9323171575635602;0.3311302314875116;0.0
0.34454088635198316;0.4;N;0.41902943317921776;0.4513281286428388;0.0
0.11289977280281148;0.0;N;2.09281403987616;0.09854535084016872;0.1315334104411641
0.6413260245794772;0.0;N;2.0382188910098256;1.0104452249694733;0.2630668208823282
0.27905579348162785;0.4;N;1.115700862729966;0.4968747241456648;0.0
0.14448888862493176;0.0;N;0.5958803854898231;0.26348581724584635;0.0
0.17237276363360152;0.0;Y;1.9514266030684728;0.12194773573689753;0.1315334104411641
0.0930185978272093;0.0;Y;1.3308150817674045;0.19853474177998287;0.1315334104411641
0.19432205210089537;0.0;N;0.6747400449634176;0.21645102732598476;0.0
0.12402479710294571;0.4;Y;0.8590570005377948;0.17722468976458017;0.2630668208823282
0.34454088635198316;0.0;N;0.29164075249110366;0.30076585934729283;0.39460023132349237
0.18846808167763632;0.4;N;0.33317039564583684;0.21081836845892069;0.0
0.46509298913604646;0.0;Y;0.18991645802220675;0.44424479161152164;0.1315334104411641
0.15503099637868215;0.0;N;1.0116434422411404;0.12750140909363028;0.39460023132349237
0.15503099637868215;0.0;N;1.519331664177654;0.12750140909363028;0.0
0.15503099637868215;0.8;Y;0.3751666640045557;0.12750140909363028;0.1315334104411641
0.46509298913604646;0.0;N;1.347613589110892;0.3974280136337737;0.1315334104411641
0.15472093438592477;0.0;Y;0.6985379303666915;0.1272883197612256;0.0
0.5077575193394598;0.0;N;1.9766243640837042;0.4316376898067038;0.39460023132349237
0.43408678986031;0.0;N;0.7144031873022078;0.22339638211545784;0.39460023132349237
0.4030805905845736;0.8;N;0.4619589519459082;0.4173173706531511;0.39460023132349237
0.9688041994700226;0.4;N;0.5422184870314598;0.3432171775330748;0.1315334104411641
0.0930185978272093;0.4;N;0.9197182770559446;0.07067472802754907;0.1315334104411641
0.17467652423978874;0.4;N;0.2407786052566552;0.10958959864736388;0.1315334104411641
0.4100259792223385;0.8;N;0.4866900877571538;0.2118207907996694;0.1315334104411641
0.2058811631908899;0.8;N;0.35603503064113934;0.3795276146918328;0.0
0.43408678986031;0.0;N;1.6793841091447717;0.3725663732982988;0.7892004626469847
0.88228140039108;0.0;Y;1.2962848166724577;0.3990779829062472;0.0
0.5891177862389921;0.0;N;0.8464581200301793;0.9319538402339522;0.2630668208823282
0.12402479710294571;0.0;N;0.33317039564583684;0.17722468976458017;0.1315334104411641
0.20895697815904293;0.0;Y;1.5533953040686146;0.23053267449364495;0.0
0.15217222480545925;0.0;Y;0.9537819169469054;0.08776804273219521;0.1315334104411641
0.026553709059740676;0.4;N;1.1385654977252688;0.09194778588513842;0.0
0.34454088635198316;0.0;N;1.1810283912879733;0.36099078198251033;0.39460023132349237
0.27905579348162785;0.0;N;1.3140165744239165;0.1861038843197476;0.39460023132349237
0.29951988500361393;0.0;Y;0.9355835339914604;0.15865660594210487;0.1315334104411641
0.5113480372155901;0.0;N;0.3369033972777229;0.2895582703997524;0.39460023132349237
0.06821363840662015;0.0;N;1.7190472514835613;0.05152659669435928;0.0
0.5149416557116478;0.0;N;1.855768436251391;0.3858973224853313;0.39460023132349237
0.3262968386981399;0.0;Y;1.4465381323558741;0.10075761639440582;0.2630668208823282
1.1570273321733806;0.0;N;1.670051605065056;1.142760871773543;0.2630668208823282
0.23014041350422607;0.0;N;1.5879255691635614;0.11385675541514023;0.1315334104411641
0.12402479710294571;0.0;N;1.7153142498516754;0.04936475059714196;0.39460023132349237
0.3281696131343944;0.4;Y;0.6733401693514601;0.34523843091360235;0.1315334104411641
0.1773151517981539;0.0;N;1.7045818701600028;0.2000870792932271;0.0
0.6182636135581845;1.2;N;0.7545329548449835;0.15582237610963087;0.7892004626469847
0.15676734353812338;0.4;N;0.7424006995413533;0.2653394781412799;0.2630668208823282
0.27905579348162785;0.8;N;0.9869123064298947;0.2568310455991974;0.1315334104411641
0.14448888862493176;0.8;Y;0.5935472594698941;0.1001535525151109;0.0
0.43408678986031;0.4;Y;0.6224780221170114;0.3192913551372854;0.1315334104411641
0.4991998083393565;0.0;N;0.8105279793232752;0.4247758702122931;0.0
0.07429085346466448;0.4;N;1.1315661196654823;0.16850182536017236;0.2630668208823282
0.11757550765359254;0.0;Y;0.18338370516640598;0.11877847010422687;0.1315334104411641
0.15503099637868215;0.0;Y;0.34296952492953797;0.12750140909363028;0.0
0.8061611811691471;0.0;N;1.0247089479527418;0.6709063556639807;0.0
0.7788168140278752;0.0;Y;1.1810283912879733;0.5562180521329917;0.0
0.15472093438592477;0.8;Y;0.6150120188532394;0.1272883197612256;0.1315334104411641
0.27905579348162785;0.0;N;0.105457296100783;0.12394974618856243;0.2630668208823282
0.3410681920331007;0.8;N;1.0125766926491122;0.2553613482610685;0.39460023132349237
0.8116802846402282;0.0;Y;1.8464359321716755;0.33748658856679925;0.39460023132349237
0.2673819594543131;0.4;Y;0.4647587031698228;0.17908357160970517;0.1315334104411641
0.012278454913191626;0.0;N;1.4003422371612833;0.029390142927803647;0.39460023132349237
0.49609918841178285;0.0;Y;0.2995733809588616;0.42228972855424435;0.0
0.1649529801469178;0.4;Y;0.4302284380748761;0.13432056607056267;0.39460023132349237
0.26704399188220757;0.0;N;1.1227002407897528;0.10206367425220719;0.1315334104411641
0.7091613873549333;0.8;N;0.901053268896514;0.5233070499032995;0.5261336417646564
0.10120423443600371;0.0;N;1.1716958872082581;0.1268535638219232;0.1315334104411641
0.12712541703051936;0.0;N;1.5785930650838458;0.12643588784661125;0.2630668208823282
0.5891177862389921;0.4;N;0.7330681954616383;0.42584139145931216;0.1315334104411641
0.2922520318933813;0.0;N;1.1786952652680445;0.15516006134877908;0.1315334104411641
0.27521102477143655;0.4;N;0.7055373084264779;0.12240829808467453;0.0
0.35269241614157426;0.0;N;1.3345480833992904;0.46113232631333106;0.0
0.22041686941135513;0.0;Y;0.6234112725249831;0.30203880146705164;0.6576670522058206
0.5445928840790346;0.4;N;1.147898001804984;0.34579035988097884;0.0
0.3193607519201576;0.0;N;1.8646343151271205;0.14010858548344365;0.1315334104411641
1.1796649582645957;0.0;N;0.06719402937395035;0.6468087640233442;0.2630668208823282
0.5445928840790346;0.0;Y;1.4115412420569418;0.13810098115710942;0.39460023132349237
0.1557658433015171;0.0;N;2.1040130447718184;0.10174996976074968;0.0
0.13952789674081392;0.0;N;0.0909919147772243;0.16372838564232148;0.1315334104411641
0.14448888862493176;0.0;N;2.0755489073286864;0.21071693286491636;0.0
0.6182636135581845;0.4;N;0.9509821657229909;1.0408479337974261;0.39460023132349237
0.8991797789963565;0.4;N;1.1805617660839876;0.5128409103969334;0.9207338730881487
0.24184835435074414;0.4;N;0.8226602346269053;0.2621805798229965;0.1315334104411641
0.19843967536471316;0.0;N;1.393342859101497;0.2624647486561998;0.1315334104411641
0.19432205210089537;0.0;Y;0.5114212235683995;0.21645102732598476;0.2630668208823282
0.3720743913088372;0.0;Y;0.8534574980899657;0.3874833724165829;0.2630668208823282
0.27905579348162785;0.0;N;1.540796423560999;0.4968747241456648;0.6576670522058206
0.05674134467459766;0.0;Y;0.23797885403274066;0.06560250081735892;0.1315334104411641
0.34454088635198316;0.0;Y;1.4297396250123866;0.10001624153822711;0.9207338730881487
0.12402479710294571;0.0;Y;0.41296330552740285;0.10619135707822758;0.0
0.8861013641418508;0.0;Y;1.5398631731530272;0.400748686807495;0.0
0.13425684286393874;0.0;N;1.0349747024404288;0.24057353035514878;0.0
0.4893398369696723;0.0;N;0.1791840783305341;0.2777936807051353;0.0
0.03755470856277196;0.0;N;1.0769709707991475;0.06561033224189602;0.1315334104411641
0.31179833991680556;0.0;N;1.4656697657192903;0.12650472979754213;0.39460023132349237
0.01857271336616612;0.0;Y;1.5132655365258385;0.11322367797256025;0.39460023132349237
0.168034996354926;0.0;N;0.3672340355367978;0.15923836890771795;0.1315334104411641
0.27905579348162785;0.0;Y;1.349480089926835;0.1488113865240374;0.2630668208823282
0.15217222480545925;0.0;N;0.15865256935516034;0.12553661655476547;0.0
0.475430455974577;0.0;N;1.41060799164897;0.2703583770796222;0.1315334104411641
0.43408678986031;0.0;N;2.0279531365221386;0.6988757290107633;0.2630668208823282
0.4832006095130765;0.0;Y;0.9276509055237027;0.3530464357620858;0.39460023132349237
1.5745568116204471;0.8;Y;1.0797707220230623;0.1541278050097938;0.2630668208823282
0.15503099637868215;0.0;Y;1.2104257791390767;0.11151888872832716;0.7892004626469847
0.8824674375867345;0.0;N;1.655586223741497;0.6274553001972912;0.0
0.20464091521986044;1.2;Y;0.6425429058883997;0.1008639000131236;0.39460023132349237
0.2143396543533108;0.0;N;2.040552017029754;0.23571185658751317;0.2630668208823282
0.6747569086385762;0.0;N;1.508599284485981;0.4038565689887939;0.39460023132349237
0.4371874097878837;0.0;Y;0.7405341987254104;0.3879977851311769;0.1315334104411641
0.3281696131343944;0.0;N;0.5179539764242002;0.2614573291207465;0.1315334104411641
0.34454088635198316;0.4;Y;0.3317705200338795;0.36099078198251033;0.0
0.18449928817034203;0.0;Y;1.0438405813161582;0.12924028368084867;0.1315334104411641
0.04737747249332526;0.0;N;0.5165541008122428;0.07506174288324083;0.0
0.18541707166890384;0.4;Y;0.9187850266479729;0.17317584327889993;0.2630668208823282
0.7441487826176744;0.8;Y;1.2267576612785784;0.5823366733991688;0.0
0.14448888862493176;0.0;Y;1.2594214255575822;0.08407161035068443;0.39460023132349237
0.5261752017092473;0.4;Y;0.49835571785679794;0.30425330457115646;0.39460023132349237
0.20245807879084857;0.4;Y;0.7717980873924567;0.1600971405469576;0.1315334104411641
0.1649529801469178;0.0;N;2.095613791100075;0.20458798543718695;0.5261336417646564
0.7119023353709084;0.0;N;0.44422719419444906;0.3245607850758193;0.2630668208823282
0.1773151517981539;0.4;N;0.7144031873022078;0.14281691584335934;0.1315334104411641
0.30695827220986305;0.4;N;0.8609235013537382;0.23191823995674674;0.5261336417646564
0.5767153065286976;0.0;N;1.002777563365411;0.20847938299717372;0.1315334104411641
0.29976793459781975;0.0;N;0.8651231281896098;0.1985595785835148;0.0
0.6078951405203782;0.0;Y;1.7563772678024228;0.5295960567315681;0.1315334104411641
0.06492698128339208;0.0;Y;0.04526264478661923;0.09194778588513842;0.0
0.43408678986031;0.4;N;0.4666252039857659;0.2940558202189107;0.2630668208823282
0.09507430883919062;0.0;N;1.893098452570252;0.13749818522273954;0.0
0.19168342454253018;0.0;N;1.1982935238354468;0.2139121540760528;0.0
0.8460475559174544;0.0;N;1.6765843579208568;0.4215895992006276;0.2630668208823282
0.06201239855147286;0.8;Y;0.48342371132925344;0.11151888872832716;0.39460023132349237
0.07751549818934107;0.0;N;1.6663186034331698;0.11829933609254759;0.1315334104411641
0.27905579348162785;0.0;N;0.6887388010829903;0.2979813777068783;0.1315334104411641
0.49974551744660944;0.4;Y;0.5576171187629904;0.42521346038142793;0.5261336417646564
0.07122123973636657;0.4;N;0.7615323329047698;0.0907179538928315;0.39460023132349237
1.0342427830414644;0.0;Y;0.9052528957323857;0.5690729998781598;0.0
0.2922520318933813;0.0;N;0.9173851510360155;0.25883917202050083;0.5261336417646564
0.6201239855147286;0.0;Y;1.0102435666291831;0.6522601067661254;0.1315334104411641
0.4064478638259186;0.4;N;0.8217269842189336;0.2334835552592239;0.39460023132349237
0.15503099637868215;1.2;Y;0.9407164112353038;0.08914339005090102;0.6576670522058206
0.9277178848097443;0.4;N;0.9617145454146635;0.49032183560299375;0.1315334104411641
0.27905579348162785;0.0;N;1.1511643782328844;0.2979813777068783;0.2630668208823282
0.09157370894095997;0.0;N;1.144165000173098;0.1470735561267573;0.2630668208823282
0.15503099637868215;0.4;N;1.202026525467333;0.08914339005090102;0.1315334104411641
1.320324581278974;0.0;N;1.6331882139501805;1.0831773801004119;0.39460023132349237
0.3281696131343944;0.0;Y;1.562261182944344;0.1724399131273994;0.2630668208823282
0.49854557753463846;0.0;N;0.11898942701637033;0.31809881564277426;0.1315334104411641
0.15503099637868215;0.8;N;0.6574749124159439;0.2127413934002543;0.39460023132349237
0.4247849300775891;0.0;N;1.1586303814966565;0.6641259082997601;0.1315334104411641
0.45188434824458273;0.4;N;0.4736245820455523;0.2636383435618308;0.39460023132349237
0.12402479710294571;0.0;N;1.3709448493101801;0.24825802245093279;0.0
0.5484624577486465;1.6;N;0.7307350694417092;0.3664582350843394;0.0
0.4371874097878837;0.0;N;1.6387877163980098;0.4893080763429151;0.1315334104411641
0.158435477059158;0.0;Y;1.5491956772327429;0.15154119736268334;0.0
0.03509901758013364;0.0;N;2.1194116765033484;0.14420069126656695;0.0
0.018603719565441858;0.0;N;0.7797307158602148;0.0394200347949555;0.0
0.2694314692264393;0.0;Y;0.6700737929235597;0.36099078198251033;0.5261336417646564
0.49974551744660944;0.0;N;1.863234439515163;0.42521346038142793;0.0
0.1085216974650775;0.0;N;1.7055151205679742;0.11151888872832716;0.0
0.05823584347968816;0.0;N;1.8170385443205723;0.17853350726721842;0.0
0.07751549818934107;0.0;N;1.4241401225645576;0.09287263983047205;0.0
0.6182636135581845;0.0;N;1.0373078284603574;0.34671021663160784;0.7892004626469847
0.45250447223009743;0.4;Y;0.8137943557511755;0.09656459711224737;0.2630668208823282
0.662788515718142;0.4;Y;1.0293751999925995;0.4168698606796026;0.2630668208823282
0.36423912475185855;0.0;N;1.3662785972703226;0.37994432106220205;0.0
0.5077575193394598;0.0;N;1.9364945965409284;0.6476358370394575;0.1315334104411641
0.15637976604717668;0.0;N;2.0470847698855548;0.17300847454879276;0.1315334104411641
0.360912159569572;0.0;N;0.2883743760632033;0.21390372597155097;0.6576670522058206
0.15503099637868215;0.0;N;0.4036308014476874;0.12750140909363028;0.1315334104411641
0.11757550765359254;0.0;N;0.6304106505847696;0.11133242623934861;0.2630668208823282
0.4100259792223385;0.0;N;1.2720203060651978;0.42915430779349184;0.0
0.7441487826176744;0.4;Y;0.6901386766949478;0.5323913531963433;0.39460023132349237
0.15503099637868215;0.0;N;1.5221314154015682;0.1488113865240374;0.5261336417646564
0.17313861675571224;0.0;N;1.9327615949090422;0.19606843973076138;0.1315334104411641
0.15813161630625577;0.0;Y;1.2668874288213543;0.09063508996272943;0.0
0.15068082662029633;0.4;N;0.32010488993423536;0.17445967480801503;0.0
0.1453570622046524;0.4;N;1.2071594027111763;0.10570125907219635;0.1315334104411641
0.4617133134149911;0.0;Y;1.2122922799550195;0.3482385377762716;0.1315334104411641
0.8058728235158829;0.0;Y;1.014443193465055;0.4469972017038318;0.2630668208823282
0.05913502325868452;0.4;N;0.9864456812259091;0.14419703660178299;0.0
0.13425684286393874;0.0;N;0.13205493272797167;0.18034047795541178;0.1315334104411641
0.6827099987528025;0.0;N;1.7447116377027785;0.3811602056603335;0.2630668208823282
0.0930185978272093;0.4;N;0.03359701468697509;0.12935439872410354;0.0
0.15503099637868215;0.4;N;0.769464961372528;0.17864538476060557;0.0
0.15503099637868215;0.0;Y;0.4829570861252677;0.08914339005090102;0.1315334104411641
0.5891177862389921;0.0;Y;0.4423606933785061;0.46146795879349245;0.39460023132349237
0.27905579348162785;0.4;Y;0.48389033653323926;0.24825802245093279;0.2630668208823282
0.7119023353709084;0.4;Y;0.23704560362476898;0.3570526942152833;0.39460023132349237
0.12402479710294571;0.0;N;0.7018043067945918;0.2637338869411834;0.0
0.3332360260960497;0.0;N;1.566460809780216;0.3366336345572158;0.5261336417646564
0.18541707166890384;1.2;Y;0.49088971459302566;0.17317584327889993;0.2630668208823282
0.18541707166890384;0.0;N;0.8315261135026348;0.12979221264822516;0.2630668208823282
0.1860371956544186;0.0;N;0.13158830752398598;0.10583163364449016;0.2630668208823282
1.0342427830414644;0.0;N;1.9061639582818535;1.024618238756733;0.0
0.2563344506523682;0.0;Y;1.3830771046138102;0.06740551850078592;0.1315334104411641
0.4832006095130765;0.0;N;0.819393858199005;0.20579432315588259;0.39460023132349237
0.1891378155819922;0.4;N;0.5034885951006414;0.21146278282083056;0.0
0.27751788599755134;0.8;Y;0.27950849718747367;0.1480715033677705;0.39460023132349237
0.27905579348162785;0.0;N;1.841769680131818;0.12394974618856243;0.2630668208823282
0.09440767555476227;0.0;Y;1.1045018578343078;0.06668167111857118;0.5261336417646564
0.13547538649547516;0.0;Y;1.6075238277309636;0.07973523870699924;0.2630668208823282
0.628098779968448;0.4;Y;0.4997555934687553;0.528130759908179;0.0
0.3720743913088372;0.0;N;1.393342859101497;0.2766714002764712;0.2630668208823282
0.5261752017092473;0.4;N;1.3914763582855538;0.3347144880356529;0.1315334104411641
0.3281696131343944;0.0;Y;0.2599102386200716;0.2156395425739501;0.1315334104411641
0.12129005032682577;0.0;N;0.4544929486821359;0.2031672904411616;0.0
0.12402479710294571;0.0;N;0.2935072533070467;0.1861038843197476;0.0
0.5261752017092473;0.8;N;0.6332104018086843;0.5357583436523268;0.2630668208823282
0.3007570323547158;0.0;N;0.8669896290055529;0.18523489453611197;0.1315334104411641
0.9383716148808874;0.0;Y;2.0209537584623516;0.46600645577523037;0.2630668208823282
0.7441487826176744;0.8;N;0.7438005751533108;0.6655788240138809;0.9207338730881487
0.7308037144493973;0.4;N;1.0919029773266922;0.3661460968777894;0.7892004626469847
0.40616880803243693;0.0;N;2.0130211299945935;0.35018095481645906;0.5261336417646564
0.35058089397089665;0.0;N;1.165629759556443;0.2546143795302204;0.1315334104411641
0.27905579348162785;0.0;N;0.9435161624592185;0.2979813777068783;0.1315334104411641
0.35058089397089665;0.0;Y;0.434428064910748;0.22911705127731982;0.5261336417646564
0.5676180876611965;0.0;N;1.2780864337170128;0.23963853285041467;0.39460023132349237
0.9312680946268161;0.0;N;0.35136877860128174;0.5140275576767929;0.1315334104411641
0.15472093438592477;0.0;N;0.9369834096034177;0.22302345713750074;0.1315334104411641
0.12576114426238696;0.4;N;0.2636432402519577;0.18819226419630736;0.39460023132349237
0.7728977305861372;0.4;N;1.277153183309041;0.3863974148807718;0.2630668208823282
0.14448888862493176;0.4;Y;0.6383432790525277;0.1315636062935214;0.2630668208823282
0.4992184120589219;0.0;N;1.3191494516677602;0.36405518111137947;0.5261336417646564
0.23341466814774384;0.4;Y;0.7251355669938802;0.09050725128028572;0.39460023132349237
0.3590207814137521;0.0;N;0.2533774857642708;0.2676998694967616;0.0
0.3138447490690041;0.0;Y;0.9999778121414963;0.18398238870514527;0.0
0.3281696131343944;0.8;Y;0.40409742665167325;0.2156395425739501;0.1315334104411641
0.06201239855147286;0.0;Y;0.02099813417935943;0.07769727828745926;0.1315334104411641
1.0342427830414644;1.2;Y;0.8254599858508197;0.42671508009767006;0.1315334104411641
0.20245807879084857;0.8;N;0.9453826632751616;0.12444029170456719;0.1315334104411641
0.06201239855147286;0.4;Y;0.9206515274639159;0.07422639093261692;0.0
0.8567012859885975;0.0;Y;0.7055373084264779;0.2665624483139924;0.39460023132349237
0.5445928840790346;0.4;Y;0.6621411644558016;0.34579035988097884;0.2630668208823282
0.13937286574443525;0.0;N;2.1828727042454124;0.16357921565113862;0.1315334104411641
0.12712541703051936;0.0;N;0.4913563397970115;0.09473726472025755;0.1315334104411641
0.06201239855147286;0.0;N;1.1469647513970125;0.11151888872832716;0.0
0.610753912093601;0.4;Y;0.7769309646363001;0.5142231941202292;0.1315334104411641
0.30695827220986305;0.0;Y;0.10032441885693959;0.20288364370292744;0.0
0.49698286509114137;0.0;N;1.6891832384284724;0.5076696343125978;0.0
0.5447479150754133;0.0;Y;1.161896757924557;0.4612976812485572;0.2630668208823282
0.5891177862389921;0.0;Y;0.6700737929235597;0.5521228137800536;0.6576670522058206
0.5891177862389921;0.4;Y;0.8431917436022789;0.3311302314875116;0.0
0.3410681920331007;0.4;Y;1.0326415764205;0.1488113865240374;0.6576670522058206
0.34454088635198316;0.4;N;0.44609369501039214;0.28194560365472293;0.0
0.5031189919278096;0.0;N;0.171251449862776;0.21377991487886921;0.1315334104411641
0.4402880297154573;0.0;N;1.1054351082422793;0.323553365540366;0.0
0.34454088635198316;1.2;Y;0.384499168084271;0.25774806811999396;0.2630668208823282
0.18649608740369947;0.0;N;2.022820259278295;0.20892092617107497;0.2630668208823282
0.5637795201908603;0.8;Y;1.2328237889303937;0.4084268391786538;0.1315334104411641
0.23438206156514682;0.4;Y;0.16471869700697542;0.13842139829817013;0.2630668208823282
0.2060485966669789;0.0;N;0.631810526196727;0.20329572580357005;0.5261336417646564
0.17673533587169762;0.0;N;0.25431073617224237;0.09958528943369989;0.2630668208823282
0.8602514958056694;0.4;N;1.0905031017147346;0.7936815373419693;0.1315334104411641
0.12402479710294571;0.0;Y;0.9495822901110336;0.06179553347238164;0.2630668208823282
0.1894695819142426;0.0;N;1.3359479590112477;0.11749732363495305;0.39460023132349237
0.01857271336616612;0.0;N;2.1203449269113204;0.07914900064165067;0.0
0.1085216974650775;1.2;Y;1.0723047187592898;0.1674576354218925;0.1315334104411641
0.10938987104479812;0.0;N;0.6066127651814957;0.18726412851116775;1.0522672835293128
0.5587193084690601;0.0;N;1.5725269374320312;0.3373977578370499;0.0
0.3956763101975277;0.0;N;1.9080304590977966;0.2562361556743603;0.0
0.23563161139595898;0.0;N;1.6611857261893266;0.12792012925888052;0.5261336417646564
0.01857271336616612;0.4;Y;1.006510564997297;0.03371607267210603;0.0
0.4928094306686272;0.0;Y;1.0811705976350197;0.3312286090966967;0.39460023132349237
0.48059608877391463;0.0;N;1.1777620148600731;0.24577188079288395;0.1315334104411641
0.15503099637868215;0.4;N;1.1287663684415676;0.17864538476060557;0.0
0.8346868845028247;0.0;Y;0.49835571785679794;0.27729649712452287;0.1315334104411641
0.1140035934970277;0.0;N;1.0592392130476886;0.17405094903217408;0.0
0.5891177862389921;0.4;Y;0.6140787684452678;0.2979813777068783;0.7892004626469847
0.12402479710294571;0.0;N;1.632721588746195;0.12394974618856243;0.5261336417646564
0.7193438231970852;0.4;Y;1.0559728366197882;0.7216241526661464;0.6576670522058206
0.5077575193394598;0.0;Y;1.5757933138599314;0.4316376898067038;0.0
0.12402479710294571;0.0;Y;0.4619589519459082;0.06744594356839646;0.39460023132349237
0.37728343278716087;0.4;N;1.3359479590112477;0.2451752008281526;0.6576670522058206
0.1649529801469178;0.0;N;2.1203449269113204;0.090290880208075;0.0
0.7119023353709084;0.4;Y;1.17589551404413;0.2549351695962591;0.39460023132349237
0.06201239855147286;0.0;N;0.02846413744313169;0.1861038843197476;0.0
0.3100619927573643;0.0;N;1.849702308599576;0.32781537594344656;0.2630668208823282
0.3281696131343944;0.4;Y;0.09425829120512469;0.2876389001232028;0.2630668208823282
0.7441487826176744;0.0;N;0.8833215111450547;0.6211830004080351;0.6576670522058206
0.5891177862389921;0.0;Y;0.07419340743373676;0.3921940115681458;0.0
0.10643187963389286;0.0;N;0.500222218672741;0.22004505450854855;0.0
0.38527062972059056;1.2;N;0.7736645882083998;0.4168698606796026;0.1315334104411641
0.5818933418077455;0.4;Y;1.3835437298177957;0.46036693508857185;0.2630668208823282
0.687345425544525;0.0;Y;0.6383432790525277;0.2090941125308382;0.39460023132349237
0.4000047756164205;0.8;Y;0.7461337011732396;0.3699239014894904;0.1315334104411641
0.16427704500270676;0.0;Y;0.2571104873961569;0.11707920014966754;0.7892004626469847
0.5891177862389921;0.0;N;1.6891832384284724;0.24825802245093279;0.1315334104411641
1.2092417717537207;0.0;N;1.6117234545668353;0.5963213600725602;0.2630668208823282
0.7441487826176744;0.0;Y;1.384943605429753;0.5323913531963433;0.0
0.43408678986031;0.8;N;0.4026975510397159;0.5323913531963433;0.7892004626469847
1.3565832307120202;0.0;N;1.4115412420569418;1.1122506113819473;0.1315334104411641
0.4030805905845736;0.8;N;0.7517332036210689;0.2818549083000837;0.6576670522058206
0.13952789674081392;0.0;N;1.08443697406292;0.16372838564232148;0.0
0.13425684286393874;0.0;Y;1.5109324105059099;0.14687769592833422;0.0
0.5445928840790346;0.4;Y;1.3644120964543796;0.2765605669730224;0.6576670522058206
0.06815162600806868;0.0;N;1.877699820838722;0.2164803392292522;0.0
0.5860171663114185;0.0;Y;0.9621811706186492;0.29648967779504987;0.5261336417646564
0.15935636117764737;1.2;N;0.3481024021733814;0.08289861212501816;0.1315334104411641
0.25816381640963665;0.0;N;1.9724247372478325;0.17354004181237281;0.6576670522058206
0.15068082662029633;0.0;N;1.8543685606394336;0.14532327003521342;0.1315334104411641
0.17910110887643632;0.0;N;0.47082483082163773;0.33658157423029295;0.0
0.5891177862389921;0.8;Y;0.636010153032599;0.414002515109086;0.2630668208823282
0.20558970491769796;0.0;Y;0.28090837279943104;0.14192346218116972;0.0
0.31179833991680556;0.0;N;0.06299440253807846;0.3294860798446943;0.0
0.7364592451972917;0.0;N;0.6089458912014243;0.204766691086624;0.0
0.3281696131343944;0.0;N;0.7727313378004284;0.22700786218698998;0.1315334104411641
0.1608601618425206;0.0;N;1.644387218845839;0.09194778588513842;0.1315334104411641
0.6413260245794772;0.0;N;0.2636432402519577;0.3230986208222451;0.39460023132349237
0.43408678986031;0.0;N;0.20858146618163728;0.2793351288090232;0.1315334104411641
0.15503099637868215;0.4;Y;0.5249533544839866;0.1488113865240374;0.1315334104411641
0.3515916960672857;0.0;N;1.514665412137796;0.26259400445355974;0.1315334104411641
0.36423912475185855;0.4;Y;1.9714914868398608;0.09471712677144786;0.0
0.15472093438592477;0.0;N;2.1609413196580816;0.15920003221998394;0.0
0.6201239855147286;0.0;N;1.6373878407860523;0.31289837682516247;0.1315334104411641
0.2058811631908899;0.0;N;0.6304106505847696;0.22757314186857738;0.39460023132349237
0.4100259792223385;0.8;N;0.4022309258357302;0.4240001862581424;0.2630668208823282
0.13425684286393874;0.0;N;1.8641676899231348;0.198410408592332;0.0
0.27905579348162785;0.4;N;0.40129767542775874;0.27588214185312276;0.1315334104411641
0.2318767606636673;0.0;N;1.502999782038152;0.35095328244580815;0.2630668208823282
0.0930185978272093;0.0;N;1.9766243640837042;0.24825802245093279;0.0
0.48752287369211417;0.0;N;1.0387077040723147;0.41541299196071535;0.2630668208823282
0.06201239855147286;0.4;N;0.5361523593796451;0.12394974618856243;0.1315334104411641
0.35530623874051886;0.0;N;1.2206915336267634;0.6191542885279485;0.0
0.10938987104479812;0.0;N;2.106346170791747;0.09613304832775539;1.0522672835293128
0.8371673804448836;0.0;N;0.27810862157551647;0.5797469331822436;0.1315334104411641
0.27905579348162785;0.8;N;0.7466003263772254;0.4968747241456648;0.0
0.21396757996200194;0.0;N;1.2967514418764434;0.14696167863337017;0.0
0.33670561979500463;0.0;N;1.299084567896372;0.35345173062812957;1.0522672835293128
0.12402479710294571;0.4;Y;0.4745578324535238;0.08251360437777523;0.2630668208823282
0.3193607519201576;0.8;Y;0.5613501203948764;0.5615100813251898;0.5261336417646564
0.4371874097878837;0.0;Y;0.9453826632751616;0.11226473868424135;0.9207338730881487
0.06201239855147286;0.0;Y;1.4880677755106073;0.04439239269604873;0.2630668208823282
0.8600189493111013;0.0;N;1.5417296739689703;0.4283111990033265;0.39460023132349237
0.20895697815904293;0.0;N;0.2622433646400005;0.3203237606462619;0.0
0.12402479710294571;0.0;N;0.059261400906192245;0.24825802245093279;0.0
0.12402479710294571;0.0;N;0.07326015702576526;0.2327195065643854;0.0
0.360912159569572;0.0;N;1.0499067089679732;0.3622391856387196;0.2630668208823282
0.18153199489965408;0.8;N;0.7218691905659796;0.0726782301791258;0.1315334104411641
0.40178143083492024;0.0;Y;1.6686517294530987;0.2599076020823479;0.0
0.31179833991680556;0.4;Y;0.5212203528521006;0.2745119408991128;0.2630668208823282
0.43684014035599544;0.4;Y;0.7834637174921009;0.321183725645431;0.5261336417646564
0.0930185978272093;0.4;N;0.3504355281933101;0.12394974618856243;0.5261336417646564
0.15850369069756462;0.0;Y;1.2967514418764434;0.1819867925631012;0.1315334104411641
0.04650929891360465;0.0;Y;0.5216869780560862;0.06179553347238164;0.6576670522058206
0.13952789674081392;0.4;N;0.3928984217560148;0.1021957642793996;0.6576670522058206
0.0930185978272093;0.4;N;1.1609635075165856;0.0659391774874586;0.0
0.662788515718142;0.4;N;0.8165941069750903;0.5211769770142041;0.6576670522058206
0.4359223568574336;0.0;N;1.7843747800415688;0.4156377911374279;0.39460023132349237
0.1649529801469178;0.4;Y;0.8847213867570122;0.13432056607056267;0.1315334104411641
0.43408678986031;0.0;N;1.6313217131342375;0.9319538402339522;0.0
0.5891177862389921;0.0;Y;1.9439605998047005;0.42584139145931216;0.2630668208823282
0.0930185978272093;0.0;Y;0.1894498328182209;0.0659391774874586;0.5261336417646564
0.18090877029421176;0.0;N;1.5594614317204296;0.1452867233873736;0.39460023132349237
0.747249402545248;0.0;N;1.1534975042528133;0.4676622426773599;0.9207338730881487
0.43408678986031;0.0;N;0.5394187358075454;0.3192913551372854;0.5261336417646564
0.5113480372155901;0.4;N;1.1301662440535247;0.8693919459318686;0.1315334104411641
0.15503099637868215;0.0;N;0.5734823756985062;0.09908803126809189;1.0522672835293128
0.9166672753878717;0.0;N;1.528664168257369;0.3795773628838924;0.39460023132349237
0.5580433733248491;0.0;N;1.000911062549468;0.3145193325343508;0.1315334104411641
0.6177675143697726;0.0;N;1.3219492028916746;0.22258661281832176;0.1315334104411641
0.12402479710294571;0.0;N;1.8310373004401455;0.28650677447512063;0.2630668208823282
0.158435477059158;0.0;N;0.11992267742434184;0.25280770718200946;0.1315334104411641
0.08467793022203618;0.0;Y;1.7983735361611417;0.25262012591809707;0.0
0.5467106074895675;0.0;N;0.05086214723444847;0.39669566356206165;0.1315334104411641
0.5261752017092473;0.0;N;1.7507777653545937;0.6697875807301092;0.0
0.6710423659653428;0.0;Y;1.9178295883814978;0.30669022013211494;0.2630668208823282
0.8211929865780242;0.4;Y;1.0433739561121724;1.1385045298301273;0.2630668208823282
0.0930185978272093;0.0;Y;0.5314861073397874;0.12935439872410354;0.5261336417646564
0.5429371530377103;0.0;N;1.5165319129537391;0.21204342701150977;0.5261336417646564
0.0930185978272093;1.2;N;0.3378366476856944;0.09908803126809189;0.1315334104411641
0.1507893483177614;0.0;N;1.7377122596429921;0.08710274457151974;0.2630668208823282
0.04328465418892806;0.0;N;2.1138121740555196;0.17834704477823987;0.1315334104411641
0.3036127033080111;0.0;N;0.412496680323417;0.14599073116076106;0.1315334104411641
0.186812350636312;0.0;N;0.7372678222975099;0.20922523295308795;0.39460023132349237
0.7441487826176744;0.0;N;1.560861307332387;0.46579761778757434;0.0
0.3720743913088372;0.0;N;1.4694027673511767;0.2151091686702995;0.5261336417646564
0.8346868845028247;0.0;Y;1.7867079060614974;0.4161240107236883;0.0
0.09884776329104773;0.4;N;0.8525242476819943;0.12458617995594401;0.2630668208823282
0.4893398369696723;0.4;N;0.3989645494078299;0.2777936807051353;0.6576670522058206
0.34454088635198316;0.0;N;0.7815972166761579;0.1803160886618534;0.2630668208823282
0.4323318389813033;0.0;Y;0.5025553446926698;0.22255207996536297;0.1315334104411641
0.0930185978272093;0.8;Y;0.7727313378004284;0.1861038843197476;0.1315334104411641
0.2821564134092015;0.0;N;1.917362963177512;0.5495015986949887;0.0
0.27905579348162785;0.0;N;1.0279753243806422;0.1352504917955965;0.2630668208823282
1.2092417717537207;0.0;Y;1.7727091499419245;0.42584139145931216;0.2630668208823282
0.27905579348162785;0.4;Y;0.3975646737958725;0.2127413934002543;0.2630668208823282
0.30695827220986305;0.4;Y;0.8175273573830619;0.32482899271996607;0.1315334104411641
0.2740886003576549;0.0;N;1.5015999064261947;0.1330780546290052;0.0
0.5891177862389921;0.4;N;0.902919769712457;0.165385813414354;0.1315334104411641
0.07429085346466448;0.0;N;2.1231446781352346;0.12628671785542842;0.39460023132349237
0.1853860654696281;0.0;N;1.8207715459524587;0.14836387655048885;0.1315334104411641
0.6201239855147286;0.0;Y;0.6266776489528836;0.5217363644811397;0.39460023132349237
0.15935636117764737;0.0;N;0.5366189845836308;0.2285986855579594;0.0
0.5066847048445193;0.8;N;0.4680250795977232;0.5875542667657667;0.1315334104411641
1.1573497966458481;0.8;Y;0.6374100286445561;0.7142849890999508;0.1315334104411641
0.0930185978272093;0.0;Y;0.22631322393309652;0.09908803126809189;0.2630668208823282
0.14448888862493176;0.0;N;2.0746156569207153;0.06773026157159097;0.2630668208823282
0.12402479710294571;0.8;N;0.5468847390713175;0.1093251948379923;0.0
0.4928094306686272;0.0;N;0.5786152529423496;0.41965188101516254;0.0
0.46509298913604646;0.0;N;1.4437383811319593;0.4111447910030007;0.1315334104411641
0.15813161630625577;0.4;N;1.0219091967288272;0.1512975281820862;0.2630668208823282
0.6635512682203251;0.0;N;1.8842325736945227;0.27809947918706013;0.6576670522058206
0.1649529801469178;0.0;N;2.090947539060217;0.18819226419630736;0.0
0.30695827220986305;0.4;Y;0.7638654589246986;0.23191823995674674;0.0
0.05162532179410115;0.0;N;2.2160030937284025;0.1321540957036187;0.1315334104411641
0.3461284037549009;1.2;N;0.8310594882986491;0.5332839118385858;0.0
0.15503099637868215;0.4;Y;0.5646164968227767;0.09908803126809189;0.1315334104411641
0.15472093438592477;0.4;Y;0.20344858893779388;0.14856279473373118;0.0
0.06201239855147286;0.0;N;1.2323571637264075;0.11151888872832716;0.0
0.06201239855147286;0.0;Y;0.8590570005377948;0.06357140221741336;0.39460023132349237
0.6312490098148628;0.4;N;0.4218291844031323;0.39790289630070436;0.0
0.6091601934508282;0.0;Y;1.7185806262795758;0.2329613111200928;0.1315334104411641
0.3782756311639844;0.0;N;1.7405120108669065;0.19654578370254647;0.0
0.15935636117764737;0.0;Y;1.9164297127695404;0.11412004044957795;0.39460023132349237
0.08897538944165326;0.4;N;0.29164075249110366;0.19205076977323834;0.0
0.03100619927573643;0.4;N;0.39989779981580137;0.0873884796896305;0.1315334104411641
0.37016440943345175;0.0;Y;0.8520576224780083;0.4821466488212137;0.39460023132349237
0.05759091453475284;0.0;N;1.7162475002596471;0.14172081474814782;0.2630668208823282
0.4797248145742664;0.0;N;1.363012220842422;0.2044008516832481;0.0
0.8567012859885975;0.0;N;2.033086013765982;0.42671508009767006;0.6576670522058206
0.13425684286393874;0.0;N;0.5720825000865488;0.1416192299841523;0.2630668208823282
0.43408678986031;0.0;Y;1.1287663684415676;0.55902886227685;0.0
0.3297664323970948;0.4;N;0.3882321697161572;0.19249335713707783;0.1315334104411641
0.1891378155819922;0.0;Y;1.9280953428691845;0.13202976251596776;0.39460023132349237
0.48752287369211417;0.4;Y;0.8931206404287559;0.1659500489060031;0.5261336417646564
1.0342427830414644;0.0;Y;1.0639054650875461;0.5121298170489648;0.1315334104411641
0.5891177862389921;0.0;N;0.3807661664523849;0.7454913512554011;0.0
0.47756988372460274;0.0;N;0.2855746248392888;0.2035368590943171;0.6576670522058206
0.33176013101052465;0.0;N;0.6719402937395028;0.27233816120260085;0.2630668208823282
0.24804959420589143;0.0;N;1.4288063746044148;0.22339638211545784;0.0
0.4928094306686272;0.0;N;1.3891432322656252;0.35965041502673695;0.2630668208823282
0.047368170633542546;0.0;N;2.036352390193882;0.0939056420194132;0.0
0.2954270666992167;0.0;Y;1.3513465907427782;0.12233371308908313;0.39460023132349237
0.168034996354926;0.4;N;1.2925518150405717;0.15923836890771795;0.0
0.0685485053587981;0.0;N;0.9393165356233468;0.10376204918681943;0.39460023132349237
0.10938987104479812;0.0;N;0.3210381403422069;0.11221499049218189;0.1315334104411641
0.12402479710294571;0.4;N;0.27250911912768727;0.2068219552251412;0.1315334104411641
0.4893398369696723;0.0;Y;1.0849035992669056;0.31256274434500103;0.0
0.12402479710294571;0.8;N;0.8483246208461224;0.1861038843197476;0.1315334104411641
0.29455889311949607;0.0;N;1.4890010259185789;0.2522680101539099;0.0
0.3515916960672857;0.0;Y;1.9994889990790068;0.20416009131747898;1.4468675148528052
0.14448888862493176;0.0;Y;1.560861307332387;0.14035844521867494;0.1315334104411641
0.5261752017092473;0.4;Y;0.1376544351758009;0.3825820940162883;0.1315334104411641
0.5891177862389921;0.8;N;0.5632166212108195;0.3725663732982988;0.2630668208823282
0.6511301847904649;0.0;Y;0.7834637174921009;0.6559893565456966;0.39460023132349237
0.5257163099599663;0.0;N;1.062038964271603;0.4460375911505526;0.1315334104411641
0.3262968386981399;0.4;Y;1.0998356057944503;0.19063865205170596;0.2630668208823282
0.5101542985434742;0.0;N;1.4222736217486143;0.23632397564633198;0.2630668208823282
0.12576114426238696;0.0;N;0.35416852982519625;0.08733947734752692;0.1315334104411641
0.3193607519201576;0.0;N;0.5380188601955881;0.24044226076290787;0.0
0.5891177862389921;0.0;Y;0.21278109301750917;0.5323913531963433;0.0
0.5261752017092473;0.8;N;0.750799953213097;0.2676998694967616;0.0
0.08165792641257945;0.0;N;0.5842147553901791;0.0843326578352544;0.7892004626469847
0.130226036958093;0.0;N;2.1996712115889;0.13815639780883385;0.5261336417646564
0.33176013101052465;0.0;N;1.9565594803123163;0.4844355877509188;0.39460023132349237
0.4743948489187674;0.0;N;0.44702694541836363;0.2823705889596028;0.0
0.05271053876875193;0.8;N;0.747533576785197;0.06066549620417602;0.5261336417646564
0.4060850912943924;0.0;Y;1.6210559586465507;0.525350007517544;1.3153341044116411
0.3036127033080111;0.0;N;0.6140787684452678;0.22961893371265446;0.1315334104411641
0.18449928817034203;0.0;Y;1.9476936014365869;0.6095185037775016;0.0
0.46828352704151976;0.0;Y;1.8828326980825654;0.17121776338963834;0.0
0.5891177862389921;0.0;N;1.8291707996242024;0.7454913512554011;0.1315334104411641
0.5936756975325254;0.0;Y;1.4092081160370131;0.5005293889296444;0.1315334104411641
0.5261752017092473;0.0;N;1.7181140010755898;0.7442482431338789;0.5261336417646564
0.08467793022203618;0.0;N;1.3004844435083294;0.18515911618059108;0.0
0.33064080721667055;0.0;Y;0.9901786828577951;0.34761620057305676;0.2630668208823282
0.12402479710294571;0.0;Y;0.7862634687160156;0.12394974618856243;0.1315334104411641
0.3410681920331007;0.0;Y;1.6014577000791486;0.22339638211545784;0.1315334104411641
0.8116802846402282;0.0;N;2.0134877551985797;0.22487152415826495;0.1315334104411641
0.34454088635198316;0.0;Y;0.2398453548486837;0.15020366463674242;0.2630668208823282
0.12402479710294571;0.0;Y;1.8067727898328856;0.15502677796165723;0.1315334104411641
0.5261752017092473;0.0;N;1.78204165402164;0.6697875807301092;0.2630668208823282
0.4359223568574336;0.0;N;0.35183540380526745;0.20385779833034698;0.0
0.7119023353709084;0.0;N;0.9197182770559446;0.5953269183263398;0.0
0.0930185978272093;0.4;Y;1.0611057138636317;0.09908803126809189;0.39460023132349237
0.7441487826176744;0.0;Y;0.14325393762363012;0.5323913531963433;0.1315334104411641
0.7466261779398056;0.4;N;0.8889210135928838;0.31140540896840896;0.5261336417646564
0.6973108179917469;0.4;Y;0.12925518150405713;0.318178994513035;0.0
0.15068082662029633;0.0;N;0.9617145454146635;0.10890282000795809;0.1315334104411641
0.7096016753846488;0.0;N;1.4241401225645576;0.5236185168448892;0.0
0.5373188297289468;0.0;N;1.7507777653545937;0.5464806826185494;0.2630668208823282
0.0918403622547313;0.0;N;0.9145853998121012;0.08407161035068443;0.1315334104411641
0.22041686941135513;0.0;Y;1.8231046719723873;0.30203880146705164;0.2630668208823282
0.8247649007345891;0.0;N;0.7783308402482575;0.3607897754193915;0.0
0.15935636117764737;0.0;N;1.8641676899231348;0.17576237634101483;0.1315334104411641
0.8371673804448836;0.4;N;0.8903208892048412;0.4173173706531511;0.0
0.4893398369696723;0.0;Y;0.9780464275541654;0.20825562801039949;0.0
0.5891177862389921;0.0;Y;1.6205893334425647;0.3170243441962842;0.6576670522058206
0.4893398369696723;0.8;Y;1.1119678610980799;0.4168698606796026;0.0
0.4100259792223385;0.0;N;1.5039330324461233;0.35327369624365285;0.0
0.43408678986031;0.0;N;1.9980891234670495;0.7987663694164143;0.0
0.615510263062499;0.0;N;1.9327615949090422;0.4570492453146743;0.2630668208823282
1.228651652500332;0.4;Y;1.080237347227048;0.20164739740099963;0.6576670522058206
0.17929954855180105;0.0;N;1.2841525613688278;0.10081892526078198;0.2630668208823282
0.10938987104479812;0.0;N;1.0727713439632758;0.11221499049218189;0.0
0.19432205210089537;0.8;N;0.5403519862155167;0.1803160886618534;0.0
0.3441626107208192;0.4;N;0.9859790560219235;0.2252572777554638;0.0
0.5109325541452951;0.0;Y;1.4390721290921018;0.26036667273021313;0.1315334104411641
0.1085216974650775;0.4;Y;0.9687139234744498;0.11151888872832716;0.6576670522058206
0.9802175814234212;0.0;Y;1.3261488297275466;0.6946371382962984;0.0
0.06697339043559068;0.0;N;2.042885143049683;0.1567671442487874;0.0
0.3193607519201576;0.0;N;0.6509421595601436;0.18693095733586088;0.0
0.18541707166890384;0.8;N;0.5823482545742357;0.1924574071692028;0.1315334104411641
0.27905579348162785;0.0;N;1.2239579100546636;0.24825802245093279;0.0
0.31700738139512924;0.0;N;2.0088215031587224;0.27868870065223234;0.0
0.5077575193394598;0.0;N;1.2622211767814966;0.2876389001232028;0.39460023132349237
0.0930185978272093;0.0;N;0.04572926999060508;0.19853474177998287;0.0
0.43408678986031;0.0;N;0.5132877243843424;0.3725663732982988;0.1315334104411641
0.24804959420589143;0.0;N;0.9691805486784358;0.3352738755025886;0.1315334104411641
0.03100619927573643;0.0;N;0.308905885038577;0.08251360437777523;0.0
0.34454088635198316;0.0;N;1.4974002795903225;0.2254847619920176;0.2630668208823282
0.0;0.4;Y;0.6336770270126699;0.03693389313690669;0.0
0.5891177862389921;0.8;Y;0.533819233359716;0.3921940115681458;0.39460023132349237
0.12968032785084005;0.0;N;0.16285219619103222;0.14280035797433804;0.2630668208823282
0.35058089397089665;0.0;N;0.6159452692612111;0.15262514110361347;0.7892004626469847
0.15503099637868215;0.4;N;0.5837481301861931;0.1205900650621469;0.0
0.662788515718142;0.4;Y;1.1982935238354468;0.4764739378115171;0.39460023132349237
0.7441487826176744;0.4;N;0.9621811706186492;1.0355441201759248;0.0
0.31179833991680556;0.4;Y;0.5436183626434172;0.13707670541265243;0.2630668208823282
0.15503099637868215;0.0;Y;0.07326015702576526;0.1488113865240374;0.39460023132349237
0.12402479710294571;0.0;N;1.243556168622066;0.26601641156126765;0.0
1.0270307410899282;0.0;N;1.6089237033429207;0.4986793826989948;0.39460023132349237
0.02615372908908368;0.0;N;1.048506833356016;0.038926356709135884;0.0
0.4371874097878837;0.0;N;1.6495200960896823;0.1756153693147041;0.7892004626469847
0.1551178137366542;0.0;Y;0.6411430302764424;0.17872891995566798;0.1315334104411641
0.23254649456802323;0.0;N;1.8609013134952344;0.21096552465522256;0.5261336417646564
0.7627525021831162;0.0;N;1.4936672779584366;0.1587560277412282;0.0
0.7441487826176744;0.4;Y;0.8725891314533823;0.414002515109086;0.2630668208823282
0.43730523334513144;0.0;N;2.0092881283627073;0.23191294442205979;0.5261336417646564
0.17554469781950935;0.0;N;0.9075860217523147;0.31017602448607556;0.0
0.14729184903945833;0.0;Y;0.1945827100620643;0.19459299934797192;0.2630668208823282
0.43408678986031;0.0;Y;0.9738468007182932;0.3725663732982988;0.5261336417646564
0.5077575193394598;0.0;N;1.8231046719723873;0.8096344474640226;0.1315334104411641
0.3410681920331007;0.0;N;1.8725669435948786;0.2553613482610685;0.1315334104411641
0.892209585399171;0.0;Y;1.0513065845799305;1.4801634776353063;0.1315334104411641
0.12402479710294571;0.0;N;0.3551017802331678;0.08251360437777523;0.39460023132349237
0.2694314692264393;0.0;Y;0.119456052220356;0.1803160886618534;0.0
0.27905579348162785;0.0;N;1.833370426460074;0.2127413934002543;0.5261336417646564
0.13547538649547516;0.0;N;2.037285640601854;0.2666208483655405;0.0
0.6345046607388152;0.0;N;1.1007688562024216;0.31981688101622263;0.2630668208823282
0.3720743913088372;0.0;N;0.7326015702576525;0.6056444845214877;0.0
0.43408678986031;0.0;N;0.769464961372528;0.22339638211545784;0.1315334104411641
0.8362371944666115;0.4;Y;0.9598480445987204;0.4632286121994235;0.39460023132349237
0.38527062972059056;0.4;N;0.9929784340817098;0.4001807220660663;0.0
0.12402479710294571;0.8;Y;0.5016220942846983;0.10619135707822758;0.2630668208823282
0.27905579348162785;0.4;Y;0.3672340355367978;0.07422639093261692;0.2630668208823282
0.39038665260108707;0.4;N;1.0018443129574393;0.3164084958876858;0.0
0.8318467166491672;0.0;N;1.6644521026172268;0.4147576136044535;0.0
0.39616620814608433;0.0;N;1.4138743680768704;0.41066438904639635;0.1315334104411641
0.23438206156514682;0.0;N;1.9280953428691845;0.25499655304763086;0.0
0.08411361739521778;0.0;N;0.344836025745481;0.12004104490959844;0.6576670522058206
0.8116802846402282;0.0;Y;1.4484046331718172;0.42194783093445326;0.0
0.2506541149450533;0.4;N;1.1394987481332404;0.27065343532218183;0.1315334104411641
0.8567012859885975;0.8;Y;1.0919029773266922;0.8537887648541435;0.2630668208823282
0.49974551744660944;1.2;Y;0.8851880119609978;0.1991282891748994;0.5261336417646564
0.25325863568421514;0.0;N;1.7008488685281167;0.19501149575823534;1.0522672835293128
0.09884776329104773;0.0;N;0.5711492496785776;0.10040333766534656;0.2630668208823282
0.08656930837785612;0.4;N;1.0438405813161582;0.0853463425103374;0.0
0.46819360906362006;0.0;N;1.899631205426053;0.9233478505176362;0.1315334104411641
0.12402479710294571;0.8;Y;0.8660563785975817;0.1861038843197476;0.1315334104411641
0.3032313270569195;0.0;N;0.500222218672741;0.4725848523863937;0.5261336417646564
0.060251246432611025;0.0;N;1.9878233689793627;0.04842326419779145;0.39460023132349237
0.27905579348162785;0.4;N;0.5734823756985062;0.165385813414354;0.9207338730881487
0.0930185978272093;0.0;Y;0.005599502447829237;0.1189773882874692;0.0
0.1085216974650775;0.0;N;1.4274064989924575;0.22339638211545784;0.0
0.012402479710294572;0.0;N;1.6313217131342375;0.06925403303152368;0.0
1.2092417717537207;0.0;Y;1.4876011503066218;0.9941079783651373;0.1315334104411641
0.3782756311639844;0.8;Y;0.4395609421545914;0.5178108069931721;0.0
0.7455781684042858;0.4;N;1.1903608953676887;0.3732540469576517;0.1315334104411641
0.27905579348162785;0.0;N;1.1352991212973682;0.24825802245093279;0.1315334104411641
0.7364592451972917;0.0;Y;0.3023731321827763;0.36886695751696436;0.39460023132349237
0.015503099637868214;0.0;N;1.6910497392444155;0.03160636148680711;0.7892004626469847
0.49974551744660944;0.0;N;1.118500613953881;0.36441744043496693;0.5261336417646564
0.3875774909467054;0.0;N;0.8973202672646277;0.402400371534867;0.0
0.13952789674081392;0.4;N;1.2911519394286142;0.20475013321760274;0.0
0.3959522653710818;0.0;N;1.79417390932527;0.12802171402287604;0.2630668208823282
0.3719131590726033;0.4;N;0.7228024409739515;0.38732823562575275;0.1315334104411641
0.12402479710294571;0.0;Y;0.9729135503103219;0.1861038843197476;0.2630668208823282
0.12402479710294571;0.0;N;0.5482846146832748;0.10619135707822758;0.1315334104411641
0.31365251063349453;0.0;N;1.7139143742397178;0.23651908999479915;0.2630668208823282
0.5185321735877781;0.0;N;1.927628717665199;0.2640228292141046;0.0
0.15935636117764737;0.0;N;0.32150476554619273;0.30491778229688044;0.2630668208823282
0.1674334760889767;0.8;Y;0.7624655833127413;0.07919874883371016;0.2630668208823282
0.49609918841178285;0.0;N;0.5954137602858371;0.42228972855424435;0.0
0.08414462359449353;0.0;N;1.8081726654448427;0.09197262268867036;0.1315334104411641
0.15503099637868215;0.0;Y;1.5557284300885432;0.19421097500055265;0.5261336417646564
0.15472093438592477;0.0;N;1.7904409076933836;0.22302345713750074;0.0
0.03100619927573643;0.4;Y;0.7405341987254104;0.04936475059714196;0.0
0.13937286574443525;0.0;Y;2.0937472902841314;0.1514356595939215;0.1315334104411641
0.5261752017092473;0.0;N;0.08865878875729545;0.3825820940162883;0.0
0.33894426738271277;0.4;Y;1.134365870889397;0.1973993343920947;0.2630668208823282
0.14448888862493176;0.0;N;2.070416030084843;0.35143398274239485;0.0
0.12576114426238696;0.8;Y;0.40829705348754514;0.20914236902298589;0.1315334104411641
1.0542107753750387;0.4;Y;1.0877033504908205;0.47427315834660105;0.1315334104411641
0.7051553864085082;0.0;Y;0.9332504079715318;0.3538067552071447;0.2630668208823282
0.34454088635198316;0.0;N;0.5403519862155167;0.30076585934729283;0.2630668208823282
0.13425684286393874;0.0;N;1.685450236796586;0.07914900064165067;0.1315334104411641
0.1772221332003267;0.0;Y;1.7713092743299672;0.3335683404083996;0.1315334104411641
0.2728545536264806;0.0;Y;0.8604568761497522;0.29201457805956466;0.0
0.24684345305406527;0.8;Y;0.2874411256552318;0.22242923847762386;0.2630668208823282
0.3036127033080111;0.0;N;0.575815501718435;0.10025655439402267;0.5261336417646564
0.1781058098796852;0.8;N;0.818927232995019;0.07150083143871963;0.1315334104411641
0.27905579348162785;0.8;Y;0.7699315865765136;0.1861038843197476;0.0
0.4709221545998849;0.0;N;1.797906910957156;0.4825941587947623;0.0
0.006139227456595813;0.0;N;1.6294552123182944;0.03538252522860514;0.5261336417646564
0.43408678986031;0.0;N;2.07741540814463;0.2068219552251412;0.2630668208823282
0.8362371944666115;0.0;Y;1.4078082404250556;0.10943834027630449;1.183800693970477
0.22621502867591786;0.8;N;0.7330681954616383;0.3433870821530321;0.2630668208823282
0.1395527017002345;0.4;N;1.058305962639717;0.1062068707573106;0.0
0.4893398369696723;0.4;N;0.7260688174018518;0.4168698606796026;0.2630668208823282
0.30696137282979064;0.4;N;1.2370234157662654;0.08997210393691729;0.1315334104411641
0.40178143083492024;0.0;Y;1.0480402081520301;0.24174951198063868;0.39460023132349237
0.07751549818934107;0.0;Y;1.8240379223803587;0.05185089225519077;0.1315334104411641
0.12402479710294571;0.0;Y;2.0312195129500386;0.19591770345467113;0.1315334104411641
0.7119023353709084;0.4;Y;1.0242423227487563;0.5953269183263398;0.1315334104411641
0.004092818304397209;0.0;Y;0.26270998984398614;0.041856502845940426;0.1315334104411641
0.040828963206289724;0.4;Y;0.24171185566462672;0.06876080245567762;0.1315334104411641
0.8991797789963565;0.4;N;1.4647365153113192;0.3725663732982988;0.2630668208823282
1.0542107753750387;0.0;N;1.510465785301924;0.434720511429484;0.2630668208823282
0.1860371956544186;0.8;N;0.8170607321790759;0.07422639093261692;0.2630668208823282
0.4893398369696723;0.0;N;1.7386455100509635;0.6254840933488055;0.1315334104411641
0.2635526938437597;0.0;N;1.4264732485844862;0.20208640468505074;0.0
0.0804300809212603;0.4;Y;0.2925740028990752;0.07622952015921569;0.0
0.8960791590687828;0.0;Y;1.102635357018365;0.4456596689778909;0.1315334104411641
0.5261752017092473;0.0;N;0.4894898389810683;0.6697875807301092;0.1315334104411641
0.2661572145829215;0.0;N;1.8730335687988642;0.14260591489083121;0.2630668208823282
0.33894426738271277;0.0;N;2.0176873820344516;0.4940363175534377;0.0
0.37728343278716087;0.0;N;1.146031500989041;0.4088644293477886;0.0
0.29455889311949607;0.0;N;1.8011732873850563;0.31289837682516247;0.6576670522058206
0.5922184061665658;0.0;N;0.4558928242940932;0.7135263851097904;0.0
0.272705723869957;0.0;Y;0.9878455568378663;0.18228513254546685;0.0
0.1891378155819922;0.0;N;0.43816106654263415;0.1354243494203201;0.2630668208823282
0.039191835884530846;0.0;Y;0.26457649065992916;0.03341348134499164;0.2630668208823282
0.03100619927573643;0.0;N;1.8245045475843444;0.1488113865240374;0.1315334104411641
0.8991797789963565;0.0;Y;1.4381388786841305;0.3725663732982988;0.0
0.30695827220986305;0.0;Y;1.301417693916301;0.08093829468588885;0.2630668208823282
0.43408678986031;0.0;N;1.0307750756045566;0.24825802245093279;0.5261336417646564
0.7441487826176744;0.0;Y;1.8119056670767288;0.46579761778757434;0.1315334104411641
0.15472093438592477;0.4;N;0.2902408768791463;0.09892230340788774;0.6576670522058206
0.1649529801469178;0.0;N;1.6075238277309636;0.23532998141008513;0.1315334104411641
0.21396757996200194;0.8;N;0.4050306770596448;0.29428196192554384;0.39460023132349237
0.5508592369526609;1.2;Y;0.7531330792330261;0.399546973358526;0.2630668208823282
0.5522669183997794;0.0;N;0.2925740028990752;0.9350118250532006;0.1315334104411641
0.15503099637868215;0.0;N;1.4908675267345222;0.1488113865240374;0.0
0.11757550765359254;0.0;N;1.4736023941870484;0.11133242623934861;0.1315334104411641
0.12103579949276472;0.0;N;0.10872367252868337;0.10413713712964869;0.2630668208823282
0.06201239855147286;0.0;N;0.9920451836737382;0.04439239269604873;0.0
0.03755470856277196;0.0;N;0.06392765294604998;0.09126488566550339;0.0
0.2115614988982048;0.0;Y;0.8809883851251261;0.16635377748713945;0.39460023132349237
0.8006172727386455;0.4;N;0.5506177407032036;0.49975616628034814;0.39460023132349237
0.1364272768132403;0.4;N;0.34670252656142403;0.18271362334513958;0.1315334104411641
0.1571146129700116;0.0;N;0.7661985849446277;0.06926014900116219;0.6576670522058206
0.32034364843719854;0.0;Y;1.4572705120475467;0.42222506336306653;0.0
0.039191835884530846;0.0;N;2.0190872576464094;0.07502549457538339;0.6576670522058206
0.3590207814137521;0.4;Y;0.823126859830891;0.46874372511343554;0.1315334104411641
0.7441487826176744;0.0;N;0.9117856485881864;1.2427246800598695;0.2630668208823282
0.12402479710294571;0.0;N;2.178673077409541;0.10619135707822758;0.1315334104411641
0.43408678986031;0.8;Y;0.952382041334948;0.3192913551372854;0.0
0.21396757996200194;0.0;N;1.1394987481332404;0.3462773253171952;0.0
0.5057235126669715;0.0;N;1.5300640438693263;0.5160798384154863;0.0
0.14448888862493176;0.0;N;2.14787581394648;0.35143398274239485;0.0
0.0930185978272093;0.4;N;0.4829570861252677;0.09908803126809189;0.1315334104411641
0.5922184061665658;1.2;N;0.624344522932955;0.37443099818808434;0.5261336417646564
0.05581115869632557;0.0;N;1.6910497392444155;0.1040603891691851;0.0
0.47756988372460274;0.0;Y;1.5239979162175112;0.15256301180228582;0.1315334104411641
0.7649756466711866;0.0;Y;1.2010932750593615;0.39854216429791844;0.1315334104411641
0.20114341594155735;0.0;N;0.3868322941041999;0.6201222526007338;0.0
0.4030805905845736;0.0;N;0.20998134179359465;0.26068887991116807;0.5261336417646564
0.6312490098148628;0.0;Y;1.1833615173079022;0.6368597968764089;0.0
0.15472093438592477;0.0;N;2.0946805406921025;0.06346482025871322;0.39460023132349237
0.040828963206289724;0.0;N;0.5860812562061221;0.06876080245567762;0.1315334104411641
0.5891177862389921;0.4;N;0.11199004895658374;0.3725663732982988;0.1315334104411641
0.5292448154375451;0.0;N;1.8413030549278322;0.26917665240947175;0.0
0.15217222480545925;0.4;Y;0.394764922571958;0.21995801381869334;0.6576670522058206
0.5436751005804729;0.0;Y;0.9995111869375106;0.2761190237991211;0.1315334104411641
0.15935636117764737;0.0;N;1.8940317029782234;0.18280722751460682;0.1315334104411641
0.13425684286393874;0.0;N;0.22304684750519613;0.05643257394937614;0.0
0.5113480372155901;0.0;N;1.573926813043988;0.5214917256955999;0.1315334104411641
0.7241807902841001;0.8;Y;0.40036442501978703;0.9079374716535149;0.0
0.12402479710294571;0.8;Y;0.7270020678098231;0.10619135707822758;0.2630668208823282
0.8285352545665186;0.4;Y;1.2113590295470482;0.22937645789198677;0.2630668208823282
0.12402479710294571;0.0;Y;0.9206515274639159;0.12394974618856243;0.1315334104411641
1.3565832307120202;0.0;Y;0.45075994705024985;0.5131533469434658;0.39460023132349237
0.15068082662029633;0.0;N;1.7307128815832054;0.21816424467471968;0.0
0.2060485966669789;0.0;N;1.502999782038152;0.16256485971109533;0.2630668208823282
0.22495927760525053;0.0;N;1.9164297127695404;0.6153629094470497;0.0
0.1649529801469178;0.0;N;0.9892454324498238;0.23532998141008513;0.5261336417646564
0.5891177862389921;0.8;Y;0.9337170331755174;0.42584139145931216;0.0
0.0930185978272093;0.4;N;0.5912141334499654;0.059309391814332826;0.2630668208823282
0.1457291365959612;0.0;N;0.3313038948298938;0.2830643785885942;0.2630668208823282
0.5891177862389921;0.8;Y;0.5496844902952323;0.2708595882499965;0.1315334104411641
0.15503099637868215;0.0;N;0.18338370516640598;0.1717605929875527;0.2630668208823282
1.3565832307120202;0.0;Y;1.1511643782328844;0.7413808975633622;0.0
0.05674134467459766;1.2;N;0.1791840783305341;0.21071693286491636;0.2630668208823282
0.37486184862372585;0.4;N;0.789529845143916;0.39016544885805043;0.1315334104411641
0.5138967467960556;0.0;N;0.40829705348754514;0.17440895701101286;0.0
0.1530341971453247;0.4;N;1.2729535564731693;0.10504774534082434;0.5261336417646564
0.4502906296018099;0.8;Y;0.6308772757887556;0.4449310481559583;0.0
0.19807690283318702;0.4;Y;0.42649543644299004;0.09983343371403253;0.1315334104411641
0.04650929891360465;0.0;N;0.1791840783305341;0.09287263983047205;0.0
0.27905579348162785;0.0;N;0.6775397961873323;0.3725663732982988;0.2630668208823282
0.217043394930155;0.0;N;0.5664829976387198;0.19853474177998287;0.1315334104411641
0.15753629728016164;0.0;N;1.7997734117730988;0.30199904766440144;0.39460023132349237
0.4709221545998849;0.4;N;0.34716915176540986;0.21916539907054333;0.2630668208823282
0.8319056284277911;0.0;N;0.9113190233842009;0.46091312101128784;0.0
0.09217522920690926;0.8;N;1.0242423227487563;0.10938627994938166;0.0
0.27905579348162785;0.4;N;1.3088836971800732;0.26601641156126765;0.39460023132349237
0.41548307029486814;0.8;N;0.9290507811356596;0.3065053985130394;0.0
0.03509901758013364;0.0;N;1.6397209668059813;0.22680596060392402;0.1315334104411641
0.15472093438592477;0.0;Y;1.1068349838542366;0.17834704477823987;0.2630668208823282
0.2115614988982048;0.8;N;0.5422184870314598;0.14551472971889662;0.1315334104411641
0.12402479710294571;0.0;N;2.090947539060217;0.1861038843197476;0.2630668208823282
0.3204676732343015;0.0;N;0.2566438621921712;0.3378276657516388;0.0
0.13751869502774622;0.8;Y;0.8063283524874034;0.11546547918505158;0.0
0.39616620814608433;0.0;N;1.9621589827601453;0.39485580089081246;0.2630668208823282
0.5891177862389921;0.0;Y;0.9817794291860513;0.22913368373133666;0.7892004626469847
0.3182538306060138;0.4;Y;1.1646965091484716;0.36491977038027523;0.2630668208823282
0.3410681920331007;0.4;Y;1.2127589051590055;1.2782413091105478;0.0
0.16433285616140306;0.4;N;1.0331082016244857;0.31289837682516247;0.39460023132349237
0.14634305934162078;0.0;N;2.0041552511188643;0.21294702423309983;0.0
0.12712541703051936;0.0;N;1.6089237033429207;0.17254298959130673;0.0
0.9802175814234212;0.0;N;1.9962226226511064;0.34713930411124533;0.0
0.14448888862493176;0.0;N;2.1217448025232777;0.09345276192618211;0.0
0.5891177862389921;0.0;N;1.6238557098704651;0.3311302314875116;0.0
0.38356528876042506;0.0;N;1.2528886727017816;0.33205680088774386;0.2630668208823282
0.5298897443824804;0.0;N;1.3028175695282584;0.33694830865361597;0.39460023132349237
0.8673550160597406;0.0;N;0.9015198941004997;0.26976587387464396;0.0
0.1085216974650775;0.8;N;0.4558928242940932;0.22339638211545784;0.0
0.36858929451024436;0.8;Y;0.21324771822149502;0.1918857131779945;0.1315334104411641
0.34454088635198316;0.4;Y;0.3751666640045557;0.25774806811999396;0.0
0.7847762055286717;0.0;N;0.2804417475954452;0.5603138871658946;0.1315334104411641
0.3834226602437567;0.0;N;1.5487290520287569;0.24278848096922714;1.0522672835293128
0.6923219205282808;0.0;Y;1.1334326204814253;0.24820655880397471;0.1315334104411641
0.05913502325868452;0.0;N;1.6229224594624938;0.07708195207383005;0.9207338730881487
0.295482877857913;0.0;N;0.06346102774206414;0.31378742997261216;0.0
0.05581115869632557;0.0;N;1.5048662828540948;0.08317659040358738;0.1315334104411641
0.20895697815904293;0.4;N;0.4367611909306768;0.16456373759294537;0.39460023132349237
0.025325863568421515;0.0;Y;1.9122300859336683;0.0843326578352544;0.2630668208823282
0.6108221257320077;0.0;N;1.6098569537508924;0.44075839057759625;0.2630668208823282
0.7441487826176744;0.0;N;0.821260359014948;0.414002515109086;0.0
0.13425684286393874;0.4;N;0.5524842415191467;0.09902590196676422;0.2630668208823282
0.5298897443824804;0.4;N;1.3266154549315323;0.2994697958789007;0.2630668208823282
0.43408678986031;0.8;N;0.982712679594023;0.55902886227685;0.1315334104411641
0.46509298913604646;0.0;N;1.3242823289116035;0.21661593475123742;0.0
0.17372463392202364;0.8;Y;0.5650831220267624;0.1403491966792216;0.0
0.22634525471287595;0.8;N;0.8725891314533823;0.11219694092324875;0.0
0.7364592451972917;0.0;Y;0.9043196453244144;0.6150173571624747;0.2630668208823282
0.34454088635198316;0.4;Y;1.034508077236443;0.14303403276552595;0.0
0.12402479710294571;0.8;N;0.6444094067043428;0.24825802245093279;0.0
0.1860371956544186;0.0;Y;1.000444437345482;0.17367302685951233;0.2630668208823282
0.8602514958056694;0.0;Y;1.5454626756008565;0.4284230764967136;0.0
0.5561054858701157;0.4;N;0.2347124776048403;0.3134834215305815;0.1315334104411641
0.6355774752337556;0.0;N;0.9397831608273325;0.45777227226193756;0.39460023132349237
0.06201239855147286;0.4;N;1.167962885576372;0.07422639093261692;0.6576670522058206
0.19749708690673073;0.0;Y;1.5851258179396468;0.21950602874540934;0.1315334104411641
0.4294730674080804;0.0;Y;1.0592392130476886;0.2765605669730224;0.39460023132349237
0.6831905948415765;0.8;N;0.6397431546644851;0.3814171509701459;0.1315334104411641
0.1649529801469178;0.0;N;2.166074196901925;0.13432056607056267;0.2630668208823282
0.30695827220986305;0.0;Y;1.1455648757850552;0.5416207243058125;0.0
0.6182636135581845;0.0;N;1.2934850654485428;0.6243653184149343;0.1315334104411641
0.18449928817034203;0.4;N;0.3103057606505342;0.11484038233699988;0.1315334104411641
0.36592276137253105;0.0;N;1.0587725878437027;0.1985595785835148;0.6576670522058206
0.1649529801469178;0.0;N;1.765709771882138;0.3622391856387196;0.1315334104411641
0.12402479710294571;0.0;N;0.3401697737056233;0.24825802245093279;0.0
0.14448888862493176;0.4;N;0.6294774001767983;0.0699998829874379;0.2630668208823282
0.42781113512690094;0.0;N;1.406874990017084;0.4595076413543631;0.5261336417646564
0.20558970491769796;0.4;N;1.0125766926491122;0.2104296314618982;0.39460023132349237
0.217043394930155;0.0;Y;0.874922257473311;0.1189773882874692;0.39460023132349237
0.771480747279236;0.0;N;1.9350947209289708;0.3896154591005592;0.39460023132349237
0.8116802846402282;0.4;N;1.149764502620927;0.3265883035959765;0.39460023132349237
1.0542107753750387;0.4;N;0.8543907484979374;1.043831333621083;0.0
0.12402479710294571;0.0;N;1.3928762338975111;0.09287263983047205;0.2630668208823282
0.4832006095130765;0.0;N;1.5099991600979383;0.4119472509705688;0.0
0.1649529801469178;0.0;N;2.063883277229042;0.23532998141008513;0.0
0.3410681920331007;0.8;Y;0.3882321697161572;0.22339638211545784;0.39460023132349237
0.23361310782310854;0.0;N;0.6990045555706771;0.2118207907996694;0.2630668208823282
0.5581115869632557;0.4;N;0.29910675575487594;0.5664873618359919;0.1315334104411641
0.3094542712515599;0.8;Y;0.9169185258320299;0.08153870390039977;0.39460023132349237
0.217043394930155;0.0;Y;1.4642698901073334;0.1189773882874692;0.5261336417646564
0.14448888862493176;0.0;N;0.49088971459302566;0.14035844521867494;0.0
0.14448888862493176;0.0;N;2.210403591280573;0.22182614420327165;0.0
0.2563344506523682;0.0;N;0.4362945657266912;0.23003944391779887;0.0
0.19432205210089537;0.4;N;1.6448538440498248;0.1803160886618534;0.1315334104411641
0.17372463392202364;0.0;N;1.2757533076970835;0.16380050933305837;0.1315334104411641
0.14729184903945833;0.0;N;1.2906853142246284;0.21408817466564856;0.0
0.43383563964617655;0.0;N;1.9873567437753767;0.24812376945886822;0.0
0.168034996354926;0.0;N;1.7470447637227071;0.43490585514352864;0.2630668208823282
0.5113480372155901;0.4;Y;0.7647987093326704;0.16271962357694753;0.2630668208823282
0.3007570323547158;0.0;Y;1.0536397105998592;0.3986673925055164;0.39460023132349237
0.3978529453866844;0.0;Y;1.7386455100509635;0.23409932898282668;0.2630668208823282
0.05162532179410115;0.0;N;2.1950049595490424;0.07914900064165067;0.39460023132349237
0.15503099637868215;0.0;Y;1.1152342375259803;0.1488113865240374;0.1315334104411641
0.4030805905845736;0.0;N;1.380743978593881;0.4173173706531511;0.5261336417646564
0.5484314515493708;0.0;Y;0.6546751611920295;0.25306495083180425;0.1315334104411641
0.0930185978272093;0.0;Y;0.4666252039857659;0.07422639093261692;0.39460023132349237
0.24972702958670878;0.4;Y;1.0732379691672616;0.06717139619962445;0.1315334104411641
0.20895697815904293;0.0;Y;0.3625677834969401;0.08844572200213888;0.2630668208823282
0.13425684286393874;1.2;N;0.6052128895695383;0.198410408592332;0.1315334104411641
0.0918403622547313;0.0;Y;0.19131633363416406;0.11784369635447961;0.0
0.0930185978272093;0.0;Y;1.97709098928769;0.2708595882499965;0.2630668208823282
0.4475000716669936;0.0;N;1.7325793823991489;0.4600575565268587;0.1315334104411641
0.5891177862389921;0.0;N;1.5099991600979383;0.414002515109086;0.2630668208823282
0.10529705274040091;0.0;Y;2.114278799259505;0.08161030549616755;0.5261336417646564
0.3236892173390505;0.0;N;2.185672455469327;0.26627111932121234;0.0
0.1605221942704151;0.0;N;0.23891210444071218;0.3067874043813706;0.0
0.2821564134092015;0.0;N;1.7400453856629208;0.1777285114098002;0.5261336417646564
0.5581115869632557;0.0;N;0.7923295963678303;0.4045313394439094;0.0
0.07481175761249685;0.8;N;0.7498667028051258;0.11534308520728605;0.39460023132349237
0.07441487826176743;0.0;Y;0.1413874368076871;0.05035919234336237;0.1315334104411641
0.43408678986031;0.0;N;1.7713092743299672;0.44715136888971924;0.1315334104411641
0.36897377138126347;0.0;N;1.41060799164897;0.4807146169058585;0.2630668208823282
0.4709221545998849;0.0;Y;1.7759755263698251;0.20087171344684884;0.2630668208823282
0.272705723869957;0.8;Y;0.8422584931943072;0.3649288697497373;0.1315334104411641
0.04650929891360465;0.0;N;0.3285041436059791;0.07422639093261692;0.0
0.20245807879084857;0.0;N;0.9239179038918164;0.18683981447124814;0.0
0.13425684286393874;0.0;N;2.156275067618224;0.198410408592332;0.0
0.2027402352042578;0.4;Y;0.2608434890280431;0.2807783484737172;0.0
0.31179833991680556;0.8;Y;0.6719402937395028;0.16456373759294537;0.1315334104411641
0.3348669521779534;0.0;N;1.9523598534764444;0.4187380656491765;0.0
0.22621502867591786;0.4;N;0.32430451677010724;0.1371396551489316;0.1315334104411641
0.13425684286393874;0.4;N;1.375144476146052;0.09902590196676422;0.2630668208823282
0.06201239855147286;0.8;N;0.5123544739763708;0.07422639093261692;0.1315334104411641
0.43408678986031;0.0;N;1.2024931506713188;0.1488113865240374;0.5261336417646564
0.43408678986031;0.0;Y;1.5244645414214972;0.31657482042785473;0.39460023132349237
0.44853567872280314;0.4;Y;0.7876633443279729;0.19189667717234646;0.2630668208823282
0.15503099637868215;0.0;N;1.6000578244671912;0.11151888872832716;0.39460023132349237
0.07122123973636657;0.0;N;1.8347703020720314;0.16357921565113862;0.0
0.4709221545998849;0.4;N;0.31730513871032084;0.24111777706797935;0.5261336417646564
0.6078951405203782;0.0;N;1.7176473758716042;0.3838585416308399;0.2630668208823282
0.8669333317495905;0.4;N;0.5128210991803568;0.4316376898067038;0.2630668208823282
0.19769552658209547;0.0;N;1.7526442661705366;0.20339656471760964;0.7892004626469847
1.0542107753750387;0.0;Y;1.4194738705246999;0.47427315834660105;0.2630668208823282
0.21415361715765635;0.0;Y;0.1810505791464771;0.1068647850034225;0.2630668208823282
0.5240295727193662;0.4;N;1.2164919067908917;0.5336938309743563;0.39460023132349237
0.09884776329104773;0.0;Y;1.4670696413312478;0.17317584327889993;0.0
0.34454088635198316;0.4;Y;0.9430495372552329;0.4298192330291894;0.1315334104411641
0.4893398369696723;0.0;Y;1.002310938161425;0.5003155537472838;0.1315334104411641
0.34454088635198316;0.4;Y;1.4194738705246999;0.30076585934729283;0.0
0.18846808167763632;0.0;Y;1.3896098574696107;0.1756222311342985;0.0
0.27429324127287474;0.4;Y;0.854857373701923;0.16284000375983207;0.0
0.015503099637868214;0.0;Y;1.4162074940967995;0.03693389313690669;0.2630668208823282
0.217043394930155;0.0;Y;1.929495218481142;0.19853474177998287;0.39460023132349237
0.3262968386981399;0.0;N;1.8902987013463373;0.24520928617113788;0.39460023132349237
0.5298897443824804;0.8;N;1.295818191468472;0.5393324566410677;0.0
0.2994361682655694;0.0;N;0.1894498328182209;0.31759126474777466;0.2630668208823282
0.4893398369696723;0.8;N;0.6444094067043428;0.4168698606796026;0.2630668208823282
0.15503099637868215;0.0;N;0.533819233359716;0.17864538476060557;0.1315334104411641
0.15503099637868215;0.0;N;0.20064883771387937;0.08914339005090102;0.2630668208823282
0.38953088150107673;0.0;N;0.7256021921978658;0.12609093224200094;0.0
0.1085216974650775;0.0;N;1.7087814969958746;0.1861038843197476;0.0
0.44958988949817824;0.0;Y;1.3840103550217813;0.1441498242995736;0.6576670522058206
0.5298897443824804;0.0;N;0.9901786828577951;0.3547013276442682;0.5261336417646564
0.06821363840662015;0.0;Y;1.253821923109753;0.09511018969821465;0.1315334104411641
0.023862370962606756;0.4;N;1.5281975430533832;0.05243563862062751;0.5261336417646564
0.8216642808070154;0.0;N;1.4278731241964437;0.20475013321760274;0.1315334104411641
0.43408678986031;0.0;N;1.5057995332620666;1.1184163292125033;0.39460023132349237
0.21924173445880474;0.4;N;1.4936672779584366;0.0999694021609957;0.1315334104411641
0.34454088635198316;1.2;Y;1.6378544659900383;0.30076585934729283;0.1315334104411641
0.8346868845028247;0.0;N;1.1637632587405;0.5946165708283271;0.0
0.2318767606636673;0.0;N;0.6052128895695383;0.2525859659901161;0.0
0.15472093438592477;0.0;N;1.5319305446852693;0.20271597663283789;0.39460023132349237
0.8567012859885975;0.8;N;0.4694249552096804;0.6097466592790157;0.0
0.0930185978272093;0.4;Y;0.7815972166761579;0.09908803126809189;0.1315334104411641
0.3100619927573643;0.4;Y;0.9122522737921721;0.1904402559634328;0.5261336417646564
0.5074753629260506;0.0;N;1.9672918600039888;0.16155512804077865;0.0
0.0930185978272093;0.8;Y;0.6976046799587201;0.10619135707822758;0.1315334104411641
0.43408678986031;0.0;Y;0.7979290988156598;0.2030550400227965;0.2630668208823282
0.5257163099599663;0.0;N;1.9887566193873338;0.4460375911505526;0.2630668208823282
0.6933637288239456;0.4;N;0.04619589519459075;0.5804621287049696;0.5261336417646564
0.3100619927573643;0.4;N;0.7881299695319586;0.2731197373714033;0.1315334104411641
0.8567012859885975;0.4;N;0.5478179894792893;0.28209753329074266;0.1315334104411641
0.06201239855147286;0.0;Y;0.13018843191202864;0.06744594356839646;0.1315334104411641
0.3332360260960497;0.0;Y;1.9262288420532416;0.2302150169974211;0.1315334104411641
0.7119023353709084;0.0;Y;1.7540441417824937;0.7766224571502998;0.0
0.2563344506523682;0.0;N;1.0391743292763007;0.23003944391779887;0.1315334104411641
0.662788515718142;0.0;N;1.7162475002596471;0.4168698606796026;0.0
0.1901176114791055;0.0;Y;0.7069371840384352;0.11784369635447961;0.39460023132349237
0.14725154098039986;0.0;Y;1.2855524369807847;0.29536322060663267;0.2630668208823282
0.5922184061665658;0.0;N;2.0433517682536686;0.33278773384453975;0.0
0.8567012859885975;0.0;Y;0.43396143970676226;0.711430845073654;0.39460023132349237
0.23438206156514682;0.4;Y;0.33503689646177987;0.12731897419441365;0.1315334104411641
0.5891177862389921;0.4;N;0.5832815049822073;0.39322977340192394;0.39460023132349237
0.07751549818934107;0.0;N;1.0242423227487563;0.0866572483928522;0.1315334104411641
0.7119023353709084;0.0;Y;0.8347924899305352;0.8931696425264136;0.1315334104411641
0.7572768073910211;0.0;N;0.9271842803197167;0.3788822307249803;0.0
0.07122123973636657;0.0;N;1.8837659484905367;0.08161030549616755;0.5261336417646564
0.5891177862389921;0.0;N;1.5057995332620666;1.2427246800598695;0.0
0.7364592451972917;0.0;Y;1.4208737461366574;0.6150173571624747;0.2630668208823282
0.09921983768235658;0.0;N;1.875833320022779;0.14203093915981696;0.0
0.6898135190068737;0.0;N;1.0667052163114608;0.693210252745639;0.2630668208823282
0.1396488209179893;0.0;N;1.7605768946382945;0.13647748955807096;0.6576670522058206
0.9053810188515038;0.0;N;1.0634388398835604;0.5627581120564209;0.1315334104411641
0.34044806804758604;0.0;N;0.6822060482271897;0.11133242623934861;0.39460023132349237
0.18449928817034203;0.0;Y;1.08443697406292;0.20699961668463995;0.2630668208823282
0.3258565506684244;0.0;N;1.2337570393383648;0.10063298486677257;0.0
0.12402479710294571;0.0;Y;0.5520176163151609;0.24825802245093279;0.0
0.6538835352861504;1.2;Y;0.49322284061295457;0.1826961704561712;0.9207338730881487
0.30100508194892167;0.0;N;1.073704594371247;0.1660264985264843;0.0
0.06815162600806868;0.0;N;1.7503111401506077;0.13994889900788243;0.1315334104411641
0.43408678986031;0.0;Y;1.3984757363453402;0.44715136888971924;0.1315334104411641
0.0804300809212603;0.0;N;1.512332286117867;0.05920997001520946;0.39460023132349237
0.34454088635198316;0.0;Y;0.5286863561158727;0.30076585934729283;0.5261336417646564
0.0930185978272093;0.0;N;1.4899342763265504;0.08488137964782047;0.1315334104411641
0.11921263497535142;0.0;N;1.20016002465139;0.20612674848123358;0.2630668208823282
0.4100259792223385;0.0;N;1.1576971310886852;0.30275481742472926;0.1315334104411641
0.0930185978272093;0.0;N;2.0400853918257686;0.19853474177998287;0.0
0.1860371956544186;0.0;Y;0.8777220086972257;0.1407481518206401;0.0
0.10120423443600371;0.0;N;1.7839081548375826;0.1268535638219232;0.2630668208823282
0.2556647167480123;0.0;N;1.5482624268247713;0.25504249740491514;0.0
0.19432205210089537;0.4;Y;0.08445916192142357;0.10804621133359063;0.2630668208823282
0.07429085346466448;0.0;N;2.05968365039317;0.1579480484839864;0.5261336417646564
0.46302797626428244;0.0;N;0.9757133015342363;0.2373199090924642;0.2630668208823282
0.31179833991680556;0.0;N;1.5081326592819952;0.4119472509705688;0.0
0.5261752017092473;0.0;N;0.68547242465509;0.4464055189338051;0.6576670522058206
0.29455889311949607;0.8;N;0.7769309646363001;0.39121262219615394;0.2630668208823282
0.1798359557992713;0.0;N;0.17171807506676182;0.2979813777068783;0.2630668208823282
0.7241807902841001;0.4;Y;1.1534975042528133;0.0904710029724283;0.39460023132349237
0.27905579348162785;0.0;Y;0.3014398817748048;0.1861038843197476;0.6576670522058206
0.48902977497691497;1.2;Y;0.6612079140478304;0.24982930455305724;0.1315334104411641
0.30695827220986305;0.0;N;1.2790196841249841;0.13513622758235044;0.2630668208823282
0.6047697156333839;0.0;Y;0.5823482545742357;0.25453315647002134;0.0
0.36792576184574366;0.0;Y;0.7703982117804994;0.14076277047977603;0.6576670522058206
0.5445928840790346;0.0;Y;1.5701938114121021;0.23040737170105136;0.0
0.7007401036316434;0.0;Y;0.9043196453244144;1.035056632644739;0.2630668208823282
0.43408678986031;0.4;Y;0.4376944413386483;0.3192913551372854;0.0
0.6465133617183079;0.0;N;1.3154164500358738;0.4070824446331184;0.1315334104411641
0.27905579348162785;0.8;N;0.36163453308896853;0.33866413647719656;0.1315334104411641
0.5906401906234309;0.0;N;1.3284819557474754;0.24886842605485296;0.39460023132349237
0.16887216373537087;0.0;N;0.11852280181238449;0.16543615828637823;0.0
0.5891177862389921;0.4;Y;0.7755310890243428;0.1488113865240374;0.7892004626469847
0.086817357972062;0.0;Y;0.055061774070320355;0.17678075987082004;0.0
0.16485376030923546;0.0;Y;1.7969736605491844;0.15668756205849135;0.2630668208823282
0.37759349477991827;0.0;N;1.8921652021622803;0.24536166331713116;0.1315334104411641
0.0804300809212603;0.0;N;1.8441028061517468;0.17834704477823987;0.1315334104411641
0.3262968386981399;0.4;N;0.34156964931758066;0.28613728040696074;0.0
0.34454088635198316;0.8;Y;0.5795485033503213;0.36099078198251033;0.39460023132349237
0.039191835884530846;0.0;N;1.4507377591917459;0.09345276192618211;0.2630668208823282
0.17929954855180105;0.4;N;0.5305528569318156;0.14418070248774845;0.1315334104411641
0.4100259792223385;0.0;N;0.6962048043467628;0.5300898839873788;0.2630668208823282
0.946510742190768;0.4;N;0.24311173127658403;0.5221755955201776;0.1315334104411641
0.09470533506780934;0.0;N;0.26597636627188653;0.22363945461609028;0.0
0.43408678986031;0.0;N;1.9640254835760882;0.7454913512554011;0.0
0.8991797789963565;0.0;Y;1.0331082016244857;0.2793351288090232;0.2630668208823282
0.5891177862389921;0.0;Y;2.051751021925413;0.1861038843197476;0.1315334104411641
0.16103379655846473;0.0;N;1.875833320022779;0.23061620968870733;0.0
0.522460659036014;0.0;Y;0.7060039336304639;0.3324806674176899;0.39460023132349237
0.49609918841178285;0.0;Y;1.0653053406995034;0.3166276266047334;0.5261336417646564
0.4185836902224418;0.0;Y;0.8562572493138805;0.2700120043600956;0.1315334104411641
0.6355774752337556;0.0;Y;0.3928984217560148;0.3559653941495516;0.7892004626469847
0.2821564134092015;0.4;N;0.7106701856703213;0.12519277972508905;0.0
0.5891177862389921;0.0;Y;1.0181761950969412;0.11013764919496964;1.0522672835293128
0.27905579348162785;0.0;N;1.6229224594624938;0.09287263983047205;0.2630668208823282
0.43408678986031;0.4;Y;1.0270420739726707;0.22339638211545784;0.1315334104411641
0.14448888862493176;0.0;Y;2.076948782940644;0.21071693286491636;0.2630668208823282
0.14448888862493176;0.4;N;0.2837081240233456;0.16850182536017236;0.0
0.0804300809212603;0.0;N;1.5986579488552337;0.1573228770509391;0.0
0.07429085346466448;0.0;N;0.624344522932955;0.14035844521867494;0.2630668208823282
0.07780075522267785;0.0;N;1.9103635851177254;0.08688592598933548;0.0
0.12402479710294571;0.0;N;1.8240379223803587;0.46579761778757434;0.1315334104411641
0.2821564134092015;0.0;Y;1.2566216743336673;0.10725687832524662;1.5784009252939695
0.2511502141334651;0.0;N;1.656052848945483;0.19356238387888966;0.0
0.5077575193394598;0.0;Y;1.6947827408763017;0.1616400057657617;0.5261336417646564
0.1829365757268449;0.0;N;1.6014577000791486;0.09321162863543504;0.7892004626469847
0.382256827150989;0.0;N;1.0018443129574393;0.5519184508921331;0.6576670522058206
0.27905579348162785;0.0;Y;1.335014708603276;0.1488113865240374;0.0
0.8549556369693736;0.0;Y;1.5655275593722444;0.6085468850399323;0.39460023132349237
0.14448888862493176;0.0;N;0.3005066313668333;0.08407161035068443;0.0
1.2261091441597212;0.4;N;0.7797307158602148;0.629636016298393;0.0
0.27330724413590635;0.0;N;0.9551817925588627;0.22839820108980965;0.1315334104411641
0.5261752017092473;0.0;N;0.88052175992114;0.6088652138011164;0.1315334104411641
0.12402479710294571;0.0;Y;2.2188028449523167;0.09526316352417266;0.2630668208823282
0.2563344506523682;0.0;Y;1.6131233301787926;0.1971253837032874;0.0
0.06201239855147286;0.8;N;0.8996533932845566;0.12394974618856243;0.0
0.10271733696065964;0.0;Y;2.0680829040649145;0.12830946293586773;0.2630668208823282
0.5891177862389921;0.0;N;0.5072215967325275;0.19853474177998287;0.0
0.36270121726778204;0.0;N;1.805839539424914;0.47317034460178625;0.1315334104411641
0.5891177862389921;0.0;N;0.5986801367137375;0.24825802245093279;0.1315334104411641
0.07806740853644918;0.0;N;1.1366989969093257;0.16362583127338323;0.1315334104411641
0.4100259792223385;0.4;Y;0.6971380547547341;0.11751880411368337;0.39460023132349237
0.9084692362993672;0.0;N;1.22769091168655;0.9035996083099178;0.0
0.34454088635198316;0.0;N;0.24171185566462672;0.25774806811999396;0.0
0.5891177862389921;0.0;Y;1.6765843579208568;0.42584139145931216;0.1315334104411641
0.04737747249332526;0.0;N;1.3662785972703226;0.26151759379718437;0.0
0.4709221545998849;0.0;Y;1.4428051307239882;0.20087171344684884;0.1315334104411641
0.2015402952922868;0.0;N;1.5594614317204296;0.1861038843197476;0.1315334104411641
0.19181675119941585;1.2;Y;0.5468847390713175;0.29741781348018953;0.0
0.1860371956544186;0.4;Y;0.4680250795977232;0.20847938299717372;0.39460023132349237
0.17053409601655034;0.0;Y;1.6093903285469067;0.12084201317725471;0.0
0.13425684286393874;0.8;N;0.5468847390713175;0.1321540957036187;0.1315334104411641
0.43408678986031;0.0;N;1.056439461823774;0.1594663752392409;0.6576670522058206
0.5676180876611965;0.0;N;2.0288863869301097;0.43599979327386806;0.2630668208823282
0.22634525471287595;0.0;Y;0.6028797635496096;0.24726358070471238;0.1315334104411641
0.17745467969489473;0.0;N;0.45075994705024985;0.18536355365350718;0.0
0.09832685914321537;0.0;Y;0.5496844902952323;0.15519586214666295;0.2630668208823282
0.31179833991680556;0.4;Y;1.116167487933952;0.20579432315588259;0.1315334104411641
0.0912884519076232;0.8;N;0.4250955608310327;0.15447201476444822;0.0
0.3007570323547158;0.0;N;1.950959977864487;0.2656587019224112;0.0
0.04098399420266841;0.4;N;1.3154164500358738;0.06890997244686047;0.2630668208823282
0.662788515718142;0.0;N;1.8539019354354478;0.3086995399133478;0.9207338730881487
0.04737747249332526;0.0;N;1.4124744924649133;0.12534194971627188;0.1315334104411641
0.6382316058917586;0.0;Y;0.2697093679037727;0.4595963974991169;0.1315334104411641
1.190638052188279;0.0;Y;1.5673940601881875;0.5873711606015898;0.1315334104411641
0.07089257402404377;0.0;N;1.0998356057944503;0.16305212348729403;0.1315334104411641
0.2015402952922868;0.0;N;1.580926191103775;0.2793351288090232;0.2630668208823282
0.44669701110575205;0.0;N;1.4288063746044148;0.2085702275218041;0.39460023132349237
1.1057802860104433;0.0;N;1.4558706364355898;0.5255114840329994;0.0
0.004092818304397209;0.4;N;0.7997955996316027;0.04930620137560268;0.0
0.13425684286393874;0.0;N;1.195493772611532;0.05643257394937614;0.6576670522058206
0.32034364843719854;0.0;N;0.8338592395225636;0.5630862860370233;0.5261336417646564
0.15503099637868215;0.0;N;0.587481131818079;0.22339638211545784;0.1315334104411641
1.1831345519635508;0.0;Y;1.5473291764167996;0.4864079133743384;0.0
1.020091553692018;0.0;N;1.2799529345329559;0.3608416119913275;0.5261336417646564
1.0342427830414644;0.0;N;0.13298818313594332;0.4491926110490652;0.2630668208823282
0.05556310910211969;0.0;N;1.3653453468623509;0.09018109109456444;0.1315334104411641
0.23254649456802323;0.4;N;0.8287263622787201;0.1470768378665633;0.5261336417646564
0.3281696131343944;0.0;N;1.618256207422636;0.2876389001232028;0.1315334104411641
0.43408678986031;0.4;N;0.8599902509457664;0.3192913551372854;0.1315334104411641
0.05674134467459766;0.0;N;0.450293321846264;0.10517916410305642;0.0
0.1953390554371395;0.0;N;0.8716558810454107;0.27187662924988115;0.0
0.7268349209421031;0.0;N;0.302839757386762;0.7288320466401014;0.0
0.1335995114392931;0.0;N;1.082103848042991;0.39559821993692945;0.2630668208823282
0.5373188297289468;0.0;N;1.43487250225623;0.8038168178078918;0.2630668208823282
0.14448888862493176;0.0;N;2.164207696085982;0.11690556627993073;0.0
0.13425684286393874;0.0;N;0.9071193965483287;0.1321540957036187;0.0
0.09884776329104773;0.0;N;0.6108123920173674;0.12458617995594401;0.0
0.31179833991680556;0.4;N;0.8875211379809269;0.2745119408991128;0.0
0.0930185978272093;0.0;N;1.43487250225623;0.09908803126809189;0.7892004626469847
0.9380150435892163;0.4;Y;1.7974402857531702;0.7766305869148191;0.39460023132349237
0.15503099637868215;0.0;N;0.4647587031698228;0.06357140221741336;0.2630668208823282
0.12402479710294571;0.0;N;0.7829970922881151;0.12394974618856243;0.1315334104411641
0.15503099637868215;1.2;Y;0.6593414132318873;0.10619135707822758;0.1315334104411641
0.6382316058917586;0.4;N;1.124566741605696;0.4021020315525013;0.0
0.12049009038551177;0.0;Y;1.267820679229326;0.07252585303313253;0.0
0.034106819203310074;0.8;N;0.7647987093326704;0.038798518026692194;0.5261336417646564
0.6442344060715413;0.0;N;1.5977246984472624;0.6493542753378837;0.0
0.8991797789963565;0.0;N;1.1716958872082581;0.55902886227685;0.39460023132349237
0.14448888862493176;0.0;N;2.1651409464939535;0.1504096683945659;0.39460023132349237
0.6747569086385762;0.0;N;1.1474313766009983;0.22600185976645293;0.2630668208823282
0.4709221545998849;0.4;N;1.8081726654448427;0.17212449318104325;0.0
0.7441487826176744;0.0;N;2.0298196373380812;0.28650677447512063;0.7892004626469847
0.5538017252639283;0.8;N;0.9817794291860513;0.7030151962660871;0.39460023132349237
0.0930185978272093;0.0;Y;0.3439027753375095;0.1189773882874692;0.0
0.15503099637868215;0.4;N;0.002799751223914536;0.2979813777068783;0.0
0.15503099637868215;0.0;N;0.6462759075202859;0.07422639093261692;0.5261336417646564
0.15068082662029633;0.0;N;1.5043996576501093;0.3638461193687367;0.39460023132349237
0.7364592451972917;0.0;N;0.31450538748640616;0.36886695751696436;0.2630668208823282
0.19840246792558225;0.4;N;0.017265132547473385;0.1573098246767106;0.0
0.43408678986031;0.0;Y;1.8823660728785792;0.414002515109086;0.2630668208823282
0.3073272459812444;0.0;N;1.9607591071481882;0.3251840172989812;0.0
0.12402479710294571;0.0;N;2.0643499024330283;0.12394974618856243;0.0
0.16123223623382943;0.8;N;0.35650165584512516;0.17749789460343157;0.6576670522058206
0.31179833991680556;0.4;Y;0.34296952492953797;0.08210256646707091;0.1315334104411641
0.34454088635198316;0.0;N;0.2804417475954452;0.36099078198251033;0.0
0.27905579348162785;0.0;N;1.5337970455012122;0.1352504917955965;0.6576670522058206
0.9830050387383099;0.0;Y;1.0676384667194323;0.6094389961722012;0.1315334104411641
0.7119023353709084;0.0;Y;1.5020665316301802;0.9924505505931049;0.1315334104411641
0.43408678986031;0.4;N;0.9463159136831333;0.38542587072819795;0.2630668208823282
0.3497189216310312;0.0;Y;1.0811705976350197;0.18280722751460682;0.5261336417646564
0.3486337046563804;0.0;N;1.3345480833992904;0.1301012182849604;0.5261336417646564
0.4928094306686272;0.0;N;1.7050484953639884;0.6296571238521455;0.0
0.46302797626428244;0.0;N;2.002288750302921;0.1977068483289181;0.5261336417646564
0.15503099637868215;0.0;N;0.6192116456891115;0.1488113865240374;0.2630668208823282
0.27905579348162785;0.0;N;1.6159230814027075;0.1861038843197476;0.0
0.23254649456802323;0.0;Y;1.004644064181354;0.180776352669648;0.2630668208823282
0.2694314692264393;0.0;Y;1.17589551404413;0.20612674848123358;0.6576670522058206
0.20895697815904293;0.0;N;0.3672340355367978;0.09584611984971521;0.0
0.1772221332003267;0.0;N;0.6570082872119583;0.25008662278784766;0.0
0.4247849300775891;0.0;Y;1.2300240377064788;0.2189212823799726;0.6576670522058206
0.06201239855147286;0.4;N;0.26317661504797196;0.11151888872832716;0.1315334104411641
0.8116802846402282;0.4;N;0.9953115601016385;0.5064091478871029;0.39460023132349237
0.4030805905845736;0.0;N;0.15818594415117465;0.17367302685951233;0.2630668208823282
0.33894426738271277;0.8;Y;0.5156208504042712;0.22211911406595475;0.2630668208823282
0.3281696131343944;0.4;N;0.8217269842189336;0.12306889739062775;0.2630668208823282
0.17467652423978874;0.4;N;1.165629759556443;0.14100338167555396;0.7892004626469847
0.5445928840790346;0.4;N;0.5422184870314598;0.18425417642908037;0.39460023132349237
0.42781113512690094;0.0;N;1.1595636319046283;0.27905379420565235;0.2630668208823282
0.38527062972059056;0.0;N;1.6187228326266216;0.33342416761192134;0.0
0.31626323261251155;0.0;N;1.7703760239219957;0.5217363644811397;0.2630668208823282
0.8327676007676565;0.0;Y;2.0279531365221386;0.6922401257079814;0.0
0.8424973461003826;0.8;N;0.8049284768754462;0.5249416546666811;0.0
0.7441487826176744;0.0;N;1.1129011115060516;0.5323913531963433;0.1315334104411641
0.37016440943345175;0.0;N;2.0307528877460532;0.24089402208120506;0.0
0.34454088635198316;0.0;Y;0.4241623104230612;0.1803160886618534;0.5261336417646564
1.1472293732022478;0.0;Y;0.4162296819553031;0.5664873618359919;0.39460023132349237
0.26351858702455633;0.0;Y;1.5230646658095397;0.15708040123027137;0.1315334104411641
0.04650929891360465;0.0;N;0.1437205628276158;0.06179553347238164;0.1315334104411641
0.10529705274040091;0.0;N;1.9882899941833483;0.10893325068615939;1.0522672835293128
0.39401747853627583;0.0;N;1.1511643782328844;0.10188026974804788;0.0
0.6597127007499888;0.4;Y;1.2552217987217102;0.5534797386048483;0.0
0.4617133134149911;0.4;N;0.982712679594023;0.39471811698895065;0.5261336417646564
0.7105566663223414;0.0;Y;1.8109724166687575;0.6483029998250226;0.6576670522058206
1.1782355724779843;0.0;N;1.6653853530251983;0.5285168118453601;0.5261336417646564
0.6523828352412048;0.4;Y;0.44422719419444906;0.41061217954948237;0.0
0.1649529801469178;0.0;Y;1.2342236645423508;0.1567671442487874;0.39460023132349237
0.013568312803062262;0.4;Y;0.8142609809551615;0.07112365511601382;0.0
0.20895697815904293;0.4;N;0.9780464275541654;0.14394844481147678;0.0
0.32622862505973327;0.0;N;0.8814550103291117;0.4293031794446924;0.1315334104411641
0.3193607519201576;0.0;Y;1.186161268531817;0.5504930570413854;0.0
0.38527062972059056;0.0;N;1.958892606332245;0.31256274434500103;0.5261336417646564
0.5445928840790346;0.0;Y;1.2906853142246284;0.17271587761108764;0.2630668208823282
0.6182636135581845;0.0;N;0.9906453080617809;0.9183530425328699;0.39460023132349237
0.15217222480545925;0.0;N;1.0933028529386495;0.14651916585452626;0.39460023132349237
0.2058811631908899;0.0;N;0.528219730911887;0.1895845423090124;0.1315334104411641
0.09900279428742642;0.0;N;0.13392143354391484;0.10388638237447033;0.0
0.43408678986031;0.4;Y;0.32150476554619273;0.3192913551372854;0.2630668208823282
0.24804959420589143;0.8;N;0.5324193577477587;0.3352738755025886;0.39460023132349237
0.5077575193394598;0.0;N;0.8931206404287559;0.6476358370394575;0.2630668208823282
0.5445928840790346;0.4;N;1.0247089479527418;0.46117334806090626;0.2630668208823282
0.2058811631908899;0.0;Y;0.6500089091521718;0.21068933641654755;0.0
0.3262968386981399;0.8;Y;0.8119278549352326;0.3434364574201136;0.0
0.06815162600806868;0.4;Y;0.8893876387968698;0.11890280329187779;0.0
0.48096196192536833;0.0;N;1.0695049675353754;0.09086600510908045;0.1315334104411641
0.4100259792223385;1.2;Y;0.23797885403274066;0.4240001862581424;0.0
0.11757550765359254;0.4;N;0.9173851510360155;0.198203211474579;0.1315334104411641
0.06201239855147286;0.4;Y;1.1945605222035607;0.1046315610654242;0.0
0.5077575193394598;0.0;N;1.6737846066969422;0.4316376898067038;0.5261336417646564
0.15935636117764737;0.0;N;1.9742912380637756;0.2913067664514021;0.1315334104411641
0.03561992172796601;0.0;Y;0.9145853998121012;0.031695043046565306;1.0522672835293128
0.7119023353709084;0.0;N;1.6229224594624938;0.9924505505931049;0.0
0.27905579348162785;0.0;Y;1.000444437345482;0.24825802245093279;0.2630668208823282
0.47426772350173685;0.4;Y;1.684516986388615;0.24272732127284222;0.39460023132349237
0.08656930837785612;0.0;Y;0.5202871024441289;0.11277191665426302;0.0
0.17467652423978874;0.0;Y;1.7918407833053407;0.4119472509705688;0.39460023132349237
0.6974782514678358;0.0;Y;0.7335348206656239;0.2917013210780807;0.2630668208823282
0.43408678986031;1.2;Y;1.2846191865728136;0.3192913551372854;0.0
0.49274431765014814;0.0;N;1.8898320761423517;0.740744240040994;0.0
0.2015402952922868;0.0;Y;0.8413252427863359;0.2164582620705571;0.0
0.217043394930155;0.0;Y;0.8959203916526707;0.12935439872410354;0.1315334104411641
1.4548108700175533;0.0;Y;0.8945205160407133;0.23791561945225287;0.1315334104411641
0.3410681920331007;0.0;Y;0.5814150041662643;0.17864538476060557;0.5261336417646564
0.5579224491476737;0.0;N;1.5179317885656964;0.1663072364498904;0.1315334104411641
1.1831345519635508;0.8;N;0.8161274817711046;0.648663469108716;0.2630668208823282
0.2563344506523682;0.0;Y;0.9393165356233468;0.23003944391779887;0.2630668208823282
0.6312490098148628;0.4;N;0.5650831220267624;0.5685864073669213;0.2630668208823282
0.0918403622547313;0.0;N;0.06859390498590752;0.10908793996701599;0.1315334104411641
0.4371874097878837;0.0;N;1.2183584076068348;0.37505251495634756;0.0
0.16433285616140306;0.0;N;1.7685095231060526;0.33360406662128783;0.1315334104411641
0.07441487826176743;0.0;N;0.3299040192179365;0.10107698934552829;0.0
0.17053409601655034;0.0;Y;0.5025553446926698;0.09660188961004305;0.2630668208823282
0.5077575193394598;0.0;N;1.4731357689830629;0.5180369486998053;0.0
0.13547538649547516;0.0;N;1.0111768170371547;0.1331311591458663;0.0
0.3795871933933481;0.0;Y;1.6149898309947357;0.281834770351274;0.5261336417646564
0.13952789674081392;0.0;Y;0.9323171575635602;0.21554534172451814;0.6576670522058206
0.06201239855147286;0.0;N;0.5058217211205702;0.1488113865240374;0.6576670522058206
0.1085216974650775;0.4;N;0.9197182770559446;0.22339638211545784;0.0
0.5891177862389921;0.0;N;0.6901386766949478;0.2190089943347881;0.2630668208823282
0.13952789674081392;0.8;N;0.5804817537582926;0.16372838564232148;0.2630668208823282
0.2821564134092015;0.4;N;0.5767487521264066;0.30096477753053513;0.1315334104411641
0.31299827982877654;0.0;N;1.975224488471747;0.5392202808076982;0.2630668208823282
0.8132057896445944;0.0;Y;1.028441949584628;0.23855205321963446;0.0
0.3193607519201576;0.0;N;1.8716336931869069;0.4210428911829425;0.0
0.36807459160226713;0.4;N;0.6089458912014243;0.3196358632319222;0.0
0.35058089397089665;0.0;N;0.5837481301861931;0.20361972302441914;0.1315334104411641
0.14455710226333837;0.0;N;1.3690783484942368;0.09348923398902631;0.39460023132349237
0.0930185978272093;0.4;Y;0.791396345959859;0.1488113865240374;0.2630668208823282
0.43408678986031;0.4;Y;1.2706204304532402;0.7454913512554011;0.0
1.1315650413281457;0.0;N;1.6826504855726718;0.4657329525963966;0.2630668208823282
0.18449928817034203;0.4;N;0.9304506567476171;0.5756364794902048;0.0
0.1860371956544186;0.0;Y;1.5879255691635614;0.17367302685951233;0.0
0.6182636135581845;0.4;N;1.2603546759655535;0.7805462991833687;0.6576670522058206
0.3193607519201576;1.2;N;1.0466403325400728;0.21574470741773402;0.5261336417646564
0.5336042870557136;0.0;Y;1.7419118864788639;0.24658008380511262;0.39460023132349237
0.8061611811691471;0.0;N;1.572060312228045;0.44715136888971924;0.39460023132349237
0.7537265975739492;0.8;N;0.8627900021696812;0.47155744407212186;0.2630668208823282
0.5413744405942132;0.0;N;1.746111513314736;0.4585927072134432;0.1315334104411641
0.2638069446778207;0.0;N;0.8977868924686135;0.20226115732972144;0.0
0.3100619927573643;0.0;N;1.6952493660802872;0.12586218006052202;0.6576670522058206
0.5077575193394598;0.0;N;1.5291307934613547;0.323638616190327;0.39460023132349237
0.15753629728016164;0.0;N;1.3877433566536677;0.11302550563927385;0.5261336417646564
0.5261752017092473;0.8;N;0.8170607321790759;0.5357583436523268;0.0
0.2821564134092015;0.0;N;1.8007066621810703;0.1503030864358658;0.1315334104411641
0.4709221545998849;0.0;Y;0.32710426799402176;0.24111777706797935;0.0
0.5445928840790346;0.0;N;0.6976046799587201;0.46117334806090626;0.0
0.5261752017092473;0.0;N;1.7484446393346647;0.3347144880356529;0.1315334104411641
0.15503099637868215;0.0;N;1.1250333668096815;0.17864538476060557;0.2630668208823282
0.5240295727193662;0.4;Y;0.6304106505847696;0.2666676131577763;0.2630668208823282
0.0767465444473028;0.0;N;1.460536888475447;0.051480950677057324;0.39460023132349237
0.4893398369696723;0.4;N;1.0251755731567276;0.24997847454424008;0.39460023132349237
0.6232246054423023;0.0;N;1.9182962135854835;0.44928233679876173;0.1315334104411641
0.3410681920331007;0.0;Y;1.321482577687689;0.2708595882499965;0.1315334104411641
0.5077575193394598;0.4;N;0.8590570005377948;0.2876389001232028;0.0
0.4100259792223385;0.0;Y;1.418540620116728;0.2118207907996694;0.0
0.5445928840790346;0.8;Y;1.297684692284415;0.3073293389593379;0.1315334104411641
0.4100259792223385;0.4;Y;0.6010132627336666;0.3311717007450604;0.2630668208823282
0.0930185978272093;0.0;N;0.1413874368076871;0.09908803126809189;0.6576670522058206
0.41028643129625475;0.0;N;2.0386855162138113;0.21194609359226296;0.1315334104411641
0.2821564134092015;0.0;N;1.3046840703442015;0.30096477753053513;1.0522672835293128
0.2806991220432419;0.0;Y;1.2594214255575822;0.15917392747152698;0.39460023132349237
0.6225920789770771;0.0;N;0.4269620616469757;1.0477893355821328;0.0
0.7303665270396095;0.0;N;1.811439041872743;0.5229190587562328;0.39460023132349237
0.2015402952922868;0.0;N;1.3378144598271908;0.22339638211545784;1.0522672835293128
0.1290850088247459;0.0;N;0.9696471738824216;0.25637286997127934;0.1315334104411641
0.22436705919908392;0.0;N;0.07326015702576526;0.21903315987335972;0.2630668208823282
0.3410681920331007;0.0;Y;1.5039330324461233;0.1488113865240374;0.6576670522058206
0.028662130610490753;0.4;N;0.8917207648167985;0.07518421144600194;0.1315334104411641
0.9921983768235657;0.0;Y;0.9211181526679019;0.8200763468468215;0.0
0.6182636135581845;0.4;N;1.5183984137696822;0.6003374637451757;0.0
0.30695827220986305;0.8;N;0.5972802611017802;0.4512908361450431;0.1315334104411641
0.3281696131343944;0.0;N;0.8016621004475457;0.11484038233699988;0.6576670522058206
0.16433285616140306;0.4;Y;0.8735223818613536;0.1338943874057533;0.39460023132349237
0.024804959420589145;0.0;N;2.048018020293526;0.06676789137347486;0.0
0.23361310782310854;0.0;Y;0.41016355430348816;0.1815094485913161;0.2630668208823282
0.23361310782310854;0.0;N;1.7139143742397178;0.12954712635271176;0.39460023132349237
0.3281696131343944;0.8;Y;0.7447338255612824;0.16579379334023905;0.2630668208823282
0.5891177862389921;0.0;N;0.43582794052270535;0.5963213600725602;0.39460023132349237
0.3875774909467054;0.0;Y;1.4736023941870484;0.22339638211545784;0.0
0.199233434066172;0.0;N;1.9649587339840602;0.2765605669730224;0.0
0.15068082662029633;0.4;N;0.5678828732506771;0.15572914486514164;0.0
0.20464091521986044;0.0;Y;0.7055373084264779;0.14135288696489534;0.39460023132349237
0.7441487826176744;0.0;N;1.691982989652387;0.6902431870360167;0.0
0.5891177862389921;0.0;N;1.4428051307239882;1.2427246800598695;0.2630668208823282
0.1649529801469178;0.4;Y;0.819393858199005;0.1174856883756408;0.39460023132349237
0.4870329757435576;0.4;Y;1.44700475755986;0.3772584407859595;0.0
0.36792576184574366;0.0;N;0.9379166600113895;0.34236474561846053;0.39460023132349237
0.12402479710294571;0.0;Y;0.687338925471033;0.10323167528316884;0.1315334104411641
0.6376114819062438;0.0;Y;1.712514498627761;0.5357583436523268;0.39460023132349237
0.053231442916584305;0.0;N;2.05968365039317;0.16850182536017236;0.1315334104411641
1.0542107753750387;0.4;N;1.0891032261027773;0.8697997021027671;0.5261336417646564
0.2821564134092015;0.4;Y;1.1567638806807135;0.16704324118638658;0.0
0.12049009038551177;0.8;N;0.32803751840199347;0.24258956278598484;0.39460023132349237
0.07751549818934107;0.4;N;0.874922257473311;0.26068887991116807;0.0
0.43408678986031;0.0;N;2.05315089753737;0.55902886227685;0.0
0.7441487826176744;0.0;N;1.2682873044333116;0.5323913531963433;0.0
0.3218195435227236;0.8;N;0.7862634687160156;0.2118207907996694;0.5261336417646564
0.31066971426316875;0.0;Y;0.3159052630983635;0.20511559969600068;0.39460023132349237
0.5447479150754133;0.8;N;0.8137943557511755;0.30741220288943993;0.7892004626469847
0.5298897443824804;0.0;N;0.7484668271931684;0.2994697958789007;0.2630668208823282
0.44120891383394667;0.0;N;1.054106335803845;0.4540042382846589;0.1315334104411641
0.4427685256575162;0.4;N;0.5268198552999296;0.3252581547845991;0.39460023132349237
0.1690582009310253;0.4;Y;0.8646565029856242;0.192142285562829;0.0
0.4371874097878837;0.0;N;1.4717358933711056;0.22488808202728625;0.5261336417646564
0.02287017258578319;0.4;Y;1.1730957628202154;0.06785131301943584;0.2630668208823282
0.4649968699182917;0.0;Y;1.1035686074263362;0.08486489636379477;0.0
0.47183993809844665;1.2;Y;1.3779442273699667;0.3661836877155674;0.0
0.4371874097878837;0.0;Y;1.9486268518445582;0.1756153693147041;0.6576670522058206
0.5891177862389921;0.0;Y;0.26597636627188653;0.42584139145931216;0.2630668208823282
0.19840246792558225;0.0;Y;0.8179939825870477;0.12227240422270697;0.5261336417646564
0.5261752017092473;0.0;N;1.891231951754309;0.5357583436523268;0.39460023132349237
0.3410681920331007;0.0;N;1.8408364297238466;0.3438798652189046;0.0
0.1860371956544186;0.0;N;1.454937386027618;0.20847938299717372;0.1315334104411641
1.495342173710796;0.8;Y;0.9024531445084709;0.9175440190856898;0.0
0.48902977497691497;0.0;N;0.6766065457793604;0.390560003484729;0.5261336417646564
0.47426772350173685;0.0;N;1.86136793869922;0.30349880275575364;0.2630668208823282
0.5271053876875194;0.8;N;0.8721225062493964;0.22339638211545784;0.0
0.2956255063745814;0.8;Y;0.27670874596355916;0.1633306238608324;0.39460023132349237
0.1649529801469178;0.0;N;1.1017021066103931;0.09391682976875193;0.1315334104411641
0.12402479710294571;0.0;Y;1.6341214643581523;0.1861038843197476;0.1315334104411641
0.14448888862493176;0.0;N;1.4787352714308921;0.24796557468321884;0.0
0.2821564134092015;0.0;N;1.3126166988119596;1.0757962997666937;0.1315334104411641
0.1860371956544186;0.8;N;0.7396009483174389;0.17367302685951233;0.0
0.86817357972062;0.0;Y;0.9043196453244144;0.450259101901027;0.9207338730881487
0.0930185978272093;0.0;N;0.005599502447829237;0.1189773882874692;0.0
0.5445928840790346;0.0;N;1.6411208424179387;0.2126561427502933;0.39460023132349237
0.43408678986031;0.0;N;0.8539241232939514;0.44715136888971924;0.1315334104411641
0.34454088635198316;0.8;N;0.6504755343561576;0.1803160886618534;0.39460023132349237
0.688836823729688;0.0;N;1.45913701286349;0.8654277534161848;0.5261336417646564
0.217043394930155;0.8;N;0.5646164968227767;0.18045347422373278;0.6576670522058206
0.4893398369696723;0.0;N;1.8441028061517468;0.5956820920753462;0.2630668208823282
0.7998886270556657;0.0;N;1.7470447637227071;0.688850461413338;0.6576670522058206
0.2601110057241529;0.4;N;1.454937386027618;0.3497806571451198;0.0
0.4928094306686272;0.0;N;1.390543107877582;0.29267197021070745;0.0
0.15503099637868215;0.4;N;1.2304906629104644;0.17864538476060557;0.2630668208823282
0.391099795184429;0.0;N;0.9761799267382223;0.20271545453786877;0.9207338730881487
0.3193607519201576;0.0;N;1.3779442273699667;0.14010858548344365;0.0
0.13937286574443525;0.4;Y;0.665407540883702;0.07154394156617148;0.2630668208823282
0.3262968386981399;0.0;N;0.054128523662348854;0.2682312875903505;0.0
0.2015402952922868;0.4;N;1.0527064601918878;0.1861038843197476;0.1315334104411641
1.2092417717537207;0.8;N;0.5492178650912466;0.9941079783651373;0.2630668208823282
0.3410681920331007;0.4;N;0.846924745234165;0.22339638211545784;0.2630668208823282
0.0930185978272093;0.0;N;0.6038130139575809;0.1417080607139017;0.0
0.3193607519201576;0.0;N;1.0429073309081869;0.12004179075955437;0.1315334104411641
0.5891177862389921;0.8;Y;1.4731357689830629;0.4968747241456648;0.5261336417646564
0.14039607032053456;0.8;Y;1.0471069577440586;0.08210256646707091;0.7892004626469847
0.27905579348162785;0.8;Y;0.3872989193081857;0.1352504917955965;0.2630668208823282
0.35697127164162595;0.4;Y;0.31683851350633496;0.2070357158225062;0.39460023132349237
0.8567012859885975;0.0;Y;0.44656032021437797;0.5334835012867885;0.2630668208823282
0.3193607519201576;0.8;N;0.9281175307276883;0.5615100813251898;0.7892004626469847
0.7284193377250933;0.4;Y;0.665874166087688;0.40559425021608275;0.2630668208823282
0.09900279428742642;0.0;N;0.5347524837676877;0.08899422005971817;0.0
0.13007720720156948;0.4;N;0.8828548859410691;0.19338337988947024;0.0
0.07122123973636657;0.0;N;1.3224158280956602;0.16357921565113862;0.0
0.27905579348162785;0.8;N;0.6649409156797164;0.2979813777068783;0.1315334104411641
0.18541707166890384;0.0;N;0.39009867053210023;0.1442534228584501;0.39460023132349237
0.48059608877391463;0.0;N;1.7918407833053407;0.4919023662445715;0.0
0.2015402952922868;0.0;N;0.9687139234744498;0.1594663752392409;0.6576670522058206
0.5891177862389921;0.8;Y;0.6812727978192182;0.2979813777068783;0.2630668208823282
0.12402479710294571;0.4;Y;0.36396765910889745;0.1861038843197476;0.2630668208823282
0.0930185978272093;0.8;Y;0.6565416620079726;0.059309391814332826;0.2630668208823282
0.0930185978272093;0.4;N;0.845058244418222;0.1189773882874692;0.2630668208823282
0.27905579348162785;0.0;Y;0.7396009483174389;0.2127413934002543;0.6576670522058206
0.6511301847904649;0.0;N;0.16331882139501808;0.3670058381219717;0.0
0.5271053876875194;0.4;N;0.5996133871217092;0.22339638211545784;0.0
0.3066203046377576;0.0;N;1.13623237170534;0.2316859822804751;0.2630668208823282
0.23563161139595898;0.0;N;0.2566438621921712;0.25619886317656454;0.2630668208823282
0.6511301847904649;0.0;Y;0.798862349223631;0.4684613463201263;0.2630668208823282
0.0804300809212603;0.0;Y;0.6649409156797164;0.13367063241897903;0.0
0.12712541703051936;0.8;N;0.5198204772401432;0.12643588784661125;0.5261336417646564
0.43408678986031;0.0;N;1.5981913236512482;0.6211830004080351;0.0
0.15503099637868215;0.4;N;0.7997955996316027;0.17864538476060557;0.2630668208823282
0.15472093438592477;0.0;N;1.4255399981765147;0.23478043916256755;0.7892004626469847
0.0930185978272093;0.4;N;0.6140787684452678;0.09908803126809189;0.2630668208823282
0.48679732862906194;0.0;Y;0.854857373701923;0.2646561304116713;0.5261336417646564
0.18541707166890384;0.0;N;0.35416852982519625;0.17317584327889993;0.0
0.05162532179410115;0.0;N;2.0078882527507504;0.07914900064165067;0.1315334104411641
0.5420782813177725;0.0;N;1.115700862729966;0.3059851681687893;0.2630668208823282
0.7441487826176744;0.4;Y;0.2743756199436303;0.7454913512554011;0.1315334104411641
0.24804959420589143;0.0;Y;1.6168563318106788;0.22339638211545784;0.1315334104411641
0.2015402952922868;0.0;N;1.616389706606693;0.22339638211545784;0.0
0.0930185978272093;0.0;N;0.030797263463060554;0.19853474177998287;0.2630668208823282
0.06201239855147286;0.4;N;0.30377300779473354;0.07422639093261692;0.7892004626469847
0.0930185978272093;0.0;Y;0.8557906241098945;0.1189773882874692;0.0
0.24196617790799196;0.8;Y;0.4423606933785061;0.11902892651942287;0.0
0.5814282488186095;0.0;N;1.207626027915162;0.736242811802065;0.1315334104411641
0.7441487826176744;0.8;Y;0.5622833708028478;0.414002515109086;0.39460023132349237
0.27905579348162785;0.0;Y;0.29164075249110366;0.3725663732982988;0.0
0.1457291365959612;0.0;N;1.863234439515163;0.1008639000131236;0.1315334104411641
0.14448888862493176;0.0;N;1.1880277693477599;0.15599362325950883;0.0
0.7649756466711866;0.0;Y;0.8963870168566562;1.0633767792257882;0.1315334104411641
0.2883576532643488;0.4;N;0.7456670759692537;0.1532864862595226;0.2630668208823282
0.5891177862389921;0.0;Y;0.22444672311715333;0.2708595882499965;0.2630668208823282
0.5298897443824804;0.4;N;1.0116434422411404;0.6742552219660354;0.2630668208823282
0.2115614988982048;0.0;N;0.7643320841286846;0.23303873034551667;0.0
0.12481855580440458;0.0;N;0.34576927615345254;0.17002067421039607;0.2630668208823282
0.10938987104479812;0.8;N;0.476424333269467;0.09613304832775539;0.2630668208823282
0.6666332844283333;0.0;N;1.9192294639934553;0.3352738755025886;0.0
0.07429085346466448;0.0;Y;1.3060839459561586;0.16850182536017236;0.0
0.3193607519201576;0.0;Y;1.592591821203419;0.22742598567227554;0.5261336417646564
0.26351858702455633;0.0;N;0.5422184870314598;0.10085219016881575;0.39460023132349237
1.0542107753750387;0.0;N;0.3121722614664775;0.3725663732982988;0.39460023132349237
0.143825355960431;0.4;Y;0.3299040192179365;0.10478013437664233;0.7892004626469847
0.09157370894095997;0.0;N;1.9262288420532416;0.19621760972194421;0.2630668208823282
0.27905579348162785;0.0;N;0.1740512010866907;0.3725663732982988;0.1315334104411641
0.3193607519201576;0.4;N;0.5016220942846983;0.38273365072733007;0.1315334104411641
0.3565650904311138;0.4;Y;1.1754288888401443;0.310407237972409;0.39460023132349237
0.058911778623899215;0.0;N;1.684050361184629;0.04770724824011382;0.7892004626469847
0.1860371956544186;0.0;N;1.506732783670038;0.26068887991116807;0.0
0.3100619927573643;0.8;N;0.8632566273736669;0.23405137083066135;0.0
0.06201239855147286;0.4;Y;0.7200026897500368;0.07422639093261692;0.6576670522058206
0.15503099637868215;0.0;N;0.06906053018989337;0.12750140909363028;0.1315334104411641
0.585155193971553;0.0;Y;0.8310594882986491;0.2691264567074387;0.5261336417646564
0.9802175814234212;0.4;Y;1.0527064601918878;0.34713930411124533;0.5261336417646564
0.27905579348162785;0.0;Y;1.5482624268247713;0.22565653123686466;0.39460023132349237
0.0930185978272093;0.4;Y;0.8259266110548057;0.07422639093261692;0.0
0.2318767606636673;0.0;N;0.587481131818079;0.15773175199677128;0.39460023132349237
0.5113480372155901;0.0;N;1.8403698045198604;0.4345166706365326;0.0
0.05519723595066599;0.0;N;0.6430095310923855;0.03420162099340618;0.5261336417646564
0.20895697815904293;0.0;N;1.5687939358001446;0.14394844481147678;0.39460023132349237
0.9208841184893719;0.0;Y;1.8441028061517468;0.41596126626330787;0.6576670522058206
0.4893398369696723;0.0;Y;1.8567016866593624;0.31256274434500103;0.2630668208823282
0.2671091049006866;0.0;Y;0.7050706832224922;0.25575291948792345;0.2630668208823282
0.8567012859885975;0.4;Y;0.9486490397030619;0.6097466592790157;0.1315334104411641
0.44310649322962176;0.0;N;1.7783086523897538;0.455830078976737;0.2630668208823282
0.3169980795353465;0.0;Y;0.3135721370784346;0.1518449820497272;0.0
0.3069861777892112;0.0;N;1.164229883944486;0.1887195801151387;0.0
0.27905579348162785;0.0;Y;1.5846591927356608;0.3725663732982988;0.0
0.628098779968448;0.0;Y;1.45913701286349;0.14377488552673554;0.2630668208823282
0.16427704500270676;0.0;N;1.8511021842115332;0.3128088748304527;0.0
0.3281696131343944;0.4;N;0.5142209747923141;0.2876389001232028;0.2630668208823282
0.6750669706313336;0.0;Y;0.7097369352623499;0.16948634730197912;0.2630668208823282
0.8567012859885975;0.4;N;1.1595636319046283;0.5334835012867885;0.0
0.8346868845028247;0.0;N;1.2351569149503223;1.0408479337974261;0.0
0.27905579348162785;0.4;Y;1.0905031017147346;0.3921940115681458;0.1315334104411641
0.40120471552839154;0.0;N;1.8949649533861952;0.29669210147308506;0.6576670522058206
0.7441487826176744;0.0;N;1.0858368496748774;0.46579761778757434;0.2630668208823282
0.34787715339405245;0.0;N;0.8665230038015672;0.20217448956484416;0.1315334104411641
0.4928094306686272;0.0;N;1.355079592374664;0.41965188101516254;0.1315334104411641
0.6898135190068737;0.8;N;0.4138965559353744;0.577615443178232;0.39460023132349237
0.13425684286393874;0.0;N;1.0387077040723147;0.1321540957036187;0.0
0.27905579348162785;0.0;N;0.820793733810962;0.1861038843197476;0.2630668208823282
0.10372813905704864;0.8;N;0.40689717787558777;0.12928205127837986;0.2630668208823282
0.2318767606636673;0.0;N;1.7059817457719602;0.39486728698013357;0.1315334104411641
0.31998397652559996;0.0;N;1.0424407057042007;0.2408706023925894;0.2630668208823282
0.3431611104842129;0.4;N;0.7382010727054816;0.17965228220108972;0.1315334104411641
0.3410681920331007;0.0;N;1.1880277693477599;0.44715136888971924;0.0
0.37728343278716087;0.0;N;0.39803129899985834;0.4907090063151088;0.0
0.5445928840790346;0.4;Y;0.6812727978192182;0.46117334806090626;0.39460023132349237
0.7441487826176744;0.0;N;1.966825234800003;0.46579761778757434;0.6576670522058206
0.662788515718142;0.0;N;1.996689247855092;0.37051110915978164;0.1315334104411641
0.41965030347752713;0.0;N;1.5375300471330986;0.4332606593107731;0.6576670522058206
0.15503099637868215;0.0;N;0.5468847390713175;0.11151888872832716;0.39460023132349237
0.13425684286393874;0.0;N;0.16938494904683296;0.1321540957036187;0.2630668208823282
1.2212938814121996;0.0;Y;0.9976446861215675;0.669061644968018;0.1315334104411641
0.1085216974650775;0.4;Y;0.3868322941041999;0.22339638211545784;0.0
1.1831345519635508;0.0;N;1.7190472514835613;0.729791209683407;0.7892004626469847
0.049721541158570935;0.0;N;1.990623120203277;0.11060678881723966;0.2630668208823282
0.662788515718142;0.0;N;1.243556168622066;0.4168698606796026;0.2630668208823282
1.2092417717537207;0.0;Y;0.3224380159541642;0.542077706573801;0.0
0.03100619927573643;0.0;N;0.9999778121414963;0.09908803126809189;0.1315334104411641
0.03714542673233224;0.0;N;1.3042174451402158;0.07770704892188174;0.1315334104411641
0.3676777122515377;0.0;N;1.3200827020757315;0.19144715340391696;0.39460023132349237
0.43408678986031;0.8;N;1.0102435666291831;0.3192913551372854;0.1315334104411641
0.8991797789963565;0.0;N;1.1203671147698238;0.4968747241456648;0.0
0.34044806804758604;0.0;N;0.9654475470465494;0.7442482431338789;0.2630668208823282
0.1421324174799758;0.0;N;2.098413542323989;0.27729649712452287;0.39460023132349237
0.15195518141052908;0.0;N;1.3284819557474754;0.12908581815497885;0.39460023132349237
0.1023700675287714;0.0;Y;2.062950026821071;0.1730656066554158;0.1315334104411641
0.4741716042839821;0.4;N;0.8165941069750903;0.3468409641288796;0.0
0.216854257114573;0.0;N;1.0779042212071193;0.14869764440576047;0.39460023132349237
0.1860371956544186;0.0;Y;1.481068397450821;0.17367302685951233;0.2630668208823282
0.17554469781950935;0.0;N;1.8305706752361592;0.09901247666755777;0.0
0.8960791590687828;0.8;Y;0.5361523593796451;0.7430052095973523;0.0
0.15503099637868215;0.0;N;0.23657897842078332;0.165385813414354;0.1315334104411641
0.30695827220986305;0.0;N;1.4899342763265504;0.32482899271996607;0.0
0.6933296220047424;0.0;Y;1.070904843147333;0.3481174117434312;0.1315334104411641
0.15503099637868215;0.4;N;0.6663407912916737;0.17864538476060557;0.2630668208823282
0.06928645290156063;0.0;N;1.3373478346232046;0.12026770871120078;0.1315334104411641
0.217043394930155;0.4;N;1.253821923109753;0.22913368373133666;0.1315334104411641
0.3640871943754075;0.0;Y;1.335014708603276;0.23723935729722548;0.0
0.31179833991680556;0.0;N;1.1684295107803577;0.16456373759294537;0.2630668208823282
0.130226036958093;0.0;N;1.9355613461329566;0.19356238387888966;0.5261336417646564
0.13425684286393874;0.0;N;1.729779631175234;0.1076680654059421;0.39460023132349237
0.3030266861416997;0.0;N;1.8081726654448427;0.19095369907308415;0.0
0.19843967536471316;0.0;N;1.6196560830345932;0.18361774266169878;0.1315334104411641
0.012095518337464781;0.0;N;0.5697493740666202;0.02926439262523651;0.1315334104411641
0.3193607519201576;0.0;N;1.9761577388797185;0.46786526303535975;0.2630668208823282
0.1085216974650775;0.4;Y;1.12736649282961;0.23937890248076096;0.1315334104411641
0.25034405295229595;0.0;Y;1.3336148329913189;0.3072705659828118;0.39460023132349237
0.27905579348162785;0.0;N;0.5627499960068337;0.10619135707822758;0.1315334104411641
0.7441487826176744;0.0;Y;0.7335348206656239;0.46579761778757434;0.2630668208823282
0.7364592451972917;0.0;N;0.8917207648167985;0.36886695751696436;0.1315334104411641
0.35395746907202436;1.6;Y;0.8324593639106062;0.09224388831763637;0.1315334104411641
0.5257163099599663;0.4;Y;1.070438217943347;0.29723880949077014;0.2630668208823282
0.27905579348162785;0.0;N;1.5398631731530272;0.26601641156126765;0.1315334104411641
0.3281696131343944;0.0;N;1.2426229182140947;0.191639731862534;0.0
0.15503099637868215;0.0;N;1.2192916580148063;0.1205900650621469;0.7892004626469847
0.17554469781950935;0.0;Y;0.5706826244745915;0.08245065464149608;0.2630668208823282
1.3271149389203605;0.0;N;0.9710470494943789;0.4663473837900788;0.5261336417646564
1.0342427830414644;0.0;N;1.2085592783231336;0.3657045537038881;0.2630668208823282
0.5445928840790346;0.0;Y;1.6887166132244866;0.23040737170105136;0.5261336417646564
0.4147389215122505;0.4;Y;0.8067949776913891;0.21408817466564856;0.6576670522058206
0.13425684286393874;0.0;N;2.111012422831605;0.14687769592833422;0.0
0.7364592451972917;0.0;N;0.7619989581087556;0.512454709289761;0.2630668208823282
0.27905579348162785;0.0;N;1.297684692284415;0.2127413934002543;0.5261336417646564
0.18541707166890384;0.8;Y;0.32477114197409307;0.20788270303244236;0.2630668208823282
0.3193607519201576;0.0;N;1.430672875420358;0.7019771968824412;0.2630668208823282
0.27905579348162785;0.0;N;0.19644921087800746;0.0873884796896305;0.2630668208823282
0.0146225235784373;0.4;N;1.3784108525739525;0.031001178832578326;0.39460023132349237
0.20558970491769796;0.4;N;0.12412230426021373;0.21853687131269442;0.5261336417646564
0.20774153514743407;0.0;Y;0.9747800511262649;0.10599407976488827;0.6576670522058206
0.5271053876875194;0.0;N;1.2855524369807847;0.1488113865240374;0.2630668208823282
0.03509901758013364;0.4;N;0.8394587419703929;0.05264649040316446;0.2630668208823282
0.42348266970800813;0.0;Y;1.094236103346621;0.43694814149281297;0.2630668208823282
0.174645518040513;0.8;Y;0.2883743760632033;0.12029806480440648;0.0
0.3441626107208192;0.0;N;1.5314639194812836;0.30046259675521814;0.1315334104411641
0.5891177862389921;0.0;Y;1.9887566193873338;0.22913368373133666;0.2630668208823282
0.892209585399171;0.0;Y;1.6952493660802872;0.3962098169007791;0.2630668208823282
0.14448888862493176;0.0;N;2.1595414440461242;0.14521072127686596;0.1315334104411641
0.7441487826176744;0.0;N;1.3798107281859096;0.5823366733991688;0.0
0.005351669994992108;0.4;Y;0.4073638030795736;0.02462953182919446;0.6576670522058206
1.0342427830414644;0.8;Y;0.8324593639106062;0.6402519224759068;0.1315334104411641
0.36423912475185855;0.0;N;1.5342636707051984;0.27128636359477065;0.1315334104411641
0.27905579348162785;0.0;N;0.5562172431510329;0.12394974618856243;0.39460023132349237
0.6046208858768604;0.0;N;1.573926813043988;0.21806885046535823;0.39460023132349237
0.47183993809844665;0.4;N;0.2995733809588616;0.6044362075929067;0.0
0.06201239855147286;0.4;Y;0.3359701468697514;0.04439239269604873;0.1315334104411641
0.12402479710294571;0.0;N;1.8221714215644156;0.24825802245093279;0.0
0.8124988483011076;0.0;N;1.8156386687086148;0.40544940615464425;0.0
0.5240295727193662;0.0;N;0.08679228794135242;0.29633722606406104;0.2630668208823282
0.8116802846402282;0.0;N;1.6947827408763017;0.4050555973779216;0.1315334104411641
0.998734483630891;0.8;N;0.8599902509457664;0.6188982382380831;0.1315334104411641
0.5744642564612792;0.0;N;0.5898142578380081;0.29093160392357725;0.2630668208823282
0.5891177862389921;0.0;N;0.3033063825907478;0.5323913531963433;0.1315334104411641
0.5445928840790346;0.4;N;0.9953115601016385;0.49413991611231417;1.0522672835293128
0.5261752017092473;0.0;Y;1.498333529998294;0.2676998694967616;0.6576670522058206
0.15472093438592477;0.8;N;0.5450182382553745;0.22302345713750074;0.0
0.12402479710294571;0.0;N;0.2907075020831322;0.09287263983047205;0.0
0.34044806804758604;0.0;N;0.4946227162249119;0.405790632509475;0.2630668208823282
0.31365251063349453;0.0;N;2.0223536340743093;0.3312701529392411;0.1315334104411641
0.7119023353709084;0.0;N;1.983157116939505;0.5953269183263398;0.5261336417646564
0.43408678986031;0.0;N;1.8030397882009994;0.7454913512554011;0.0
0.3461284037549009;0.0;N;0.358834781865054;0.3356385215460351;0.0
0.8567012859885975;0.8;N;0.641609655480428;0.8893782634455148;0.6576670522058206
0.12402479710294571;0.0;N;2.0134877551985797;0.1488113865240374;0.0
0.8991797789963565;0.0;Y;1.9196960891974408;0.40646861011940105;0.0
0.5143804435047571;0.0;N;1.8301040500321737;0.7284859722605572;0.0
0.43408678986031;0.0;N;0.22024709628128142;0.3020129950585769;0.0
0.3720743913088372;0.0;Y;0.5893476326340223;0.24204263101331297;0.1315334104411641
0.3193607519201576;0.0;N;1.9920229958152345;0.21034214326206946;0.2630668208823282
1.7034805882089594;0.4;Y;1.1133677367100374;1.0427125586872115;0.0
0.5891177862389921;0.0;Y;1.7204471270955186;0.46579761778757434;0.0
0.4331628051218931;0.8;Y;0.767598460556585;0.2787794705918671;0.0
0.6139351481392916;0.0;Y;1.3858768558377246;0.162946436548541;0.0
0.5891177862389921;0.0;Y;1.6266554610943798;0.4968747241456648;0.6576670522058206
0.09440767555476227;0.0;N;2.081148409776516;0.16724215936962886;0.5261336417646564
0.0020464091521986043;0.8;N;0.6742734197594318;0.05264649040316446;0.6576670522058206
0.13937286574443525;0.0;N;1.3625455956384365;0.19480549200041183;0.2630668208823282
0.12402479710294571;0.0;N;2.1170785504834195;0.1488113865240374;0.1315334104411641
0.27905579348162785;0.0;N;1.704115244956017;0.2190089943347881;0.9207338730881487
0.1690582009310253;0.0;N;1.058305962639717;0.16005880385922355;0.0
0.12402479710294571;0.0;N;1.6126567049748068;0.23869585309113475;0.1315334104411641
0.7844568416761316;0.0;N;1.8935650777742379;0.16310686887405815;0.39460023132349237
0.14448888862493176;0.4;Y;0.2874411256552318;0.2810754205111578;0.1315334104411641
0.27905579348162785;0.4;N;0.28884100126718915;0.165385813414354;0.0
0.3085891982917668;0.4;N;1.040107579684272;0.4080874774487128;0.0
0.4100259792223385;0.4;N;0.9444494128671902;0.30275481742472926;0.1315334104411641
0.15068082662029633;0.0;Y;1.6835837359806434;0.10890282000795809;0.7892004626469847
0.3497189216310312;0.4;N;0.3084392598345912;0.20315901150665097;0.5261336417646564
0.2318767606636673;0.0;Y;1.2024931506713188;0.15773175199677128;0.2630668208823282
0.0804300809212603;0.0;N;1.4834015234707496;0.09892230340788774;0.5261336417646564
0.6222572120248993;0.0;Y;1.4558706364355898;0.7853495728994561;0.0
0.6784559482121715;0.0;N;1.437672253480145;0.3409617272663903;0.1315334104411641
0.13952789674081392;0.4;N;0.5963470106938088;0.11684642037842671;0.2630668208823282
0.27905579348162785;0.0;N;1.108234859466194;0.1861038843197476;0.1315334104411641
0.35380553869557324;0.0;Y;1.9626256079641313;0.3853328632386954;0.0
0.24804959420589143;0.0;N;1.0653053406995034;0.22339638211545784;0.39460023132349237
1.0542107753750387;0.4;N;0.838992116766407;0.7454913512554011;0.39460023132349237
1.1623200903897488;0.0;Y;1.9355613461329566;0.40971715960238536;0.2630668208823282
0.5170903853214565;0.0;N;1.8963648289981525;0.3763382111103525;0.1315334104411641
0.12712541703051936;0.0;N;0.5403519862155167;0.180776352669648;0.39460023132349237
0.15503099637868215;0.0;N;0.1427873124196443;0.11151888872832716;0.0
0.12914702122329738;0.4;N;0.846924745234165;0.12805684355579958;0.0
0.5261752017092473;0.0;N;1.4236734973605716;0.4464055189338051;0.1315334104411641
0.3106139031044724;0.0;N;1.783441529633597;0.18225529854723027;0.0
0.8567012859885975;0.0;N;0.5286863561158727;0.6097466592790157;0.39460023132349237
0.12402479710294571;0.0;Y;0.3695671615567265;0.12394974618856243;0.7892004626469847
0.0930185978272093;0.8;Y;0.6304106505847696;0.05593195945896652;0.1315334104411641
0.07720543619658371;0.8;N;0.6215447717090402;0.04302502597187122;0.2630668208823282
0.3627632296663335;0.0;N;1.704115244956017;0.21013188815949727;0.1315334104411641
0.5261752017092473;0.0;N;1.8627678143111774;0.6697875807301092;0.0
0.19807690283318702;0.0;Y;0.11852280181238449;0.30578378868069245;0.0
0.19840246792558225;0.0;N;0.5884143822260507;0.1573098246767106;0.2630668208823282
0.5891177862389921;0.0;N;0.24124523046064086;0.414002515109086;0.1315334104411641
0.6382316058917586;0.0;Y;1.5421962991729559;0.32160990431024034;0.0
0.1085216974650775;0.0;Y;0.8763221330852683;0.06676789137347486;0.0
0.17053409601655034;0.4;N;0.33317039564583684;0.19356238387888966;0.5261336417646564
0.43408678986031;0.4;Y;0.32430451677010724;0.3192913551372854;0.6576670522058206
0.0930185978272093;0.8;N;0.8165941069750903;0.165385813414354;0.0
0.27905579348162785;0.0;N;1.2169585319948775;0.2979813777068783;0.0
0.3410681920331007;0.0;Y;0.7619989581087556;0.17864538476060557;0.2630668208823282
0.4000047756164205;0.0;Y;1.1982935238354468;0.18814885572887316;0.39460023132349237
0.9988740115276319;0.4;N;0.43862769174661986;0.27490395963594133;0.0
0.27084535191341286;0.0;N;1.625722210686408;0.19588458771662853;0.5261336417646564
0.31179833991680556;0.0;N;2.0354191397859105;0.34322963322733857;0.2630668208823282
0.3281696131343944;0.0;Y;0.9122522737921721;0.5756364794902048;0.0
0.7364592451972917;0.0;N;1.3620789704344505;0.43919561116496925;0.0
0.15503099637868215;0.0;Y;1.6915163644484015;0.12750140909363028;0.2630668208823282
0.5538017252639283;0.4;N;0.4022309258357302;0.32679199521893665;0.2630668208823282
0.7119023353709084;0.0;N;1.335014708603276;0.4464055189338051;0.0
0.46509298913604646;0.0;N;1.4624033892913901;0.23831338123374196;0.0
0.5762161067203582;0.0;N;1.78204165402164;0.36480766913190127;0.1315334104411641
0.48840965099140027;0.0;N;1.0074438154052683;0.8326066261061802;0.0
0.44338864964303093;0.0;N;1.3149498248318883;0.4561015683606897;0.1315334104411641
0.06201239855147286;0.0;N;0.5963470106938088;0.08914339005090102;0.1315334104411641
0.15503099637868215;0.4;Y;1.2169585319948775;0.22339638211545784;0.39460023132349237
0.27905579348162785;0.0;Y;0.2561772369881854;0.26601641156126765;0.2630668208823282
0.086817357972062;0.0;N;2.0358857649898967;0.14135288696489534;0.0
0.8567012859885975;0.0;N;1.6019243252831343;0.42671508009767006;0.5261336417646564
0.8567012859885975;0.4;N;1.0909697269187206;0.4741676951628348;0.6576670522058206
0.05913502325868452;0.0;N;1.929495218481142;0.08637479501454748;0.1315334104411641
0.6349759549678063;0.0;N;1.8408364297238466;0.5336451269722351;0.0
0.0918403622547313;0.0;N;1.2542885483137387;0.12276876736836789;0.0
0.946510742190768;0.0;Y;1.887032324918437;0.36139585309356737;0.39460023132349237
0.2027402352042578;0.4;N;0.8959203916526707;0.12459117715064866;0.0
0.3410681920331007;0.0;Y;0.9257844047077592;0.11151888872832716;0.5261336417646564
1.1831345519635508;0.4;Y;0.9542485421508914;0.729791209683407;0.2630668208823282
0.6182636135581845;0.0;N;1.8347703020720314;0.9183530425328699;0.39460023132349237
0.3410681920331007;0.0;Y;1.6378544659900383;0.22339638211545784;0.5261336417646564
0.3410681920331007;0.0;N;1.1096347350781512;0.2127413934002543;0.1315334104411641
0.07751549818934107;0.8;Y;0.3835659176762995;0.0866572483928522;0.1315334104411641
0.43408678986031;0.0;N;1.5631944333523158;0.44715136888971924;0.0
0.13952789674081392;0.0;N;1.5561950552925294;0.09080081782293355;0.39460023132349237
0.08467793022203618;0.0;Y;0.7573327060688979;0.046020806904796215;0.0
0.16096558292005808;0.0;Y;1.8860990745104658;0.11508778076737662;0.0
0.2671091049006866;0.0;N;1.9962226226511064;0.2923402907353124;0.2630668208823282
1.3565832307120202;0.0;N;1.2416896678061229;1.1122506113819473;0.0
0.07429085346466448;0.4;N;0.978513052758151;0.3162547016267764;0.0
0.43408678986031;0.4;Y;1.0293751999925995;0.2030550400227965;0.5261336417646564
0.1649529801469178;0.0;N;0.28464137443131726;0.29425212792730726;0.1315334104411641
0.27905579348162785;0.0;N;1.1791618904720307;0.2327195065643854;0.39460023132349237
0.6182636135581845;0.0;N;1.839436554111889;0.3250184386087683;0.5261336417646564
0.34454088635198316;0.0;Y;0.25571061178419974;0.25774806811999396;0.0
0.1085216974650775;0.8;Y;0.6434761562963711;0.05750905919074712;0.2630668208823282
0.5891177862389921;0.4;Y;1.498333529998294;0.19853474177998287;0.0
0.30100508194892167;0.8;Y;0.8515909972740227;0.2278267308535882;0.1315334104411641
0.03392078200765566;0.0;N;1.1203671147698238;0.030877591494883342;0.39460023132349237
0.15472093438592477;0.0;Y;1.426939873788472;0.17834704477823987;0.2630668208823282
0.47045706161074885;0.0;N;1.630388462726266;0.30120717876620723;0.2630668208823282
0.7119023353709084;0.0;N;0.6663407912916737;0.5953269183263398;0.2630668208823282
0.7986886871436947;0.0;Y;1.8543685606394336;0.39880537474736055;0.2630668208823282
0.1085216974650775;0.0;N;0.6812727978192182;0.1338943874057533;0.1315334104411641
0.27905579348162785;0.0;Y;1.4628700144953761;0.2979813777068783;0.0
0.3887371227996179;0.4;N;0.689672051490962;0.1679225236994138;0.5261336417646564
0.07429085346466448;0.0;Y;1.3457470882949487;0.07201017237361344;0.39460023132349237
0.5261752017092473;0.0;N;1.841769680131818;0.5357583436523268;0.0
0.0930185978272093;0.0;N;1.3317483321753758;0.19853474177998287;0.0
0.6827099987528025;0.4;N;1.1870945189397881;0.3811602056603335;0.0
0.7501763877568774;0.0;N;0.09845791804099657;0.7512910805125899;0.0
0.2115614988982048;0.0;N;1.9943561218351633;0.36432473128544685;0.2630668208823282
0.268895061978969;0.8;N;0.6066127651814957;0.13080656858826847;0.0
0.2821564134092015;0.0;N;1.4661363909232765;0.5791094552249237;0.39460023132349237
0.8116802846402282;0.0;N;1.562261182944344;0.6139053694632023;0.1315334104411641
0.5261752017092473;0.0;N;1.9285619680731703;0.3938450250305575;0.39460023132349237
1.0219643281282726;0.4;N;1.1189672391578664;0.684210678007587;0.0
0.5077575193394598;0.8;Y;0.9206515274639159;0.1616400057657617;0.7892004626469847
0.2661572145829215;0.0;N;1.0191094455049123;0.2855704344404659;0.0
0.37759349477991827;0.0;Y;1.5384632975410701;0.4269809756069535;0.0
0.33504988875368025;0.0;N;1.5510621780486857;0.43991289506757186;0.0
0.34044806804758604;0.0;Y;1.921562590013384;0.22302345713750074;0.6576670522058206
0.24804959420589143;0.0;N;1.0503733341719588;0.1914314159698472;0.1315334104411641
0.05418333323434941;0.0;N;1.3980091111413546;0.1460144491893591;0.1315334104411641
0.7105566663223414;0.0;N;1.8786330712466934;0.48175477925437643;0.2630668208823282
0.2015402952922868;0.0;Y;0.9472491640911046;0.22339638211545784;0.2630668208823282
0.3834226602437567;0.0;N;0.6584081628239157;0.12425427672556219;0.2630668208823282
1.1570273321733806;0.0;Y;1.8893654509383662;0.816155339043585;0.0
0.0930185978272093;0.0;N;0.17731757751459107;0.1352504917955965;0.1315334104411641
0.8567012859885975;0.0;N;1.621989209054522;0.4539750755513828;0.5261336417646564
0.04441948108242001;0.0;N;1.2841525613688278;0.1004388401232481;0.0
0.6549873559803667;0.0;Y;1.4876011503066218;0.29431075173384214;0.5261336417646564
0.0020464091521986043;0.0;N;2.1576749432301816;0.05643257394937614;0.1315334104411641
0.24804959420589143;0.0;Y;0.7591992068848412;0.06676789137347486;0.0
0.3100619927573643;0.0;N;1.2071594027111763;0.23405137083066135;0.39460023132349237
0.303860752902217;0.0;N;1.4218069965446285;0.44715136888971924;0.1315334104411641
0.12402479710294571;0.0;N;1.45913701286349;0.2068219552251412;0.1315334104411641
0.7649756466711866;0.0;N;1.6154564561987212;0.2771375564989176;0.0
0.10616522632012154;0.0;N;1.045707082132101;0.1096294270350097;0.1315334104411641
0.8116802846402282;0.0;Y;0.4866900877571538;0.2892229362595734;0.0
0.5930369698274452;0.0;N;1.5482624268247713;0.7502051229767789;0.0
0.02287017258578319;0.4;Y;0.42322906001508964;0.042841024787747185;0.0
0.15944627915554702;0.0;N;0.3490356525813529;0.18289374610949286;0.1315334104411641
0.329226924529697;0.4;Y;0.824993360646834;0.1922049369591258;0.1315334104411641
0.30521882443049425;0.0;N;1.0578393374357313;0.11518205620180419;0.1315334104411641
0.7119023353709084;0.0;N;1.0475735829480446;0.5102289438513219;0.6576670522058206
0.5261752017092473;0.8;N;0.4227624348111038;0.36188259477479695;0.2630668208823282
0.0918403622547313;0.8;Y;0.7055373084264779;0.11784369635447961;0.0
1.0108020963890074;0.8;Y;0.6742734197594318;0.6261553583091284;0.2630668208823282
0.4100259792223385;0.4;N;0.9715136746983645;0.6236984539693513;0.0
0.06185736755509418;0.0;N;1.9308950940930991;0.08899422005971817;0.0
0.3083690542769091;0.4;Y;0.5930806342659085;0.18105530055315996;0.2630668208823282
0.30696137282979064;0.0;N;1.2654875532093968;0.32483197611978976;0.39460023132349237
0.6750669706313336;0.0;N;1.3919429834895394;0.39462965918417925;0.39460023132349237
0.8567012859885975;0.4;N;1.3718780997181514;0.711430845073654;0.1315334104411641
0.1853860654696281;0.0;N;1.6583859749654117;0.17315093189037237;0.1315334104411641
0.5261752017092473;0.0;N;0.8007288500395741;0.5357583436523268;0.5261336417646564
0.12402479710294571;0.0;N;2.128744180583064;0.1861038843197476;0.2630668208823282
0.6320923784351629;0.8;N;0.791396345959859;0.22750922252735556;0.0
0.88228140039108;0.0;N;1.695715991284273;0.43902160437025445;0.39460023132349237
0.2384655780097613;0.0;N;1.2738868068811409;0.21571166626468702;0.1315334104411641
0.6598987379456432;0.4;N;0.5258866048919583;0.5931994559120901;0.0
0.687345425544525;0.0;N;1.1693627611883295;0.6908354664860082;0.1315334104411641
0.662788515718142;0.0;Y;1.6205893334425647;0.4168698606796026;0.0
0.27905579348162785;0.0;N;0.30517288340669085;0.12394974618856243;0.2630668208823282
0.21238626379893938;0.4;Y;0.6962048043467628;0.2338323146986094;0.5261336417646564
0.2821564134092015;0.0;N;1.7955737849372269;0.44276398110904946;0.0
0.5077575193394598;0.0;N;1.5379966723370844;0.25883917202050083;0.2630668208823282
0.0098227639305533;0.0;N;0.902919769712457;0.02770243364756098;0.39460023132349237
0.3281696131343944;0.0;N;0.9645142966385782;0.5756364794902048;0.0
0.4278855500051627;0.0;N;1.4227402469526;0.30373449134182257;0.5261336417646564
0.27905579348162785;0.0;N;0.40643055267160216;0.3725663732982988;0.0
0.053231442916584305;0.0;N;1.2486890458659092;0.06718556734878682;0.1315334104411641
0.15503099637868215;0.0;N;1.088169975694806;0.2127413934002543;0.2630668208823282
0.9754488279748129;0.0;Y;1.1077682342622082;0.27166547912736183;0.2630668208823282
0.27198638004675996;0.0;N;2.0466181446815694;0.44136536327171927;0.2630668208823282
0.3461284037549009;0.4;N;0.39663142338790097;0.20123964123010132;0.7892004626469847
0.2506541149450533;0.4;N;0.7759977142283289;0.2254847619920176;0.5261336417646564
0.4928094306686272;0.0;N;1.2328237889303937;0.8396623666891286;0.0
0.25866921745783117;0.4;N;0.46335882755786545;0.3480465559976193;0.0
0.2956255063745814;0.8;N;0.9337170331755174;0.39249548412032637;0.1315334104411641
0.14448888862493176;0.8;N;0.719536064546051;0.14035844521867494;0.2630668208823282
0.3394620709106176;0.4;N;1.6005244496711768;0.3561039730713605;0.5261336417646564
0.5261752017092473;0.8;Y;1.0125766926491122;0.4464055189338051;0.5261336417646564
0.36423912475185855;0.0;N;1.393342859101497;0.3165605001087012;0.2630668208823282
0.4893398369696723;0.4;Y;0.7643320841286846;0.5003155537472838;0.1315334104411641
0.3720743913088372;0.4;N;0.9659141722505354;0.13815639780883385;0.5261336417646564
0.6750669706313336;0.4;Y;0.9906453080617809;0.37707458877182665;0.5261336417646564
0.48096196192536833;0.4;N;1.5169985381577247;0.4922544074237631;0.0
0.49645886032338143;0.0;Y;0.9481824144990763;0.4225780741472007;0.39460023132349237
0.13937286574443525;0.0;N;1.3462137134989345;0.20456367072862416;1.0522672835293128
0.11991957631883822;0.0;N;0.7549995800489692;0.14486136515751577;0.2630668208823282
0.11008440990857461;0.0;N;1.6728513562889706;0.13539802091687633;0.1315334104411641
0.3565650904311138;0.4;N;0.6285441497688266;0.0;0.39460023132349237
0.24804959420589143;0.0;N;0.39849792420384406;0.3352738755025886;0.1315334104411641
0.49974551744660944;0.8;N;0.9159852754240585;0.42521346038142793;0.0
0.27905579348162785;0.0;Y;0.09285841559316733;0.07422639093261692;0.39460023132349237
0.5891177862389921;1.2;N;1.0639054650875461;0.24825802245093279;0.2630668208823282
0.348280233984637;0.0;N;0.8030619760595031;0.22773349960909894;0.5261336417646564
0.4371874097878837;0.4;N;0.7200026897500368;0.3214223976313235;0.0
0.19355309835885706;0.0;N;1.5076660340780097;0.1796994945032991;0.6576670522058206
1.1831345519635508;0.0;N;0.7512665784170831;0.44896438096255553;0.7892004626469847
0.1697651422745121;0.0;N;1.2272242864825642;0.32160990431024034;0.0
0.14448888862493176;0.8;Y;0.8408586175823503;0.14035844521867494;0.0
0.4893398369696723;0.8;Y;0.7223358157699654;0.35726578354768807;0.5261336417646564
1.2092417717537207;0.0;N;1.0261088235646993;0.3725663732982988;0.0
0.14882975652353486;0.0;Y;1.1651631343524573;0.11655844771044827;0.39460023132349237
0.1665404975498355;0.0;Y;1.1035686074263362;0.13541166997106957;0.1315334104411641
0.7119023353709084;0.0;N;0.5487512398872606;0.5102289438513219;0.6576670522058206
1.3271149389203605;0.0;N;0.617811770077154;0.40800916320334185;0.39460023132349237
0.7441487826176744;0.0;N;1.1268998676256246;0.2586170579036296;0.5261336417646564
0.945689077909961;0.0;Y;1.5505955528447;0.46952686756714535;0.39460023132349237
0.5261752017092473;0.4;N;1.4297396250123866;0.27886897258657684;0.5261336417646564
0.45188434824458273;0.0;Y;0.42322906001508964;0.290038075676392;0.0
0.3281696131343944;0.0;N;0.6906053018989334;0.14364018502469744;0.2630668208823282
1.8262651373408756;0.0;Y;1.8637010647191488;0.3570526942152833;0.5261336417646564
0.5891177862389921;0.0;Y;0.3065727590186482;0.3311302314875116;0.0
0.15935636117764737;1.2;N;1.6653853530251983;0.6269216445538345;0.0
0.34454088635198316;0.0;N;1.7591770190263376;0.6638865650489073;0.0
0.2884444706223208;0.0;N;1.8156386687086148;0.3838585416308399;0.2630668208823282
0.7441487826176744;0.8;N;0.6915385523069051;0.7454913512554011;0.2630668208823282
0.27905579348162785;0.0;N;0.3005066313668333;0.28650677447512063;0.0
0.5596060857683463;0.4;Y;1.5846591927356608;0.2837833779460955;0.0
0.39601737838956086;0.0;N;1.863234439515163;0.2564412644122367;0.0
0.15503099637868215;0.0;N;0.5977468863057662;0.17864538476060557;0.1315334104411641
0.43408678986031;0.0;N;1.6607191009853406;0.3725663732982988;0.1315334104411641
0.2954270666992167;0.4;Y;0.44002756735857723;0.0868892823141371;0.0
0.8567012859885975;0.0;Y;1.5244645414214972;0.3046940273101062;0.0
0.30695827220986305;0.0;N;1.126433242421639;0.13513622758235044;0.0
0.15503099637868215;0.4;Y;1.0125766926491122;0.08100683829683736;0.6576670522058206
0.37575172654293953;0.0;N;1.8707004427789353;0.15495099960613634;0.39460023132349237
0.27905579348162785;0.0;N;1.0289085747886135;0.2979813777068783;0.0
0.12402479710294571;0.4;N;0.3611679078849827;0.10619135707822758;0.0
0.15503099637868215;0.0;Y;1.4362723778681874;0.08914339005090102;0.1315334104411641
0.037207439130883715;0.0;N;1.0503733341719588;0.054337033913239595;0.0
0.36423912475185855;0.8;N;0.815194231363133;0.4750200524924535;0.39460023132349237
0.10120423443600371;0.4;N;1.1017021066103931;0.1268535638219232;0.1315334104411641
0.27905579348162785;0.0;N;1.3336148329913189;0.22565653123686466;0.2630668208823282
0.3193607519201576;0.0;N;1.9122300859336683;0.4210428911829425;0.39460023132349237
0.10938987104479812;0.0;N;0.462425577149894;0.16850182536017236;0.2630668208823282
1.0072301822324428;0.0;Y;1.3480802143148776;0.49913412741711566;0.39460023132349237
0.47749546884634103;0.0;N;0.4446938193984349;0.4889189664209147;0.0
0.7596518822555425;0.4;Y;0.3383032728896802;0.3166276266047334;0.1315334104411641
0.24804959420589143;0.8;Y;1.0429073309081869;0.1914314159698472;0.1315334104411641
0.13937286574443525;0.0;N;0.6420762806844138;0.1362562704611468;0.0
0.5261752017092473;0.0;Y;0.6248111481369405;0.20584019292817135;1.3153341044116411
0.15503099637868215;0.4;Y;0.8959203916526707;0.05228960119925951;0.2630668208823282
0.05160361745460814;0.0;N;1.4017421127732406;0.09899979721830723;0.0
0.27905579348162785;0.0;Y;1.1894276449597174;0.1861038843197476;0.0
0.18449928817034203;0.0;N;1.1735623880242012;0.25883917202050083;0.0
0.06815162600806868;0.0;N;1.1702960115963008;0.09902590196676422;0.6576670522058206
0.15852849565698524;0.0;N;0.19504933526605012;0.15161578235827478;0.0
0.24804959420589143;0.0;N;0.9122522737921721;0.1914314159698472;0.0
0.1085216974650775;1.2;N;0.05786152529423489;0.2030550400227965;0.0
0.3410681920331007;0.0;N;1.1087014846701797;0.30826896073379856;0.2630668208823282
0.3262968386981399;0.4;N;0.7549995800489692;0.35776125167340184;0.39460023132349237
0.8116802846402282;0.4;N;0.8371256159504639;0.6331010860235793;0.0
0.4100259792223385;0.8;N;0.7666652101486133;0.2353962874711659;0.1315334104411641
0.6182636135581845;0.0;N;1.4208737461366574;0.5202446645693114;0.1315334104411641
0.3007601329746434;0.0;N;1.9112968355256972;0.4430077248746423;0.1315334104411641
0.5953190260941394;0.4;N;0.9071193965483287;0.4704591800120381;0.6576670522058206
0.8116802846402282;0.0;Y;1.3317483321753758;0.5064091478871029;0.39460023132349237
0.7053011155451041;0.0;Y;1.6504533464976536;0.5056920877394869;0.0
0.32703478624090243;0.8;Y;0.6929384279188623;0.16526886414126668;0.5261336417646564
0.1939189715103108;0.8;N;0.5319527325437731;0.11987568997437227;0.2630668208823282
0.015503099637868214;0.4;Y;0.7036708076105349;0.07422639093261692;0.0
0.15503099637868215;0.4;Y;1.0303084504005708;0.17864538476060557;0.39460023132349237
0.9590217435985278;0.0;Y;1.2738868068811409;0.4759411771880076;0.2630668208823282
0.5240295727193662;0.0;N;1.7885744068774405;0.44468506684049774;0.0
0.06201239855147286;0.4;Y;0.35416852982519625;0.06011573020167166;0.7892004626469847
0.15935636117764737;0.0;N;1.3322149573793614;0.15227958881903841;0.0
0.7441487826176744;0.0;Y;0.09192516518519582;0.28650677447512063;0.1315334104411641
0.12402479710294571;0.0;Y;0.654208535988044;0.1488113865240374;0.6576670522058206
0.5077575193394598;0.0;N;1.6532530977215685;0.3699239014894904;0.1315334104411641
0.26382554839738614;0.0;N;1.9864234933674052;0.2529320403696603;0.0
0.17467652423978874;0.0;N;1.9640254835760882;0.20579432315588259;0.2630668208823282
0.10616522632012154;0.0;N;0.8021287256515315;0.21961738414382737;0.1315334104411641
1.0542107753750387;0.0;N;0.7787974654522432;0.1301651376261823;0.0
0.5490081668558995;0.0;N;1.0410408300922438;0.5577280999537356;0.1315334104411641
0.4069749692136061;0.0;Y;1.3513465907427782;0.087437854956712;0.39460023132349237
0.30695827220986305;0.0;N;1.7703760239219957;0.5416207243058125;0.1315334104411641
0.05442828220862772;0.0;N;2.050817771517441;0.29322926929776655;0.2630668208823282
0.28147737764506287;0.0;N;0.9113190233842009;0.07876511166934164;0.2630668208823282
0.6715322639138996;0.8;Y;0.6145453936492538;0.5629570302396633;0.1315334104411641
0.5271053876875194;0.0;N;0.2874411256552318;0.5366533635994238;0.0
0.1085216974650775;0.0;Y;1.2351569149503223;0.1338943874057533;0.1315334104411641
0.0930185978272093;0.4;N;0.6868723002670473;0.09908803126809189;0.0
0.7119023353709084;0.4;Y;1.1250333668096815;0.198203211474579;0.39460023132349237
0.12402479710294571;0.0;N;0.9682472982704642;0.08251360437777523;0.5261336417646564
0.8460475559174544;0.0;N;1.766176397086124;0.32421694824614283;0.39460023132349237
0.27905579348162785;0.0;N;0.5860812562061221;0.1488113865240374;0.0
0.43408678986031;0.0;N;1.7087814969958746;0.4860652699045914;0.39460023132349237
0.29535885306081006;0.4;N;1.0307750756045566;0.3136680939796659;0.39460023132349237
0.5447479150754133;0.0;Y;0.617345144873168;0.27663515196861377;0.2630668208823282
0.06815162600806868;0.0;Y;2.094213915488117;0.09505052170174151;0.1315334104411641
0.07183516248202616;0.4;N;1.0559728366197882;0.0985948006922458;0.39460023132349237
0.8991797789963565;0.0;Y;0.715336437710179;0.4968747241456648;0.2630668208823282
0.13952789674081392;0.8;N;0.8422584931943072;0.20475013321760274;0.0
0.8929785391412092;0.0;N;1.7274465051553054;0.37008023164024995;0.1315334104411641
1.0342427830414644;0.0;Y;1.43487250225623;0.42671508009767006;0.39460023132349237
0.17673533587169762;0.4;N;0.6080126407934531;0.1847226447863901;0.1315334104411641
0.3887402234195455;0.0;N;1.877699820838722;0.4035191464687383;0.0
0.28902118592884957;0.4;Y;0.3387698980936659;0.38455218208984004;0.2630668208823282
0.33894426738271277;0.0;N;1.918762838789469;0.2115249121221582;0.39460023132349237
0.1085216974650775;0.4;N;0.6556084116000009;0.1674576354218925;0.0
0.5538017252639283;0.0;N;1.34341396227502;0.3122519486683716;1.183800693970477
0.5373188297289468;0.0;Y;0.4670918291897515;0.5464806826185494;0.1315334104411641
0.3281696131343944;0.0;Y;0.3131055118744489;0.2156395425739501;0.39460023132349237
0.11773053864997123;0.0;N;1.5795263154918175;0.06469308596611273;0.0
0.43408678986031;0.0;Y;0.533819233359716;0.2793351288090232;0.0
0.3036127033080111;0.0;N;2.2090037156686155;0.17851277263844403;0.0
0.3497189216310312;0.0;N;2.078348658552601;0.2285986855579594;0.1315334104411641
0.42742045701602666;0.0;Y;1.0783708464111048;0.35536371699011565;0.0
0.039191835884530846;0.4;Y;0.8884543883888981;0.041856502845940426;0.2630668208823282
0.5676242889010517;0.4;N;0.5865478814101077;0.11041040652384745;0.2630668208823282
0.4030805905845736;0.0;N;1.9859568681634197;0.5217363644811397;0.39460023132349237
0.27905579348162785;0.0;N;0.1385876855837724;0.2127413934002543;0.1315334104411641
0.24323743207829715;0.0;Y;0.42042930879117496;0.18288845057480588;0.0
0.21597058043521453;0.4;N;0.9813128039820657;0.37095347276863433;0.0
0.5891177862389921;0.0;Y;0.3112390110585057;0.2127413934002543;0.1315334104411641
0.039191835884530846;0.0;N;1.7829749044296115;0.08407161035068443;0.39460023132349237
0.1772221332003267;0.0;N;0.40036442501978703;0.1427529219171419;0.2630668208823282
0.310303841111715;0.0;N;1.777842027185768;0.5127768418857204;0.0
1.9889856711399405;0.0;Y;0.9164519006280443;0.5581544277885362;0.39460023132349237
0.8567012859885975;0.0;N;1.2542885483137387;1.0673256072323805;0.2630668208823282
1.1317262735643796;0.0;N;0.8613901265577238;0.1861038843197476;0.2630668208823282
0.7441487826176744;0.0;Y;1.1992267742434184;0.16915272861669872;0.2630668208823282
0.2015402952922868;0.0;Y;0.8767887582892541;0.22339638211545784;0.0
0.4147389215122505;0.0;N;1.8762999452267646;0.4285349539901007;0.5261336417646564
0.1605221942704151;0.0;N;0.4768909584734527;0.2300008834750781;0.7892004626469847
0.3193607519201576;0.0;N;1.4988001552022798;0.8424443870246884;0.0
0.8991797789963565;0.0;Y;1.766176397086124;0.6043845947759574;0.2630668208823282
0.24804959420589143;0.0;Y;1.6952493660802872;0.22339638211545784;0.39460023132349237
0.08467793022203618;0.0;N;1.3126166988119596;0.11095204276183235;0.0
1.1782355724779843;0.4;N;0.9201849022599302;0.4151864027441086;0.2630668208823282
0.5891177862389921;0.0;Y;0.6397431546644851;0.5963213600725602;0.0
0.20705939876336787;0.4;N;0.9575149185787918;0.19052923586317336;0.5261336417646564
0.6747569086385762;0.4;N;0.8385254915624212;0.24217046969575665;0.7892004626469847
0.4221680068587169;0.0;N;1.9439605998047005;1.0897458569071614;0.1315334104411641
0.48902977497691497;0.0;N;1.5389299227450557;0.4629523493757529;0.1315334104411641
0.4141249987665909;1.2;Y;0.5706826244745915;0.35656043324437997;0.6576670522058206
0.9454720345150309;0.4;N;0.8067949776913891;0.293254553611272;0.39460023132349237
0.41548307029486814;0.0;N;1.3200827020757315;0.3901955811962693;0.1315334104411641
0.10643187963389286;0.0;N;0.24124523046064086;0.07310925686864861;0.0
0.2801906203751198;0.0;N;0.3131055118744489;0.29907330204233673;0.7892004626469847
0.19527394241866045;0.0;N;0.4194960583832035;0.21736693107184743;0.0
0.12402479710294571;0.8;N;0.8618567517617095;0.07422639093261692;0.0
0.1649529801469178;0.0;Y;0.11478980018049845;0.23532998141008513;0.2630668208823282
0.3073272459812444;0.0;N;0.7377344475014959;0.23217182894175756;0.0
0.3956763101975277;0.0;N;2.1320105570109646;0.44589312001409204;0.1315334104411641
0.10938987104479812;0.0;N;1.4418718803160167;0.07469045877518674;0.2630668208823282
0.26192176776185594;0.0;N;1.1432317497651263;0.17579996717879287;0.0
0.8567012859885975;0.0;Y;1.319616076871746;0.6097466592790157;0.1315334104411641
0.5860171663114185;0.0;N;0.5445516130513889;0.49438850790262034;0.39460023132349237
0.4100259792223385;0.0;Y;1.8721003183908926;0.21615097188872048;1.0522672835293128
0.039191835884530846;0.0;Y;1.2356235401543079;0.05688224688779681;0.2630668208823282
0.217043394930155;0.8;N;1.283219310960856;0.2708595882499965;0.2630668208823282
0.8567012859885975;0.8;N;0.9379166600113895;0.8209369085259554;0.1315334104411641
0.05418333323434941;0.0;Y;0.6574749124159439;0.04517971190951176;0.6576670522058206
0.27905579348162785;0.0;N;1.2384232913782225;0.11438757682876437;0.6576670522058206
0.43408678986031;0.0;N;1.1404319985412115;0.44715136888971924;0.1315334104411641
0.6487551099259435;0.0;Y;1.2024931506713188;0.7105790844239999;0.1315334104411641
0.07751549818934107;0.0;N;0.7092703100583643;0.10841115571701944;0.39460023132349237
1.0342427830414644;0.0;Y;1.1469647513970125;0.9147992912479256;0.0
0.4147389215122505;0.4;N;0.9295174063396456;0.5357583436523268;0.39460023132349237
0.2821564134092015;0.0;Y;0.30423963299871937;0.16704324118638658;0.0
0.10120423443600371;0.0;N;2.1502089399664093;0.10565151088013687;0.5261336417646564
0.19527394241866045;0.0;N;1.6891832384284724;0.12060005945155614;0.0
0.43408678986031;0.0;N;0.41529643154733153;0.3725663732982988;0.0
0.7119023353709084;0.0;N;0.4045640518556589;0.5102289438513219;0.5261336417646564
0.09884776329104773;0.0;N;0.8287263622787201;0.15582237610963087;0.0
0.655849328320232;0.4;Y;0.32010488993423536;0.4717047494384149;0.0
0.06201239855147286;0.0;N;1.4712692681671198;0.11151888872832716;0.0
0.2318767606636673;0.4;N;0.4684917048017089;0.21769704426233502;0.2630668208823282
0.12402479710294571;0.0;N;0.9430495372552329;0.1488113865240374;0.2630668208823282
0.43408678986031;0.0;N;1.8081726654448427;0.6211830004080351;0.39460023132349237
0.40618121051214723;0.0;Y;0.40036442501978703;0.42030077047680786;0.2630668208823282
0.7241807902841001;0.0;N;1.5295974186653407;0.259154591966857;1.183800693970477
1.1614612186698108;0.0;N;0.27017599310775836;0.4094220267748301;0.39460023132349237
0.17554469781950935;0.0;N;1.9042974574659106;0.1416000616402853;0.1315334104411641
0.20774153514743407;0.0;N;0.25851036300811425;0.22936318176277148;0.2630668208823282
0.15503099637868215;0.8;N;0.5552839927430614;0.17864538476060557;0.1315334104411641
0.15503099637868215;0.8;N;0.7661985849446277;0.11151888872832716;0.0
0.5581115869632557;0.4;Y;0.8357257403385064;0.4720130092251942;0.1315334104411641
0.6312490098148628;0.4;Y;0.9379166600113895;0.6368597968764089;0.5261336417646564
0.5445928840790346;0.0;N;1.7157808750556611;0.2608859334695206;0.0
0.33670561979500463;0.8;Y;1.2650209280054112;0.12600225068224272;0.0
0.34044806804758604;0.0;Y;1.41060799164897;0.3570526942152833;0.39460023132349237
0.27905579348162785;0.4;N;1.1231668659937384;0.12394974618856243;0.1315334104411641
0.2027402352042578;0.0;N;1.8039730386089707;0.12459117715064866;0.0
0.8836766793584881;0.4;N;0.3285041436059791;0.4396928693305773;0.2630668208823282
0.24314441348046995;0.4;N;0.2986401305508901;0.263427640949285;0.1315334104411641
0.37728343278716087;0.0;Y;0.14978669047943088;0.2451752008281526;0.6576670522058206
0.4893398369696723;0.8;Y;0.8735223818613536;0.8340983260180087;0.2630668208823282
0.6004660551739117;0.0;N;1.805839539424914;0.5421406563100801;0.0
0.5891177862389921;0.4;N;0.6560750368039869;0.2327195065643854;0.1315334104411641
0.6182636135581845;0.0;N;0.7657319597406417;0.6243653184149343;0.1315334104411641
0.2821564134092015;0.0;N;1.221624784034735;0.2507442386939772;0.2630668208823282
0.12402479710294571;0.0;N;1.69384949046833;0.31041223516711364;0.0
0.13614822101975865;0.0;N;1.013976568261069;0.13367063241897903;0.0
0.5891177862389921;0.0;N;1.3583459688025645;0.7454913512554011;0.1315334104411641
0.43408678986031;0.0;N;1.8721003183908926;1.39811006268033;0.0
0.44261039404120994;0.0;Y;1.2897520638166569;0.4743407323526069;0.2630668208823282
0.15503099637868215;0.0;N;0.265043115863915;0.04439239269604873;0.1315334104411641
0.1421324174799758;0.0;N;1.2986179426923865;0.11863646027262081;0.7892004626469847
0.0930185978272093;0.4;N;0.15398631731530277;0.1488113865240374;0.1315334104411641
0.8567012859885975;0.4;N;0.767131835352599;0.42671508009767006;0.2630668208823282
0.3719131590726033;0.0;N;1.7507777653545937;0.2765605669730224;0.0
0.6666332844283333;0.0;N;0.37376678839259836;0.20941169544206648;0.1315334104411641
0.08656930837785612;0.0;N;1.9896898697953056;0.11277191665426302;0.5261336417646564
0.4709221545998849;1.2;Y;0.8968536420606419;0.13379496560662993;0.5261336417646564
0.8567012859885975;0.8;Y;1.083970348858934;0.3046940273101062;0.39460023132349237
0.13952789674081392;0.0;N;1.7811084036136684;0.2275400261305348;0.1315334104411641
0.07429085346466448;0.0;N;0.878655259105197;0.08407161035068443;0.2630668208823282
0.1062148362389627;0.0;N;1.735845758827049;0.0631189696341558;0.0
0.07131425833419379;0.4;N;0.6906053018989334;0.06996438052953637;0.5261336417646564
0.1697651422745121;0.0;N;2.011621254382637;0.3446076656058857;0.0
0.3394620709106176;0.4;Y;0.868856129821496;0.3423939083517368;0.39460023132349237
0.5185321735877781;0.0;N;1.1716958872082581;0.20301170614035788;0.0
0.14448888862493176;0.0;N;1.317282950851817;0.21071693286491636;0.0
0.12402479710294571;0.4;Y;0.6584081628239157;0.1861038843197476;0.0
0.7119023353709084;0.8;N;1.0158430690770124;0.4578610284066913;0.0
0.3281696131343944;0.0;Y;0.7927962215718163;0.23315291997376714;0.7892004626469847
0.15503099637868215;0.0;Y;1.6789174839407854;0.2030550400227965;0.1315334104411641
0.0637611481906244;0.0;N;0.8823882607370831;0.22760297586681394;0.0
0.4058649472795347;0.0;N;0.8945205160407133;0.4199964636947949;0.1315334104411641
0.07122123973636657;0.4;N;0.22398009791316767;0.08161030549616755;0.0
0.24323743207829715;0.0;Y;0.20064883771387937;0.07817581561917383;0.2630668208823282
0.7119023353709084;0.0;N;1.955159604700359;0.5953269183263398;0.2630668208823282
0.5261752017092473;0.0;Y;1.5561950552925294;0.4464055189338051;0.1315334104411641
0.5261752017092473;0.0;N;1.6807839847567287;0.5357583436523268;0.1315334104411641
0.3410681920331007;0.0;Y;0.3439027753375095;0.3576493741800147;0.1315334104411641
0.27905579348162785;0.0;N;0.6098791416093959;0.1861038843197476;0.0
0.2058811631908899;0.8;Y;0.5888810074300365;0.25865472332640327;0.2630668208823282
0.44074072022488303;0.4;Y;0.899186768080571;0.18877156585706592;0.6576670522058206
0.8567012859885975;0.0;N;0.8917207648167985;0.4741676951628348;0.1315334104411641
0.3720743913088372;0.0;N;1.7269798799513194;0.17593317598091915;1.183800693970477
0.8991797789963565;0.0;Y;1.1730957628202154;0.3725663732982988;0.0
0.34454088635198316;0.0;N;1.2855524369807847;0.16389113010270195;0.7892004626469847
0.7119023353709084;0.0;Y;1.6149898309947357;0.4464055189338051;0.39460023132349237
0.5336042870557136;0.0;N;0.4554261990901074;0.3876879590594902;0.1315334104411641
0.9590217435985278;0.8;N;0.7340014458696096;0.7934743402242164;0.39460023132349237
0.1860371956544186;0.0;N;1.6271220862983655;0.20847938299717372;0.39460023132349237
0.27905579348162785;0.0;N;1.7059817457719602;0.2127413934002543;0.2630668208823282
0.27905579348162785;0.0;N;1.7587103938223514;0.2127413934002543;0.2630668208823282
0.007602720062410573;0.0;N;0.30377300779473354;0.026176573807751704;0.1315334104411641
0.12500459300005898;0.0;Y;1.8469025573756612;0.14975414086831296;0.2630668208823282
0.27905579348162785;0.0;Y;1.676117732716871;0.165385813414354;0.0
0.3348669521779534;1.2;Y;0.9449160380711759;0.2043164960532342;0.1315334104411641
0.2821564134092015;0.4;N;0.7615323329047698;0.12519277972508905;0.1315334104411641
0.4199603654702845;0.0;N;1.8081726654448427;0.4335589992931388;0.0
0.1085216974650775;0.4;N;0.8427251183982933;0.0555801420347618;0.2630668208823282
0.36592276137253105;0.0;Y;0.6206115213010684;0.1360424352787862;0.0
0.27905579348162785;0.0;N;0.7447338255612824;0.22565653123686466;0.1315334104411641
0.8024001291970003;0.0;N;1.1693627611883295;0.25023489775908336;0.5261336417646564
0.33176013101052465;0.0;Y;0.6910719271029194;0.24896411860419676;0.0
0.2956255063745814;0.0;N;1.714380999443704;0.1742432291508087;0.0
0.4100259792223385;0.0;Y;1.4941339031624223;0.2353962874711659;0.1315334104411641
0.13425684286393874;0.0;N;2.181472828633455;0.2646667214810453;0.0
0.5261752017092473;0.0;N;1.5851258179396468;0.6088652138011164;0.39460023132349237
0.1697651422745121;0.8;N;0.6430095310923855;0.32160990431024034;0.1315334104411641
0.7119023353709084;0.0;N;0.524020104076015;0.39676502760796156;0.6576670522058206
0.5891177862389921;0.4;Y;0.7088036848543783;0.19853474177998287;0.2630668208823282
0.4359223568574336;0.0;N;0.10452404569281148;0.3205529603377143;0.0
0.5005733829672716;0.0;Y;1.0713714683513185;0.2553829033247944;0.0
0.1140035934970277;0.0;N;1.2482224206619237;0.07715676082440823;0.1315334104411641
0.15503099637868215;0.0;N;0.9864456812259091;0.11151888872832716;0.2630668208823282
0.5077575193394598;0.0;N;1.9402275981728145;0.3699239014894904;0.6576670522058206
1.0870711453674642;0.0;N;1.2043596514872619;0.4886450157321074;0.1315334104411641
0.1649529801469178;0.4;Y;0.3555684054371536;0.09391682976875193;0.1315334104411641
0.168034996354926;0.8;Y;1.0303084504005708;0.09539957948110935;0.39460023132349237
0.3497189216310312;0.0;N;1.8469025573756612;0.25403835960926785;0.2630668208823282
0.03714542673233224;0.4;N;0.3793662908404276;0.08161030549616755;0.2630668208823282
0.11640967456082485;0.0;N;0.3233712663621357;0.10095765335258201;0.39460023132349237
0.4711888079136562;0.0;N;1.4834015234707496;0.4023158667348619;0.2630668208823282
0.15503099637868215;0.0;Y;0.3378366476856944;0.08914339005090102;0.0
1.0072301822324428;0.0;Y;1.3499467151308207;0.31182435288864596;0.0
0.5113170310163143;0.0;N;1.6261888358903942;0.2368324961462743;0.6576670522058206
0.1649529801469178;0.0;N;0.12925518150405713;0.23532998141008513;0.2630668208823282
0.14455710226333837;0.4;Y;0.9617145454146635;0.1052201858506317;0.5261336417646564
0.03100619927573643;0.0;N;1.261754551577511;0.08251360437777523;0.2630668208823282
0.5261752017092473;0.0;N;1.7685095231060526;0.3347144880356529;0.0
0.5077575193394598;0.0;N;1.7447116377027785;0.323638616190327;0.0
0.11984826206050403;0.4;Y;1.3499467151308207;0.12060087988650764;0.0
0.27905579348162785;0.8;Y;0.6047462643655526;0.14588646133692426;0.6576670522058206
0.13952789674081392;0.4;Y;0.9537819169469054;0.20475013321760274;0.0
0.15503099637868215;0.0;N;0.6864056750630616;0.1488113865240374;0.2630668208823282
0.2635526938437597;0.0;N;1.0279753243806422;0.07837003494769387;0.0
0.42904208123814774;0.0;Y;1.3653453468623509;0.6144413372415222;0.2630668208823282
0.015503099637868214;0.4;N;0.7755310890243428;0.02201689401862259;0.39460023132349237
0.06201239855147286;0.0;N;1.805839539424914;0.034332070150695566;0.39460023132349237
0.3720743913088372;0.0;N;0.6574749124159439;0.2151091686702995;0.1315334104411641
0.4000047756164205;0.0;N;1.8207715459524587;0.3836380683838716;0.0
0.5679622564731571;0.8;N;0.5716158748825632;0.31982150528594927;0.0
0.27905579348162785;0.0;N;0.12272242864825639;0.1488113865240374;0.39460023132349237
0.27905579348162785;0.0;N;0.4614923267419225;0.2127413934002543;0.39460023132349237
0.1649529801469178;0.0;Y;2.089081038244274;0.14694676163425188;0.1315334104411641
0.12402479710294571;0.0;N;1.9560928551083308;0.1861038843197476;0.1315334104411641
1.2092417717537207;1.2;N;0.9131855242001438;0.2979813777068783;0.2630668208823282
0.15472093438592477;0.8;Y;0.68547242465509;0.17834704477823987;0.0
0.5561054858701157;0.8;N;0.7344680710735956;0.15656240843588895;0.2630668208823282
0.27905579348162785;0.0;N;1.1096347350781512;0.2127413934002543;0.39460023132349237
0.7856846871674508;0.0;Y;1.0326415764205;0.3270645287928277;0.2630668208823282
0.11112621820423937;0.0;N;1.997155873059078;0.17059020523673213;0.1315334104411641
0.0930185978272093;0.0;Y;0.29117412728711783;0.19853474177998287;0.1315334104411641
0.5147029079772247;0.0;N;1.3560128427826357;0.23831338123374196;0.0
0.43408678986031;0.0;Y;0.9682472982704642;0.3992038823788055;0.2630668208823282
0.05913502325868452;0.0;Y;0.7167363133221364;0.10805814493288524;0.1315334104411641
0.17053409601655034;0.4;Y;0.7242023165859087;0.19356238387888966;0.2630668208823282
0.6018427304217544;0.0;Y;1.4316061258283297;0.4345870042873753;0.6576670522058206
0.14448888862493176;0.0;N;1.9915563706112487;0.23416973721866496;0.1315334104411641
0.1085216974650775;0.0;Y;0.00046662520398567305;0.11151888872832716;0.0
0.31998397652559996;0.0;N;1.4792018966348779;0.21071693286491636;0.39460023132349237
0.586776818193674;0.0;Y;1.1520976286408557;0.2698356854305175;0.0
0.4893398369696723;0.8;Y;0.464292077965837;0.2777936807051353;0.39460023132349237
0.3504599697937213;0.8;Y;1.139965373337226;0.24764456086219336;0.0
0.07131425833419379;0.0;Y;1.3798107281859096;0.08168489049175898;0.5261336417646564
0.13952789674081392;0.4;N;0.9915785584697525;0.08168489049175898;0.2630668208823282
0.199233434066172;0.0;Y;0.7237356913819227;0.1578809219879541;0.2630668208823282
0.3332360260960497;0.0;N;1.0989023553864785;0.35011330622545755;0.1315334104411641
0.27905579348162785;0.0;N;1.855768436251391;0.1861038843197476;0.1315334104411641
0.3460787938360597;0.0;Y;1.3256822045235608;0.25160606831803606;0.1315334104411641
0.3037925392638104;0.4;N;0.8128611053432043;0.4235118782920053;0.5261336417646564
0.662788515718142;0.0;Y;1.5328637950932409;0.450699227960012;0.9207338730881487
0.38136694923177533;0.0;N;1.807706040240857;0.3964246216880824;0.2630668208823282
0.1883874655595194;0.0;N;1.6910497392444155;0.15042667377356075;0.0
0.5891177862389921;0.4;N;1.341547461459077;0.1352504917955965;0.1315334104411641
0.4608823472744014;0.0;N;0.4876233381651253;0.18167696649141446;0.9207338730881487
0.2563344506523682;0.0;N;1.638321091194024;0.2761190237991211;0.39460023132349237
0.761102972381647;0.0;N;0.06346102774206414;0.34607922756890436;0.0
0.46302797626428244;0.0;N;0.9925118088777242;0.474998422843732;0.7892004626469847
0.0930185978272093;0.0;Y;0.27950849718747367;0.12394974618856243;0.5261336417646564
0.5298897443824804;0.0;Y;1.6014577000791486;0.38513498924539147;0.1315334104411641
0.4100259792223385;0.4;N;1.2374900409702512;0.30275481742472926;0.0
0.6750669706313336;0.0;N;1.3023509443242722;0.47143296171447974;0.2630668208823282
0.29976793459781975;0.4;N;1.2682873044333116;0.3179104885289059;0.2630668208823282
0.1860371956544186;0.4;N;0.868856129821496;0.1488113865240374;0.2630668208823282
0.06201239855147286;0.0;N;1.7876411564694692;0.0555801420347618;0.0
0.27905579348162785;0.4;N;0.211381217405552;0.24825802245093279;0.2630668208823282
0.7750309570963079;0.0;Y;1.5342636707051984;0.807521230783931;0.0
0.3515916960672857;0.0;N;1.8081726654448427;0.4598084426415833;0.2630668208823282
0.43408678986031;0.4;N;1.1385654977252688;0.2030550400227965;0.0
0.5891177862389921;0.0;Y;0.7937294719797877;0.3725663732982988;0.2630668208823282
0.3590207814137521;0.0;N;1.050839959375945;0.23419256022731597;0.39460023132349237
0.32556509239523246;0.0;Y;1.7470447637227071;0.237898986998236;0.0
0.360912159569572;0.0;N;1.4176073697087568;0.47101856747897386;0.0
0.020107520230315076;0.0;N;2.034952514581925;0.07648721131898406;0.0
0.27905579348162785;0.0;Y;0.629944025380784;0.1488113865240374;0.2630668208823282
0.3193607519201576;0.0;Y;0.60614613997751;0.4210428911829425;0.1315334104411641
0.15503099637868215;0.0;N;1.9019643314459815;0.2979813777068783;0.2630668208823282
0.3262968386981399;0.0;Y;2.0354191397859105;0.28613728040696074;0.2630668208823282
0.8991797789963565;0.0;N;0.33457027125779404;0.1594663752392409;0.2630668208823282
0.17980494959999557;0.0;N;1.8123722922807144;0.40532410336205066;0.1315334104411641
0.3036127033080111;0.0;N;1.500666656018223;0.08013352258345742;0.6576670522058206
0.4100259792223385;0.0;Y;0.3928984217560148;0.2648656396642876;0.0
0.5109325541452951;0.4;N;1.5412630487649848;0.3255479920774674;0.6576670522058206
0.06201239855147286;0.0;Y;1.2370234157662654;0.04439239269604873;0.6576670522058206
0.12402479710294571;0.4;N;1.0298418251965853;0.1488113865240374;0.1315334104411641
0.703105876636382;0.4;Y;0.332703770441851;0.44111557812148355;0.2630668208823282
0.5445928840790346;0.0;N;0.9183184014439871;0.34579035988097884;0.6576670522058206
0.3193607519201576;0.4;N;0.9757133015342363;0.2805757010406953;0.2630668208823282
0.15503099637868215;1.2;Y;0.6630744148637733;0.17864538476060557;0.39460023132349237
0.15472093438592477;0.0;Y;0.3760999144125272;0.15920003221998394;0.5261336417646564
0.6776249820715817;0.0;N;0.9323171575635602;0.4257920907772263;0.6576670522058206
0.5891177862389921;0.0;N;0.4740912072495381;0.2568310455991974;0.0
0.4143730483607968;0.0;Y;1.6737846066969422;0.21828499778258217;0.39460023132349237
0.12402479710294571;0.0;N;0.3611679078849827;0.09287263983047205;0.39460023132349237
0.8285352545665186;0.8;N;0.8809883851251261;0.2580933220645866;0.0
0.27905579348162785;0.4;Y;1.0424407057042007;0.4968747241456648;0.0
0.19432205210089537;0.0;N;1.2370234157662654;0.21645102732598476;0.1315334104411641
0.3193607519201576;0.0;N;0.32803751840199347;0.49540786103736834;0.0
0.5891177862389921;0.0;Y;1.5449960503968707;0.42584139145931216;0.6576670522058206
0.5445928840790346;0.0;N;0.6663407912916737;0.23040737170105136;0.39460023132349237
0.3193607519201576;0.0;N;1.0975024797745216;0.3006424957645846;0.9207338730881487
0.353312540127089;0.4;N;0.5394187358075454;0.30779922443156377;0.1315334104411641
0.19181675119941585;0.4;Y;0.635543527828613;0.11130758943581665;0.39460023132349237
0.7441487826176744;0.0;Y;0.5006888438767267;0.26601641156126765;0.2630668208823282
0.5077575193394598;0.0;N;1.8287041744202162;0.4316376898067038;0.39460023132349237
0.039191835884530846;0.0;N;0.44656032021437797;0.05592823020918695;0.1315334104411641
0.2821564134092015;0.0;N;0.8319927387066205;0.5791094552249237;0.2630668208823282
0.15503099637868215;0.0;N;1.5930584464074047;0.2793351288090232;0.1315334104411641
0.33176013101052465;0.0;N;1.9257622168492559;0.2177987781963217;0.0
0.49609918841178285;0.0;N;0.46569195357779436;0.3619113845830952;0.2630668208823282
0.14858170692932895;0.8;Y;0.6747400449634176;0.07164075289044915;0.2630668208823282
0.5891177862389921;0.0;N;1.5473291764167996;0.5323913531963433;0.2630668208823282
0.27905579348162785;0.0;N;0.6733401693514601;0.2979813777068783;0.39460023132349237
0.5508592369526609;0.4;N;0.37889966563644195;0.4661979154589135;0.0
0.45188434824458273;0.0;Y;1.891231951754309;0.42985868849185727;0.2630668208823282
0.0930185978272093;0.4;N;1.317282950851817;0.09908803126809189;0.2630668208823282
1.4548108700175533;0.4;Y;0.20671496536569428;0.8931696425264136;0.0
0.43408678986031;0.0;Y;1.6037908260990772;0.3725663732982988;0.39460023132349237
0.43408678986031;0.0;N;1.97709098928769;0.7987663694164143;0.1315334104411641
0.10120423443600371;0.8;Y;0.24497823209252706;0.07360196534952554;0.1315334104411641
0.5891177862389921;0.0;N;0.5963470106938088;0.3725663732982988;0.7892004626469847
0.892209585399171;0.0;Y;1.3863434810417106;0.6165256149433245;0.2630668208823282
0.360912159569572;0.0;Y;1.4773353958189346;0.1174856883756408;0.0
0.2347851421557314;0.0;N;0.21604746944540956;0.2553843950247062;0.1315334104411641
0.12402479710294571;0.8;N;0.6724069189434885;0.24023812162997413;0.0
0.5138967467960556;0.0;Y;0.46102570153793665;0.21810084742846694;0.2630668208823282
0.347269431888248;0.0;N;1.5468625512128138;0.4546098684488613;0.1315334104411641
0.15472093438592477;0.4;Y;0.3695671615567265;0.14856279473373118;0.1315334104411641
0.20022563244299557;0.0;Y;0.9943783096936673;0.1386976611218408;0.1315334104411641
0.13425684286393874;0.0;Y;0.5767487521264066;0.1321540957036187;0.39460023132349237
0.5240047677599456;0.0;N;1.6747178571049137;0.3810903941044599;0.0
0.24684345305406527;0.8;N;0.7363345718895387;0.16673229633976594;0.1315334104411641
0.12693937983486495;0.0;N;0.49415609102092606;0.07879472191259143;0.5261336417646564
0.6715322639138996;0.0;Y;1.8716336931869069;0.28129917549793204;0.2630668208823282
0.1665404975498355;0.0;Y;0.7484668271931684;0.13541166997106957;0.1315334104411641
0.5197321134997492;0.4;N;0.5370856097876164;0.3308397975146786;0.0
0.43408678986031;0.0;N;1.5529286788646288;0.3725663732982988;0.2630668208823282
0.34416881196067434;0.0;Y;1.743778387294807;0.6442688465834739;0.2630668208823282
0.07429085346466448;0.0;N;1.1684295107803577;0.05592823020918695;0.0
0.12402479710294571;0.8;Y;0.7834637174921009;0.13282886615873427;0.0
0.039191835884530846;0.0;N;0.4619589519459082;0.04788722183447591;0.39460023132349237
0.30695827220986305;0.0;N;1.1721625124122437;0.28998743246438546;0.2630668208823282
0.0918403622547313;0.0;N;1.9318283445010707;0.12812218001193768;0.0
0.1085216974650775;0.4;N;0.9957781853056242;0.13948826207510984;0.2630668208823282
0.662788515718142;0.0;Y;0.38169941686035647;0.3030803063454902;0.0
0.3332360260960497;0.8;Y;0.7330681954616383;0.31256274434500103;0.0
0.4371874097878837;0.0;Y;1.663985477413241;0.3515893432882118;0.39460023132349237
0.4709221545998849;0.0;N;0.34343615013352363;0.24111777706797935;0.39460023132349237
0.08482055873870457;0.0;N;2.126877679767121;0.23182448661728836;0.1315334104411641
0.8567012859885975;0.0;N;1.8063061646288998;0.8537887648541435;0.2630668208823282
0.6225920789770771;0.0;N;1.1968936482234893;0.31408576995497783;0.1315334104411641
0.3705612887841812;0.4;Y;1.0592392130476886;0.160635569630132;0.1315334104411641
0.3281696131343944;0.0;N;0.6075460155894673;0.14364018502469744;0.2630668208823282
0.26037765903792426;0.0;Y;2.0578171495772275;0.46692138991615034;0.2630668208823282
0.41482573887022256;0.4;N;0.8100613541192896;0.38265667901187966;0.2630668208823282
0.3193607519201576;0.0;N;1.178228640064059;0.24752462818928236;0.39460023132349237
0.8116802846402282;0.8;N;0.6710070433315314;0.5064091478871029;0.0
0.12402479710294571;0.4;Y;0.18711670679829204;0.1861038843197476;0.1315334104411641
0.728645682979806;0.0;N;2.0097547535666935;0.730574352137117;0.0
0.5077575193394598;0.0;N;1.5319305446852693;0.5180369486998053;0.5261336417646564
0.3277665325438098;0.0;N;0.39383167216398646;0.2462193907664325;0.0
0.19432205210089537;0.0;N;1.6415874676219242;0.21645102732598476;0.6576670522058206
0.2015402952922868;0.0;N;1.0074438154052683;0.22339638211545784;0.2630668208823282
0.4030805905845736;0.0;N;0.8968536420606419;0.1488113865240374;0.2630668208823282
1.1054578215379758;0.0;N;1.2883521882046995;0.58129009674103;0.0
1.519303764511085;0.8;N;0.6042796391615669;0.8669087876736437;0.1315334104411641
0.3410681920331007;0.0;N;1.1768287644521014;0.47070449006253834;0.0
0.12402479710294571;0.0;N;0.4773575836774385;0.13776176859715963;0.5261336417646564
0.4650557816969156;0.4;Y;1.2248911604626356;0.17010860992019836;1.0522672835293128
0.14448888862493176;0.0;N;0.4848235869412108;0.3373622553791483;0.1315334104411641
0.21924173445880474;0.4;N;0.2183805954653384;0.1396339265714999;0.5261336417646564
0.27905579348162785;0.8;N;0.9108523981802151;0.1269195715430216;0.7892004626469847
0.20558970491769796;0.0;Y;1.6215225838505363;0.07078242876118308;0.2630668208823282
0.5113480372155901;0.8;Y;1.0858368496748774;0.4345166706365326;0.2630668208823282
0.30404368947794386;0.0;N;1.8184384199325294;0.229915110730148;0.0
0.615510263062499;0.0;Y;0.43162831368683346;0.25883917202050083;0.1315334104411641
0.3281696131343944;0.0;Y;1.6887166132244866;0.2876389001232028;0.1315334104411641
0.6750669706313336;0.4;Y;0.5926140090619229;0.4849127079677172;0.1315334104411641
0.1085216974650775;0.0;N;0.20764821577366577;0.22339638211545784;0.0
0.19769552658209547;0.4;N;0.7064705588344496;0.27471085908235515;0.5261336417646564
0.27905579348162785;0.8;N;0.7792640906562291;0.414002515109086;0.39460023132349237
0.4893398369696723;0.8;Y;0.665874166087688;0.4168698606796026;0.1315334104411641
0.21309940638228134;0.0;N;0.15025331568341654;0.23451849665805044;0.0
0.15935636117764737;0.0;N;1.8762999452267646;0.07596049208011744;0.0
0.5860171663114185;0.8;N;0.7144031873022078;0.46346683667534255;0.1315334104411641
0.30695827220986305;0.4;Y;0.7759977142283289;0.23191823995674674;0.1315334104411641
0.12402479710294571;0.8;N;0.7820638418801434;0.10619135707822758;0.39460023132349237
0.6491705929962385;0.4;N;1.3065505711601446;0.5450267972994858;0.5261336417646564
0.5271053876875194;0.0;N;1.0993689805904645;0.609882254801001;0.5261336417646564
0.8602514958056694;0.0;Y;1.4908675267345222;0.35695946297079406;0.2630668208823282
0.20245807879084857;0.4;Y;0.5613501203948764;0.10174959683577173;0.1315334104411641
0.14448888862493176;0.0;N;1.4871345251026358;0.09345276192618211;0.0
1.495342173710796;0.4;Y;1.6495200960896823;0.564504519728194;0.6576670522058206
0.687345425544525;0.0;N;0.6640076652717447;0.2876389001232028;0.2630668208823282
0.4893398369696723;0.0;N;1.5197982893816395;0.2777936807051353;0.0
0.13952789674081392;0.0;N;1.9476936014365869;0.1021957642793996;0.1315334104411641
0.36273532408698533;0.0;N;1.146498126193027;0.15749807720558334;0.0
0.054273251212249046;0.0;N;1.3331482077873331;0.02894688429900383;0.1315334104411641
0.8371673804448836;0.0;N;1.206226152303205;0.278092020687501;0.39460023132349237
0.3193607519201576;0.4;N;0.3121722614664775;0.33676259201459335;0.1315334104411641
0.34454088635198316;0.0;N;0.8473913704381507;0.25774806811999396;0.0
0.2109041674735592;0.0;N;0.3112390110585057;0.16590201616884226;0.1315334104411641
0.34044806804758604;0.0;N;0.9813128039820657;0.3570526942152833;0.0
0.2318767606636673;0.0;Y;1.7890410320814263;0.28707839388133327;0.1315334104411641
0.17053409601655034;0.0;N;1.687316737612529;0.28481928894986475;0.1315334104411641
0.5077575193394598;0.4;N;0.7811305914721722;0.6476358370394575;0.39460023132349237
0.2015402952922868;0.0;N;1.349480089926835;0.16915272861669872;0.1315334104411641
0.23014041350422607;0.0;N;1.147898001804984;0.12527832871503242;0.0
0.9688041994700226;0.4;N;0.8063283524874034;0.9616535854784558;0.2630668208823282
0.06815162600806868;0.0;N;0.13438805874790052;0.09505052170174151;0.0
0.13952789674081392;0.0;N;1.000444437345482;0.13638052906380213;0.2630668208823282
0.8567012859885975;0.0;N;1.7223136279114615;0.4741676951628348;0.1315334104411641
0.12402479710294571;0.0;Y;1.208092653119148;0.07422639093261692;0.9207338730881487
0.14448888862493176;0.4;Y;1.115700862729966;0.14035844521867494;0.2630668208823282
0.6662581094170968;0.4;N;0.9332504079715318;1.1178146520530674;0.0
1.1831345519635508;0.4;Y;0.5067549715285417;0.729791209683407;0.39460023132349237
0.2018317535654787;0.4;Y;0.7615323329047698;0.15966671053739948;0.0
0.30695827220986305;0.0;Y;0.4493600714382925;0.14745393960427353;0.6576670522058206
0.186812350636312;0.0;N;0.3653675347208546;0.08696796948448605;0.1315334104411641
0.12402479710294571;0.0;Y;2.0475513950895405;0.4600426395277404;0.0
0.86817357972062;0.0;N;1.6149898309947357;0.4803002226703525;0.7892004626469847
0.5891177862389921;0.0;Y;1.9700916112279034;0.42584139145931216;0.0
0.2015402952922868;0.0;Y;1.9056973330778677;0.2147903923991418;0.2630668208823282
1.3565832307120202;0.4;Y;1.4834015234707496;0.8340983260180087;0.1315334104411641
0.11757550765359254;0.0;N;1.6033242008950914;0.198203211474579;0.5261336417646564
0.625953150978567;0.0;Y;0.3159052630983635;0.4934872974008892;0.1315334104411641
0.5891177862389921;0.0;N;1.6047240765070487;0.2127413934002543;0.2630668208823282
0.02164232709446403;0.0;Y;0.20671496536569428;0.03130272596975444;0.2630668208823282
0.36423912475185855;0.0;N;0.18058395394249144;0.21092077365786774;0.2630668208823282
0.6750669706313336;0.0;Y;2.0316861381540243;0.8488661551451098;0.0
0.8960791590687828;0.0;Y;1.0979691049785072;0.3908854924054899;0.1315334104411641
0.20895697815904293;0.0;N;1.8361701776839887;0.262017835362616;0.5261336417646564
0.0020464091521986043;0.0;N;1.3914763582855538;0.031444437461378136;0.0
0.4333116348784166;0.0;Y;2.0158208812185086;0.5580965498319572;0.39460023132349237
0.24804959420589143;0.0;N;0.9752466763302506;0.22339638211545784;0.2630668208823282
0.22944587464044958;0.0;N;1.2584881751496104;0.2502469805283692;0.9207338730881487
1.0342427830414644;0.0;N;1.3686117232902513;0.776138997208876;0.1315334104411641
0.17053409601655034;0.0;N;1.2393565417861943;0.24204263101331297;0.2630668208823282
0.08656930837785612;0.4;Y;0.5310194821358016;0.11277191665426302;0.2630668208823282
0.3262968386981399;0.0;N;1.7311795067871916;0.4771345371174703;0.0
0.7441487826176744;0.8;Y;0.8156608565671186;0.1861038843197476;0.0
1.316929402458281;0.0;N;0.30797263463060554;0.4984784507208715;0.39460023132349237
0.217043394930155;0.0;Y;1.00837706581324;0.17012136395444447;0.6576670522058206
1.1315650413281457;0.0;N;0.4726913316375808;0.3880510388180292;0.2630668208823282
0.13425684286393874;0.0;N;2.1306106813990073;0.18034047795541178;0.1315334104411641
0.2506541149450533;0.0;N;1.1940938969995747;0.24161645234850357;0.0
0.5148145302946173;0.0;N;1.6490534708856965;0.5248271666984482;0.2630668208823282
0.34454088635198316;0.0;N;0.44656032021437797;0.25774806811999396;0.1315334104411641
0.07429085346466448;0.0;Y;2.155808442414238;0.08407161035068443;0.39460023132349237
0.17467652423978874;0.4;Y;0.8959203916526707;0.0985948006922458;0.2630668208823282
0.5410333724021801;0.0;N;1.5421962991729559;0.3054266011368051;0.7892004626469847
0.0930185978272093;0.0;N;0.0;0.19853474177998287;0.1315334104411641
0.217043394930155;0.4;N;1.0727713439632758;0.19853474177998287;0.2630668208823282
0.4709221545998849;0.0;N;1.414807618484842;0.20087171344684884;0.1315334104411641
1.3271149389203605;0.0;Y;0.44889344623430677;0.5727891226985068;0.39460023132349237
0.12402479710294571;0.8;N;0.34716915176540986;0.13282886615873427;0.0
0.37759349477991827;0.0;N;1.7157808750556611;0.16345488246348774;0.39460023132349237
0.48902977497691497;0.0;N;1.4806017722468348;0.6251111683708483;0.0
0.34253788587877065;0.0;N;1.102168731814379;0.19932034553854733;0.0
0.34454088635198316;0.4;N;0.9276509055237027;0.25774806811999396;0.5261336417646564
0.9809803339256042;0.0;N;1.0989023553864785;0.3474013957857536;0.2630668208823282
0.6827099987528025;0.0;N;1.0611057138636317;0.4901655800372297;0.39460023132349237
0.6869640492934336;0.0;N;1.7997734117730988;0.6164513282877154;0.5261336417646564
0.3193607519201576;0.0;N;1.5403297983570132;0.49540786103736834;0.0
1.2092417717537207;0.0;Y;1.3504133403348064;0.6626191422188222;0.2630668208823282
0.43408678986031;0.4;N;0.9234512786878306;0.22339638211545784;0.5261336417646564
0.34454088635198316;0.4;N;1.5253977918294686;0.25774806811999396;0.0
0.399979970657;0.0;Y;1.8576349370673342;0.29585040979783583;0.39460023132349237
0.19181675119941585;0.0;N;0.7498667028051258;0.11130758943581665;0.1315334104411641
0.08991797789963565;0.0;N;0.45682607470206477;0.19356238387888966;0.2630668208823282
0.5521770004218798;0.0;N;1.714380999443704;0.2981178682488106;0.39460023132349237
0.4709221545998849;0.4;Y;0.8422584931943072;0.17212449318104325;0.1315334104411641
0.662788515718142;0.0;N;1.2290907872985073;0.33342416761192134;0.0
0.29455889311949607;0.0;Y;1.2962848166724577;0.26068887991116807;0.0
0.12402479710294571;0.0;N;1.9920229958152345;0.24825802245093279;0.0
0.15676734353812338;0.0;N;0.5412852366234885;0.3222747549609422;0.0
0.35058089397089665;0.0;N;1.000911062549468;0.3274637822742285;0.0
0.34253788587877065;0.0;N;0.6677406669036311;0.29915982063722274;0.0
0.7291913920870591;0.0;Y;1.4064083648130983;0.6091897331169347;0.0
0.43408678986031;0.0;Y;1.7867079060614974;0.21073102942908312;0.0
0.0804300809212603;0.0;Y;1.6285219619103228;0.08899422005971817;0.1315334104411641
0.391099795184429;0.0;Y;0.7582659564768696;0.36227364390668276;0.1315334104411641
0.7048329219360405;0.0;Y;1.6261888358903942;0.39298610422132674;0.0
0.06821363840662015;0.0;Y;0.9687139234744498;0.09511018969821465;0.1315334104411641
0.13823183761108815;0.0;N;1.5263310422374403;0.13534133632022685;0.5261336417646564
0.5187461163627808;0.0;N;2.002755375506907;0.528610117674845;0.1315334104411641
0.7119023353709084;0.0;Y;1.189894270163703;0.3570526942152833;0.0
0.13394678087118136;0.4;N;0.33363702084982255;0.1583582659597392;0.2630668208823282
0.04501480010851415;0.0;N;2.025153385298224;0.20282748120124708;0.0
0.11189517194627763;0.0;N;1.5673940601881875;0.22880625560069034;0.39460023132349237
0.34454088635198316;0.8;Y;0.37096703716868384;0.36099078198251033;0.0
0.09019083245326212;0.0;N;1.5874589439595757;0.19399997404802452;0.0
0.15503099637868215;0.8;N;0.36863391114875493;0.11151888872832716;0.2630668208823282
0.43408678986031;0.4;N;0.7480002019891827;0.22339638211545784;0.39460023132349237
0.36423912475185855;0.8;Y;0.9472491640911046;0.15810094772494881;0.0
0.8991797789963565;0.0;N;1.5244645414214972;0.40646861011940105;0.0
0.6859005366582759;0.0;N;1.9378944721528857;0.5559347783197355;0.0
0.15503099637868215;0.4;N;0.735401321481567;0.22339638211545784;0.0
0.20558970491769796;0.0;N;0.7974624736116737;0.11346704881317504;0.0
0.007602720062410573;0.0;N;1.1413652489491835;0.039672952515006;0.1315334104411641
0.34044806804758604;0.0;N;0.35416852982519625;0.3570526942152833;0.2630668208823282
0.14448888862493176;0.8;N;0.5291529813198583;0.05994865981154689;0.2630668208823282
0.08798319106482969;0.0;N;1.0872367252868345;0.10972884883413306;0.5261336417646564
0.9688041994700226;0.0;Y;1.1506977530288984;0.3432171775330748;0.1315334104411641
0.11921263497535142;0.0;Y;1.8893654509383662;0.26730762700494637;0.2630668208823282
0.5538017252639283;0.0;N;0.32150476554619273;0.35132829580364183;0.0
0.15472093438592477;0.8;Y;0.9747800511262649;0.17834704477823987;0.1315334104411641
0.19181675119941585;0.0;N;0.4325615640948049;0.20579432315588259;0.1315334104411641
0.8526704800827518;0.0;Y;1.094236103346621;0.6069763487877636;0.0
0.8285352545665186;0.0;Y;0.765265334536656;0.4131644780986208;0.1315334104411641
0.217043394930155;0.0;Y;1.3298818313594327;0.2979813777068783;0.2630668208823282
0.360912159569572;0.0;N;0.7517332036210689;0.5233937922531723;0.0
0.0930185978272093;0.0;N;0.8795885095131688;0.1861038843197476;0.0
0.391099795184429;0.0;Y;0.09285841559316733;0.16886975314342487;0.2630668208823282
0.45077432631051134;0.0;N;1.2393565417861943;0.5790996845905012;0.0
0.14858170692932895;0.0;N;0.06346102774206414;0.2156395425739501;0.0
0.12402479710294571;0.4;N;1.6518532221096112;0.2190089943347881;0.2630668208823282
0.09535026401274466;0.0;N;1.6229224594624938;0.15161578235827478;0.1315334104411641
0.29455889311949607;0.0;N;1.8646343151271205;0.22339638211545784;0.1315334104411641
0.40120471552839154;0.4;Y;0.3163718883023493;0.29669210147308506;0.39460023132349237
0.2590009837900815;0.0;Y;1.572060312228045;0.15466548824301235;0.5261336417646564
0.1860371956544186;0.8;N;0.36350103390491156;0.17367302685951233;0.1315334104411641
0.32208309621656733;0.0;Y;0.9542485421508914;0.1695117062004802;0.1315334104411641
0.6399059406526485;0.4;N;0.4554261990901074;0.24792910262037463;0.5261336417646564
0.24804959420589143;0.0;N;1.7153142498516754;0.1338943874057533;0.0
0.13937286574443525;0.8;Y;0.6948049287348054;0.1362562704611468;0.1315334104411641
0.9977701908334156;0.0;Y;1.5967914480392906;0.31289554259533;0.39460023132349237
0.5261752017092473;0.4;N;1.2360901653582939;0.22302345713750074;0.9207338730881487
0.8567012859885975;0.0;Y;0.8870545127769409;0.6097466592790157;0.1315334104411641
0.5116022880496511;0.0;N;1.823571297176373;0.4206857036390552;0.0
0.3100619927573643;0.0;N;0.7218691905659796;0.1904402559634328;0.39460023132349237
0.2318767606636673;0.4;N;1.0018443129574393;0.2525859659901161;0.2630668208823282
0.08482055873870457;0.0;N;1.983157116939505;0.07296239901232911;0.39460023132349237
0.36049667649927714;0.0;N;1.8347703020720314;0.3763433574750483;0.0
0.43408678986031;0.0;N;0.32150476554619273;0.13948826207510984;0.1315334104411641
0.15503099637868215;0.0;N;0.6546751611920295;0.11151888872832716;0.0
0.7441487826176744;0.4;N;1.4558706364355898;0.44359970598465137;0.0
0.217043394930155;0.0;Y;1.287885563000714;0.2837747260866069;0.2630668208823282
0.15503099637868215;0.0;N;1.2206915336267634;0.2979813777068783;0.1315334104411641
0.12049009038551177;0.4;N;0.9789796779621366;0.12111551635608846;0.0
0.34044806804758604;0.8;N;0.60614613997751;0.198203211474579;0.2630668208823282
0.143825355960431;0.0;N;1.4134077428728848;0.24702669875871403;0.1315334104411641
0.06201239855147286;0.0;Y;1.1287663684415676;0.03693389313690669;0.2630668208823282
0.6091601934508282;0.0;N;0.7386676979094673;0.3846193085858724;0.2630668208823282
0.0930185978272093;0.0;N;1.8921652021622803;0.10793179795035338;0.0
0.3281696131343944;0.0;Y;0.5963470106938088;0.2876389001232028;0.9207338730881487
0.24804959420589143;0.0;N;2.156275067618224;0.1914314159698472;0.1315334104411641
0.0804300809212603;0.0;N;0.9402497860313183;0.17834704477823987;0.39460023132349237
0.6747569086385762;0.0;Y;0.3597680322730255;0.4846996186353124;0.39460023132349237
0.37728343278716087;0.8;Y;0.5977468863057662;0.12240829808467453;0.39460023132349237
0.29455889311949607;0.0;N;1.4320727510323155;0.1562698860831794;0.39460023132349237
0.7119023353709084;0.0;N;1.0513065845799305;0.5102289438513219;0.1315334104411641
0.2115614988982048;0.0;Y;1.1964270230195038;0.36432473128544685;0.5261336417646564
0.8217014882461462;0.0;N;1.734445883215092;0.5124356155308896;0.5261336417646564
0.27905579348162785;0.0;N;1.9383610973568715;0.26601641156126765;0.0
0.5814282488186095;0.0;Y;0.16238557098704653;0.4907090063151088;0.2630668208823282
0.23442236962420526;0.0;Y;1.6415874676219242;0.3188838227213739;0.0
0.33176013101052465;0.0;N;1.7101813726078319;0.15463774262465238;0.1315334104411641
0.3441626107208192;0.0;N;1.692449614856373;0.25748813941035786;0.7892004626469847
0.27905579348162785;0.0;Y;1.263621052393454;0.3725663732982988;0.1315334104411641
0.3262968386981399;0.4;N;1.036374578052386;0.42938522293984294;0.0
0.45388114747794017;0.0;N;2.032619388561996;0.7772347253791096;0.1315334104411641
0.799959941314;0.8;Y;0.9239179038918164;0.48717255874914156;0.0
0.06201239855147286;0.0;N;1.0928362277346637;0.1488113865240374;0.0
0.3107410285215029;0.0;N;1.8562350614553766;0.27366420783922074;0.1315334104411641
0.43408678986031;0.0;N;0.9360501591954464;0.3286928684165796;0.7892004626469847
0.3407860356196915;0.0;Y;1.8063061646288998;0.2881385450086697;0.9207338730881487
0.34454088635198316;0.4;N;0.6784730465953035;0.25774806811999396;0.0
0.039191835884530846;0.0;N;0.32943739401395067;0.08851530980302566;0.1315334104411641
0.9590217435985278;0.4;N;0.3453026509494667;0.6800696444673556;0.7892004626469847
1.5439598941751507;0.0;N;1.0853702244708914;0.8232413611347434;0.0
1.2092417717537207;0.0;N;1.1772953896560872;0.2979813777068783;0.5261336417646564
0.8991797789963565;0.0;Y;1.7106479978118176;0.2793351288090232;0.5261336417646564
0.12402479710294571;0.4;Y;1.0676384667194323;0.052916413502209804;0.1315334104411641
0.15503099637868215;0.0;N;0.36863391114875493;0.1488113865240374;0.0
0.43408678986031;0.0;N;1.8487690581916043;0.7454913512554011;0.0
0.31365251063349453;0.0;N;2.1464759383345227;0.2957385323044487;0.0
0.06201239855147286;1.2;Y;0.6495422839481861;0.1488113865240374;0.0
0.43408678986031;0.4;Y;1.825904423196302;0.55902886227685;0.1315334104411641
0.5271053876875194;0.4;N;0.5557506179470469;0.3192913551372854;0.2630668208823282
0.1860371956544186;0.4;N;0.8473913704381507;0.19300993281654397;0.5261336417646564
0.06821363840662015;0.0;Y;0.9514487909269767;0.05042266417461066;0.1315334104411641
0.7666592832918588;0.4;Y;0.34670252656142403;0.383396114658173;0.0
0.43408678986031;0.0;N;1.8212381711564443;0.3192913551372854;0.0
0.3441626107208192;0.4;Y;0.9439827876632042;0.18013410127261031;0.2630668208823282
0.06201239855147286;0.0;N;1.5818594415117462;0.09692618517087456;0.0
0.2015402952922868;0.0;N;1.4638032649033474;0.1861038843197476;0.39460023132349237
0.15472093438592477;0.4;Y;1.0578393374357313;0.11133242623934861;0.2630668208823282
0.1421324174799758;0.0;N;1.4222736217486143;0.2446311778703088;0.5261336417646564
0.0930185978272093;1.2;N;0.5898142578380081;0.19853474177998287;0.1315334104411641
0.27905579348162785;0.0;Y;1.4941339031624223;0.24825802245093279;0.0
0.4617133134149911;0.0;Y;1.5417296739689703;0.26302585157803404;0.39460023132349237
0.27905579348162785;0.0;Y;1.562261182944344;0.09908803126809189;0.1315334104411641
0.6579422467713444;0.4;Y;1.2029597758753043;0.3679205485079048;0.6576670522058206
0.18541707166890384;0.0;Y;0.5072215967325275;0.20788270303244236;0.2630668208823282
0.6747569086385762;0.0;N;1.3191494516677602;0.6787228632019614;0.1315334104411641
0.8991797789963565;0.0;Y;1.2874189377967278;0.33360406662128783;0.39460023132349237
1.4548108700175533;0.0;Y;0.22677984913708218;0.7938887344597223;0.0
0.14448888862493176;0.0;Y;2.1100791724236334;0.15599362325950883;0.1315334104411641
0.2437831411855501;0.8;N;0.848791246050108;0.18849910686817048;0.0
0.43408678986031;0.0;Y;0.7955959727957307;0.4860652699045914;0.9207338730881487
0.2015402952922868;0.0;N;1.998555748671035;0.12394974618856243;0.0
0.5891177862389921;0.0;N;1.4194738705246999;0.7454913512554011;0.0
0.3078729550884973;0.0;N;1.8441028061517468;0.4092741993135679;0.2630668208823282
0.37728343278716087;0.0;Y;0.32477114197409307;0.3270197777954728;0.0
0.7441487826176744;0.0;N;1.1735623880242012;1.0355441201759248;0.0
0.43408678986031;0.8;Y;0.4913563397970115;0.22339638211545784;0.2630668208823282
0.4709221545998849;0.0;N;0.2641098654559435;0.32932900384397884;0.0
0.8567012859885975;0.0;N;1.6803173595527428;0.711430845073654;0.1315334104411641
0.1649529801469178;0.0;N;2.134343683030893;0.16799039604540203;0.1315334104411641
0.7441487826176744;0.0;N;1.8151720435046292;0.5323913531963433;0.1315334104411641
0.34454088635198316;0.0;Y;1.3821438542058382;0.30076585934729283;0.39460023132349237
0.5057235126669715;0.4;N;1.0933028529386495;0.43000673970810627;0.2630668208823282
0.10120423443600371;0.0;N;1.2309572881144506;0.048569152449168276;0.0
0.05162532179410115;0.0;N;2.1128789236475476;0.09902590196676422;0.6576670522058206
0.30695827220986305;0.0;N;1.744245012498793;0.27063105982350444;0.1315334104411641
1.2252564736796385;0.4;Y;0.33363702084982255;0.43134464535902517;0.1315334104411641
0.1575859071990028;0.0;N;0.32430451677010724;0.15086001259794693;0.0
1.224744871391589;0.0;N;1.87350019400285;1.0065388358253728;0.2630668208823282
0.19807690283318702;0.0;Y;0.23284597678889707;0.18332686117889227;0.0
0.3005368883398581;0.0;N;1.978957490103633;0.22750497118260685;0.0
0.058911778623899215;0.0;N;0.37143366237266967;0.07689011946516891;0.1315334104411641
0.15472093438592477;0.0;N;1.82170479636043;0.6378758682713509;0.2630668208823282
0.5066847048445193;0.0;Y;1.4026753631812123;0.4307775010525479;0.2630668208823282
0.33176013101052465;0.4;N;1.0471069577440586;0.13389207527088995;0.1315334104411641
0.15503099637868215;0.0;Y;1.1040352326303218;0.09287263983047205;0.1315334104411641
1.0235890529703213;0.0;Y;1.0032441885693966;0.5070043361519223;0.39460023132349237
0.2821564134092015;0.0;N;1.4157408688928135;0.21487236130929677;0.2630668208823282
0.37728343278716087;0.0;Y;0.1287885563000713;0.3270197777954728;0.5261336417646564
0.15503099637868215;0.4;N;0.5907475082459794;0.08914339005090102;0.2630668208823282
0.5521770004218798;0.0;N;1.841769680131818;0.3113834809797051;0.1315334104411641
0.3032313270569195;0.0;Y;1.5151320373417816;0.16044217073656347;0.9207338730881487
0.1649529801469178;0.4;N;0.4554261990901074;0.1174856883756408;0.1315334104411641
0.31998397652559996;0.0;Y;1.3942761095094687;0.12025599886689292;0.5261336417646564
0.41482573887022256;0.0;Y;1.0555062114158023;0.5358627626461548;0.1315334104411641
1.269083736355892;0.4;N;0.5011554690807125;0.31237628185602245;0.1315334104411641
0.15068082662029633;0.0;N;1.6373878407860523;0.17445967480801503;0.2630668208823282
0.17178984708721767;0.0;Y;1.512798911321853;0.13901942079282217;0.39460023132349237
0.5538017252639283;0.0;N;1.835703552480003;0.46855726262445696;0.7892004626469847
0.13425684286393874;0.0;Y;0.48342371132925344;0.03578118203004128;0.6576670522058206
0.15472093438592477;0.0;N;1.4372056282761587;0.12374254907080945;0.1315334104411641
0.17554469781950935;0.0;N;1.6154564561987212;0.3308783579573994;0.0
0.2027402352042578;0.0;Y;0.3135721370784346;0.18706603076287695;0.2630668208823282
0.5975514724419925;0.0;Y;0.9682472982704642;0.3356385215460351;0.6576670522058206
0.8567012859885975;0.0;N;1.8189050451365154;0.5334835012867885;0.0
0.714668088346304;0.8;Y;0.8478579956421367;0.298592974670728;0.2630668208823282
0.27751788599755134;0.0;Y;1.936961221744914;0.4944084220964433;0.0
0.15068082662029633;0.4;N;0.5095547227524562;0.3638461193687367;0.0
0.27905579348162785;0.0;N;1.0261088235646993;0.11438757682876437;0.5261336417646564
0.39395856675765195;0.4;Y;0.4446938193984349;0.14567665374432556;0.1315334104411641
0.02164232709446403;0.4;Y;0.3579015314570823;0.05029952434688924;0.0
0.20895697815904293;0.4;N;0.4451604446024206;0.2289003818651267;0.1315334104411641
0.5426084873253875;0.0;N;1.4246067477685431;0.21192177888370015;0.6576670522058206
0.6046208858768604;0.0;Y;0.2174473450573669;0.21806885046535823;0.5261336417646564
0.5293068278360965;0.8;Y;0.4694249552096804;0.5387715774742202;0.1315334104411641
0.6511301847904649;0.4;N;0.8291929874827062;0.36427915985314047;0.0
0.08393068081949094;0.4;N;0.15491956772327428;0.061081232969602606;0.39460023132349237
0.8521278715954264;0.0;Y;1.6075238277309636;0.6066034238098067;0.39460023132349237
0.27905579348162785;0.4;N;0.7041374328145206;0.19591770345467113;0.2630668208823282
0.27905579348162785;0.4;N;1.3891432322656252;0.2979813777068783;0.0
0.29196367424011693;0.8;N;0.7130033116902503;0.2216127565308846;0.2630668208823282
0.8116802846402282;0.0;Y;1.6173229570146643;0.5194031966490489;0.39460023132349237
0.028488495894546634;0.0;N;0.8931206404287559;0.01753060653379865;0.39460023132349237
0.4893398369696723;0.8;Y;0.5590169943749473;0.1561020698430987;0.0
0.4893398369696723;0.0;Y;1.610790204158864;0.6254840933488055;0.0
0.34454088635198316;0.0;N;1.4078082404250556;0.4513281286428388;0.2630668208823282
0.008656930837785612;0.8;N;0.6817394230232039;0.020843448282982777;0.0
0.8991797789963565;0.0;N;1.4824682730627785;0.860237532742969;0.0
0.13425684286393874;0.0;Y;2.0312195129500386;0.198410408592332;0.0
0.3379675721055271;0.0;N;0.7983957240196453;0.4434221191101482;0.39460023132349237
0.45633373784065084;0.4;Y;0.8884543883888981;0.2927138123932342;0.1315334104411641
0.5936756975325254;0.0;N;1.2505555466818523;0.6007069578133357;0.2630668208823282
0.15217222480545925;0.0;N;1.9663586095960175;0.2973665735882182;0.7892004626469847
0.347269431888248;0.0;N;1.7554440173944512;0.3636161738273283;0.2630668208823282
0.30100508194892167;0.4;N;1.356946093190607;0.2658576201056535;0.1315334104411641
0.0918403622547313;0.0;N;1.8389699289079031;0.08407161035068443;0.0
0.45250447223009743;0.4;Y;1.0480402081520301;0.19348779888329823;0.1315334104411641
0.15472093438592477;0.4;N;0.4199626835871893;0.2974841195412703;0.2630668208823282
0.3441626107208192;0.0;N;1.9341614705209997;0.45087316016973117;0.2630668208823282
0.5298897443824804;0.8;N;0.8455248696222076;0.22451269574447463;0.2630668208823282
0.4185836902224418;0.0;N;0.46055907633395093;0.3086363664220819;0.1315334104411641
0.2015402952922868;0.0;Y;1.3326815825833473;0.22339638211545784;0.6576670522058206
0.34454088635198316;0.4;Y;1.3308150817674045;0.2254847619920176;0.1315334104411641
0.22621502867591786;0.0;Y;0.7396009483174389;0.24713827791211881;0.0
0.0930185978272093;0.4;N;0.14045418639971544;0.1352504917955965;0.2630668208823282
0.40730983616578403;0.0;N;1.7129811238317465;0.39014635509917894;0.1315334104411641
0.15503099637868215;0.0;Y;1.9887566193873338;0.12750140909363028;0.2630668208823282
0.03100619927573643;0.0;N;1.319616076871746;0.059309391814332826;0.39460023132349237
0.12712541703051936;0.0;Y;1.0634388398835604;0.1517947863476942;0.2630668208823282
0.38953088150107673;0.0;N;1.6149898309947357;0.3887168590736738;0.2630668208823282
0.3281696131343944;0.8;Y;0.7064705588344496;0.1724399131273994;0.2630668208823282
0.09921983768235658;0.0;Y;0.8427251183982933;0.07512499095950237;0.0
0.1771322152224271;0.4;N;0.5790818781463353;0.19991105870363135;0.1315334104411641
0.0930185978272093;0.4;N;0.49322284061295457;0.09908803126809189;0.1315334104411641
0.5445928840790346;0.8;N;1.1646965091484716;0.17271587761108764;0.1315334104411641
0.3337290246645339;0.0;N;0.5795485033503213;0.17511453106930772;0.1315334104411641
1.1057802860104433;0.0;N;0.6794062970032752;0.6355773824622101;0.0
0.2954270666992167;0.4;N;2.034019264173953;0.13051322580060742;0.39460023132349237
0.05878775382679627;0.0;Y;0.14418718803160166;0.08604065423429794;0.0
0.40616880803243693;0.4;Y;0.7521998288250544;0.26254604630139444;0.6576670522058206
0.46509298913604646;0.0;N;0.2575771126001427;0.4789024252679738;0.0
0.27905579348162785;0.0;N;0.4866900877571538;0.1861038843197476;0.0
0.2976595130470697;0.0;N;1.2440227938260517;0.26317502156921685;0.0
0.12402479710294571;0.0;N;2.192671833529114;0.1488113865240374;0.6576670522058206
0.5447479150754133;0.0;Y;1.2724869312691836;0.27663515196861377;0.0
0.27905579348162785;0.0;N;0.2804417475954452;0.3725663732982988;0.1315334104411641
0.26007379828502203;0.0;Y;1.6551195985375116;0.34973590614776495;0.39460023132349237
1.0342427830414644;0.0;Y;1.5697271862081164;0.2693721396829168;0.1315334104411641
0.3410681920331007;0.0;N;1.4950671535703939;0.3192913551372854;0.1315334104411641
1.0542107753750387;0.0;Y;1.6518532221096112;0.7454913512554011;0.0
0.13332665688566664;0.0;N;1.4180739949127426;0.11258440997534619;0.1315334104411641
0.24804959420589143;0.0;N;0.44282731858249175;0.55902886227685;0.0
0.43408678986031;0.0;N;1.7447116377027785;0.3725663732982988;0.0
0.34454088635198316;0.0;N;0.6864056750630616;0.2254847619920176;0.0
0.3262968386981399;0.0;N;1.0895698513067633;0.4771345371174703;0.2630668208823282
0.4371874097878837;0.0;N;0.3956981729799295;0.23926553328746197;0.39460023132349237
0.13230965354942248;0.4;N;0.9715136746983645;0.09785491753597891;0.1315334104411641
0.4030805905845736;0.0;N;1.7825082792256257;0.2979813777068783;0.5261336417646564
0.8116802846402282;0.0;N;1.670051605065056;0.7792840973029751;0.6576670522058206
0.1085216974650775;0.4;N;0.5809483789622786;0.1861038843197476;0.2630668208823282
0.12402479710294571;0.0;N;0.8039952264674743;0.2190089943347881;0.2630668208823282
0.892209585399171;0.8;N;0.7745978386163714;0.49314875610589975;0.6576670522058206
0.18541707166890384;0.0;N;1.7610435198422807;0.20788270303244236;0.0
0.31179833991680556;0.0;N;0.09052528957323865;0.2352447307601241;0.0
0.34454088635198316;0.0;N;0.09472491640911053;0.5310375609413633;0.0
0.5261752017092473;0.0;Y;0.6528086603760865;0.5357583436523268;0.5261336417646564
0.8371673804448836;0.4;N;1.1805617660839876;0.34770473296282384;0.0
1.0342427830414644;0.0;N;1.981290616123562;0.6402519224759068;0.1315334104411641
0.6821363840662014;0.0;N;0.31683851350633496;0.6123038804378632;0.0
0.12402479710294571;0.0;N;1.245889294641995;0.08251360437777523;0.0
0.12402479710294571;0.0;N;0.5996133871217092;0.1488113865240374;0.2630668208823282
0.30695827220986305;0.0;N;1.6616523513933124;0.3691727559988892;0.5261336417646564
0.15068082662029633;0.0;N;1.193627271795589;0.1245115949603526;0.39460023132349237
0.6004660551739117;0.8;N;0.7573327060688979;1.380548652543352;0.1315334104411641
0.4928094306686272;0.4;N;0.665407540883702;0.2096466381781795;0.0
0.15503099637868215;0.0;N;1.580926191103775;0.22339638211545784;0.0
0.12402479710294571;0.0;Y;0.09939116844896807;0.1488113865240374;0.1315334104411641
0.1085216974650775;0.0;N;0.07932628467758017;0.1674576354218925;0.0
0.4100259792223385;1.2;N;0.6346102774206417;0.2353962874711659;0.1315334104411641
0.6141087828552357;0.0;N;1.3420140866630625;0.3875952499099701;0.0
0.06201239855147286;0.0;Y;1.4554040112316036;0.07422639093261692;0.0
0.12402479710294571;0.0;N;0.26737624188384385;0.33866413647719656;0.0
0.11640967456082485;0.0;Y;0.48389033653323926;0.11784369635447961;0.0
0.5891177862389921;0.0;N;1.6779842335328141;0.2979813777068783;0.1315334104411641
0.3281696131343944;0.0;N;1.115700862729966;0.3923653333030193;0.39460023132349237
0.22041686941135513;0.0;N;1.9243623412372985;0.15879794450875062;0.7892004626469847
0.2638069446778207;0.0;N;2.0414852674377255;0.3728882821392714;0.2630668208823282
0.12576114426238696;0.0;N;0.717202938526122;0.18819226419630736;0.0
0.5891177862389921;0.0;Y;1.4675362665352336;0.3921940115681458;0.2630668208823282
1.1573497966458481;0.0;N;1.721847002707476;0.5713562703481999;0.2630668208823282
0.7119023353709084;0.0;Y;0.8016621004475457;1.0508511242361562;0.0
0.27905579348162785;0.0;N;1.5855924431436323;0.09287263983047205;1.0522672835293128
0.4893398369696723;0.0;N;0.9780464275541654;0.31256274434500103;0.2630668208823282
0.6182636135581845;0.0;N;0.9943783096936673;0.3545981765953653;0.1315334104411641
0.5373188297289468;0.8;Y;0.7125366864862647;0.3793909003949138;0.0
0.1364272768132403;0.0;N;0.185250205982349;0.2010208834380317;0.2630668208823282
0.12402479710294571;0.0;N;0.12038930262832752;0.09287263983047205;0.1315334104411641
0.8371673804448836;0.4;N;0.30377300779473354;0.5963213600725602;0.1315334104411641
0.0930185978272093;0.0;N;0.9467825388871189;0.1488113865240374;0.0
0.15503099637868215;0.8;Y;0.6999378059786487;0.1488113865240374;0.0
0.5066847048445193;0.0;Y;0.9164519006280443;0.08586858664946852;0.0
0.15972533494902863;0.0;N;2.1950049595490424;0.09140182371740924;0.0
0.3705612887841812;0.8;Y;0.6206115213010684;0.10697084486715353;0.6576670522058206
0.3100619927573643;0.8;Y;0.5902808830419938;0.5465980048166147;0.1315334104411641
0.8341907853144128;0.0;Y;1.0177095698929555;0.4158853387377958;0.0
0.7968593213864262;0.0;Y;0.4974224674488264;0.24856881812756224;0.2630668208823282
0.24804959420589143;0.0;Y;0.18291707996242013;0.09553636836302402;0.1315334104411641
0.2671091049006866;0.4;Y;0.6710070433315314;0.15899969692182542;0.2630668208823282
0.04690617826433407;0.0;N;1.4297396250123866;0.046495689571726784;0.2630668208823282
0.08467793022203618;0.0;N;1.958892606332245;0.06921054997909389;0.6576670522058206
0.2232446347853023;0.0;N;2.0358857649898967;0.24428018088105558;0.0
0.1062148362389627;0.4;Y;0.5459514886633462;0.2196969663341234;0.5261336417646564
0.48840965099140027;0.0;Y;0.1605190701711035;0.32844345619132187;0.0
0.8567012859885975;0.0;Y;1.8641676899231348;0.8537887648541435;0.0
0.4100259792223385;0.8;N;0.4540263234781502;0.17645758308492243;0.1315334104411641
0.3565650904311138;0.0;N;1.068105091923418;0.23271577731460583;0.1315334104411641
0.25735145398861237;0.0;N;0.7489334523971541;0.2565452358960911;0.0
0.2552213280983693;0.4;Y;0.4558928242940932;0.08905910900588272;0.1315334104411641
0.8341907853144128;0.0;Y;1.0769709707991475;0.4158853387377958;0.1315334104411641
0.3193607519201576;0.0;N;1.2930184402445573;0.17522536437275657;0.0
0.12693937983486495;0.0;N;1.1628300083325287;0.05809305970622794;0.0
0.217043394930155;0.0;N;1.9546929794963732;0.4586259721214769;0.1315334104411641
0.19432205210089537;0.0;Y;0.3210381403422069;0.1803160886618534;0.0
0.3281696131343944;0.4;Y;0.5912141334499654;0.34523843091360235;0.1315334104411641
0.13332665688566664;0.4;Y;0.5254199796879723;0.08748596227886847;0.0
0.36423912475185855;0.0;N;0.5552839927430614;0.5278398784253724;0.0
0.5136238922424291;0.0;Y;1.86136793869922;0.6546915776224058;0.0
0.5113480372155901;0.0;N;2.0498845211094694;0.4345166706365326;0.2630668208823282
0.27198638004675996;0.0;Y;0.1945827100620643;0.22740532562849666;0.39460023132349237
0.4147389215122505;0.0;N;0.9411830364392899;0.23791561945225287;0.7892004626469847
0.382256827150989;0.0;Y;0.8702560054334533;0.283669561242823;0.5261336417646564
0.8567012859885975;0.0;N;1.4036086135891837;0.5334835012867885;1.183800693970477
0.1860371956544186;0.0;Y;0.3854324184922425;0.19300993281654397;0.0
0.3005368883398581;0.0;Y;1.0499067089679732;0.5313229977194918;0.5261336417646564
0.43408678986031;0.0;N;1.454937386027618;0.3725663732982988;0.39460023132349237
0.08482055873870457;0.4;N;0.4750244576575096;0.11108927915372058;0.1315334104411641
0.3281696131343944;0.0;N;0.08632566273736675;0.24649639944005905;0.0
1.3565832307120202;0.0;N;1.406874990017084;0.4168698606796026;0.0
0.43408678986031;0.0;N;1.4834015234707496;0.6211830004080351;0.0
0.6898135190068737;0.8;N;0.7540663296409975;0.31489993976685376;0.0
0.26296357605752063;0.0;N;1.3401475858471195;0.4710683156710333;0.0
0.5261752017092473;0.0;N;1.1017021066103931;0.4464055189338051;0.5261336417646564
0.7119023353709084;0.0;N;1.7055151205679742;0.9401974214566896;0.39460023132349237
0.173634715944124;0.0;N;0.5324193577477587;0.16372838564232148;0.2630668208823282
0.5261752017092473;0.0;N;0.8618567517617095;0.3825820940162883;0.2630668208823282
0.43408678986031;0.0;Y;1.4642698901073334;1.1184163292125033;0.0
0.12402479710294571;0.0;N;2.082548285388473;0.09287263983047205;0.0
0.5891177862389921;0.0;Y;0.7494000776011401;0.28109421593004685;0.2630668208823282
0.1420021914430177;0.0;N;1.8674340663510354;0.14827333036584087;0.0
0.5637795201908603;0.4;Y;0.5823482545742357;0.2380995460513813;0.0
0.8341907853144128;0.0;Y;0.15118656609138809;0.34651137303336116;0.2630668208823282
0.1421324174799758;0.0;Y;1.0060439397933114;0.13846890894036187;0.1315334104411641
0.03755470856277196;0.8;Y;0.8203271086069763;0.08210256646707091;0.2630668208823282
0.3007570323547158;0.0;N;1.7181140010755898;0.3188621930726524;0.1315334104411641
0.45250447223009743;0.4;N;1.0396409544802865;0.38733420242540006;0.1315334104411641
0.2954270666992167;1.2;N;0.717669563730108;0.1959491037378151;0.0
0.12402479710294571;0.4;N;0.8497244964580797;0.10619135707822758;0.1315334104411641
0.14448888862493176;0.0;N;2.1236113033392203;0.14035844521867494;0.1315334104411641
0.0930185978272093;0.0;N;0.07652653345366563;0.1189773882874692;0.5261336417646564
0.5076024883430811;0.0;N;1.4969336543863367;0.5178877787086225;0.5261336417646564
0.08656930837785612;0.0;N;1.8408364297238466;0.14105454698252964;0.39460023132349237
0.6898135190068737;0.4;Y;1.0158430690770124;0.577615443178232;0.2630668208823282
0.22436705919908392;0.0;N;1.7419118864788639;0.15321563051371076;0.2630668208823282
0.5561054858701157;0.0;Y;1.684516986388615;0.2820992487456412;0.2630668208823282
0.0930185978272093;0.8;Y;0.434428064910748;0.07422639093261692;0.1315334104411641
0.13952789674081392;0.0;Y;1.2323571637264075;0.09080081782293355;0.1315334104411641
0.3100619927573643;0.0;N;0.12412230426021373;0.2926538460567787;0.0
0.07796198745891167;0.0;N;1.6406542172139527;0.17438904281718995;0.2630668208823282
0.020107520230315076;0.0;N;1.9654253591880457;0.17528905995899163;0.5261336417646564
0.08371673804448836;0.0;N;2.0634166520250568;0.10377890539582309;0.1315334104411641
0.44958988949817824;0.0;N;2.0237535096862667;0.36091246773713936;0.2630668208823282
0.43408678986031;0.0;N;1.3975424859373689;0.44715136888971924;0.2630668208823282
1.2092417717537207;0.0;Y;1.5771931894718887;0.6626191422188222;0.1315334104411641
0.13952789674081392;0.4;Y;0.6346102774206417;0.1021957642793996;0.0
0.13952789674081392;0.0;N;1.4418718803160167;0.20475013321760274;0.1315334104411641
0.06201239855147286;0.4;Y;0.7293351938297522;0.12394974618856243;0.39460023132349237
0.1085216974650775;0.4;Y;1.4241401225645576;0.11151888872832716;0.0
0.4893398369696723;0.4;N;1.1726291376162297;0.5211769770142041;0.5261336417646564
0.15472093438592477;0.0;Y;0.5977468863057662;0.2974841195412703;0.1315334104411641
0.18541707166890384;0.4;Y;0.18058395394249144;0.11533100243800025;0.0
0.0804300809212603;0.0;N;0.9887788072458378;0.1573228770509391;0.0
0.4893398369696723;0.4;Y;0.5655497472307481;0.24997847454424008;0.1315334104411641
0.1901176114791055;0.0;N;1.656052848945483;0.13261898398114;0.0
0.8116802846402282;0.0;N;1.1964270230195038;0.33748658856679925;0.1315334104411641
0.24323743207829715;0.0;Y;0.38916542012412875;0.18812409351033682;0.0
0.9022803989239301;0.0;N;0.9481824144990763;0.6410723574274123;0.39460023132349237
0.33176013101052465;0.8;Y;0.8105279793232752;0.435956161051447;0.2630668208823282
0.15503099637868215;0.4;N;0.7321349450536665;0.1488113865240374;0.39460023132349237
0.15503099637868215;0.0;N;0.37050041196469813;0.17864538476060557;0.0
0.3719131590726033;0.0;Y;1.2430895434180804;0.3227137622449934;0.0
0.5621889021680151;0.0;N;1.492267402346479;0.4073336468982703;0.39460023132349237
0.6511301847904649;0.8;N;0.5902808830419938;0.20475013321760274;0.2630668208823282
0.4141249987665909;0.0;N;1.1964270230195038;0.2545835759270412;0.1315334104411641
0.0685485053587981;0.4;N;0.5067549715285417;0.08516905397581657;0.5261336417646564
0.38527062972059056;0.0;N;1.6373878407860523;0.22722057859441674;0.1315334104411641
0.43408678986031;0.0;Y;1.7909075328973696;0.24825802245093279;0.0
0.34454088635198316;0.8;N;1.1623633831285427;0.37604703128756367;0.0
0.16485376030923546;0.0;N;1.2934850654485428;0.23521064541713885;0.0
0.2821564134092015;0.4;Y;0.3056395086106767;0.1503030864358658;0.5261336417646564
0.4427685256575162;0.4;N;0.2622433646400005;0.45550488839595843;0.1315334104411641
0.17467652423978874;0.0;N;0.11992267742434184;0.14100338167555396;0.0
0.391099795184429;0.0;N;1.8982313298140954;0.20271545453786877;0.39460023132349237
0.15503099637868215;0.0;N;0.18991645802220675;0.17864538476060557;0.1315334104411641
0.34454088635198316;0.0;Y;0.5081548471404991;0.1803160886618534;0.1315334104411641
0.3100619927573643;0.0;N;0.8245267354428484;0.21554534172451814;0.5261336417646564
0.391099795184429;0.0;N;1.265954178413383;0.22527920574416765;0.39460023132349237
0.24804959420589143;0.0;N;1.9747578632677611;0.1338943874057533;0.2630668208823282
0.3100619927573643;0.0;N;1.877233195634736;0.3725663732982988;0.0
0.48902977497691497;0.0;N;1.3256822045235608;0.390560003484729;0.6576670522058206
0.08482055873870457;0.0;N;2.0736824065127437;0.18538786836207;0.1315334104411641
0.7119023353709084;0.0;N;1.147898001804984;0.39676502760796156;0.6576670522058206
0.05581115869632557;0.0;N;1.8207715459524587;0.04604982046808128;0.1315334104411641
0.4893398369696723;0.8;Y;0.717669563730108;0.18701941514063228;0.39460023132349237
0.3193607519201576;0.0;Y;1.026575448768685;0.055828286315094455;0.2630668208823282
0.0930185978272093;0.0;N;0.1418540620116728;0.08488137964782047;0.1315334104411641
0.13952789674081392;0.0;N;0.12318905385224221;0.11684642037842671;0.0
0.34454088635198316;0.0;N;1.4624033892913901;0.752452592648935;0.6576670522058206
0.06201239855147286;0.0;N;1.5967914480392906;0.11151888872832716;0.1315334104411641
0.43408678986031;0.0;N;0.09425829120512469;0.5250111678825722;0.1315334104411641
0.09832685914321537;0.4;N;0.8095947289153038;0.1826466460190985;0.1315334104411641
0.11616162496661896;0.0;N;0.2995733809588616;0.088143951109976;0.1315334104411641
0.1605221942704151;0.4;N;0.36350103390491156;0.07052123210662192;0.9207338730881487
0.5688180275731675;0.0;N;1.9378944721528857;0.6554909796051546;0.1315334104411641
0.06201239855147286;0.0;N;1.094236103346621;0.04936475059714196;0.2630668208823282
0.43408678986031;0.8;N;1.20016002465139;0.1717605929875527;0.2630668208823282
0.4893398369696723;1.6;N;1.3924096086935251;0.35726578354768807;0.6576670522058206
0.37728343278716087;0.0;N;0.9220514030758733;0.1633306238608324;0.1315334104411641
0.24684345305406527;0.0;Y;1.1940938969995747;0.26698683693890757;0.0
0.3889541661945481;0.0;N;1.1926940213876176;0.3479893493060007;0.0
0.15503099637868215;0.0;N;0.5044218455086128;0.17864538476060557;0.0
0.36049667649927714;0.0;N;1.6975824921002165;0.9413963006758261;0.0
0.17467652423978874;0.0;N;0.2071815905696801;0.19754820604329515;0.1315334104411641
0.7534506424003952;0.0;N;1.588392194367547;0.31414148494668465;0.9207338730881487
0.2563344506523682;0.0;N;1.1282997432375819;0.34523843091360235;0.1315334104411641
0.3486337046563804;0.0;N;1.3499467151308207;0.09282699381317007;0.2630668208823282
0.2015402952922868;0.8;N;0.7983957240196453;0.22339638211545784;0.6576670522058206
0.21396757996200194;0.0;Y;1.5706604366160877;0.23535384860867437;0.39460023132349237
0.15503099637868215;0.0;Y;0.3691005363527408;0.19421097500055265;0.0
0.24323743207829715;0.0;Y;2.0190872576464094;0.5493825610420248;0.1315334104411641
0.3515916960672857;0.0;N;1.0788374716150906;0.30641940201312257;0.2630668208823282
0.06201239855147286;0.8;N;1.6373878407860523;0.04936475059714196;0.2630668208823282
0.07300099557479385;0.0;N;1.7839081548375826;0.13863471138556163;0.0
0.4371874097878837;0.8;N;0.5333526081557304;0.11226473868424135;0.39460023132349237
0.7119023353709084;0.4;N;1.3639454712503933;0.3368218870860885;0.39460023132349237
0.27905579348162785;0.8;N;0.7764643394323144;0.4968747241456648;0.2630668208823282
0.1829365757268449;0.8;N;0.5585503691709617;0.14668041861499492;0.1315334104411641
0.6752251022476399;0.0;N;1.9458271006206438;0.3394073759582651;0.1315334104411641
0.00491138196527665;0.0;N;0.6276108993608552;0.05724092613159596;0.0
0.4147389215122505;0.0;Y;1.506732783670038;0.4285349539901007;0.39460023132349237
0.6768498270896883;0.0;Y;0.8170607321790759;0.11315729732648389;0.9207338730881487
0.0767465444473028;0.0;Y;1.536596796725127;0.08604065423429794;0.0
0.3441626107208192;0.0;N;1.9542263542923877;0.6012837235842441;0.2630668208823282
0.5261752017092473;0.0;Y;1.5095325348939528;0.3347144880356529;0.39460023132349237
0.143825355960431;0.0;Y;0.2981735053469044;0.05221076485891937;0.5261336417646564
0.44892015559382237;0.4;Y;0.6850057994511043;0.43364753168290576;0.39460023132349237
0.9909798331920293;0.8;Y;0.578148627738364;0.4093703393728852;0.5261336417646564
0.27521102477143655;0.0;N;1.4899342763265504;0.29428196192554384;0.6576670522058206
0.04396058933313911;0.0;N;1.1320327448694678;0.08980719651166466;0.2630668208823282
0.6523828352412048;0.0;N;1.384943605429753;0.5299262445070513;0.1315334104411641
1.0058349032650344;0.4;Y;0.28650787524726024;0.8310105072005237;0.1315334104411641
1.0870711453674642;0.0;Y;0.5422184870314598;0.867228533549744;0.2630668208823282
0.4893398369696723;0.4;N;0.43349481450277644;0.446671861953062;0.5261336417646564
0.42155408411305734;0.0;Y;0.8254599858508197;0.5439552346678239;0.1315334104411641
0.43408678986031;0.0;N;0.09192516518519582;0.44715136888971924;0.2630668208823282
0.12402479710294571;0.0;Y;0.34250289972555215;0.12394974618856243;0.6576670522058206
0.8303584190839319;0.4;Y;1.0051106893853397;0.41404159764677584;0.39460023132349237
0.44074072022488303;0.0;Y;0.5590169943749473;0.18877156585706592;0.0
0.18496128053955052;0.8;N;0.4792240844933815;0.1295181127894267;0.2630668208823282
1.5291017234822177;0.0;N;0.0746600326377226;0.8723898898296659;0.1315334104411641
0.2909466709038728;0.0;N;1.468936142147191;0.19325472077207503;0.0
0.15503099637868215;0.0;Y;0.8907875144088269;0.06545168995627307;0.2630668208823282
0.6898135190068737;0.0;N;1.6196560830345932;0.5874115856692004;0.2630668208823282
0.06201239855147286;0.0;Y;1.6355213399701092;0.08914339005090102;0.39460023132349237
0.3193607519201576;0.4;N;0.3406363989096091;0.4210428911829425;0.1315334104411641
0.8567012859885975;0.0;Y;1.861834563903206;0.17758873912806192;0.5261336417646564
0.8567012859885975;0.0;N;1.6789174839407854;1.0673256072323805;0.39460023132349237
0.15472093438592477;0.0;N;2.0307528877460532;0.3433060828478198;0.1315334104411641
0.3281696131343944;0.0;Y;0.4446938193984349;0.24649639944005905;0.39460023132349237
0.3069861777892112;1.2;Y;0.6640076652717447;0.1803160886618534;0.39460023132349237
0.7441487826176744;0.4;N;0.8585903753338091;0.5323913531963433;0.2630668208823282
0.0930185978272093;0.0;Y;0.9556484177628483;0.07422639093261692;0.1315334104411641
0.43408678986031;0.0;N;0.7302684442377235;0.5323913531963433;0.0
0.0930185978272093;0.0;Y;0.6308772757887556;0.09908803126809189;0.0
0.7441487826176744;0.0;Y;1.5328637950932409;0.27794359654627404;0.0
0.6201239855147286;0.0;N;1.8739668192068355;0.39121262219615394;0.2630668208823282
0.9590217435985278;0.0;N;1.4054751144051267;0.6800696444673556;0.1315334104411641
0.8991797789963565;0.8;N;0.40083105022377286;0.5200018158236657;0.1315334104411641
0.27905579348162785;0.0;N;1.7139143742397178;0.46579761778757434;0.1315334104411641
0.43408678986031;0.0;N;1.950959977864487;0.3725663732982988;0.1315334104411641
0.29455889311949607;0.0;N;1.6000578244671912;0.22339638211545784;0.1315334104411641
0.46509298913604646;0.0;N;1.877699820838722;0.17012136395444447;0.39460023132349237
0.4030805905845736;0.0;N;0.20344858893779388;0.34770473296282384;0.0
0.15637976604717668;0.0;N;1.7825082792256257;0.3752700793884878;0.0
0.34454088635198316;0.0;Y;0.6640076652717447;0.11256307866660704;0.9207338730881487
0.15972533494902863;0.4;N;0.34156964931758066;0.15257546749654957;0.1315334104411641
0.15676734353812338;0.0;N;1.6905831140404297;0.2254847619920176;0.0
0.7131425833419378;0.0;N;0.7032041824065491;0.3974280136337737;0.1315334104411641
0.4371874097878837;0.0;N;1.8203049207484725;0.21213829912590204;0.2630668208823282
0.8371673804448836;0.0;N;0.9589147941907488;0.34770473296282384;0.39460023132349237
0.714668088346304;0.8;N;0.8627900021696812;0.7171251857320721;0.1315334104411641
0.22041686941135513;0.0;N;0.5590169943749473;0.20123964123010132;0.1315334104411641
0.12402479710294571;0.0;N;0.14932006527544506;0.24825802245093279;0.0
0.18449928817034203;0.0;N;1.625722210686408;0.34523843091360235;0.0
0.0020464091521986043;0.0;N;2.1198783017073346;0.05264649040316446;0.1315334104411641
0.07131425833419379;0.0;Y;0.9472491640911046;0.06996438052953637;0.2630668208823282
1.0342427830414644;0.0;N;1.4960004039783654;0.2843571603171803;0.6576670522058206
0.1649529801469178;0.0;Y;1.9346280957249853;0.20458798543718695;0.0
0.0930185978272093;0.0;N;0.019131633363416407;0.07613882480457654;0.39460023132349237
0.4893398369696723;0.8;Y;0.522620228464058;0.4168698606796026;0.2630668208823282
0.10547998931612776;0.0;N;2.0321527633580105;0.07260043802872394;0.39460023132349237
0.5922184061665658;0.8;N;0.6308772757887556;0.7492206010349721;0.5261336417646564
0.3590207814137521;0.4;Y;1.7792419027977253;0.18728232725009203;0.2630668208823282
0.3262968386981399;0.4;N;0.524486729280001;0.3434364574201136;0.0
0.5373188297289468;0.4;N;1.1996933994474042;0.4553408014056572;0.1315334104411641
0.5077575193394598;0.8;N;0.6705404181275454;0.8096344474640226;0.0
0.7651585832469133;0.4;N;0.9743134259222792;0.3478530079340596;0.2630668208823282
0.18108860625001102;0.0;Y;1.6275887115023513;0.33976888943189665;0.2630668208823282
0.1085216974650775;0.4;N;1.1329659952774396;0.1338943874057533;0.0
0.27905579348162785;0.0;N;1.9887566193873338;0.08251360437777523;0.2630668208823282
0.08467793022203618;0.8;N;0.32897076880996495;0.2137003326885732;0.0
0.1085216974650775;0.4;N;0.6238778977289688;0.1674576354218925;0.1315334104411641
0.1853860654696281;0.4;N;0.8394587419703929;0.17315093189037237;0.0
0.27905579348162785;0.0;Y;0.4180961827712462;0.2127413934002543;0.2630668208823282
0.27905579348162785;0.8;N;0.5912141334499654;0.2127413934002543;0.0
0.27905579348162785;0.0;Y;0.27017599310775836;0.2979813777068783;0.1315334104411641
0.4359223568574336;0.0;Y;1.143698374969112;0.12444029170456719;0.2630668208823282
1.0342427830414644;0.8;N;1.0354413276444143;0.42671508009767006;0.2630668208823282
0.34454088635198316;0.0;N;0.2398453548486837;0.30076585934729283;0.0
0.6142235057925559;0.0;Y;1.0956359789585781;0.44309610809441813;0.39460023132349237
0.5524312512559408;0.4;N;1.0578393374357313;0.3115193748416727;0.2630668208823282
0.5484624577486465;0.0;N;1.774109025553882;0.6965934281456658;0.1315334104411641
0.27905579348162785;0.0;N;1.492267402346479;0.15833290706123812;0.2630668208823282
0.08393068081949094;0.0;Y;1.5230646658095397;0.0918010771988101;0.2630668208823282
0.4407748270440863;0.8;N;0.6033463887535953;0.28335712469629054;0.5261336417646564
0.0804300809212603;0.4;Y;0.16378544659900374;0.1068647850034225;0.0
0.43408678986031;0.4;N;1.1740290132281868;0.55902886227685;0.39460023132349237
0.12402479710294571;0.0;N;0.22911297515701107;0.1861038843197476;0.0
0.0020464091521986043;0.0;N;2.126411054563135;0.07914900064165067;0.0
0.2318767606636673;0.8;Y;0.4969558422448406;0.38154827139239567;0.2630668208823282
0.5445928840790346;0.4;Y;0.4796907096973674;0.41921593171593063;0.2630668208823282
0.37728343278716087;0.0;N;0.8613901265577238;0.19606843973076138;0.5261336417646564
0.11112001696438421;0.0;N;1.7190472514835613;0.22756322206416374;0.0
0.37728343278716087;0.4;N;1.0615723390676173;0.19606843973076138;0.0
0.3640871943754075;0.4;N;0.6290107749728123;0.33906704462338144;0.2630668208823282
0.2694314692264393;0.0;N;0.8473913704381507;0.1803160886618534;0.2630668208823282
0.7361553844443894;0.0;N;1.9696249860239177;0.4852721330614722;0.0
0.11162231739265115;0.0;Y;1.6910497392444155;0.16301803814430876;0.2630668208823282
0.17313861675571224;0.4;Y;0.7298018190337378;0.13994643770302792;1.0522672835293128
0.5101542985434742;0.0;N;0.2580437378041286;0.19991128245861814;0.0
0.1665404975498355;0.0;Y;1.238889916582208;0.11844037631921098;0.1315334104411641
0.5445928840790346;0.4;N;0.5081548471404991;0.46117334806090626;0.2630668208823282
0.5937067037318011;0.0;Y;1.9308950940930991;0.37532601813518135;0.7892004626469847
0.18449928817034203;0.0;N;0.6266776489528836;0.14775444255151138;0.6576670522058206
0.7441487826176744;0.0;Y;1.560861307332387;0.31041223516711364;0.0
0.7119023353709084;0.8;N;1.2010932750593615;0.39676502760796156;0.0
0.12342947807685158;0.0;N;1.1268998676256246;0.10578225837740864;0.1315334104411641
0.11757550765359254;0.4;N;0.7591992068848412;0.23791561945225287;0.0
0.31179833991680556;0.0;Y;1.9481602266405726;0.2352447307601241;0.1315334104411641
0.5410333724021801;0.0;N;1.8385033037039173;1.375674896006431;0.0
0.3664498667602185;0.0;N;1.59025869518349;0.27280573453996343;0.0
0.15501859389897182;0.0;N;1.2440227938260517;0.05701060766520965;0.7892004626469847
0.37728343278716087;0.4;N;0.9397831608273325;0.39249548412032637;0.1315334104411641
0.20414481603144866;0.0;N;0.1091902977326692;0.16600979148747183;0.1315334104411641
0.22060910784686472;0.4;N;1.540796423560999;0.11384086881107926;0.7892004626469847
0.14448888862493176;0.0;N;2.1352769334388646;0.2161291184850122;0.0
0.7119023353709084;0.0;Y;1.618256207422636;0.6869708449394386;0.0
0.8309661405897363;0.0;N;1.7643098962701809;0.41433397082949425;0.6576670522058206
0.8790939631055343;0.0;N;1.1693627611883295;0.3976839147536479;0.1315334104411641
0.0930185978272093;0.0;N;0.5034885951006414;0.1189773882874692;0.1315334104411641
0.168034996354926;0.4;N;0.9481824144990763;0.19115776362102224;0.0
0.22634525471287595;0.4;N;0.629944025380784;0.30916912704559146;0.2630668208823282
0.15472093438592477;0.0;Y;0.16145232057907505;0.09892230340788774;0.39460023132349237
0.06201239855147286;0.0;N;0.7904630955518872;0.07955392258271649;0.0
0.217043394930155;0.8;Y;1.436739003072173;0.09908803126809189;0.7892004626469847
0.0767465444473028;0.4;Y;0.5888810074300365;0.06444083951102254;0.2630668208823282
0.12402479710294571;0.4;N;0.8912541396128129;0.09287263983047205;0.0
0.8116802846402282;0.0;N;0.9131855242001438;0.36819979473139913;0.1315334104411641
0.4164907717713296;0.8;N;0.9033863949164428;0.07653054520142268;0.2630668208823282
0.27905579348162785;0.4;N;0.636010153032599;0.24825802245093279;0.0
0.20245807879084857;0.8;N;0.6509421595601436;0.29521777986522946;0.39460023132349237
0.168034996354926;0.8;Y;0.5128210991803568;0.15923836890771795;0.2630668208823282
0.27905579348162785;0.0;N;0.3602346574770112;0.414002515109086;0.0
0.15472093438592477;0.4;N;1.0172429446889695;0.11133242623934861;0.0
0.4000047756164205;0.0;N;1.5650609341682589;0.41435783802808357;0.2630668208823282
0.16586456240562444;0.0;N;1.108234859466194;0.10487918325078772;0.5261336417646564
0.27905579348162785;0.4;N;0.7018043067945918;0.12394974618856243;1.183800693970477
0.0930185978272093;0.0;Y;0.3056395086106767;0.09908803126809189;0.1315334104411641
0.6003482316166638;0.0;Y;0.6271442741568692;0.30338431478752087;0.0
0.2015402952922868;0.8;N;0.7512665784170831;0.22339638211545784;0.39460023132349237
0.43408678986031;0.0;N;1.823571297176373;0.7454913512554011;0.0
1.0342427830414644;0.4;Y;0.7862634687160156;0.42671508009767006;0.0
0.20464091521986044;0.0;Y;0.17965070353451992;0.22637978193911468;0.0
0.7643803276450923;0.0;N;1.5561950552925294;0.3475126020141804;0.0
0.24314441348046995;0.0;N;0.9276509055237027;0.1936018393415575;0.5261336417646564
0.0930185978272093;0.0;N;1.5613279325363727;0.1861038843197476;0.2630668208823282
0.3441626107208192;0.8;N;0.7876633443279729;0.2252572777554638;0.2630668208823282
0.17980494959999557;0.4;N;1.0559728366197882;0.16867583215488713;0.1315334104411641
0.261317146875979;0.0;N;1.2645543028014254;0.2600784017222523;0.1315334104411641
0.3100619927573643;0.0;N;1.579992940695803;0.16372838564232148;0.1315334104411641
0.5054010481945037;0.0;Y;0.12038930262832752;0.2863792341326593;0.39460023132349237
0.1085216974650775;0.0;N;1.6887166132244866;0.22339638211545784;0.0
0.29455889311949607;0.0;N;1.1660963847604289;0.434720511429484;0.0
0.5148145302946173;0.0;Y;0.5025553446926698;0.21846877521171945;0.1315334104411641
0.7019245404439765;0.4;N;0.6439427815003568;0.4404051560384753;0.0
0.36666380953522115;0.0;Y;1.5435961747849134;0.34128065270753927;0.5261336417646564
0.43408678986031;0.0;N;0.6840725490431325;0.22339638211545784;0.1315334104411641
0.07751549818934107;0.0;N;0.3798329160444135;0.1627960731974287;0.39460023132349237
0.353312540127089;0.0;N;1.7251133791353763;0.2637766987286529;0.1315334104411641
0.41028643129625475;0.4;N;0.8921873900207843;0.11758846649956577;0.5261336417646564
0.4991998083393565;0.0;Y;1.608457078138935;0.3640423524921378;0.0
0.02164232709446403;0.4;N;1.7013154937321022;0.03130272596975444;0.1315334104411641
0.12712541703051936;0.4;Y;1.0377744536643434;0.1517947863476942;0.1315334104411641
0.2232446347853023;0.4;N;0.3154386378943776;0.21806885046535823;0.1315334104411641
0.0930185978272093;0.0;N;0.06392765294604998;0.09908803126809189;0.0
0.43408678986031;0.0;N;2.0461515194775837;0.44715136888971924;0.1315334104411641
0.4371874097878837;0.0;Y;0.27250911912768727;0.3214223976313235;0.9207338730881487
0.12402479710294571;0.0;N;0.7078704344464068;0.12394974618856243;0.2630668208823282
0.39616620814608433;0.0;Y;1.4302062502163724;0.41066438904639635;0.39460023132349237
0.15676734353812338;0.0;Y;0.7755310890243428;0.1803160886618534;0.39460023132349237
0.3441626107208192;0.4;N;1.082103848042991;0.6012837235842441;0.1315334104411641
0.4147389215122505;0.4;Y;0.34996890298932437;0.2676998694967616;0.1315334104411641
1.0342427830414644;0.8;N;0.745200450765268;0.5334835012867885;0.1315334104411641
0.8743748195757673;0.8;Y;0.7829970922881151;0.8707941438489873;0.0
0.3262968386981399;0.4;N;0.5524842415191467;0.28613728040696074;0.1315334104411641
0.37728343278716087;0.0;Y;0.5809483789622786;0.2451752008281526;0.0
0.25440896567734494;0.0;Y;0.7605990824967982;0.457349599091921;0.2630668208823282
0.3100619927573643;0.0;Y;1.6859168620005722;0.31519328255451484;0.1315334104411641
0.4893398369696723;0.0;Y;1.6369212155820667;0.2777936807051353;0.2630668208823282
0.315227625556702;0.0;N;1.377477602165981;0.237601616620813;0.1315334104411641
0.1649529801469178;0.0;N;2.059217025189185;0.18819226419630736;0.1315334104411641
0.1649529801469178;0.0;N;0.04619589519459075;0.1567671442487874;0.2630668208823282
0.6015202659492868;0.4;N;0.28137499800341687;0.6082549593671874;0.0
0.4371874097878837;0.0;N;1.6210559586465507;0.34092428559860344;0.0
0.3438711524476273;0.4;N;0.9859790560219235;0.2572878041121993;1.0522672835293128
0.6182636135581845;0.0;N;2.0172207568304654;0.25994302995525387;1.0522672835293128
0.27905579348162785;0.0;N;1.9056973330778677;0.32392397838345977;0.0
0.086817357972062;0.0;N;0.1661185726189326;0.11301058864015556;0.1315334104411641
0.8116802846402282;0.0;N;1.9425607241927434;0.5064091478871029;0.1315334104411641
0.37728343278716087;0.0;Y;1.2580215499456249;0.3270197777954728;0.0
0.27905579348162785;0.0;N;0.1413874368076871;0.1861038843197476;0.1315334104411641
0.17313861675571224;0.0;N;0.7857968435120296;0.1633306238608324;0.6576670522058206
0.23564711449559686;0.0;Y;0.9855124308179375;0.1421816008509116;0.1315334104411641
0.8526704800827518;0.0;N;1.2290907872985073;0.5741474646382176;0.0
0.14262851666838758;0.4;Y;0.41436318113936005;0.13886674530684653;0.7892004626469847
0.23837566003186167;0.4;N;0.6948049287348054;0.2310679710070046;0.0
0.4039983740831354;0.0;Y;2.0456848942735975;0.2612408088785446;0.1315334104411641
0.15503099637868215;0.4;Y;0.9397831608273325;0.08914339005090102;0.2630668208823282
1.0542107753750387;0.0;Y;1.159097006700642;0.5217363644811397;0.7892004626469847
0.47542425473472183;0.8;Y;0.7955959727957307;0.3041943078396437;0.1315334104411641
0.6836029772919439;0.0;N;1.5487290520287569;0.4907793399659515;0.2630668208823282
0.4709221545998849;0.0;N;0.7521998288250544;0.2679484612870678;0.39460023132349237
0.3497189216310312;0.4;Y;0.7582659564768696;0.2285986855579594;0.0
0.3590207814137521;0.0;N;1.8161052939126008;0.23419256022731597;0.2630668208823282
0.7119023353709084;0.0;Y;0.4848235869412108;0.9656178525791356;0.1315334104411641
0.2363819614184318;0.0;N;1.2584881751496104;0.21404096236343917;0.2630668208823282
0.7119023353709084;0.0;N;1.6798507343487572;0.5102289438513219;0.7892004626469847
0.15472093438592477;0.0;Y;0.16798507343487576;0.1272883197612256;0.5261336417646564
0.7119023353709084;0.0;N;0.15118656609138809;0.2974841195412703;0.1315334104411641
0.1557658433015171;0.0;N;1.2066927775071905;0.1280064240987798;0.1315334104411641
0.31179833991680556;0.4;Y;0.8361923655424924;0.16456373759294537;0.0
0.4893398369696723;0.0;N;2.0298196373380812;0.5003155537472838;0.1315334104411641
0.6615482677471125;0.0;N;1.20016002465139;0.4161240107236883;0.1315334104411641
0.42348266970800813;0.0;N;0.3877655445121714;0.25388948795806743;0.2630668208823282
0.18541707166890384;0.4;N;0.6327437766046986;0.1924574071692028;0.1315334104411641
0.44338864964303093;0.0;N;1.7918407833053407;0.32568440803440407;1.5784009252939695
0.15503099637868215;0.4;Y;0.19598258567402163;0.1488113865240374;0.2630668208823282
0.0930185978272093;0.0;Y;1.225824410870607;0.24825802245093279;0.0
0.5891177862389921;0.0;Y;0.5674162480466912;0.42584139145931216;0.2630668208823282
0.34454088635198316;0.0;Y;0.6579415376199299;0.07492249269647165;0.0
0.4000047756164205;0.0;Y;0.4726913316375808;0.27248114063914963;0.2630668208823282
0.25440896567734494;0.0;N;1.1007688562024216;0.3429225668004887;0.1315334104411641
0.7324222380515908;0.0;Y;1.9686917356159461;0.305710844555004;0.1315334104411641
0.3401752134939595;0.0;Y;1.9150298371575831;0.2228593701471996;0.2630668208823282
0.15503099637868215;0.4;Y;0.36070128268099705;0.11151888872832716;0.2630668208823282
0.1557658433015171;0.0;N;1.9490934770485442;0.1793524505188122;0.39460023132349237
0.4947070100643023;0.0;Y;0.3378366476856944;0.36095453367465286;0.1315334104411641
0.391099795184429;0.4;N;0.524486729280001;0.22527920574416765;0.0
0.14853209701048778;0.0;Y;0.2183805954653384;0.12303481204764248;0.0
0.5298897443824804;0.0;N;1.9500267274565157;0.8429086786222451;0.1315334104411641
0.3410681920331007;0.0;N;1.076504345595162;0.21123000304958975;0.0
0.1396488209179893;0.0;N;2.1912719579171567;0.21234005153897684;0.0
0.23254649456802323;0.0;N;1.845502681763704;0.42228972855424435;0.0
0.21396757996200194;0.8;Y;0.8529908728859801;0.18379174945641358;0.1315334104411641
0.06047449106739633;0.0;N;1.901497706241996;0.09966666166389011;0.5261336417646564
0.13952789674081392;0.0;N;0.4115634299154455;0.0830189177229071;0.6576670522058206
0.4100259792223385;0.0;Y;1.1968936482234893;0.2353962874711659;0.0
0.4832006095130765;0.0;Y;0.3341036460538084;0.14181583603253128;0.1315334104411641
0.3664498667602185;0.8;N;0.48202383571729607;0.27280573453996343;0.1315334104411641
0.37728343278716087;0.0;N;0.8357257403385064;0.42665668004612195;0.0
0.27905579348162785;0.8;N;0.7349346962775812;0.165385813414354;0.5261336417646564
0.3007601329746434;0.0;N;1.8940317029782234;0.19915625854824617;0.5261336417646564
0.24804959420589143;0.0;N;1.1926940213876176;0.09553636836302402;0.1315334104411641
0.15503099637868215;0.0;N;1.2440227938260517;0.09908803126809189;0.1315334104411641
0.15503099637868215;1.2;N;0.9099191477722435;0.23517297999436518;0.1315334104411641
0.38035924775531393;0.0;N;1.788107781673455;0.3954550167453939;0.0
0.19840246792558225;0.0;N;1.206226152303205;0.22037718149391713;0.1315334104411641
0.1605221942704151;0.0;N;1.7176473758716042;0.2300008834750781;0.1315334104411641
0.34454088635198316;0.0;N;1.7484446393346647;0.2254847619920176;0.2630668208823282
0.440021376401686;0.4;N;1.0247089479527418;0.703399458163374;0.0
1.4882975652353487;0.4;Y;0.42042930879117496;0.7772296535994094;0.0
0.03714542673233224;0.4;Y;1.616389706606693;0.16357921565113862;0.2630668208823282
0.6747569086385762;0.8;N;0.5067549715285417;0.5655425936968355;0.39460023132349237
0.27905579348162785;0.4;Y;0.899186768080571;0.1488113865240374;0.2630668208823282
0.14448888862493176;0.0;Y;2.1054129203837753;0.26348581724584635;0.0
0.12342947807685158;0.0;N;2.186605705877299;0.12347240221677734;0.39460023132349237
0.7364592451972917;0.0;N;0.9351169087874748;0.6150173571624747;0.2630668208823282
0.12576114426238696;0.4;N;1.0746378447792189;0.10738471700769031;0.0
0.19763661480347158;0.4;N;0.4432939437864776;0.36630623086332414;0.0
0.676663789894034;0.0;N;1.869767192370964;0.309148765341795;0.39460023132349237
0.09157370894095997;0.0;N;2.0872145374283306;0.11758712396964513;0.0
0.19432205210089537;0.4;N;0.6327437766046986;0.21645102732598476;0.39460023132349237
0.35058089397089665;0.0;N;0.6756732953713888;0.22911705127731982;0.1315334104411641
0.4526905094257519;0.0;Y;0.7092703100583643;0.19356238387888966;0.0
0.06201239855147286;0.4;N;0.23424585240085444;0.11151888872832716;0.0
0.13952789674081392;0.0;N;1.7157808750556611;0.14614765799148538;0.5261336417646564
0.15935636117764737;0.0;N;1.355079592374664;0.18280722751460682;0.1315334104411641
0.6376114819062438;0.0;N;1.5650609341682589;0.40172910657454425;1.0522672835293128
0.27905579348162785;0.0;N;0.9388499104193608;0.24825802245093279;0.39460023132349237
0.4184534641854837;0.0;Y;1.1334326204814253;0.3600310968442355;0.2630668208823282
1.013155466914036;0.0;Y;0.5515509911111753;0.6275706086004755;0.0
0.15503099637868215;1.2;N;0.7349346962775812;0.11151888872832716;0.39460023132349237
0.1557658433015171;0.0;N;1.9178295883814978;0.1793524505188122;0.0
0.15503099637868215;0.0;N;0.24497823209252706;0.11151888872832716;0.2630668208823282
0.31066971426316875;0.0;N;0.12412230426021373;0.23446904680597336;0.2630668208823282
0.08656930837785612;0.4;N;0.8319927387066205;0.09391682976875193;0.2630668208823282
0.1287191356732922;0.0;N;2.029353012134096;0.12771375257607906;0.0
0.3609865744478338;0.0;Y;1.5258644170334545;0.3768147346471861;0.0
0.7751549818934108;0.0;N;1.8207715459524587;0.7753253494919692;0.0
0.12402479710294571;0.4;Y;0.4022309258357302;0.12394974618856243;0.0
0.3410681920331007;0.0;N;0.6971380547547341;0.22339638211545784;0.0
0.8567012859885975;0.4;Y;0.7120700612822787;0.8537887648541435;0.2630668208823282
0.2821564134092015;0.0;Y;1.375144476146052;0.21487236130929677;0.1315334104411641
0.0930185978272093;0.0;N;1.648120220477725;0.09908803126809189;0.2630668208823282
0.1085216974650775;0.0;Y;1.6047240765070487;0.3352738755025886;0.2630668208823282
0.34454088635198316;0.0;N;1.4563372616395753;0.1803160886618534;0.1315334104411641
0.03509901758013364;0.0;Y;1.5015999064261947;0.06080109172616123;0.2630668208823282
0.039191835884530846;0.0;N;1.9061639582818535;0.09345276192618211;0.1315334104411641
0.08371673804448836;0.0;N;2.1572083180261954;0.10185043574981133;0.5261336417646564
0.1649529801469178;0.0;N;2.1208115521153057;0.1567671442487874;0.1315334104411641
0.3978529453866844;0.0;Y;1.3863434810417106;0.4122873585504657;0.1315334104411641
0.168034996354926;0.4;Y;1.1152342375259803;0.2390368556909787;0.1315334104411641
0.37517501123641084;0.0;N;1.1702960115963008;0.6103060467459515;0.5261336417646564
0.17271693244556222;0.4;Y;0.5618167455988621;0.13965660041015965;0.0
0.0930185978272093;0.4;N;0.7769309646363001;0.1189773882874692;0.0
0.13425684286393874;0.0;N;2.163274445678011;0.294113996515472;0.0
0.3281696131343944;0.0;N;0.8627900021696812;0.5756364794902048;0.1315334104411641
0.21396757996200194;0.0;N;1.4442050063359455;0.16800740142439682;0.7892004626469847
0.33176013101052465;0.0;N;0.7937294719797877;0.2905178809530316;0.2630668208823282
0.15503099637868215;0.0;N;0.9458492884791475;0.1488113865240374;0.0
0.2563344506523682;0.8;Y;0.898720142876585;0.18153458373483042;0.0
0.1085216974650775;0.0;N;0.5146875999962998;0.04439239269604873;0.5261336417646564
0.5085016681220774;0.8;N;0.42042930879117496;0.43223436977143515;0.39460023132349237
0.19843967536471316;0.0;Y;0.10452404569281148;0.27560587902945216;0.0
0.7441487826176744;0.0;Y;0.39663142338790097;0.414002515109086;0.2630668208823282
0.27905579348162785;0.0;N;1.6798507343487572;0.2979813777068783;0.2630668208823282
0.3281696131343944;0.0;N;0.8235934850348767;0.31963862287675915;0.2630668208823282
0.27905579348162785;0.4;Y;0.8305928630946631;0.3725663732982988;0.5261336417646564
0.17313861675571224;0.4;N;0.9491156649070476;0.1633306238608324;0.1315334104411641
0.88228140039108;0.0;Y;1.3326815825833473;0.27425402598435766;0.1315334104411641
0.43408678986031;0.0;N;1.9780242396956615;0.13126198457134972;0.0
0.6633683316445982;0.0;N;1.1684295107803577;0.41721854553399246;0.2630668208823282
0.10616522632012154;0.8;Y;0.24451160688854123;0.1316270035397741;0.0
0.3100619927573643;0.0;Y;0.838992116766407;0.2731197373714033;0.1315334104411641
0.8211929865780242;0.4;N;0.5562172431510329;0.3723602203704841;0.2630668208823282
1.2092417717537207;0.8;Y;0.5048884707125987;0.42584139145931216;0.6576670522058206
0.8116802846402282;0.0;Y;0.8590570005377948;0.5064091478871029;0.0
0.7855730648500582;0.0;N;0.533819233359716;0.2615441460556149;0.2630668208823282
0.5298897443824804;0.0;N;1.7675762726980813;0.7933047339442415;0.39460023132349237
0.17671053091227706;0.0;Y;1.1558306302727421;0.19950531632761404;0.5261336417646564
0.27905579348162785;0.0;N;0.8086614785073322;0.12394974618856243;0.1315334104411641
0.0930185978272093;0.0;N;0.34670252656142403;0.08488137964782047;0.2630668208823282
0.15503099637868215;0.0;N;0.7937294719797877;0.1594663752392409;0.2630668208823282
0.6004660551739117;0.4;N;0.8739890070653393;0.34486819099548655;0.6576670522058206
0.43408678986031;0.4;N;0.6294774001767983;0.3725663732982988;0.0
0.15068082662029633;0.0;N;1.8944983281822096;0.17445967480801503;0.1315334104411641
0.14448888862493176;0.0;N;2.169807198533811;0.09345276192618211;0.1315334104411641
0.43408678986031;0.0;Y;0.5254199796879723;0.3725663732982988;0.1315334104411641
0.5261752017092473;0.4;N;0.6210781465050544;0.4783172313925634;0.0
0.27905579348162785;0.0;Y;0.3625677834969401;0.07422639093261692;0.2630668208823282
0.7119023353709084;0.8;Y;0.28464137443131726;0.4464055189338051;0.0
0.3281696131343944;0.4;N;0.3835659176762995;0.2876389001232028;0.0
0.2821564134092015;0.0;N;0.9724469251063359;0.2507442386939772;0.0
0.43408678986031;1.2;Y;0.7727313378004284;0.2940558202189107;0.39460023132349237
0.15472093438592477;0.0;N;1.0732379691672616;0.1272883197612256;0.2630668208823282
0.15503099637868215;0.0;Y;0.049928896826476964;0.11151888872832716;0.1315334104411641
0.1665404975498355;0.0;N;1.6345880895621379;0.18971976490601966;0.0
0.0728769707776909;0.0;N;1.8119056670767288;0.06540179259422242;0.0
0.3281696131343944;0.0;N;1.3928762338975111;0.4316376898067038;0.39460023132349237
0.168034996354926;0.0;N;0.7470669515812111;0.15923836890771795;0.1315334104411641
0.33894426738271277;0.0;N;1.4801351470428492;0.4445968327907131;0.1315334104411641
0.5472656184566032;0.0;Y;1.9929562462232062;0.4633163987392345;0.0
0.006201239855147286;0.0;N;0.3005066313668333;0.08100683829683736;0.0
0.33176633225037977;0.4;Y;0.7820638418801434;0.2292846437624137;0.39460023132349237
0.1085216974650775;0.0;N;0.8735223818613536;0.3352738755025886;0.0
0.5891177862389921;0.0;Y;1.20342640107929;0.42584139145931216;0.0
0.03509901758013364;0.0;N;1.8133055426886862;0.10565151088013687;0.1315334104411641
0.04574034517156638;0.0;Y;1.823571297176373;0.04579459061316743;0.1315334104411641
0.5373188297289468;0.0;N;1.9028975818539533;0.4553408014056572;0.0
0.0655719102283274;0.0;N;1.3541463419666928;0.05772073140823556;0.1315334104411641
0.1860371956544186;0.0;Y;0.2907075020831322;0.17367302685951233;0.39460023132349237
0.17053409601655034;0.0;Y;0.6448760319083284;0.10064193506624353;0.5261336417646564
0.8346868845028247;0.0;N;1.2986179426923865;0.21884274437961485;0.39460023132349237
0.20895697815904293;0.0;N;1.82170479636043;0.25061020945689944;0.0
0.15503099637868215;0.0;N;1.006510564997297;0.24825802245093279;0.5261336417646564
0.3255898973546531;0.0;N;0.9752466763302506;0.2676998694967616;0.0
0.8371673804448836;0.4;N;0.8501911216620655;0.5613056438522737;0.1315334104411641
0.4030805905845736;0.0;N;1.6201227082385792;0.26068887991116807;0.1315334104411641
0.13952789674081392;0.4;N;0.02099813417935943;0.20475013321760274;0.1315334104411641
0.7130619672238209;0.0;Y;1.5701938114121021;0.5962566948813824;0.1315334104411641
0.4000047756164205;0.4;Y;0.9911119332657669;0.15914774813807436;0.1315334104411641
0.4832006095130765;0.4;N;0.36863391114875493;0.20579432315588259;0.0
0.12402479710294571;0.0;Y;0.1609856953750892;0.1488113865240374;0.1315334104411641
0.8567012859885975;0.0;N;1.6271220862983655;0.8537887648541435;0.2630668208823282
0.5077575193394598;0.0;N;0.3023731321827763;0.4316376898067038;0.9207338730881487
0.2694314692264393;0.0;N;0.8800551347171545;0.2405410112970709;0.1315334104411641
0.3100619927573643;0.4;Y;0.3406363989096091;0.20475013321760274;0.2630668208823282
0.34454088635198316;0.8;N;0.4026975510397159;0.30076585934729283;0.5261336417646564
0.3933570464917026;0.0;N;1.7120478734237747;0.10172140370743817;0.39460023132349237
0.5077575193394598;0.0;N;1.8828326980825654;0.3082101877572725;0.5261336417646564
0.2694314692264393;0.0;N;1.4078082404250556;0.48144055266794983;0.0
0.5674134467459767;0.0;N;1.4544707608236322;0.4794715087843363;0.0
0.43408678986031;0.0;Y;1.5589948065164436;0.2030550400227965;0.1315334104411641
0.028426483495995157;0.0;N;0.7270020678098231;0.044317807700457304;0.5261336417646564
0.11782355724779843;0.0;N;2.003688625914879;0.14284458687672374;0.1315334104411641
0.40616880803243693;0.0;Y;1.1119678610980799;0.26254604630139444;0.2630668208823282
0.8362371944666115;0.0;Y;1.4297396250123866;0.3789400340965636;0.5261336417646564
0.15472093438592477;0.0;N;1.1282997432375819;0.22302345713750074;0.1315334104411641
0.8991797789963565;0.0;N;1.013976568261069;0.44715136888971924;0.2630668208823282
0.279294541216051;0.0;N;1.2673540540253398;0.3728535255313258;1.0522672835293128
0.5023004282669302;0.0;N;1.8823660728785792;0.3661733949861758;0.0
0.19840246792558225;0.4;Y;0.6341436522166557;0.06862132851392166;0.0
0.3228303456191125;0.0;N;1.887032324918437;0.3401010164172653;0.2630668208823282
0.5891177862389921;0.8;Y;1.0466403325400728;0.1861038843197476;0.1315334104411641
0.08144398363757688;0.0;N;1.652786472517583;0.17997299768213287;0.0
2.009201713067721;0.0;Y;1.8893654509383662;0.7007403539005488;0.0
0.14448888862493176;0.4;Y;0.53008623172783;0.10517916410305642;0.2630668208823282
1.0139027163165812;0.0;N;1.4927340275504652;0.7177883209278754;0.0
0.27694117069102264;0.0;Y;0.524020104076015;0.18483221014491388;0.1315334104411641
0.13952789674081392;0.0;Y;1.5333304202972267;0.1278343565139504;0.0
0.0930185978272093;0.0;N;0.017265132547473385;0.1751354894530689;0.0
1.0072301822324428;0.0;N;1.5258644170334545;0.5546333447316608;0.9207338730881487
0.05162532179410115;0.0;N;1.7703760239219957;0.07914900064165067;0.0
0.7119023353709084;0.0;N;1.5095325348939528;0.2745731751804934;0.5261336417646564
0.3281696131343944;0.0;N;0.9514487909269767;0.191639731862534;0.5261336417646564
0.08656930837785612;0.0;N;0.36070128268099705;0.16600979148747183;0.2630668208823282
0.9802175814234212;0.0;N;0.3476357769693955;0.4050555973779216;0.0
0.5261752017092473;0.0;Y;1.4180739949127426;0.3347144880356529;0.1315334104411641
0.34454088635198316;0.0;N;0.21651409464939542;0.6018903979383847;0.1315334104411641
0.4371874097878837;0.0;N;0.8375922411544499;0.37505251495634756;0.9207338730881487
0.5147029079772247;0.0;N;1.317282950851817;0.5247197643047966;0.2630668208823282
0.5445928840790346;0.0;N;1.4652031405153048;0.3073293389593379;0.0
0.27905579348162785;0.0;Y;0.4446938193984349;0.3725663732982988;0.5261336417646564
0.43408678986031;0.0;N;0.6094125164054103;0.3192913551372854;0.5261336417646564
0.0930185978272093;0.0;N;0.3191716395262639;0.09908803126809189;0.0
0.2821564134092015;0.0;Y;1.3527464663547353;0.3762956230778698;0.5261336417646564
0.5298897443824804;0.4;Y;0.32150476554619273;0.5393324566410677;0.0
0.6182636135581845;0.8;N;0.5072215967325275;0.8216465847590078;0.2630668208823282
0.07751549818934107;0.0;Y;0.9257844047077592;0.0386037020182074;0.6576670522058206
0.4709221545998849;0.0;Y;1.8860990745104658;0.20087171344684884;0.2630668208823282
0.12402479710294571;0.0;Y;1.0177095698929555;0.1488113865240374;0.5261336417646564
0.6604320445731859;0.4;N;1.3518132159467637;0.36925151775423365;0.0
0.6182636135581845;0.0;Y;0.26177673943601465;0.5202446645693114;0.1315334104411641
0.315227625556702;0.0;N;1.0489734585600017;0.11862154327350252;0.39460023132349237
0.43408678986031;0.4;N;0.3056395086106767;0.1594663752392409;0.1315334104411641
0.15472093438592477;0.0;N;2.0265532609101813;0.16887020065339842;0.2630668208823282
0.5445928840790346;0.0;Y;1.1870945189397881;0.2126561427502933;0.1315334104411641
0.06201239855147286;0.0;N;0.2183805954653384;0.07422639093261692;0.2630668208823282
0.217043394930155;0.0;Y;1.046173707336087;0.2127413934002543;0.6576670522058206
0.21396757996200194;0.4;Y;0.5207537276481146;0.23535384860867437;0.39460023132349237
0.7441487826176744;0.0;N;1.3009510687123154;0.46579761778757434;0.2630668208823282
0.34454088635198316;0.0;Y;1.6989823677121734;0.4513281286428388;0.0
0.14634305934162078;0.0;N;1.5141987869338103;0.224173632354516;0.0
0.29455889311949607;0.0;N;2.0078882527507504;0.325950751053661;0.0
0.3782756311639844;0.0;N;2.0419518926417113;0.32781537594344656;0.0
0.12402479710294571;0.0;N;1.1110346106901088;0.1861038843197476;0.0
0.43408678986031;0.4;N;0.5832815049822073;0.44715136888971924;0.0
0.12402479710294571;0.0;N;0.9855124308179375;0.13282886615873427;0.1315334104411641
1.016625060612991;0.0;Y;1.7526442661705366;0.7095182620317031;0.2630668208823282
0.4100259792223385;0.4;N;0.3728335379846269;0.35327369624365285;0.0
0.3193607519201576;0.0;Y;1.113834361914023;0.22742598567227554;0.6576670522058206
0.12402479710294571;0.0;Y;0.01633188213950187;0.10619135707822758;0.2630668208823282
0.3281696131343944;0.0;Y;1.4871345251026358;0.23315291997376714;0.1315334104411641
0.8116802846402282;0.4;Y;0.6271442741568692;0.5064091478871029;0.2630668208823282
0.5298897443824804;0.0;N;1.7307128815832054;0.32088605692802563;0.39460023132349237
0.03509901758013364;0.0;Y;2.188472206693242;0.14420069126656695;0.2630668208823282
0.43408678986031;0.0;N;0.750799953213097;0.44715136888971924;0.1315334104411641
0.37575172654293953;0.8;Y;0.4297618128708904;0.3910216846074399;0.2630668208823282
0.217043394930155;0.4;N;0.5137543495883281;0.09908803126809189;0.0
0.14725154098039986;0.0;N;0.8170607321790759;0.3294849610697605;0.2630668208823282
0.27905579348162785;0.8;N;0.44422719419444906;0.17722468976458017;0.5261336417646564
0.168034996354926;0.0;N;1.568327310596159;0.19913761229934834;0.39460023132349237
0.4100259792223385;0.4;Y;0.41342993073138856;0.30275481742472926;0.2630668208823282
1.2092417717537207;0.4;Y;1.622455834258508;0.4968747241456648;0.2630668208823282
0.5922184061665658;0.0;Y;1.8030397882009994;0.2603645843503366;0.39460023132349237
0.5891177862389921;0.0;Y;0.6789396717992892;0.3725663732982988;0.6576670522058206
0.15217222480545925;0.0;N;1.4442050063359455;0.21995801381869334;0.1315334104411641
0.134814954450902;0.0;Y;1.41060799164897;0.09461293153260665;0.1315334104411641
0.09886016577075804;0.0;N;1.936961221744914;0.16405812590783114;0.39460023132349237
0.12402479710294571;0.0;N;1.7447116377027785;0.1488113865240374;0.2630668208823282
0.0930185978272093;0.8;Y;0.3942982973679722;0.09908803126809189;0.2630668208823282
0.30100508194892167;0.0;Y;1.4418718803160167;0.2658576201056535;0.1315334104411641
0.27905579348162785;0.4;Y;0.3341036460538084;0.24825802245093279;0.0
0.08411361739521778;0.0;N;2.012554504790608;0.11040906399392682;0.5261336417646564
0.14455710226333837;1.2;N;0.42556218603501855;0.14041311602044343;0.5261336417646564
0.14448888862493176;0.0;N;1.5496623024367284;0.16850182536017236;0.2630668208823282
0.7314920520733187;0.0;N;1.859034812679291;0.22062681747416163;0.39460023132349237
0.7441487826176744;0.4;N;1.0060439397933114;0.2327195065643854;0.0
0.02164232709446403;0.0;N;1.7008488685281167;0.06296405659831242;0.1315334104411641
0.7978515197632498;0.0;Y;0.11152342375259806;0.3319423875045066;0.39460023132349237
0.14299438981984128;0.0;N;1.573926813043988;0.2612389442536548;0.0
0.06201239855147286;0.4;N;0.7330681954616383;0.13948826207510984;0.0
0.4371874097878837;0.4;N;0.7871967191239869;0.7504637091564943;0.2630668208823282
0.16377474457443983;0.4;N;0.6103457668133817;0.13351079677342662;0.7892004626469847
0.5891177862389921;0.0;N;0.9509821657229909;0.2127413934002543;0.1315334104411641
0.0020464091521986043;0.4;N;1.5057995332620666;0.039395197991423554;0.1315334104411641
0.15503099637868215;0.0;Y;0.11665630099644148;0.1488113865240374;0.39460023132349237
0.5261752017092473;1.2;Y;0.7335348206656239;0.4464055189338051;0.1315334104411641
0.2821564134092015;0.4;Y;0.9178517762400016;0.1503030864358658;0.2630668208823282
0.3497189216310312;0.0;Y;1.562261182944344;0.24064908495568285;0.0
0.12402479710294571;0.4;N;0.4054973022636306;0.12394974618856243;0.2630668208823282
0.15503099637868215;0.0;N;1.2085592783231336;0.10619135707822758;0.0
0.13425684286393874;0.0;N;1.9313617192970851;0.35458609382607953;0.0
0.38953088150107673;0.0;Y;0.9925118088777242;0.3743066650004334;0.1315334104411641
0.3407860356196915;0.0;Y;0.19271620924612126;0.2349943489299237;0.2630668208823282
0.4893398369696723;0.0;N;0.3569682810491108;0.20825562801039949;0.39460023132349237
0.391099795184429;0.0;N;1.5589948065164436;0.40578951373454114;0.0
0.22944587464044958;0.0;N;0.4274286868509615;0.28442048297843747;0.5261336417646564
0.14448888862493176;0.0;N;2.1371434342548077;0.10517916410305642;0.2630668208823282
0.6182636135581845;0.4;N;0.8758555078812826;0.39009384726228263;0.1315334104411641
0.07720543619658371;0.4;Y;0.13112168232000015;0.12979221264822516;0.0
0.9206174651756006;0.4;Y;0.6388099042565133;0.7626807314343691;0.0
0.15503099637868215;0.0;N;0.7512665784170831;0.22339638211545784;0.2630668208823282
0.0930185978272093;0.4;N;0.05459514886633452;0.0659391774874586;0.0
0.40618121051214723;0.0;N;1.6359879651740954;0.35019087462087267;0.5261336417646564
0.3640871943754075;0.0;N;1.8604346882912484;0.1458555085637538;0.2630668208823282
0.5891177862389921;0.0;N;1.7008488685281167;0.40832629860459657;0.39460023132349237
0.05674134467459766;0.0;N;1.8044396638129567;0.09141338439172589;0.1315334104411641
0.14262851666838758;0.0;N;1.3312817069713903;0.20847938299717372;0.5261336417646564
0.6750669706313336;0.4;Y;0.8235934850348767;0.37707458877182665;0.39460023132349237
0.8567012859885975;0.4;Y;0.7881299695319586;0.4741676951628348;0.0
0.4928094306686272;0.0;N;1.9360279713369428;0.3934012443067886;0.6576670522058206
0.15472093438592477;0.0;N;1.6523198473135967;0.14856279473373118;0.2630668208823282
0.7081877926976752;0.0;Y;1.5435961747849134;0.4802146736804092;0.1315334104411641
0.5062196118553832;0.0;N;1.3840103550217813;0.25809928886423394;0.1315334104411641
0.6784559482121715;0.0;Y;1.8301040500321737;0.14185820031002724;0.6576670522058206
0.07429085346466448;0.0;N;0.5711492496785776;0.11781378777124744;0.0
0.31365251063349453;0.0;N;0.5398853610115312;0.3312701529392411;0.39460023132349237
0.20414481603144866;0.8;N;0.2743756199436303;0.20914236902298589;1.7099343357351333
0.3436417065729868;0.4;N;0.43349481450277644;0.45024664620676325;0.0
1.2092417717537207;0.0;N;0.9724469251063359;0.8059656861158763;0.9207338730881487
0.7274116362486318;0.0;N;1.4782686462269061;0.4050555973779216;0.0
0.8116802846402282;0.0;N;1.1422984993571546;0.4050555973779216;0.2630668208823282
0.14448888862493176;0.0;N;2.0685495292689002;0.05994865981154689;0.39460023132349237
0.13823183761108815;0.0;N;1.5706604366160877;0.20319130680974204;0.0
0.13425684286393874;0.0;N;1.4838681486747354;0.08798314585948089;0.0
0.19769552658209547;0.8;Y;0.9943783096936673;0.10966918083765993;0.5261336417646564
0.07131425833419379;0.0;N;0.1091902977326692;0.12270663806704021;0.0
1.1596318529125424;0.8;Y;1.2370234157662654;0.4615871456164475;0.0
0.37759349477991827;0.0;N;1.8902987013463373;0.32726844417077466;0.2630668208823282
0.5736146866011239;0.8;Y;0.9131855242001438;0.3026429399313421;0.1315334104411641
0.22041686941135513;0.4;N;1.1129011115060516;0.21956681551681637;0.1315334104411641
0.07751549818934107;0.0;Y;2.207603840056658;0.28969416426171996;0.1315334104411641
0.0020464091521986043;0.0;N;2.130144056195021;0.028036947352788506;0.1315334104411641
1.2092417717537207;0.0;Y;1.1469647513970125;0.42584139145931216;0.2630668208823282
0.20895697815904293;0.0;N;1.3312817069713903;0.16456373759294537;0.0
0.09048849196630919;0.8;N;0.4521598226622072;0.11654293403136524;0.0
0.5271053876875194;0.0;N;1.1805617660839876;0.7454913512554011;0.6576670522058206
0.41548307029486814;0.0;N;1.406874990017084;0.21444618264448737;0.2630668208823282
0.1395527017002345;0.8;N;0.34250289972555215;0.2560646101845;0.1315334104411641
0.7441487826176744;0.0;N;1.8226380467684018;0.7454913512554011;0.1315334104411641
0.4893398369696723;0.0;N;1.725580004339362;0.35726578354768807;1.0522672835293128
0.3410681920331007;0.0;Y;1.3308150817674045;0.1189773882874692;0.5261336417646564
0.17313861675571224;0.0;Y;0.6528086603760865;0.1633306238608324;0.1315334104411641
0.15503099637868215;0.8;N;0.8329259891145921;0.04439239269604873;0.0
0.1224868896188692;0.0;N;1.3508799655387922;0.12271655787145389;0.0
0.926192379805378;0.0;N;1.9710248616358752;0.22989422693138237;0.0
0.45188434824458273;0.0;N;1.2547551735177243;0.3315232944142784;0.0
0.15503099637868215;0.4;N;1.275286682493098;0.17864538476060557;0.2630668208823282
0.18541707166890384;0.8;Y;0.848791246050108;0.12979221264822516;0.7892004626469847
0.14448888862493176;0.0;N;0.6159452692612111;0.16850182536017236;0.1315334104411641
0.06201239855147286;0.0;Y;1.1227002407897528;0.11151888872832716;0.1315334104411641
0.6697339043559069;0.0;N;0.5916807586539511;0.7325200509171103;0.0
0.6355774752337556;0.0;N;0.9001200184885423;0.5341273935537292;0.2630668208823282
0.7441487826176744;0.0;N;1.2043596514872619;1.0355441201759248;0.39460023132349237
0.1364272768132403;0.0;N;0.5622833708028478;0.06160429754368523;0.5261336417646564
0.9766952771856976;0.0;N;1.3961426103254115;0.40364347965638925;0.7892004626469847
0.15503099637868215;0.0;N;0.6990045555706771;0.22339638211545784;0.0
0.5077575193394598;0.0;N;1.630388462726266;0.479637311229536;0.2630668208823282
0.44549086995392584;0.4;N;0.7899964703479015;0.2288828543911627;0.2630668208823282
0.5261752017092473;0.0;Y;0.7321349450536665;0.19111174467874234;0.2630668208823282
0.33236785251632905;0.0;N;1.4806017722468348;0.34927795427483366;0.0
0.3218195435227236;0.4;N;0.7979290988156598;0.2825472808141589;0.2630668208823282
0.3720743913088372;0.0;N;1.839436554111889;0.3874833724165829;0.1315334104411641
0.43408678986031;0.4;N;1.3620789704344505;0.44715136888971924;0.6576670522058206
0.5880387705041965;0.0;N;1.7783086523897538;0.29746226613756205;0.0
0.7645818679403846;0.0;N;1.4572705120475467;0.6375668626346157;0.0
0.8567012859885975;0.0;Y;1.1950271474075462;0.6669440277731865;0.5261336417646564
0.13937286574443525;0.0;N;2.1399431854787228;0.322353665886278;0.0
0.33176013101052465;0.0;N;1.3546129671706784;0.435956161051447;0.2630668208823282
1.3218934949623262;0.0;N;0.7344680710735956;0.3250795983051532;0.0
0.34454088635198316;0.8;Y;1.2603546759655535;0.15020366463674242;0.39460023132349237
0.18305439928409273;0.4;Y;0.4768909584734527;0.15108839185444786;0.6576670522058206
0.20300998913795668;0.8;Y;0.982246054390037;0.0700067448070323;0.2630668208823282
0.30695827220986305;0.0;N;1.281352810144913;0.1803011716627351;0.0
0.8991797789963565;0.4;Y;0.575815501718435;0.55902886227685;0.0
0.8744554356938842;0.0;N;2.0120878795866224;0.5441603434057003;0.1315334104411641
0.3410681920331007;0.0;N;1.0643720902915321;0.22339638211545784;0.1315334104411641
0.2694314692264393;0.0;N;1.7031819945480453;1.0320682356263777;0.0
0.34454088635198316;0.4;N;1.21555865638292;0.07819558064300555;0.1315334104411641
0.27905579348162785;0.0;N;1.5636610585563013;0.1488113865240374;0.0
0.19432205210089537;0.0;Y;1.0699715927393612;0.2254847619920176;0.2630668208823282
0.14448888862493176;0.0;N;1.8660341907390778;0.14035844521867494;0.0
0.6213394285263375;0.0;N;1.5043996576501093;0.3483544428594207;0.1315334104411641
0.49456128092770635;0.0;Y;1.6453204692538104;0.22950422198943485;0.1315334104411641
0.4100259792223385;0.8;N;0.302839757386762;0.2118207907996694;0.2630668208823282
0.3193607519201576;0.4;Y;1.0135099430570833;0.1682019936778949;0.2630668208823282
0.34711440089186935;0.0;N;1.377010976961995;0.3634670038361455;0.0
0.28337805766066554;0.4;Y;0.7573327060688979;0.3777649474910208;0.0
0.3565712916709689;0.0;N;1.8375700532959462;0.26601641156126765;0.0
0.27905579348162785;0.0;Y;0.16938494904683296;0.09287263983047205;0.7892004626469847
0.27905579348162785;0.0;N;1.1408986237451977;0.1861038843197476;0.0
0.37513470317735237;0.4;Y;0.44609369501039214;0.32529686439731104;0.2630668208823282
0.06185736755509418;0.8;Y;0.4073638030795736;0.12374254907080945;0.1315334104411641
0.532314429165843;0.0;Y;1.1670296351684002;0.30076585934729283;0.5261336417646564
0.18541707166890384;0.4;N;0.30517288340669085;0.11533100243800025;0.2630668208823282
0.1665404975498355;0.0;Y;0.9085192721602862;0.23723935729722548;0.0
0.0930185978272093;0.4;N;0.13998756119572978;0.09908803126809189;0.1315334104411641
0.3036127033080111;0.0;Y;0.4946227162249119;0.20087171344684884;0.0
0.3193607519201576;0.0;Y;1.701782118936088;0.2805757010406953;0.1315334104411641
0.687345425544525;0.0;Y;1.751711015762565;0.9596331525328798;0.1315334104411641
0.4030805905845736;0.4;N;0.6742734197594318;0.217180990677838;0.1315334104411641
0.2318767606636673;0.0;N;1.9691583608199321;0.526609225998114;0.1315334104411641
0.08656930837785612;0.0;Y;2.0088215031587224;0.14105454698252964;0.2630668208823282
0.7441487826176744;0.4;N;0.5324193577477587;0.26601641156126765;0.0
0.25325863568421514;0.0;N;0.23797885403274066;0.12396779575749554;0.6576670522058206
0.6376114819062438;0.0;Y;0.40083105022377286;0.43433080482751885;0.2630668208823282
0.1649529801469178;0.0;N;1.5697271862081164;0.13432056607056267;0.39460023132349237
0.3193607519201576;0.4;N;1.147898001804984;0.33676259201459335;0.0
0.7441487826176744;0.8;N;0.9780464275541654;0.3881048891848462;0.7892004626469847
0.21396757996200194;0.0;Y;0.5324193577477587;0.19606843973076138;0.1315334104411641
0.1665404975498355;0.0;N;1.492267402346479;0.1580400117835506;0.0
0.9590217435985278;0.4;N;0.750799953213097;0.3965579050752042;0.0
0.1649529801469178;0.0;N;0.789529845143916;0.3924557303176761;0.2630668208823282
0.4617133134149911;0.0;Y;0.2426451060725982;0.33827860663498455;0.2630668208823282
0.1304492815928783;1.2;N;0.4600924511299651;0.38802038438484115;0.0
0.3410681920331007;0.0;Y;1.3872767314496819;0.17864538476060557;0.1315334104411641
0.34454088635198316;0.8;N;1.046173707336087;0.36099078198251033;0.1315334104411641
0.391099795184429;0.0;Y;0.7326015702576525;0.31694461283599695;0.1315334104411641
0.44338864964303093;0.4;N;1.0886366008987916;0.570216611615563;0.39460023132349237
0.25888005961290617;0.0;Y;2.011621254382637;0.38704003920278746;0.0
0.37759349477991827;0.0;N;1.9705582364318892;0.06107146233518013;0.1315334104411641
0.33579403753629794;0.4;N;0.9351169087874748;0.19571542894662716;0.5261336417646564
0.02164232709446403;0.0;N;1.9346280957249853;0.08407161035068443;0.1315334104411641
0.37139535554469855;0.4;N;0.8809883851251261;0.38683000785520205;0.2630668208823282
0.8567012859885975;0.0;N;1.4479380079678317;0.711430845073654;0.7892004626469847
0.7441487826176744;0.4;Y;0.08352591151345205;0.7454913512554011;0.2630668208823282
0.4832006095130765;0.0;Y;0.7862634687160156;0.1763439155516411;0.2630668208823282
0.13952789674081392;0.0;Y;1.5025331568341662;0.09080081782293355;0.39460023132349237
0.5261752017092473;0.4;N;0.8282597370747343;0.3825820940162883;0.5261336417646564
0.4876530997290722;0.0;Y;0.9019865193044854;0.2768920226934306;0.39460023132349237
0.0395391053164191;0.0;N;0.5534174919271183;0.056206655997729726;0.0
0.33707459356638586;0.4;N;0.6453426571123142;0.4423480951736318;0.0
0.0804300809212603;0.4;N;1.1595636319046283;0.12148612919918222;0.39460023132349237
0.3515916960672857;0.0;N;1.5599280569244152;0.20416009131747898;0.5261336417646564
0.34787715339405245;0.0;N;1.827770924012245;0.4553408014056572;0.39460023132349237
0.14448888862493176;0.0;N;0.22537997352512482;0.26348581724584635;0.0
0.1085216974650775;0.0;N;1.6602524757813548;0.25782019181073085;0.2630668208823282
1.0072301822324428;0.0;Y;1.4675362665352336;0.29346063195409117;0.1315334104411641
0.6768498270896883;0.4;Y;0.44562706980640643;0.39562700974522774;0.0
0.7119023353709084;0.4;N;0.5053550959165843;0.3570526942152833;0.6576670522058206
0.34454088635198316;0.0;Y;0.40829705348754514;0.1803160886618534;0.2630668208823282
0.9765340449494636;0.0;N;0.8091281037113178;0.44030036411966933;0.1315334104411641
0.7891697839660435;0.4;Y;0.29444050371501823;0.39422585601804727;0.2630668208823282
0.24804959420589143;0.0;Y;0.2743756199436303;0.3047618250710988;0.1315334104411641
0.7119023353709084;0.4;N;1.0111768170371547;0.7144639930893701;0.39460023132349237
0.9802175814234212;0.0;Y;1.5557284300885432;0.39840947759076123;0.1315334104411641
0.43408678986031;0.0;Y;1.5515288032526715;0.11151888872832716;1.183800693970477
0.33176013101052465;0.0;N;1.3000178183043436;0.24896411860419676;0.0
0.5891177862389921;0.0;Y;0.3303706444219222;0.31592742266612117;0.1315334104411641
0.17313861675571224;0.0;Y;1.9584259811282594;0.2755220454944074;0.39460023132349237
0.43408678986031;0.0;Y;0.7326015702576525;0.5323913531963433;0.5261336417646564
0.34253788587877065;0.0;Y;0.4726913316375808;0.22428021431321615;0.39460023132349237
0.4617133134149911;0.0;N;0.9019865193044854;0.33827860663498455;0.0
0.30063610817754044;1.2;N;0.44002756735857723;0.22955695358131797;0.1315334104411641
0.27905579348162785;0.0;Y;0.462425577149894;0.2979813777068783;0.39460023132349237
0.747249402545248;0.0;Y;1.7246467539313908;0.15564836931491613;0.39460023132349237
0.3100619927573643;0.0;N;1.4260066233805007;0.32781537594344656;0.0
0.7441487826176744;0.4;N;1.4465381323558741;1.0355441201759248;0.2630668208823282
0.039191835884530846;0.0;Y;0.15118656609138809;0.11221499049218189;0.0
0.43408678986031;0.4;Y;1.2654875532093968;0.3192913551372854;0.0
0.7649756466711866;0.0;N;1.649986721293668;0.42513551906103497;0.39460023132349237
0.8991797789963565;0.0;Y;1.2948849410605003;0.5884703196816206;0.1315334104411641
0.538205607028233;0.4;Y;1.0275086991766567;0.4560518201686303;0.0
0.4589413591997403;0.0;N;1.0088436910172256;0.39249548412032637;0.1315334104411641
0.7410481626901007;0.4;N;1.2309572881144506;0.7425079514317444;0.0
0.1420021914430177;0.0;N;1.9514266030684728;0.1597065389250453;0.0
0.9154611342360456;0.0;N;1.4773353958189346;0.32488634858157583;0.1315334104411641
0.662788515718142;0.0;N;1.4320727510323155;0.4764739378115171;0.0
0.4371874097878837;0.0;N;1.8581015622713197;0.3515893432882118;0.1315334104411641
0.8709052258768124;0.4;Y;0.9360501591954464;0.2708333343315484;0.1315334104411641
0.26704399188220757;0.4;Y;0.3233712663621357;0.2864236867900318;0.1315334104411641
0.7288720282345189;0.0;N;1.6490534708856965;0.4566106109556012;0.1315334104411641
0.1665404975498355;0.0;N;1.5785930650838458;0.11844037631921098;0.1315334104411641
0.4064478638259186;0.0;N;1.4586703876595042;0.30029567553508457;0.5261336417646564
0.43408678986031;0.0;N;1.7988401613651275;0.44715136888971924;0.1315334104411641
0.33579403753629794;0.0;N;1.0956359789585781;0.29375240845684475;0.0
0.6636132806188765;0.0;Y;1.6779842335328141;0.3034409993841703;0.0
0.24804959420589143;0.4;N;0.6112790172213534;0.1914314159698472;0.39460023132349237
0.0930185978272093;0.0;Y;0.2879077508592175;0.07422639093261692;0.1315334104411641
1.7648728627749177;0.8;Y;1.2122922799550195;0.863633984272211;0.0
0.05493058263689466;0.0;N;2.1539419415982954;0.07764887262532043;0.7892004626469847
0.04328465418892806;0.0;N;1.9061639582818535;0.03849048199489963;0.2630668208823282
0.23254649456802323;0.0;N;1.5865256935516039;0.14052417307887907;0.0
0.6969139386410175;0.0;Y;1.4978669047943085;0.605524477263581;1.183800693970477
0.43408678986031;0.0;N;1.9336948453170137;0.55902886227685;0.2630668208823282
0.15503099637868215;0.0;Y;1.1096347350781512;0.17864538476060557;0.2630668208823282
0.07429085346466448;0.0;Y;0.8259266110548057;0.05592823020918695;0.0
0.5484624577486465;0.4;Y;0.38869879492014286;0.25777178614859203;0.2630668208823282
0.13425684286393874;1.2;Y;0.4367611909306768;0.11322367797256025;0.1315334104411641
0.1649529801469178;0.0;N;2.051751021925413;0.26151759379718437;0.1315334104411641
0.6182636135581845;0.0;N;2.0242201348902524;0.578089505410211;0.1315334104411641
0.33504988875368025;0.4;N;0.775064463820357;0.2931557284921134;0.0
0.7481175761249685;0.8;N;0.1801173287385056;0.6243653184149343;0.0
0.4754645627937803;0.4;N;0.8632566273736669;0.4869648395364195;0.0
0.27905579348162785;0.0;Y;0.6980713051627058;0.2127413934002543;0.0
0.43408678986031;0.8;N;0.8123944801392182;0.44715136888971924;0.0
0.27905579348162785;0.0;N;1.3074838215681162;0.2979813777068783;0.0
0.24314441348046995;0.0;N;1.9112968355256972;0.25328199316897526;0.5261336417646564
0.15503099637868215;0.4;Y;0.41902943317921776;0.04936475059714196;0.5261336417646564
0.5100519780858642;0.0;N;1.7904409076933836;0.722701458342469;0.5261336417646564
1.4548108700175533;0.8;Y;0.7498667028051258;0.7600909912174436;0.2630668208823282
0.1649529801469178;0.8;Y;1.1483646270089696;0.23532998141008513;0.1315334104411641
0.25735145398861237;0.0;Y;1.883299323286551;0.27709757894128056;0.0
0.18541707166890384;0.0;N;1.781575028817654;0.34671021663160784;0.1315334104411641
0.5373188297289468;0.8;N;1.054572961007831;0.5464806826185494;0.1315334104411641
0.16377474457443983;0.4;N;0.8375922411544499;0.39009384726228263;0.39460023132349237
0.12402479710294571;0.0;Y;1.1726291376162297;0.1488113865240374;0.2630668208823282
0.628098779968448;0.0;N;1.9364945965409284;0.39600843741268227;0.2630668208823282
0.15472093438592477;0.8;Y;0.8977868924686135;0.24784370280042245;0.2630668208823282
0.8371673804448836;0.0;N;1.1502311278249127;0.7454913512554011;0.1315334104411641
0.2954270666992167;0.0;N;1.2328237889303937;0.1959491037378151;0.0
1.0072301822324428;0.0;N;2.033552638969968;0.4229403334707883;0.1315334104411641
0.3281696131343944;1.2;Y;1.43487250225623;0.2156395425739501;0.0
0.27905579348162785;0.0;N;1.4852680242866927;0.1488113865240374;0.1315334104411641
1.2681783553370405;0.0;Y;0.8086614785073322;0.5205032507490267;0.6576670522058206
0.382256827150989;0.0;N;0.5524842415191467;0.11659417392333654;0.1315334104411641
0.5261752017092473;0.0;N;1.4283397494004293;0.8756494778919978;0.2630668208823282
0.8991797789963565;0.0;Y;0.9729135503103219;0.1488113865240374;0.2630668208823282
0.13332665688566664;0.0;Y;0.7022709319985775;0.19729163365846064;0.1315334104411641
0.1085216974650775;0.0;N;0.1689183238428473;0.08354951538154447;0.1315334104411641
0.24804959420589143;0.0;Y;0.7815972166761579;0.22339638211545784;0.1315334104411641
0.9262853984032052;0.0;N;1.803506413404985;0.451161431177692;0.1315334104411641
0.2821564134092015;0.0;N;1.8128389174847006;0.30096477753053513;0.5261336417646564
0.0930185978272093;0.0;N;0.36863391114875493;0.1189773882874692;0.39460023132349237
0.3720743913088372;0.8;N;0.739134323113453;0.32284301804235327;0.0
0.11472293732022479;0.0;N;0.4913563397970115;0.13986118705306694;0.1315334104411641
0.12402479710294571;0.0;Y;1.3186828264637742;0.09777951210543599;0.2630668208823282
0.31179833991680556;0.0;Y;0.5814150041662643;0.2745119408991128;0.1315334104411641
0.13332665688566664;0.4;N;0.8963870168566562;0.21925273810038085;0.0
0.27905579348162785;0.8;Y;0.8119278549352326;0.2068219552251412;0.2630668208823282
0.34454088635198316;1.2;Y;0.5912141334499654;0.20039108773525774;0.39460023132349237
0.5581115869632557;0.0;Y;0.7717980873924567;0.5244987689628592;0.39460023132349237
0.19432205210089537;0.0;N;0.22677984913708218;0.21645102732598476;0.0
0.20895697815904293;0.0;N;0.14418718803160166;0.36040901901689726;0.0
0.19432205210089537;0.0;N;0.3238378915661215;0.15450542884247317;0.2630668208823282
0.1649529801469178;0.0;N;0.28137499800341687;0.10439184488959337;0.1315334104411641
0.7241807902841001;0.0;N;0.32897076880996495;0.6051721377444073;0.0
0.1457291365959612;0.0;Y;0.3373700224817088;0.10592501405897063;0.39460023132349237
0.31998397652559996;0.0;Y;0.6252777733409262;0.18726412851116775;0.39460023132349237
0.12402479710294571;0.0;N;2.1091459220156614;0.24825802245093279;0.2630668208823282
0.6680719720747275;0.0;N;1.6061239521190063;0.33596602426167693;0.0
0.8318467166491672;0.8;N;0.534285858563702;0.9020679308404523;0.2630668208823282
0.15472093438592477;0.4;Y;0.1605190701711035;0.11133242623934861;0.2630668208823282
0.33176013101052465;0.0;N;1.4960004039783654;0.31129479941994687;0.1315334104411641
0.27905579348162785;0.0;N;1.4694027673511767;0.2127413934002543;0.1315334104411641
0.4100259792223385;0.0;N;1.2323571637264075;0.2118207907996694;0.1315334104411641
0.34454088635198316;0.4;N;1.4171407445047708;0.36099078198251033;0.39460023132349237
0.7441487826176744;0.4;N;0.9127188989961581;0.5323913531963433;0.1315334104411641
0.15503099637868215;0.0;N;0.4376944413386483;0.17864538476060557;0.1315334104411641
0.13332665688566664;0.8;N;0.24871123372441312;0.15776158599500784;0.1315334104411641
0.1649529801469178;0.0;N;2.0867479122243453;0.3138928185713829;0.0
0.2425490944543758;0.0;N;0.8291929874827062;0.14587109682783242;0.2630668208823282
0.3138447490690041;0.0;Y;1.6509199717016398;0.12163171911057667;0.2630668208823282
1.7034805882089594;0.0;N;1.3723447249221374;0.8340983260180087;0.0
0.25034405295229595;0.0;N;0.2622433646400005;0.5636282951999861;0.0
0.5891177862389921;0.0;N;0.4218291844031323;0.42584139145931216;0.39460023132349237
0.04030805905845736;0.0;N;1.217425157198863;0.06090767368486137;0.0
0.2635526938437597;0.4;Y;1.1213003651777953;0.08300109190896077;1.0522672835293128
0.29571852497240864;0.0;N;1.881432822470608;0.3926073616137135;0.5261336417646564
0.43408678986031;0.0;Y;0.3453026509494667;0.2793351288090232;0.5261336417646564
0.0930185978272093;0.8;N;0.6402097798684707;0.1488113865240374;0.2630668208823282
0.4371874097878837;0.0;N;1.3294152061554472;0.3040288037344263;0.5261336417646564
0.47393595716948644;0.0;Y;1.275286682493098;0.12749738150386836;0.1315334104411641
0.5271053876875194;0.0;N;0.8842547615530264;0.3832213620135024;0.6576670522058206
0.13952789674081392;0.8;Y;0.45869257551800774;0.13638052906380213;0.1315334104411641
0.5936756975325254;0.4;Y;0.9682472982704642;0.5005293889296444;0.1315334104411641
0.9977701908334156;0.0;Y;0.661674539251816;0.5888575649787312;0.39460023132349237
0.0918403622547313;0.0;N;1.6691183546570847;0.1734682910466139;0.1315334104411641
0.27905579348162785;0.0;Y;0.44796019582633534;0.1861038843197476;0.0
0.662788515718142;0.0;N;1.0466403325400728;0.3970018349689644;0.1315334104411641
0.12402479710294571;0.0;Y;1.579992940695803;0.10619135707822758;0.0
0.5891177862389921;0.0;Y;1.757310518210394;0.8283635602919798;0.2630668208823282
0.15503099637868215;0.4;N;0.5216869780560862;0.1488113865240374;0.1315334104411641
0.12402479710294571;0.0;Y;0.21604746944540956;0.15502677796165723;0.1315334104411641
0.29970902281919587;0.0;Y;0.524020104076015;0.44160306565266905;0.0
0.06201239855147286;0.0;Y;0.034996890298932444;0.03693389313690669;0.0
0.44892015559382237;0.0;Y;0.29164075249110366;0.2745119408991128;0.0
0.7855730648500582;0.8;Y;0.7284019434217806;0.7916859411999253;0.0
0.8346868845028247;0.8;N;0.8725891314533823;0.29712894579226395;0.7892004626469847
0.6750669706313336;0.4;N;0.462425577149894;0.5657912600721373;0.1315334104411641
0.7842025908420706;0.0;N;1.5561950552925294;0.7840309101773998;0.39460023132349237
0.22621502867591786;0.0;N;1.4675362665352336;0.24713827791211881;0.1315334104411641
0.4039983740831354;0.0;N;1.2314239133184361;0.298612143014595;0.0
0.5934090442187541;0.0;N;0.5669496228427054;0.375147014145762;0.2630668208823282
0.5077575193394598;0.0;N;1.8543685606394336;0.8096344474640226;0.0
0.6145490708849511;0.8;N;0.2547773613762282;0.4433198630811924;0.0
0.16215001973239124;0.0;N;0.5361523593796451;0.10289358149815292;0.0
0.3281696131343944;0.0;Y;1.4586703876595042;0.4110664021726341;0.39460023132349237
0.43408678986031;0.0;Y;0.28417474922733144;0.2793351288090232;0.39460023132349237
0.4743948489187674;0.4;Y;1.2939516906525286;0.12121493815521181;0.1315334104411641
0.13425684286393874;0.0;Y;1.238889916582208;0.198410408592332;0.2630668208823282
0.04737747249332526;0.0;N;0.629944025380784;0.12534194971627188;0.2630668208823282
0.3100619927573643;0.0;N;0.8375922411544499;0.23405137083066135;0.1315334104411641
0.3348669521779534;0.0;N;1.5687939358001446;0.11698843021003279;0.5261336417646564
0.8116802846402282;0.0;N;1.6159230814027075;0.2892229362595734;0.1315334104411641
0.662788515718142;0.0;N;1.2790196841249841;0.4764739378115171;0.1315334104411641
1.519303764511085;0.0;N;1.9262288420532416;0.5323913531963433;0.1315334104411641
0.662788515718142;0.4;N;0.47595770806548116;0.450699227960012;0.0
0.43408678986031;0.8;N;0.4960225918368691;0.22339638211545784;0.1315334104411641
0.43408678986031;0.0;Y;1.5510621780486857;0.3192913551372854;0.2630668208823282
0.4100259792223385;0.0;N;0.9477157892950906;0.30275481742472926;0.39460023132349237
0.7441487826176744;0.0;Y;0.553884117131104;0.35145740243101053;0.2630668208823282
0.3193607519201576;0.0;N;1.9504933526605013;0.2630173488885366;0.1315334104411641
0.662788515718142;0.0;Y;1.9803573657155902;0.34733180798486674;0.1315334104411641
0.2318767606636673;0.0;Y;1.3284819557474754;0.1803160886618534;0.2630668208823282
0.4294730674080804;0.4;Y;0.24124523046064086;0.20103714296707062;0.2630668208823282
0.3281696131343944;0.0;N;0.6280775245648409;0.2156395425739501;0.0
0.3413162416273066;0.8;Y;0.49835571785679794;0.3578880461659073;0.0
0.27905579348162785;0.0;N;0.19784908648996466;0.2979813777068783;0.1315334104411641
0.024711940822761933;0.0;N;0.6756732953713888;0.06665601388008774;0.0
0.5891177862389921;0.0;N;1.045707082132101;0.9941079783651373;0.0
0.5891177862389921;0.0;Y;1.5655275593722444;0.0873884796896305;0.39460023132349237
0.21842007017799772;0.0;Y;1.5613279325363727;0.11963970304832101;0.39460023132349237
0.4743948489187674;0.0;Y;1.79417390932527;0.34699438546481115;0.0
0.16887216373537087;0.0;N;1.3816772290018526;0.0797755146046186;0.2630668208823282
0.0813106569806912;0.0;N;0.2953737541229897;0.060355222622515727;0.9207338730881487
0.07923324162921687;0.4;Y;0.5870145066140934;0.06593626867263053;0.7892004626469847
0.40616880803243693;0.4;Y;0.4194960583832035;0.35018095481645906;0.0
0.2115614988982048;0.8;N;0.6089458912014243;0.22406190403112008;0.2630668208823282
0.9986228613134983;0.0;Y;1.498333529998294;0.6188311117420509;0.9207338730881487
0.3565650904311138;0.0;N;1.3555462175786497;0.23271577731460583;0.2630668208823282
0.19355309835885706;0.0;N;0.9201849022599302;0.10767626975545717;0.0
0.02164232709446403;0.0;N;1.1950271474075462;0.02778477548269391;0.1315334104411641
0.5973995420655414;0.0;N;1.6588526001693975;0.1675993469135162;1.183800693970477
0.34454088635198316;0.0;N;0.6962048043467628;0.2254847619920176;1.9730011566174614
0.06201239855147286;0.0;N;1.9392943477648432;0.06357140221741336;0.1315334104411641
0.20558970491769796;0.4;N;1.002310938161425;0.22729270228515364;0.0
0.3193607519201576;0.0;N;2.002288750302921;0.33676259201459335;0.0
0.07429085346466448;0.4;N;0.3579015314570823;0.06296405659831242;0.39460023132349237
0.22609410449874245;0.0;Y;0.2566438621921712;0.07694784825175668;0.2630668208823282
1.2092417717537207;0.0;Y;0.6556084116000009;0.4968747241456648;0.2630668208823282
0.1649529801469178;0.0;N;1.9313617192970851;0.30375567348057053;0.0
0.315227625556702;0.4;Y;0.34996890298932437;0.22473891203610338;0.1315334104411641
0.6464172425005531;0.0;Y;1.1236334911977242;0.1354358355096412;0.39460023132349237
0.34454088635198316;0.4;Y;1.221624784034735;0.36099078198251033;0.2630668208823282
0.34454088635198316;0.0;Y;0.16845169863886145;0.1803160886618534;0.0
0.3410681920331007;0.0;N;2.036352390193882;0.55902886227685;0.0
0.8353969264662391;0.0;Y;1.2869523125927422;0.8012264063260062;0.0
0.12402479710294571;0.0;Y;0.35370190462121043;0.1861038843197476;0.1315334104411641
0.12402479710294571;0.0;N;0.8809883851251261;0.1861038843197476;0.1315334104411641
0.3640871943754075;0.0;Y;1.7867079060614974;0.3164387028109004;0.5261336417646564
0.13937286574443525;0.0;N;2.088147787836302;0.20456367072862416;0.1315334104411641
0.0930185978272093;0.0;N;0.4815572105133104;0.1488113865240374;0.1315334104411641
0.7666592832918588;0.4;N;0.1861834563903205;0.4793347944874172;0.0
0.36277253152611627;0.0;N;1.253821923109753;0.31538451848321125;0.1315334104411641
0.5298897443824804;0.0;N;1.3107501979960163;0.44938392156275725;0.0
0.687345425544525;0.0;N;1.1301662440535247;0.6908354664860082;0.1315334104411641
0.06185736755509418;0.0;N;2.134810308234879;0.1714737390945081;0.0
0.10938987104479812;0.0;N;1.825437797992316;0.11221499049218189;0.0
0.06815162600806868;0.0;Y;2.1763399513896116;0.1321540957036187;0.0
0.7255450630522325;0.0;N;0.20671496536569428;0.5196053965720973;0.6576670522058206
0.14448888862493176;0.0;N;0.5146875999962998;0.07639614303936693;0.39460023132349237
0.0930185978272093;0.4;Y;0.07419340743373676;0.1488113865240374;0.0
0.08656930837785612;0.0;N;1.3210159524837033;0.09391682976875193;0.0
1.172034332622837;0.4;N;0.4498266966422783;0.4448564631603668;0.0
0.05271053876875193;0.4;Y;0.410630179507474;0.05717842390529035;0.0
0.2821564134092015;0.4;Y;0.4493600714382925;0.16704324118638658;0.5261336417646564
0.21805109640661643;0.0;N;1.6607191009853406;0.21592438267211375;0.2630668208823282
0.5891177862389921;0.0;N;1.6602524757813548;0.4968747241456648;0.6576670522058206
0.15503099637868215;0.0;Y;1.086303474878863;0.08914339005090102;0.1315334104411641
0.3286657123228061;0.0;Y;1.558061556108472;0.3457157748853874;0.0
0.04801309957847786;0.8;N;0.6948049287348054;0.03765736759414346;0.2630668208823282
0.31179833991680556;0.0;N;0.19971558730590785;0.19597752062113544;0.1315334104411641
0.15503099637868215;0.4;N;0.5678828732506771;0.17864538476060557;0.0
0.3720743913088372;0.4;Y;0.9607812950066917;0.32284301804235327;0.39460023132349237
0.13547538649547516;0.0;N;1.9626256079641313;0.17375842667946448;0.0
0.10781165550166313;0.0;Y;0.4936894658169402;0.06642629209366616;0.6576670522058206
0.8362371944666115;0.0;N;1.8086392906488284;0.4168698606796026;0.1315334104411641
0.6747569086385762;0.0;N;1.4540041356196463;0.6059641558125926;0.5261336417646564
0.19181675119941585;1.2;N;0.824993360646834;0.17830729097558967;0.0
0.3441626107208192;0.0;N;1.5967914480392906;0.40985208385941024;0.0
0.7119023353709084;0.0;N;1.8431695557437753;0.8931696425264136;0.39460023132349237
0.7441487826176744;0.0;Y;0.37096703716868384;0.6211830004080351;0.5261336417646564
0.295482877857913;0.0;Y;0.3924317965520291;0.12631319552886336;0.7892004626469847
0.998734483630891;0.4;Y;1.4974002795903225;0.6691082605902626;0.2630668208823282
0.15472093438592477;0.0;N;0.5230868536680435;0.318758594513776;0.2630668208823282
0.7441487826176744;0.0;N;1.2183584076068348;0.6211830004080351;0.5261336417646564
0.20895697815904293;0.0;N;1.4096747412409987;0.3203237606462619;0.1315334104411641
0.0918403622547313;0.0;N;1.8506355590075474;0.2951471478744043;0.1315334104411641
0.05162532179410115;0.0;N;2.2066705896486867;0.1321540957036187;0.0
0.3193607519201576;0.0;Y;1.918762838789469;0.21574470741773402;0.6576670522058206
0.6041805978471448;0.0;N;1.0555062114158023;0.30522805587854074;0.2630668208823282
0.15503099637868215;0.0;N;1.3658119720663369;0.09908803126809189;0.0
0.5077575193394598;0.0;Y;0.9444494128671902;0.1576887910393106;0.39460023132349237
0.3410681920331007;0.0;N;2.0316861381540243;0.2979813777068783;0.0
0.06185736755509418;0.0;N;1.1707626368002864;0.20271597663283789;0.1315334104411641
0.5298897443824804;0.0;N;0.6070793903854813;0.26948692599113205;0.0
0.36423912475185855;0.0;Y;0.9873789316338804;0.27128636359477065;0.1315334104411641
0.18541707166890384;0.4;N;1.3345480833992904;0.22599067201711423;0.5261336417646564
0.27595517355405424;0.0;Y;1.8800329468586505;0.07576425895671642;0.7892004626469847
0.15501859389897182;0.0;N;0.4619589519459082;0.17863345116131094;0.0
0.0918403622547313;0.4;N;0.5034885951006414;0.1734682910466139;0.2630668208823282
0.15068082662029633;0.8;Y;0.6010132627336666;0.08705053507460576;0.6576670522058206
0.23254649456802323;0.8;N;0.713469936894236;0.23444600004233562;0.0
0.27905579348162785;0.0;N;0.641609655480428;0.13049226741684625;0.6576670522058206
0.0930185978272093;0.0;Y;0.624344522932955;0.02947539357776464;0.39460023132349237
0.43408678986031;0.0;Y;1.062038964271603;0.11151888872832716;0.5261336417646564
0.7441487826176744;0.0;N;1.8408364297238466;0.7454913512554011;0.1315334104411641
0.23254649456802323;0.4;Y;1.0746378447792189;0.21096552465522256;0.5261336417646564
0.3281696131343944;0.0;Y;1.3583459688025645;0.2876389001232028;0.1315334104411641
0.31998397652559996;0.0;N;1.9444272250086865;0.2408706023925894;0.1315334104411641
0.34454088635198316;1.2;N;0.55435074233509;0.25774806811999396;0.2630668208823282
0.24978594136533266;0.0;N;1.7531108913745226;0.1347297393563772;0.5261336417646564
0.5143804435047571;0.4;N;0.462425577149894;0.3542144367930474;0.39460023132349237
0.015503099637868214;0.0;N;0.795129347591745;0.03160636148680711;0.1315334104411641
0.1649529801469178;0.0;N;0.09845791804099657;0.23532998141008513;0.1315334104411641
0.17467652423978874;0.4;N;0.3840325428802853;0.24702490871881985;0.0
0.7119023353709084;0.0;N;1.1310994944614965;0.4464055189338051;0.39460023132349237
0.5891177862389921;0.4;Y;0.5902808830419938;0.3311302314875116;0.39460023132349237
0.8709052258768124;0.8;Y;0.9299840315436314;0.8674557194463155;0.39460023132349237
0.06201239855147286;0.8;Y;0.39009867053210023;0.09424440706938944;0.0
0.1649529801469178;0.0;N;2.1464759383345227;0.18819226419630736;0.0
0.1772221332003267;0.4;Y;0.9859790560219235;0.11095040189192935;0.2630668208823282
0.3193607519201576;0.4;N;1.0298418251965853;0.33676259201459335;0.0
0.44445526289811627;0.0;N;1.5865256935516039;0.38088013900188766;0.2630668208823282
0.06201239855147286;0.0;Y;1.7111146230158034;0.12394974618856243;0.1315334104411641
0.7441487826176744;0.8;Y;0.6607412888438444;0.24825802245093279;0.1315334104411641
0.09157370894095997;0.0;Y;0.894987141244699;0.07723723803465138;0.9207338730881487
0.21396757996200194;0.0;N;1.9654253591880457;0.14696167863337017;0.6576670522058206
0.7501763877568774;0.4;Y;0.6640076652717447;0.9392035018054383;0.1315334104411641
0.3410681920331007;0.8;N;0.6696071677195742;0.2979813777068783;0.2630668208823282
0.598419646021713;0.0;N;0.6327437766046986;0.5043332237048068;0.5261336417646564
0.217043394930155;0.0;N;1.492267402346479;0.3136834584887577;0.0
0.662788515718142;0.0;N;1.1786952652680445;0.5956820920753462;0.1315334104411641
0.11472293732022479;0.0;N;1.9817572413275475;0.06223953795113737;0.6576670522058206
0.13937286574443525;0.8;N;0.7661985849446277;0.05087196418805338;0.7892004626469847
0.5407543166086984;1.2;Y;0.8179939825870477;0.45809544904783517;0.0
0.31603998797772626;0.0;Y;0.17638432710661955;0.17726160933739793;0.2630668208823282
0.18846808167763632;0.0;N;1.1754288888401443;0.26361261173835177;0.5261336417646564
0.2080639996199017;0.4;N;0.8585903753338091;0.2126340655915982;0.5261336417646564
0.4100259792223385;0.4;N;0.9243845290958023;0.15119810638296283;0.7892004626469847
0.7441487826176744;0.0;N;1.183828142511888;0.6211830004080351;0.1315334104411641
0.662788515718142;0.0;N;1.0877033504908205;0.6672069398826462;0.1315334104411641
0.10616522632012154;0.0;Y;0.68547242465509;0.0821324004653075;0.0
0.13425684286393874;0.0;N;2.178673077409541;0.14687769592833422;0.0
0.703105876636382;1.2;N;1.0531730853958736;0.504183307863668;0.1315334104411641
0.17313861675571224;0.0;N;1.9490934770485442;0.13994643770302792;0.1315334104411641
0.4893398369696723;0.8;N;0.47549108286149544;0.6584232141218358;0.2630668208823282
0.24160030475653824;0.0;Y;0.8935872656327416;0.18699890426684462;0.0
0.15503099637868215;0.4;N;0.5305528569318156;0.08914339005090102;0.9207338730881487
0.12402479710294571;0.0;N;0.2566438621921712;0.05701448608498041;0.0
0.5113480372155901;0.8;N;0.8800551347171545;0.2067248455608812;0.1315334104411641
0.8433686203000309;0.8;Y;1.217425157198863;0.42030077047680786;0.1315334104411641
0.14858170692932895;0.0;N;1.580926191103775;0.15392575425673666;0.0
0.1697651422745121;0.0;N;1.1469647513970125;0.2096208317697048;0.2630668208823282
0.31365251063349453;0.0;N;1.8786330712466934;0.46023685885626037;0.39460023132349237
0.015503099637868214;0.0;N;1.3709448493101801;0.027610768687979126;0.5261336417646564
0.4816006896304485;0.0;N;1.3079504467721017;0.4928689877874364;0.0
0.5261752017092473;0.0;Y;1.3723447249221374;0.5357583436523268;0.39460023132349237
0.20895697815904293;0.4;Y;0.3719002875766554;0.14394844481147678;0.2630668208823282
0.7855730648500582;0.0;N;0.717202938526122;0.7853495728994561;0.1315334104411641
0.1335995114392931;0.4;Y;0.5524842415191467;0.20803970444816233;0.5261336417646564
1.1472293732022478;0.0;N;1.8305706752361592;0.7997288887845216;0.2630668208823282
0.217043394930155;0.0;Y;0.308905885038577;0.13223695963372076;0.5261336417646564
0.0930185978272093;0.0;N;0.09472491640911053;0.09908803126809189;0.1315334104411641
0.5868078243929498;0.0;N;1.6569860993534546;0.3298954768854957;0.1315334104411641
0.12914702122329738;0.4;N;0.687805550675019;0.10665430614586353;0.39460023132349237
1.1831345519635508;0.0;N;1.6915163644484015;0.43555176120535033;0.2630668208823282
0.13230965354942248;0.0;N;0.824993360646834;0.0869423122460026;0.5261336417646564
0.5013950472480787;0.0;N;1.9476936014365869;0.5119150122616615;0.9207338730881487
0.0930185978272093;0.0;N;0.08352591151345205;0.09908803126809189;0.0
0.3436417065729868;0.0;N;1.9817572413275475;0.36012559603364985;0.0
0.7441487826176744;0.0;N;0.412496680323417;0.358223081966104;0.39460023132349237
0.0930185978272093;0.4;N;0.8744556322693253;0.07422639093261692;0.1315334104411641
0.4100259792223385;0.0;N;0.31450538748640616;0.14109430078517987;0.0
0.9154611342360456;0.0;N;1.5398631731530272;0.5055779726962321;0.0
0.0930185978272093;0.0;N;0.7881299695319586;0.09908803126809189;0.0
0.15503099637868215;0.0;N;1.3485468395188633;0.1488113865240374;0.1315334104411641
0.41548307029486814;0.8;N;0.60614613997751;0.3974280136337737;0.1315334104411641
0.13952789674081392;0.0;N;1.7400453856629208;0.24094578406814554;0.1315334104411641
0.21396757996200194;0.4;N;0.2589769882121001;0.17821144925625465;0.5261336417646564
0.13425684286393874;0.8;N;0.8245267354428484;0.198410408592332;0.0
0.3262968386981399;0.8;N;0.5104879731604277;0.2319353199207372;0.2630668208823282
0.5316943051803282;0.0;N;1.4600702632714615;0.4508308704772308;0.0
0.5891177862389921;0.0;N;1.760110269434309;0.6482065614257231;0.1315334104411641
0.618579876790797;0.0;Y;0.35650165584512516;0.14169329288477459;0.6576670522058206
0.1457291365959612;0.0;N;2.0242201348902524;0.2830643785885942;0.0
0.5445928840790346;0.8;Y;0.332703770441851;0.46117334806090626;0.5261336417646564
0.43408678986031;0.0;N;1.2192916580148063;0.44715136888971924;0.1315334104411641
0.4555988909178159;0.0;N;1.257088299537653;0.16685879249228897;0.7892004626469847
0.13952789674081392;0.0;N;1.9803573657155902;0.24094578406814554;0.2630668208823282
0.7596518822555425;0.8;N;0.7120700612822787;0.4751207422365019;0.9207338730881487
0.4359223568574336;0.8;Y;0.8371256159504639;0.24923926265293353;0.5261336417646564
0.33176013101052465;0.0;Y;0.8347924899305352;0.34869320790939695;0.39460023132349237
0.5261752017092473;0.0;N;1.6672518538411414;0.582377173051775;0.39460023132349237
0.4100259792223385;0.4;N;1.127833118033596;0.35327369624365285;0.1315334104411641
0.3503700518158217;0.0;N;1.7745756507578676;0.30543987726602034;0.0
0.22609720511867004;0.4;Y;1.2010932750593615;0.08799261815392098;0.0
0.43408678986031;0.0;N;1.9481602266405726;0.55902886227685;0.39460023132349237
0.4893398369696723;0.4;N;0.739134323113453;0.35726578354768807;0.0
0.8567012859885975;0.0;Y;0.7256021921978658;0.355536157499923;0.0
0.24804959420589143;0.0;N;0.21184784260953768;0.11151888872832716;0.0
0.27905579348162785;0.0;Y;0.44889344623430677;0.17722468976458017;0.1315334104411641
0.625953150978567;0.0;N;1.6616523513933124;0.37590494687096204;0.1315334104411641
0.10938987104479812;0.0;N;0.8455248696222076;0.08407161035068443;0.2630668208823282
0.7627525021831162;0.8;N;0.6047462643655526;0.4769853671262875;0.5261336417646564
0.5077575193394598;0.4;N;1.3644120964543796;0.323638616190327;0.0
0.1860371956544186;0.0;Y;1.0335748268284715;0.1156625327434041;0.5261336417646564
0.14448888862493176;0.0;Y;0.5944805098778657;0.09345276192618211;0.1315334104411641
0.2601110057241529;0.0;N;0.500222218672741;0.1396971000627658;0.1315334104411641
0.5891177862389921;0.0;Y;1.0919029773266922;0.42584139145931216;0.6576670522058206
0.20558970491769796;0.0;N;1.1992267742434184;0.379060265109457;0.2630668208823282
0.15503099637868215;0.0;N;0.2090480913856231;0.08914339005090102;0.39460023132349237
0.5467106074895675;0.4;N;1.3578793435985788;0.46287142465553616;0.0
0.15472093438592477;0.0;N;1.885165824102494;0.22302345713750074;0.0
0.43408678986031;0.0;Y;1.3616123452304647;0.23767858833626335;0.0
0.43408678986031;0.0;N;0.8431917436022789;0.5081754697526989;0.1315334104411641
0.17554469781950935;0.0;N;1.7918407833053407;0.1416000616402853;0.2630668208823282
0.0930185978272093;1.2;N;0.6962048043467628;0.1189773882874692;0.1315334104411641
0.45889174928089915;0.0;N;1.1455648757850552;0.29425212792730726;0.39460023132349237
0.06201239855147286;0.0;Y;0.5436183626434172;0.04351490022291567;0.2630668208823282
0.3720743913088372;0.4;N;0.5375522349916024;0.32284301804235327;0.0
1.1335835449009963;0.0;Y;1.494600528366408;0.3998421061860813;0.2630668208823282
0.33707459356638586;0.0;N;2.0008888746909643;0.22099474525741408;0.1315334104411641
0.48620821084282295;0.4;N;1.21555865638292;0.35511348432990647;0.1315334104411641
0.360912159569572;0.0;N;1.9976224982630637;0.6281443163865648;0.0
0.15503099637868215;0.8;Y;0.8865878875729551;0.1488113865240374;0.1315334104411641
0.1085216974650775;0.0;N;1.5935250716113905;0.06676789137347486;0.2630668208823282
0.7007587073512087;0.0;Y;1.000444437345482;0.20672969358559462;0.0
0.5150315736895474;0.0;Y;1.8991645802220671;0.29152731428336587;0.1315334104411641
0.27905579348162785;0.0;Y;0.3313038948298938;0.12394974618856243;0.1315334104411641
0.43408678986031;0.0;Y;1.6504533464976536;0.12394974618856243;1.0522672835293128
0.5271053876875194;0.8;Y;0.8842547615530264;0.14246375588923396;0.39460023132349237
0.25888005961290617;0.0;Y;1.2790196841249841;0.13910489519776995;0.0
0.43408678986031;0.0;N;1.5137321617298245;0.13126198457134972;0.0
0.18449928817034203;0.8;N;0.9295174063396456;0.20699961668463995;0.2630668208823282
0.01857271336616612;0.4;N;0.4974224674488264;0.05927209931653711;0.0
0.1085216974650775;0.4;N;0.24451160688854123;0.3725663732982988;0.39460023132349237
0.004092818304397209;0.8;Y;0.4740912072495381;0.041856502845940426;0.0
0.6511301847904649;0.0;N;0.6556084116000009;0.2979813777068783;0.2630668208823282
0.6831905948415765;0.4;N;0.8781886339012114;0.8586367895675859;0.0
0.878005645510956;0.0;Y;1.2146254059749486;0.436964550191843;0.0
0.46509298913604646;0.4;N;0.2977068801429186;0.23831338123374196;0.1315334104411641
0.43702617755164985;0.0;N;1.4964670291823512;0.32131156432787467;0.1315334104411641
0.6182636135581845;0.0;Y;0.998577936529539;0.31200335687806535;0.6576670522058206
0.4893398369696723;0.0;N;1.7997734117730988;0.5685893161817495;0.0
0.9022803989239301;0.4;N;0.6486090335402145;0.3450272807910831;0.1315334104411641
0.4893398369696723;0.0;N;1.299551193100358;0.26040918617770026;0.1315334104411641
0.2954270666992167;0.4;N;0.33363702084982255;0.28008097876493737;0.0
0.10542107753750386;0.4;N;1.2533552979057672;0.21842402421436463;0.0
0.5298897443824804;0.8;N;0.7438005751533108;0.2994697958789007;0.2630668208823282
0.14448888862493176;1.2;Y;0.5795485033503213;0.16850182536017236;0.39460023132349237
0.217043394930155;0.0;N;0.8226602346269053;0.23831338123374196;0.39460023132349237
0.27429324127287474;0.4;Y;0.9635810462306064;0.12204037030142206;0.2630668208823282
0.24978594136533266;0.4;N;0.40876367869153085;0.16850182536017236;0.1315334104411641
0.8176427767609523;0.0;Y;1.3210159524837033;0.33987703767550426;0.39460023132349237
0.15503099637868215;0.0;N;1.9794241153076189;0.22339638211545784;0.39460023132349237
0.8584159288085457;0.0;Y;1.1637632587405;0.35622353281929353;0.0
0.06201239855147286;0.4;N;0.12365567905622789;0.1488113865240374;0.0
0.028488495894546634;0.0;N;0.799328974427617;0.14275508488201405;0.0
0.28820882350782523;0.0;N;1.7447116377027785;0.2555971860171286;0.2630668208823282
0.4100259792223385;0.0;Y;0.34296952492953797;0.30275481742472926;0.2630668208823282
0.5445928840790346;0.4;N;0.7120700612822787;0.3073293389593379;0.39460023132349237
0.09884776329104773;0.0;N;0.462425577149894;0.12458617995594401;0.2630668208823282
0.3262968386981399;0.4;Y;0.8931206404287559;0.28613728040696074;0.2630668208823282
0.5077575193394598;0.0;N;0.3065727590186482;0.19902431769104498;0.0
0.31389745960777293;0.0;Y;0.9108523981802151;0.2070566742062674;0.1315334104411641
0.030054308957971322;0.0;N;2.1553418172102528;0.07308151125028861;0.0
0.004092818304397209;0.0;N;0.9934450592856956;0.06218233125951875;0.5261336417646564
0.1224868896188692;0.4;N;0.08305928630946637;0.12271655787145389;0.2630668208823282
0.9827817941035245;0.0;N;0.8053951020794318;0.6093047431801367;0.39460023132349237
0.26975393369890693;0.0;Y;0.21418096862946653;0.24079952289179077;0.0
0.4100259792223385;0.8;Y;0.4222958096071181;0.35327369624365285;0.5261336417646564
0.8836766793584881;0.4;N;0.53008623172783;0.7330604937951658;0.39460023132349237
0.0930185978272093;0.4;N;0.6784730465953035;0.0225906018047118;0.0
0.07462882103677002;0.0;N;2.0858146618163733;0.21139438837987326;0.0
0.27905579348162785;0.0;Y;0.7909297207558732;0.3725663732982988;0.39460023132349237
0.8622420937991716;0.0;N;0.04012976754277584;0.2861342970071371;0.39460023132349237
0.5261752017092473;0.8;N;0.9673140478624925;0.3825820940162883;0.6576670522058206
0.4402880297154573;0.0;N;1.9406942233768;0.19853474177998287;0.39460023132349237
0.07429085346466448;0.0;Y;0.3359701468697514;0.10095765335258201;0.0
0.31179833991680556;0.4;N;1.0275086991766567;0.18288845057480588;0.1315334104411641
0.4030805905845736;0.0;N;1.3634788460464078;0.2194708246274902;0.39460023132349237
0.07751549818934107;0.0;N;0.05132877243843431;0.1040603891691851;0.1315334104411641
0.07315602657117252;0.0;Y;0.49835571785679794;0.049753562179160035;0.1315334104411641
0.46819360906362006;0.0;N;1.4059417396091127;0.3427323750617306;0.9207338730881487
0.12402479710294571;0.0;N;0.37143366237266967;0.24825802245093279;0.0
0.23254649456802323;0.4;N;1.1646965091484716;0.21096552465522256;0.1315334104411641
0.12049009038551177;0.0;Y;1.1968936482234893;0.1454103107250686;0.0
0.3968793507294263;0.0;N;0.9477157892950906;0.3427323750617306;0.39460023132349237
0.8673550160597406;0.0;Y;1.0886366008987916;0.43184056099471246;0.1315334104411641
0.18770532917545318;1.2;Y;0.7871967191239869;0.21008445210230112;0.0
0.30695827220986305;0.0;N;1.6238557098704651;0.3123217602242451;0.1315334104411641
0.13332665688566664;0.0;Y;0.06579415376199299;0.10944706672078867;0.39460023132349237
0.24804959420589143;0.0;N;1.7493778897426364;0.1674576354218925;0.0
0.3217203236850412;0.4;N;0.5053550959165843;0.2420639623220521;0.39460023132349237
0.37728343278716087;0.0;N;1.1394987481332404;0.39249548412032637;0.2630668208823282
0.279294541216051;0.0;N;1.1236334911977242;0.3728535255313258;0.0
0.23295267577853535;0.0;N;0.9173851510360155;0.1810555243081467;0.1315334104411641
0.12712541703051936;0.0;N;0.9225180282798593;0.12643588784661125;0.39460023132349237
0.27905579348162785;0.0;Y;0.4666252039857659;0.24825802245093279;0.5261336417646564
0.37575172654293953;0.0;Y;0.6845391742471185;0.10835812578515393;0.39460023132349237
0.025183235051753128;0.4;N;0.8562572493138805;0.04469572987311904;0.39460023132349237
0.24323743207829715;0.0;Y;1.5781264398798602;0.16456373759294537;0.2630668208823282
1.519303764511085;0.0;Y;0.5996133871217092;0.6211830004080351;0.1315334104411641
0.7241807902841001;0.0;N;1.551995428456657;0.5186677140075219;0.0
0.06201239855147286;1.2;N;0.24171185566462672;0.10619135707822758;0.0
0.5934090442187541;0.0;N;1.517465163361711;0.375147014145762;0.39460023132349237
0.27905579348162785;0.0;N;0.07232690661779374;0.1861038843197476;0.0
0.40616880803243693;0.0;N;1.8702338175749496;0.20996511610935487;0.39460023132349237
0.1665404975498355;0.0;N;1.8347703020720314;0.20624832202404758;0.2630668208823282
0.0930185978272093;0.0;Y;1.2673540540253398;0.07422639093261692;0.2630668208823282
0.12402479710294571;0.8;N;0.46102570153793665;0.12394974618856243;0.0
0.8991797789963565;0.0;Y;0.13998756119572978;0.4968747241456648;0.0
0.27905579348162785;0.8;N;0.5669496228427054;0.2979813777068783;0.39460023132349237
0.07429085346466448;0.4;N;0.4194960583832035;0.08407161035068443;0.0
0.5261752017092473;0.0;N;1.9056973330778677;0.6697875807301092;0.2630668208823282
0.36040055728152237;0.0;Y;1.4670696413312478;0.47040324126534455;0.2630668208823282
0.039191835884530846;0.0;N;0.9859790560219235;0.041856502845940426;0.0
0.2821564134092015;0.0;N;1.399408986753312;0.10725687832524662;0.6576670522058206
0.5633206284415795;0.8;N;0.6313439009927413;0.3758638505383911;0.2630668208823282
0.4026154975954375;0.0;N;1.6345880895621379;0.29766170641577344;0.1315334104411641
0.5922184061665658;0.0;N;1.7335126328071202;0.7492206010349721;0.1315334104411641
0.12402479710294571;0.0;Y;0.17638432710661955;0.06506683137902135;0.1315334104411641
1.1831345519635508;0.4;Y;0.45495957388612174;0.729791209683407;0.0
0.5054010481945037;0.0;N;1.8086392906488284;0.42974822811338637;0.39460023132349237
0.4832006095130765;0.0;Y;0.5893476326340223;0.18993643431821275;0.0
0.23254649456802323;0.4;Y;1.1119678610980799;0.11490914970293518;0.1315334104411641
0.13230965354942248;0.0;N;0.9043196453244144;0.13059273340590788;0.2630668208823282
0.17467652423978874;0.0;N;1.2850858117767991;0.2352447307601241;0.1315334104411641
0.5612122068908294;0.0;N;0.8609235013537382;0.4744992254682386;0.2630668208823282
0.12402479710294571;0.0;N;1.839436554111889;0.08251360437777523;0.39460023132349237
0.3281696131343944;0.0;Y;1.7918407833053407;0.24649639944005905;0.2630668208823282
0.5261752017092473;0.4;N;0.6374100286445561;0.4464055189338051;0.2630668208823282
0.5257163099599663;0.8;N;0.6472091579282571;0.5353168004784256;0.1315334104411641
0.43408678986031;0.4;N;0.624344522932955;0.22339638211545784;0.2630668208823282
0.4000047756164205;0.8;N;0.8352591151345208;0.20699961668463995;0.39460023132349237
0.5261752017092473;0.0;N;1.8944983281822096;0.8931696425264136;0.7892004626469847
0.07145688685086217;0.0;N;1.7391121352549497;0.07914900064165067;0.5261336417646564
0.475430455974577;0.0;Y;1.0522398349879019;0.3041980370894232;0.39460023132349237
0.14448888862493176;0.0;N;0.3630344087009259;0.16850182536017236;0.0
0.27905579348162785;0.8;Y;1.2309572881144506;0.12394974618856243;0.5261336417646564
0.15472093438592477;0.0;N;0.8585903753338091;0.3433060828478198;0.0
0.42588254953195015;0.0;Y;1.5818594415117462;0.5491612673601051;0.1315334104411641
0.27905579348162785;0.0;N;0.524020104076015;0.17722468976458017;0.39460023132349237
0.0918403622547313;0.0;N;0.5310194821358016;0.16381124957242355;0.0
0.38204598499591397;0.0;N;0.9444494128671902;0.19835969079532983;0.0
0.6182636135581845;0.0;Y;1.1833615173079022;0.34671021663160784;1.4468675148528052
0.5674134467459767;0.4;N;0.24777798331644163;0.5754375613069624;0.1315334104411641
0.5261752017092473;0.0;N;1.2118256547510338;0.36188259477479695;0.1315334104411641
0.31179833991680556;0.0;Y;0.11245667416056958;0.16456373759294537;0.1315334104411641
0.659318922019187;0.0;Y;1.3858768558377246;0.47408930633246815;0.1315334104411641
0.4832006095130765;0.0;Y;0.5473513642753032;0.24702490871881985;0.1315334104411641
0.3332360260960497;0.0;N;2.0461515194775837;0.23644674254907544;0.1315334104411641
0.7131425833419378;0.0;Y;1.4507377591917459;0.5110813757659362;0.0
0.5891177862389921;0.4;Y;1.0130433178530978;0.4968747241456648;0.5261336417646564
0.07429085346466448;0.4;Y;0.45122657225423546;0.14035844521867494;0.0
1.1831345519635508;0.0;N;0.46895833000569476;0.4864079133743384;0.39460023132349237
0.0930185978272093;0.0;N;0.0746600326377226;0.1488113865240374;0.1315334104411641
0.2694314692264393;1.2;Y;0.5576171187629904;0.2405410112970709;0.2630668208823282
0.5814282488186095;0.0;N;1.164229883944486;0.44606653012884206;0.39460023132349237
0.7751549818934108;0.4;Y;0.42602881123900416;0.2979813777068783;0.2630668208823282
0.2058811631908899;0.4;N;0.6579415376199299;0.1895845423090124;0.0
0.7119023353709084;0.0;N;0.5664829976387198;0.4464055189338051;0.2630668208823282
0.6225920789770771;0.0;N;1.0499067089679732;0.31408576995497783;0.6576670522058206
0.6750669706313336;0.4;Y;1.22769091168655;0.3084504260280725;0.5261336417646564
0.5814282488186095;0.0;N;0.8501911216620655;0.3679421035716307;0.39460023132349237
0.34044806804758604;0.8;N;1.0578393374357313;0.2255422670236186;0.0
0.804939536917683;0.0;N;1.9710248616358752;0.2007270185554015;0.2630668208823282
0.17313861675571224;0.0;Y;1.5888588195715325;0.3270197777954728;0.0
0.18541707166890384;0.8;N;0.5464181138673319;0.17317584327889993;0.1315334104411641
0.15503099637868215;0.0;Y;0.23564572801281178;0.06848908931673808;0.1315334104411641
0.14448888862493176;0.0;Y;0.35183540380526745;0.07639614303936693;0.1315334104411641
0.7032764107323985;0.0;N;1.4423385055200022;0.4412181324904218;0.5261336417646564
0.19355309835885706;0.0;N;0.7382010727054816;0.2697285813768482;0.0
0.5261752017092473;0.4;Y;1.0769709707991475;0.3825820940162883;0.0
0.0930185978272093;0.0;N;0.23611235321679747;0.09908803126809189;0.2630668208823282
0.5580402727049215;0.0;Y;1.143698374969112;0.8852309647656539;0.39460023132349237
0.7253218184174471;0.0;N;1.714380999443704;0.47466405830849573;0.7892004626469847
0.13874033927921023;0.0;N;0.49042308938903983;0.08130599871415455;0.1315334104411641
0.12712541703051936;0.0;N;1.1259666172176532;0.25323038035202605;0.0
0.0918403622547313;0.0;N;2.14787581394648;0.09814333771393095;0.0
1.0219643281282726;0.0;Y;1.60565732691502;0.7911746610551461;0.39460023132349237
0.878005645510956;1.2;Y;1.000444437345482;0.5906186658946359;0.39460023132349237
0.12533945995223694;1.2;N;0.6784730465953035;0.3130475468163453;0.1315334104411641
0.5725945826449522;0.4;N;0.8982535176725993;0.32229772713958443;0.0
0.13952789674081392;0.0;N;2.0386855162138113;0.40985887109400904;0.0
0.4709221545998849;0.8;N;0.7204693149540224;0.2679484612870678;0.6576670522058206
0.1334754866421902;0.0;Y;1.0947027285506068;0.0938458248529489;0.0
0.5891177862389921;0.0;Y;0.9789796779621366;0.2127413934002543;0.5261336417646564
0.8744554356938842;0.0;Y;1.2743534320851266;0.33473000171473594;0.2630668208823282
0.43408678986031;0.4;N;0.3854324184922425;0.4860652699045914;0.0
0.29455889311949607;0.0;N;1.9028975818539533;0.19542700876867514;0.0
0.9590217435985278;0.4;N;0.8473913704381507;0.7934743402242164;0.0
0.07131425833419379;0.0;N;0.1418540620116728;0.08168489049175898;0.6576670522058206
0.4928094306686272;1.2;Y;0.8217269842189336;0.22873801032972418;0.2630668208823282
0.27905579348162785;0.0;N;1.6201227082385792;0.3725663732982988;0.0
0.27429324127287474;0.0;N;1.4614701388834186;0.2933988755777414;0.6576670522058206
0.30695827220986305;0.0;N;1.6779842335328141;0.3123217602242451;0.1315334104411641
0.7100419634143642;0.0;N;1.7983735361611417;0.7746767583703063;0.0
0.27905579348162785;0.8;Y;0.3397031485016376;0.1861038843197476;0.1315334104411641
0.6957605080279601;0.0;Y;1.2939516906525286;0.2910126778137851;0.2630668208823282
0.5891177862389921;0.0;N;1.0811705976350197;0.42584139145931216;0.0
0.49609918841178285;0.0;Y;1.125499992013667;0.180776352669648;0.0
0.07803640233717345;0.0;N;1.5589948065164436;0.16357921565113862;0.0
0.43408678986031;0.0;N;1.3728113501261232;0.3725663732982988;0.0
0.19807690283318702;0.0;N;1.8301040500321737;0.36701225243159247;0.0
0.5891177862389921;1.2;N;0.2879077508592175;0.5963213600725602;0.1315334104411641
0.34454088635198316;0.0;Y;0.3196382647302497;0.1803160886618534;0.2630668208823282
0.4100259792223385;0.0;Y;0.43862769174661986;0.15119810638296283;0.39460023132349237
0.5891177862389921;0.0;N;0.4521598226622072;0.2127413934002543;0.0
0.7790493605224432;0.0;Y;1.814238793096658;0.2288858377909864;0.39460023132349237
0.2318767606636673;0.0;N;1.4143409932808564;0.2525859659901161;0.0
0.13547538649547516;0.8;N;0.8324593639106062;0.2666208483655405;0.0
0.12402479710294571;0.0;N;2.0643499024330283;0.1488113865240374;0.0
0.529433953253127;0.4;N;0.5412852366234885;0.22432996250527565;0.0
0.3441626107208192;0.4;N;1.1651631343524573;0.30046259675521814;0.2630668208823282
0.4371874097878837;0.4;N;0.33503689646177987;0.7504637091564943;0.1315334104411641
0.039191835884530846;0.0;Y;1.760110269434309;0.09345276192618211;0.0
0.13952789674081392;0.0;Y;1.6289885871143086;0.16372838564232148;0.0
0.2425490944543758;0.0;N;1.3872767314496819;0.26285482818314293;0.1315334104411641
0.45188434824458273;0.0;Y;1.5337970455012122;0.3315232944142784;0.39460023132349237
0.2821564134092015;0.0;N;0.133454808339929;0.30096477753053513;0.0
0.7441487826176744;0.0;N;1.5655275593722444;0.5323913531963433;0.2630668208823282
0.19749708690673073;0.0;N;0.5095547227524562;0.0912516841212837;0.39460023132349237
0.8154630409518681;0.0;Y;1.2267576612785784;0.31289837682516247;0.1315334104411641
0.7119023353709084;1.2;Y;0.6948049287348054;0.22302345713750074;0.39460023132349237
0.310303841111715;0.0;N;1.9798907405116046;0.32804808112969175;0.1315334104411641
0.34454088635198316;0.8;N;0.6719402937395028;0.3222747549609422;0.2630668208823282
0.12402479710294571;0.8;N;0.412496680323417;0.06179553347238164;0.39460023132349237
0.12402479710294571;0.0;Y;0.4661585787817801;0.06179553347238164;0.2630668208823282
0.8567012859885975;0.0;N;1.0186428203009268;0.3281595856981009;0.0
0.36807459160226713;0.0;N;1.4600702632714615;0.3196358632319222;0.6576670522058206
0.15503099637868215;0.0;N;1.7843747800415688;0.22339638211545784;0.2630668208823282
1.7034805882089594;0.8;N;0.5916807586539511;0.8340983260180087;0.1315334104411641
0.23254649456802323;0.0;Y;1.0989023553864785;0.12643588784661125;0.0
0.06201239855147286;0.8;Y;0.4815572105133104;0.07422639093261692;0.5261336417646564
0.328070393296712;0.0;N;0.5296196065238443;0.24642822875408849;0.0
0.7364592451972917;0.4;N;0.952848666538934;0.46117334806090626;0.2630668208823282
0.8346868845028247;0.0;N;1.335014708603276;0.5946165708283271;0.39460023132349237
0.37016440943345175;0.0;N;1.6896498636324584;0.45917021883430753;0.1315334104411641
0.9022803989239301;0.0;Y;0.9337170331755174;0.4486430688015477;0.5261336417646564
0.1860371956544186;0.0;Y;1.133899245685411;0.07422639093261692;0.2630668208823282
0.4630403787439927;0.8;Y;0.7829970922881151;0.14819419568551837;0.0
0.040828963206289724;0.0;N;2.033552638969968;0.07818618293356103;0.0
0.18541707166890384;0.0;N;0.3303706444219222;0.5202446645693114;0.1315334104411641
0.8886593755820991;0.0;Y;1.0373078284603574;0.368348591797604;0.1315334104411641
0.2844539727755336;0.0;N;1.796040410141213;0.3790589971645319;1.0522672835293128
0.3705612887841812;0.0;Y;0.9290507811356596;0.32162981850406325;0.1315334104411641
0.14448888862493176;0.4;Y;1.0088436910172256;0.12025599886689292;0.1315334104411641
0.5261752017092473;0.0;Y;0.29910675575487594;0.4464055189338051;0.2630668208823282
0.5445928840790346;0.8;N;0.424628935627047;0.34579035988097884;0.1315334104411641
1.0072301822324428;0.0;Y;0.9052528957323857;0.31182435288864596;0.39460023132349237
0.07751549818934107;0.0;Y;0.29444050371501823;0.1040603891691851;0.1315334104411641
0.1085216974650775;0.0;Y;1.4278731241964437;0.1970722791864263;0.2630668208823282
0.15472093438592477;0.8;N;0.7904630955518872;0.21238621965124793;0.0
0.4147389215122505;0.0;Y;1.6005244496711768;0.6697875807301092;0.39460023132349237
0.13243367834652545;0.8;N;0.7545329548449835;0.17057722744749926;0.1315334104411641
0.13952789674081392;0.0;N;0.24871123372441312;0.11051094709790468;0.39460023132349237
0.47183993809844665;0.0;N;1.335014708603276;0.37763815299851533;0.2630668208823282
0.5261752017092473;0.0;N;1.703648619752031;0.5357583436523268;0.39460023132349237
0.4893398369696723;0.0;N;1.9635588583721026;0.24997847454424008;0.0
0.0930185978272093;0.0;N;1.4787352714308921;0.24825802245093279;0.0
0.9383716148808874;0.0;N;1.6947827408763017;0.6658771639962467;0.0
0.2883576532643488;0.8;Y;0.6252777733409262;0.19169775898910416;0.7892004626469847
0.12402479710294571;0.0;Y;0.976646551942208;0.1861038843197476;0.2630668208823282
0.5395078673978139;0.0;Y;0.821260359014948;0.22836874001655105;0.0
0.0930185978272093;0.0;N;0.011665630099644147;0.1189773882874692;0.0
0.4199603654702845;0.0;N;1.4941339031624223;0.38706785940614313;0.2630668208823282
0.03100619927573643;0.0;N;1.9910897454072631;0.09908803126809189;0.0
0.4709221545998849;0.0;N;1.2416896678061229;0.3446076656058857;0.0
0.17467652423978874;0.0;N;0.4288285624629189;0.12650472979754213;0.2630668208823282
0.5261752017092473;0.0;Y;1.4460715071518886;0.4464055189338051;0.2630668208823282
0.1690582009310253;0.0;N;1.6485868456817105;0.10203548112387363;0.1315334104411641
0.7119023353709084;0.4;N;1.2370234157662654;0.4464055189338051;0.1315334104411641
0.34454088635198316;0.0;N;1.0331082016244857;0.30076585934729283;0.0
0.5261752017092473;0.0;N;1.75777714341438;0.5357583436523268;0.0
0.21396757996200194;0.0;N;1.6345880895621379;0.39249548412032637;0.0
0.7119023353709084;0.4;N;1.0933028529386495;0.9924505505931049;0.0
0.3640871943754075;0.4;N;0.34996890298932437;0.37979813447084293;0.1315334104411641
0.2015402952922868;0.8;Y;0.9024531445084709;0.11151888872832716;0.2630668208823282
0.32703478624090243;0.0;N;1.7549773921904652;0.344146506578144;0.1315334104411641
0.27905579348162785;0.0;N;0.46522532837380853;0.1861038843197476;0.5261336417646564
0.24804959420589143;0.0;N;0.8515909972740227;0.2681473794703101;0.39460023132349237
0.07476214769365568;0.0;Y;1.5636610585563013;0.08444953252334615;0.0
0.1860371956544186;0.4;Y;1.5505955528447;0.217180990677838;0.0
0.27905579348162785;0.0;N;1.4843347738787211;0.3725663732982988;0.0
1.0342427830414644;0.4;Y;0.10079104406092543;0.4234517627855586;0.2630668208823282
0.4199603654702845;0.0;N;1.7951071597332413;0.13524064657617843;0.1315334104411641
0.08482055873870457;0.0;N;1.4899342763265504;0.09251463185163322;0.1315334104411641
0.216854257114573;0.8;N;0.4666252039857659;0.11888639459284768;0.2630668208823282
0.37728343278716087;0.0;N;1.3266154549315323;0.3270197777954728;0.2630668208823282
0.04248469424761405;0.0;N;0.8333926143185778;0.07035393796151036;0.0
0.06821363840662015;0.4;N;0.5305528569318156;0.07919874883371016;0.39460023132349237
0.2318767606636673;0.4;N;1.2906853142246284;0.15773175199677128;0.39460023132349237
0.7007401036316434;0.0;N;1.3984757363453402;0.7037237537242055;0.0
0.43408678986031;0.0;Y;0.37143366237266967;0.2030550400227965;0.1315334104411641
0.31179833991680556;0.0;N;1.849702308599576;0.4119472509705688;0.1315334104411641
0.43408678986031;0.0;N;1.3392143354391484;0.55902886227685;0.0
0.059891574521012486;0.0;Y;1.102635357018365;0.08710274457151974;0.0
0.5447479150754133;0.0;Y;1.9822238665315333;0.4612976812485572;0.2630668208823282
0.13751869502774622;0.0;Y;0.3196382647302497;0.13476949315902742;0.1315334104411641
1.2261091441597212;0.0;N;1.3378144598271908;0.4316376898067038;0.0
0.14448888862493176;0.0;Y;1.375144476146052;0.0699998829874379;0.2630668208823282
0.27905579348162785;0.4;Y;0.4274286868509615;0.165385813414354;0.5261336417646564
0.1085216974650775;0.0;N;1.281819435348899;0.1970722791864263;0.2630668208823282
0.1085216974650775;0.0;N;1.2150920311789344;0.22339638211545784;0.2630668208823282
0.4928094306686272;0.0;N;1.5599280569244152;0.35965041502673695;0.39460023132349237
0.12402479710294571;0.0;N;0.4815572105133104;0.09287263983047205;0.1315334104411641
0.4526905094257519;0.0;N;1.4246067477685431;0.5814043609542762;0.0
0.3242070208669553;0.0;N;0.6864056750630616;0.18952151798773764;0.1315334104411641
0.13425684286393874;0.0;N;2.162341195270039;0.198410408592332;0.0
0.260452073916186;0.0;N;0.49415609102092606;0.25003389119596453;0.0
0.4092818304397209;0.8;N;1.0177095698929555;0.705712711801642;0.0
0.3441626107208192;0.4;N;1.5099991600979383;0.30046259675521814;0.0
0.09886016577075804;0.0;N;1.9131633363416403;0.08889621537551105;0.0
0.8991797789963565;0.0;Y;0.46522532837380853;0.4968747241456648;0.1315334104411641
0.6498837355795805;0.0;Y;1.1068349838542366;0.2726200179009408;0.2630668208823282
0.9022803989239301;0.4;Y;1.1199004895658382;0.4486430688015477;0.0
0.27905579348162785;0.0;N;1.9336948453170137;0.2127413934002543;0.1315334104411641
0.15935636117764737;0.8;N;0.7792640906562291;0.18280722751460682;0.0
0.3036127033080111;0.0;N;0.5016220942846983;0.16062564982571836;0.0
0.34454088635198316;0.4;Y;0.1376544351758009;0.25774806811999396;0.1315334104411641
0.8516472755066524;0.4;N;0.9080526469563004;0.23555373639685936;0.5261336417646564
0.13425684286393874;0.0;N;2.163741070881996;0.198410408592332;0.0
0.5891177862389921;0.0;Y;0.5534174919271183;0.2979813777068783;0.2630668208823282
0.5445928840790346;0.4;N;0.7643320841286846;0.3073293389593379;0.1315334104411641
0.6443646321084993;0.0;N;1.378877477777938;0.36066260800190814;0.2630668208823282
0.6225920789770771;0.0;N;0.7731979630044141;0.2573826762265916;0.0
0.14448888862493176;0.0;N;1.20342640107929;0.21071693286491636;0.1315334104411641
0.662788515718142;0.0;N;1.083970348858934;0.8340983260180087;0.2630668208823282
0.662788515718142;0.4;Y;0.815194231363133;0.4168698606796026;0.2630668208823282
0.48059608877391463;0.4;N;0.05366189845836301;0.40985887109400904;0.0
0.004092818304397209;0.0;N;2.1012132935479033;0.07639614303936693;0.1315334104411641
0.5116022880496511;0.0;Y;1.0088436910172256;0.434720511429484;0.2630668208823282
0.8567012859885975;0.8;Y;0.8455248696222076;0.8537887648541435;0.2630668208823282
0.7481175761249685;0.0;N;1.6285219619103228;0.4681843376464998;0.1315334104411641
0.06440607713555971;0.4;N;2.078348658552601;0.10893325068615939;0.1315334104411641
0.14262851666838758;0.4;N;1.5879255691635614;0.13886674530684653;0.0
0.0930185978272093;0.0;N;1.4526042600076892;0.03279024912182973;0.39460023132349237
0.2015402952922868;0.0;N;0.9463159136831333;0.55902886227685;0.0
0.2821564134092015;0.0;Y;1.1749622636361583;0.1503030864358658;0.2630668208823282
0.6382316058917586;0.0;Y;1.8016399125890419;0.32160990431024034;0.5261336417646564
0.43408678986031;0.4;Y;0.45122657225423546;0.2793351288090232;0.39460023132349237
0.3401752134939595;0.0;N;1.0555062114158023;0.4956813642162021;0.0
0.7914022303138966;0.0;Y;1.094236103346621;0.6178577775495828;0.1315334104411641
0.14448888862493176;0.0;Y;1.2687539296372974;0.052410279722126425;1.0522672835293128
0.6480295648628914;0.4;N;1.3140165744239165;0.7098202566788527;0.0
0.5891177862389921;0.4;N;0.795129347591745;0.8283635602919798;0.0
0.15503099637868215;0.0;N;1.0695049675353754;0.22339638211545784;0.5261336417646564
0.1829365757268449;0.4;N;0.5156208504042712;0.17118688520146352;0.1315334104411641
0.4893398369696723;0.0;N;1.9238957160333126;0.24997847454424008;0.5261336417646564
1.519303764511085;0.0;N;0.8385254915624212;1.0075467774557954;0.2630668208823282
0.1023700675287714;0.0;N;0.4978890926528121;0.09130851788792435;0.39460023132349237
0.3100619927573643;0.4;Y;1.1296996188495392;0.32781537594344656;0.5261336417646564
0.5576650976936851;0.4;Y;1.3424807118670485;0.4042244967720464;0.0
0.4709221545998849;0.4;N;1.1301662440535247;0.6704090974983726;0.1315334104411641
0.28820882350782523;0.0;N;1.7904409076933836;0.3835751186475925;0.2630668208823282
0.8319056284277911;0.8;Y;0.735867946685553;0.25910678298468287;0.2630668208823282
0.09832685914321537;0.8;Y;0.5496844902952323;0.06186318206338305;0.0
0.23361310782310854;0.0;N;0.3313038948298938;0.11537560426536392;0.0
0.1732936477520909;0.8;N;0.5893476326340223;0.32726844417077466;0.1315334104411641
0.14448888862493176;0.0;N;2.115212049667477;0.16850182536017236;0.0
0.3401752134939595;0.0;Y;1.8268376736042733;0.4460773449532028;0.1315334104411641
0.3007570323547158;0.8;N;0.7909297207558732;0.17698631611867002;0.2630668208823282
0.6821363840662014;0.4;N;0.553884117131104;0.4897713983355291;0.5261336417646564
1.1831345519635508;0.0;Y;1.1189672391578664;0.3241524322249562;0.1315334104411641
0.7441487826176744;0.0;N;2.002755375506907;0.19591770345467113;0.2630668208823282
0.0930185978272093;0.0;Y;0.412496680323417;0.11013764919496964;0.1315334104411641
0.27905579348162785;0.8;N;1.08443697406292;0.2568310455991974;0.2630668208823282
0.5445928840790346;0.0;N;1.9719581120438465;0.2765605669730224;0.1315334104411641
0.15503099637868215;0.4;N;1.403141988385198;0.06357140221741336;0.6576670522058206
0.2015402952922868;0.8;N;0.6705404181275454;0.13948826207510984;0.0
0.48096196192536833;0.0;N;2.00462187632285;0.41015221388167006;0.1315334104411641
0.5261752017092473;0.0;N;1.7204471270955186;0.5357583436523268;0.7892004626469847
0.3441626107208192;0.0;N;1.630388462726266;0.5153348088945237;0.0
0.04501480010851415;0.0;N;1.3532130915587208;0.0910751414367188;0.2630668208823282
0.0146225235784373;0.0;N;1.5015999064261947;0.06061880599693579;0.0
0.06099849583515628;0.0;Y;2.1982713359769432;0.12982734218114872;0.0
0.07183516248202616;0.0;N;2.044751643865626;0.12333315203000816;0.1315334104411641
0.34454088635198316;0.0;N;1.4302062502163724;0.2254847619920176;0.6576670522058206
0.12402479710294571;0.4;Y;0.41529643154733153;0.1488113865240374;0.39460023132349237
0.3978529453866844;0.0;N;1.223491284850678;0.21456119270768936;0.2630668208823282
0.1396488209179893;0.0;Y;0.24824460852042746;0.0680594797421315;0.5261336417646564
0.43408678986031;0.8;N;0.4726913316375808;0.414002515109086;0.1315334104411641
0.3717023169175283;0.8;N;0.43396143970676226;0.4839963567118809;0.2630668208823282
0.14299438981984128;0.0;N;0.7246689417898944;0.08335261099318313;0.1315334104411641
0.21084215507500773;0.0;Y;1.9206293396054122;0.29052287814773625;0.0
0.7441487826176744;0.0;N;1.7139143742397178;0.6902431870360167;0.1315334104411641
0.13952789674081392;0.0;N;1.7246467539313908;0.06801099949499707;0.39460023132349237
0.12402479710294571;0.0;Y;0.8739890070653393;0.1488113865240374;0.9207338730881487
0.1894695819142426;0.4;Y;1.096102604162564;0.1229789478859445;0.39460023132349237
0.4893398369696723;0.0;N;0.9612479202106777;0.20825562801039949;0.1315334104411641
0.12402479710294571;0.0;N;1.034508077236443;0.07422639093261692;0.39460023132349237
0.34454088635198316;0.4;N;0.7097369352623499;0.30076585934729283;0.1315334104411641
1.0342427830414644;0.0;Y;1.5099991600979383;0.7317677120665798;0.0
0.5077575193394598;0.0;N;0.7703982117804994;0.3699239014894904;0.5261336417646564
0.29455889311949607;0.0;N;1.5818594415117462;0.39121262219615394;0.1315334104411641
0.34454088635198316;0.0;N;0.1567860685392173;0.25774806811999396;0.2630668208823282
0.5922184061665658;0.4;N;0.9645142966385782;0.42797235936835465;0.0
0.2821564134092015;0.0;N;1.765709771882138;0.44276398110904946;0.0
0.43408678986031;0.8;Y;0.8203271086069763;0.22339638211545784;0.2630668208823282
0.03100619927573643;0.0;N;2.0685495292689002;0.07067472802754907;0.0
0.3193607519201576;0.4;Y;0.5842147553901791;0.2805757010406953;0.0
0.7119023353709084;0.0;N;1.9705582364318892;0.5953269183263398;0.1315334104411641
0.26007379828502203;0.0;N;1.5295974186653407;0.11633954074838743;0.2630668208823282
0.5077575193394598;0.8;Y;0.8371256159504639;0.25883917202050083;0.5261336417646564
0.00491138196527665;0.0;N;1.4852680242866927;0.03420109889843704;0.2630668208823282
0.2715274882974791;0.0;N;2.014887630810537;0.25058649142830136;0.2630668208823282
0.12402479710294571;0.4;N;0.2337792271968686;0.1488113865240374;0.1315334104411641
0.29535885306081006;0.4;Y;0.9519154161309623;0.26133031087325426;0.2630668208823282
0.6078951405203782;0.4;N;0.37143366237266967;0.3838585416308399;0.0
0.35530623874051886;0.0;Y;1.9150298371575831;0.3093978792270703;0.39460023132349237
0.15503099637868215;0.0;N;1.1534975042528133;0.165385813414354;0.2630668208823282
0.5891177862389921;0.4;N;0.9883121820418521;0.4968747241456648;0.0
1.153067840525869;0.8;N;0.412496680323417;0.4743537847268353;0.1315334104411641
0.13937286574443525;0.0;N;2.1385433098667654;0.27287107099610153;0.0
0.27905579348162785;0.0;N;0.4297618128708904;0.2068219552251412;0.1315334104411641
0.24804959420589143;0.4;Y;0.7820638418801434;0.1488113865240374;0.6576670522058206
0.3978529453866844;0.0;Y;0.6103457668133817;0.1715771884833934;0.2630668208823282
0.5298897443824804;0.4;N;0.4894898389810683;0.6742552219660354;0.0
0.4359223568574336;0.0;N;0.9579815437827773;0.22427946846326025;0.0
0.1798359557992713;0.0;Y;0.37889966563644195;0.2814069508165617;0.0
0.44074072022488303;0.0;N;1.618256207422636;0.4199306051436877;0.39460023132349237
0.33176013101052465;0.0;N;1.2323571637264075;0.24896411860419676;0.1315334104411641
0.217043394930155;0.0;N;1.9285619680731703;0.3311302314875116;0.6576670522058206
0.1605221942704151;0.0;N;1.186161268531817;0.27065254030223473;0.6576670522058206
0.14448888862493176;0.0;N;1.2244245352586498;0.12025599886689292;0.7892004626469847
0.747249402545248;0.0;Y;1.1800951408800018;0.18684973427566182;0.39460023132349237
0.8376510771535851;0.0;N;0.7330681954616383;0.696155837976531;0.0
0.2694314692264393;0.0;N;1.9136299615456258;0.28872090465424755;0.0
0.3295183828028889;0.0;Y;1.9010310810380102;0.2164506544010068;0.39460023132349237
0.5271053876875194;0.0;Y;1.3462137134989345;0.22339638211545784;0.1315334104411641
0.37728343278716087;0.0;N;0.7242023165859087;0.2451752008281526;0.0
0.24804959420589143;0.0;N;1.0867701000828487;0.12168959706715561;0.2630668208823282
0.4893398369696723;0.0;Y;1.7531108913745226;0.39079308159595216;0.5261336417646564
0.4893398369696723;0.4;N;0.6579415376199299;0.5003155537472838;0.0
0.4893398369696723;0.0;N;1.2547551735177243;0.5211769770142041;0.1315334104411641
0.7284193377250933;0.0;Y;1.777375401981782;0.521580780180336;0.1315334104411641
0.5538017252639283;0.0;Y;1.1296996188495392;0.26015022707300683;0.5261336417646564
0.0659718901989844;0.4;N;0.36676741033281196;0.15516103095372177;0.1315334104411641
0.34044806804758604;0.0;Y;0.47875745928939567;0.3433060828478198;0.6576670522058206
0.3224613718477313;0.8;N;0.3163718883023493;0.33974599183825016;0.1315334104411641
0.18449928817034203;0.0;Y;0.9589147941907488;0.25883917202050083;0.1315334104411641
0.33670561979500463;0.8;Y;1.5907253203874756;0.14706236837741857;0.39460023132349237
0.5066847048445193;0.0;Y;0.48622346255316795;0.18441401207463276;0.39460023132349237
0.2357463343332792;0.0;N;1.943027349396729;0.3373622553791483;0.6576670522058206
0.07751549818934107;0.0;Y;0.5837481301861931;0.1301651376261823;0.2630668208823282
0.0930185978272093;0.0;N;1.1227002407897528;0.24825802245093279;0.2630668208823282
0.15068082662029633;0.0;N;0.7829970922881151;0.24244456955455515;0.0
0.4100259792223385;0.0;Y;0.7885965947359443;0.35327369624365285;0.1315334104411641
0.15472093438592477;0.0;Y;0.9533152917429196;0.16510962517567898;0.0
0.43408678986031;0.0;N;1.0611057138636317;0.4860652699045914;0.1315334104411641
0.05162532179410115;0.0;N;2.222535846584203;0.07914900064165067;0.0
0.5445928840790346;0.0;N;1.6975824921002165;0.3952402119580906;0.1315334104411641
0.27905579348162785;0.0;N;1.416674119300785;0.2979813777068783;0.2630668208823282
0.7119023353709084;0.0;N;0.6812727978192182;0.5411736618422375;0.2630668208823282
0.18541707166890384;0.4;N;0.40876367869153085;0.17317584327889993;0.5261336417646564
0.1860371956544186;0.0;N;1.6009910748751628;0.34770473296282384;0.0
0.15503099637868215;0.0;Y;1.8422363053358035;0.11151888872832716;0.39460023132349237
0.2821564134092015;0.0;Y;1.558528181312458;0.4704591800120381;0.39460023132349237
0.7441487826176744;0.8;N;0.6574749124159439;0.46579761778757434;0.2630668208823282
0.8341907853144128;0.8;N;0.47549108286149544;1.1558745548684177;0.1315334104411641
0.2376067062898234;0.0;Y;0.3975646737958725;0.18425417642908037;0.2630668208823282
0.6821363840662014;0.0;N;1.656052848945483;0.42850511999186414;0.2630668208823282
0.5162005074022428;0.0;Y;0.40036442501978703;0.34603566993147905;0.1315334104411641
0.48902977497691497;0.4;N;0.665407540883702;0.6251111683708483;0.1315334104411641
0.15503099637868215;0.0;N;0.6784730465953035;0.1488113865240374;0.2630668208823282
0.06201239855147286;0.0;N;1.965891984392032;0.1488113865240374;0.0
0.5077575193394598;0.0;N;2.022820259278295;0.25883917202050083;0.1315334104411641
0.29535885306081006;0.0;N;0.9939116844896811;0.17410069722423355;0.2630668208823282
0.9312680946268161;0.0;Y;1.9747578632677611;0.42050282122986504;0.5261336417646564
0.2821564134092015;0.0;Y;0.3551017802331678;0.1503030864358658;0.6576670522058206
0.3281696131343944;0.0;Y;0.09705804242903923;0.2876389001232028;0.1315334104411641
0.12402479710294571;0.8;Y;0.4745578324535238;0.06744594356839646;0.2630668208823282
0.06727104994863775;0.0;Y;0.9435161624592185;0.23604599736776274;0.0
0.5077575193394598;1.2;Y;0.769464961372528;0.323638616190327;0.2630668208823282
0.38204598499591397;0.0;N;1.7405120108669065;0.33083852956975357;0.0
0.360912159569572;0.8;N;0.8399253671743786;0.26899981138492446;0.9207338730881487
0.8602514958056694;0.4;Y;0.8982535176725993;0.7142775306003916;0.0
0.43408678986031;0.0;N;0.11152342375259806;0.12394974618856243;0.2630668208823282
0.36807459160226713;0.0;N;1.881432822470608;0.33067019123470376;0.6576670522058206
0.7441487826176744;0.0;N;0.8095947289153038;0.5323913531963433;0.2630668208823282
0.12402479710294571;0.0;Y;0.7974624736116737;0.1861038843197476;0.1315334104411641
0.5261752017092473;0.0;Y;1.0867701000828487;0.6697875807301092;0.6576670522058206
0.4030805905845736;0.0;Y;0.1819838295544486;0.2744282565340592;0.39460023132349237
0.4789341564927352;0.0;Y;0.8007288500395741;0.24997907122420482;0.0
0.14448888862493176;0.8;Y;0.8711892558414249;0.08407161035068443;0.7892004626469847
0.43408678986031;0.0;N;1.2267576612785784;0.1861038843197476;0.39460023132349237
0.3515916960672857;0.0;N;0.924851154299788;0.36777503318150595;0.39460023132349237
0.3719131590726033;0.0;N;0.8431917436022789;0.4842499456968918;0.0
0.27905579348162785;0.0;N;1.8413030549278322;0.2979813777068783;0.5261336417646564
0.3410681920331007;0.0;Y;1.3779442273699667;0.04439239269604873;0.7892004626469847
0.5077575193394598;0.4;N;1.4288063746044148;0.323638616190327;0.0
0.31389745960777293;0.0;N;1.9686917356159461;0.27619510049462437;0.0
0.12402479710294571;0.8;N;0.6733401693514601;0.24825802245093279;0.0
0.08656930837785612;0.4;Y;0.22024709628128142;0.18819226419630736;0.0
0.7119023353709084;1.2;N;0.7004044311826344;0.5953269183263398;0.2630668208823282
0.689615079331509;0.0;N;2.033552638969968;0.743609124306656;0.2630668208823282
0.13952789674081392;0.0;N;0.4843569617372249;0.2275400261305348;0.0
0.02164232709446403;1.2;Y;0.848791246050108;0.041856502845940426;0.5261336417646564
1.1831345519635508;0.0;Y;1.3826104794098244;0.3241524322249562;0.39460023132349237
0.4893398369696723;0.0;N;1.6131233301787926;0.3789400340965636;0.2630668208823282
0.049721541158570935;0.0;N;0.20018221250989351;0.12910103349407948;0.0
0.1649529801469178;1.2;N;0.8651231281896098;0.21390372597155097;0.5261336417646564
0.37728343278716087;0.0;Y;0.719536064546051;0.2802514800648594;0.0
0.18541707166890384;0.4;N;0.8973202672646277;0.25994302995525387;0.0
0.217043394930155;0.4;N;0.17638432710661955;0.22913368373133666;0.0
0.13952789674081392;0.0;N;0.6724069189434885;0.16372838564232148;0.39460023132349237
0.2661572145829215;0.0;N;1.2239579100546636;0.23791561945225287;0.1315334104411641
0.17554469781950935;0.0;N;1.803506413404985;0.12385524699914809;0.1315334104411641
0.5445928840790346;0.0;N;1.1539641294567988;0.3073293389593379;0.0
0.15753629728016164;0.4;N;0.2907075020831322;0.13707670541265243;0.6576670522058206
0.3193638525400852;0.0;N;1.59025869518349;0.33676557541441693;0.1315334104411641
0.6201239855147286;0.0;Y;1.0349747024404288;0.2696905430290966;0.2630668208823282
0.19527394241866045;0.4;Y;0.9150520250160868;0.18107931692174037;0.5261336417646564
0.10616522632012154;0.0;N;1.7153142498516754;0.21961738414382737;0.6576670522058206
0.17791047082424805;0.0;N;0.332703770441851;0.0769562017712629;0.1315334104411641
0.7855730648500582;0.4;Y;0.42042930879117496;0.19606843973076138;0.0
0.7119023353709084;0.0;N;0.8865878875729551;0.7144639930893701;0.2630668208823282
0.3193638525400852;0.0;N;1.2253577856666211;0.2805782369305454;0.6576670522058206
0.34044806804758604;0.4;Y;1.0261088235646993;0.11133242623934861;0.1315334104411641
0.4100259792223385;0.0;Y;1.7722425247379388;0.4240001862581424;0.39460023132349237
0.217043394930155;0.0;N;0.31870501432227805;0.09908803126809189;0.1315334104411641
0.06201239855147286;0.8;Y;0.42929518766690455;0.0555801420347618;0.2630668208823282
1.0342427830414644;0.0;Y;1.4745356445950204;0.34130034314637536;0.1315334104411641
0.2015402952922868;0.0;N;1.8641676899231348;0.1861038843197476;0.5261336417646564
0.21309940638228134;0.0;N;2.025153385298224;0.4074141241085134;0.0
1.011350906116188;0.0;Y;0.2986401305508901;0.3130633588354107;0.39460023132349237
0.45388114747794017;0.0;N;1.5701938114121021;0.23291939435257036;0.5261336417646564
0.3720743913088372;0.0;Y;0.5552839927430614;0.16124224398427264;0.39460023132349237
0.4100259792223385;0.4;N;0.7657319597406417;0.4240001862581424;0.39460023132349237
0.0804300809212603;0.0;N;1.7932406589172982;0.11618858071731039;0.1315334104411641
0.4617133134149911;0.0;N;1.8949649533861952;0.47373346131850147;0.0
0.36423912475185855;0.0;N;1.512332286117867;0.37994432106220205;0.1315334104411641
0.15503099637868215;0.8;N;1.2253577856666211;0.19421097500055265;0.1315334104411641
0.0930185978272093;0.4;Y;0.9500489153150192;0.059309391814332826;0.0
0.9802175814234212;0.0;N;1.56272780814833;0.6946371382962984;0.2630668208823282
0.14448888862493176;0.0;N;2.166540822105911;0.21071693286491636;0.0
0.5261752017092473;0.0;N;0.11105679854861222;0.22302345713750074;0.0
0.5891177862389921;0.4;N;1.1539641294567988;0.4968747241456648;0.2630668208823282
0.03100619927573643;0.0;N;1.907097208689825;0.09908803126809189;0.0
0.3262968386981399;0.0;N;1.7722425247379388;0.11901468078526492;0.39460023132349237
0.38447687101913175;0.0;N;1.0522398349879019;0.4993608658037136;0.2630668208823282
0.31865381057667086;0.4;Y;1.013976568261069;0.1525691277719243;0.1315334104411641
0.2563344506523682;0.0;Y;1.9140965867496116;0.34523843091360235;0.1315334104411641
0.1697651422745121;0.0;N;0.902919769712457;0.21916539907054333;0.0
0.17313861675571224;0.0;N;1.4796685218388637;0.13994643770302792;1.0522672835293128
0.15503099637868215;0.4;Y;1.0513065845799305;0.1488113865240374;0.2630668208823282
0.04650929891360465;0.4;N;1.034041452032457;0.31041223516711364;0.39460023132349237
0.2506541149450533;0.0;N;1.5543285544765864;0.27065343532218183;0.2630668208823282
0.16096558292005808;1.2;N;0.735867946685553;0.07660565229198324;0.2630668208823282
0.27905579348162785;0.0;Y;0.8413252427863359;0.26601641156126765;0.1315334104411641
0.43408678986031;0.0;N;1.5300640438693263;0.42993946404208283;0.5261336417646564
0.5185321735877781;0.0;Y;0.5478179894792893;0.23998818730974728;0.1315334104411641
0.27905579348162785;0.0;Y;0.22537997352512482;0.19591770345467113;0.1315334104411641
0.45188434824458273;0.4;N;0.4446938193984349;0.46427608387750935;0.0
0.2694314692264393;0.0;N;1.855768436251391;0.2405410112970709;0.2630668208823282
0.3100619927573643;0.0;Y;0.145587063643559;0.2731197373714033;0.0
0.40314880422298016;0.0;N;1.5953915724273333;0.17370039955289435;0.2630668208823282
0.13425684286393874;0.0;N;0.26317661504797196;0.11322367797256025;0.0
0.7348469228349533;0.0;N;2.029353012134096;0.6137245008488931;0.0
0.06815162600806868;0.0;N;1.311216823200002;0.13594017924983037;0.0
0.06201239855147286;0.0;N;1.1017021066103931;0.10134818038949871;0.0
0.7119023353709084;0.0;Y;1.734445883215092;0.31316009557469277;0.5261336417646564
0.1085216974650775;0.0;N;1.000444437345482;0.1674576354218925;0.0
0.5445928840790346;0.0;N;1.6065905773229918;0.3073293389593379;0.0
0.27905579348162785;0.0;N;0.631810526196727;0.32392397838345977;0.1315334104411641
0.14448888862493176;0.0;N;1.2804195597369414;0.14035844521867494;0.0
0.43408678986031;0.0;N;0.8553239989059088;0.227962773885547;0.5261336417646564
0.24915031428018009;0.0;N;1.630388462726266;0.4489165719803814;0.1315334104411641
0.46302797626428244;0.0;N;0.9136521494041295;0.382993803191953;0.0
0.3100619927573643;0.0;N;1.0667052163114608;0.23405137083066135;0.2630668208823282
0.18541707166890384;0.0;N;0.4120300551194312;0.17317584327889993;0.39460023132349237
0.5814282488186095;0.4;Y;1.0172429446889695;0.39780429493653247;0.0
0.7119023353709084;0.0;N;0.5398853610115312;0.7144639930893701;0.39460023132349237
0.5891177862389921;0.4;N;0.7232690661779371;0.2979813777068783;1.0522672835293128
1.0342427830414644;0.0;Y;1.9584259811282594;0.6402519224759068;0.0
0.11757550765359254;0.0;N;1.690116488836444;0.17834704477823987;0.1315334104411641
0.03100619927573643;0.4;N;0.3555684054371536;0.0388966718808905;0.6576670522058206
0.1649529801469178;0.4;Y;0.58188162937025;0.18819226419630736;0.5261336417646564
1.269083736355892;0.4;N;1.124566741605696;0.9473228990105159;0.1315334104411641
0.08061611811691471;0.8;N;0.5786152529423496;0.17864538476060557;0.2630668208823282
0.17467652423978874;0.0;N;1.3620789704344505;0.19754820604329515;0.0
0.24196617790799196;0.0;N;0.22631322393309652;0.31232302816917024;0.2630668208823282
0.1860371956544186;0.0;N;0.44609369501039214;0.20847938299717372;0.0
0.15472093438592477;0.0;N;2.002755375506907;0.22302345713750074;0.0
0.12402479710294571;0.0;N;0.8049284768754462;0.13776176859715963;0.0
0.2015402952922868;0.4;N;0.9159852754240585;0.22339638211545784;0.1315334104411641
0.43408678986031;0.8;Y;0.3383032728896802;0.1861038843197476;0.1315334104411641
0.4030805905845736;0.0;N;1.568327310596159;0.20847938299717372;0.0
0.8991797789963565;0.4;Y;0.5174873512202142;0.4968747241456648;0.39460023132349237
0.5581115869632557;0.0;N;1.355079592374664;0.14135288696489534;0.2630668208823282
0.4893398369696723;0.0;Y;0.6570082872119583;0.20825562801039949;0.0
0.918025346916149;0.0;N;1.3504133403348064;0.25329504554320376;0.0
0.0930185978272093;0.0;Y;0.3000400061628475;0.09908803126809189;0.1315334104411641
0.15501859389897182;0.4;Y;0.6378766538485421;0.08913742325125372;0.39460023132349237
0.3401752134939595;0.4;N;0.8744556322693253;0.17821577518599896;0.1315334104411641
0.4709221545998849;0.0;N;0.3443694005414952;0.5484513673720659;0.1315334104411641
0.36423912475185855;0.0;N;0.344836025745481;0.27128636359477065;0.0
0.8991797789963565;0.0;N;1.8581015622713197;0.5200018158236657;0.39460023132349237
0.5581115869632557;0.0;N;0.9570482933748057;0.833238435603835;0.6576670522058206
0.6615482677471125;0.0;N;1.349480089926835;0.33282748764718995;0.6576670522058206
0.15503099637868215;0.4;Y;0.6579415376199299;0.22339638211545784;0.39460023132349237
0.5077575193394598;0.4;Y;1.5543285544765864;0.2876389001232028;0.39460023132349237
0.27905579348162785;0.0;N;1.4862012746946642;0.2127413934002543;0.1315334104411641
0.4898979485566356;0.0;N;1.863234439515163;0.31289837682516247;0.2630668208823282
0.6182636135581845;0.0;Y;1.6779842335328141;0.6243653184149343;0.0
0.2922520318933813;0.0;N;1.4526042600076892;0.31067872735636176;0.0
0.5077575193394598;0.0;N;1.4278731241964437;0.4316376898067038;0.1315334104411641
0.49274431765014814;0.0;N;1.4848013990827071;0.5474130696484377;0.0
0.17053409601655034;0.0;Y;1.1530308790488275;0.24204263101331297;0.1315334104411641
0.3281696131343944;0.0;N;2.1058795455877615;0.34523843091360235;0.1315334104411641
0.15503099637868215;0.4;N;0.4138965559353744;0.1488113865240374;0.1315334104411641
0.15217222480545925;0.8;N;0.6528086603760865;0.09755985929341926;0.2630668208823282
0.0930185978272093;0.4;N;0.8417918679903217;0.1189773882874692;0.2630668208823282
0.14039607032053456;0.4;N;0.8977868924686135;0.06835901308442663;0.7892004626469847
0.303860752902217;0.0;N;1.1721625124122437;0.6709063556639807;0.0
0.174645518040513;0.0;N;1.825904423196302;0.09857988369312752;0.0
0.34454088635198316;0.4;Y;0.636010153032599;0.25774806811999396;0.6576670522058206
0.31179833991680556;0.0;N;1.5487290520287569;0.2745119408991128;0.0
0.34454088635198316;0.0;N;2.045218269069612;0.41026573224496027;0.1315334104411641
0.653254109440853;0.0;Y;1.4558706364355898;0.5483010786059491;0.0
0.23303019127672472;0.0;N;1.0629722146795748;0.3172093895703465;0.6576670522058206
0.3978529453866844;0.0;Y;1.1716958872082581;0.286201125163187;0.9207338730881487
0.4104569653922712;0.8;Y;1.7363123840310348;0.4244148788336306;0.0
0.1860371956544186;0.4;N;0.6313439009927413;0.09287263983047205;0.39460023132349237
0.31179833991680556;0.0;N;0.3014398817748048;0.3294860798446943;0.0
0.13425684286393874;0.0;Y;1.803506413404985;0.1321540957036187;0.1315334104411641
0.8567012859885975;0.0;N;0.3397031485016376;0.8537887648541435;0.1315334104411641
0.1649529801469178;0.0;N;2.1194116765033484;0.16799039604540203;0.2630668208823282
0.2821564134092015;0.4;Y;0.6630744148637733;0.1503030864358658;0.1315334104411641
0.5891177862389921;0.0;N;1.709714747403846;0.3489856556771109;0.1315334104411641
0.1860371956544186;0.0;N;0.9724469251063359;0.24825802245093279;0.0
0.5077575193394598;0.0;N;0.5748822513104636;0.6476358370394575;0.0
0.05160361745460814;0.0;N;0.7242023165859087;0.05641765695025786;0.0
0.15503099637868215;0.0;Y;1.520264914585625;0.1861038843197476;0.0
0.1335995114392931;0.0;N;1.2444894190300375;0.15802412517948963;0.1315334104411641
0.31179833991680556;0.4;N;0.767598460556585;0.2352447307601241;0.1315334104411641
0.5891177862389921;0.4;N;0.3532352794172248;0.4968747241456648;0.39460023132349237
0.3100619927573643;0.0;Y;1.6831171107766574;0.23405137083066135;0.0
0.049721541158570935;0.0;N;0.6164118944651968;0.07731719314992538;0.2630668208823282
0.390678110874279;0.0;N;0.314972012690392;0.26657714155812395;0.39460023132349237
0.2976595130470697;0.0;Y;1.6989823677121734;0.20769430133357844;0.0
0.217043394930155;0.0;N;1.6821838603686858;0.19211879128921772;0.1315334104411641
0.4060850912943924;0.0;N;1.8893654509383662;0.3000463378948224;0.1315334104411641
0.548313627992123;0.8;N;0.791396345959859;0.34802790974872144;0.1315334104411641
0.1159786883908921;0.0;Y;1.289285438612671;0.14106946398164796;0.0
0.09440767555476227;0.4;Y;1.6537197229255542;0.03316153322988382;0.39460023132349237
0.8105392565068811;0.0;Y;1.746111513314736;0.674416847651482;0.5261336417646564
0.14448888862493176;0.4;Y;1.0573727122317453;0.09345276192618211;0.7892004626469847
0.27905579348162785;0.0;N;1.671918105880999;0.24825802245093279;0.5261336417646564
0.5077575193394598;0.0;N;1.436739003072173;0.4316376898067038;0.2630668208823282
0.6747569086385762;0.0;N;1.4260066233805007;0.942810133852257;0.1315334104411641
0.27905579348162785;0.8;Y;0.6098791416093959;0.1861038843197476;0.1315334104411641
0.12402479710294571;0.0;N;0.6042796391615669;0.07422639093261692;0.0
0.27771632567291604;0.0;N;1.2006266498553755;0.2118207907996694;0.2630668208823282
0.27905579348162785;0.8;Y;0.4768909584734527;0.19591770345467113;0.2630668208823282
0.0146225235784373;0.4;Y;0.4120300551194312;0.03622779698364271;0.2630668208823282
0.44512499680247214;0.0;N;1.4684695169432052;0.5723049914921228;0.2630668208823282
0.004092818304397209;0.0;N;0.821260359014948;0.0699998829874379;0.0
0.662788515718142;0.0;N;1.5935250716113905;0.2777936807051353;0.39460023132349237
0.27905579348162785;0.4;N;0.5832815049822073;0.2979813777068783;0.1315334104411641
0.6376114819062438;0.0;N;1.4255399981765147;0.3570526942152833;0.9207338730881487
0.40616880803243693;0.8;N;0.2893076264711748;1.2368397747377153;0.1315334104411641
0.3100619927573643;0.0;Y;1.2323571637264075;0.40985887109400904;0.1315334104411641
0.217043394930155;0.0;N;0.6882721758790047;0.22063397763373838;0.39460023132349237
0.06201239855147286;0.4;Y;0.6038130139575809;0.02201689401862259;0.0
0.13937286574443525;0.0;N;2.193605083937085;0.1362562704611468;0.0
0.18808980604647232;0.0;N;0.9981113113255532;0.2924372512295812;0.0
0.13952789674081392;0.4;N;1.152564253844842;0.2275400261305348;0.1315334104411641
0.004092818304397209;0.0;N;1.5449960503968707;0.08407161035068443;0.0
0.43408678986031;0.0;Y;0.4353613153187195;0.3992038823788055;0.0
0.5077575193394598;0.4;N;1.2043596514872619;0.6476358370394575;0.0
0.6666332844283333;0.8;Y;0.2496444841323848;0.5409841413684396;0.2630668208823282
0.03392078200765566;0.4;Y;0.4526264478661928;0.021333173364036038;0.39460023132349237
0.4141249987665909;0.0;N;1.5673940601881875;0.7134794711475635;0.0
0.5891177862389921;0.4;N;0.815194231363133;0.4968747241456648;0.2630668208823282
0.4893398369696723;0.4;N;0.950515540519005;0.34733180798486674;0.1315334104411641
0.4481698055713495;0.0;Y;1.494600528366408;0.5759671147756615;0.0
0.05590107667422521;0.0;Y;1.317749576055803;0.08326310899847342;0.0
0.0930185978272093;0.4;N;1.2962848166724577;0.1189773882874692;0.2630668208823282
0.43408678986031;0.0;N;1.4414052551120307;0.3192913551372854;0.39460023132349237
0.3262968386981399;0.0;Y;1.4241401225645576;0.28613728040696074;0.5261336417646564
0.4427685256575162;0.4;N;0.18058395394249144;0.43797167138731397;0.7892004626469847
0.36897377138126347;0.8;N;0.4526264478661928;0.6410723574274123;0.0
0.31297037424942836;0.0;N;0.37889966563644195;0.30609734400215877;0.0
0.27905579348162785;1.2;N;0.4162296819553031;0.11438757682876437;0.1315334104411641
0.27905579348162785;0.4;N;0.9355835339914604;0.2127413934002543;0.5261336417646564
0.7481175761249685;0.0;Y;0.9262510299117453;0.4681843376464998;0.39460023132349237
0.12402479710294571;0.0;Y;0.32803751840199347;0.09287263983047205;0.1315334104411641
0.10120423443600371;0.0;N;1.3928762338975111;0.07914900064165067;0.2630668208823282
0.11183315954772616;0.4;N;0.2286463499530252;0.228706833801567;0.2630668208823282
0.9471401680360655;0.4;Y;0.4540263234781502;0.26701846097703835;0.39460023132349237
0.17053409601655034;0.0;N;1.5855924431436323;0.1073752447132502;0.6576670522058206
0.06727104994863775;0.4;Y;1.0018443129574393;0.06718556734878682;0.5261336417646564
0.5261752017092473;0.0;Y;0.5398853610115312;0.2974841195412703;0.2630668208823282
0.09691297645624178;0.0;N;1.3471469639069058;0.12272453846598216;0.0
0.1649529801469178;0.0;N;1.8375700532959462;0.23532998141008513;0.0
0.4709221545998849;0.0;N;1.164229883944486;0.3547536863111734;0.5261336417646564
0.14448888862493176;0.4;Y;0.6621411644558016;0.08407161035068443;0.2630668208823282
0.07751549818934107;0.0;N;2.0456848942735975;0.12105883175943898;0.6576670522058206
0.1435773063662251;0.0;N;0.6383432790525277;0.22664590120338485;0.0
0.04501480010851415;0.0;N;1.9304284688891133;0.10123443827122179;0.2630668208823282
0.5736146866011239;0.0;N;1.3345480833992904;0.5814043609542762;0.2630668208823282
0.07300099557479385;0.4;Y;0.26457649065992916;0.20813129482274859;0.0
0.1649529801469178;0.4;Y;0.4199626835871893;0.18819226419630736;0.39460023132349237
0.26296357605752063;0.4;N;1.1404319985412115;0.35321156694232514;0.0
0.5303207305524131;0.4;N;0.37703316482049876;0.4997393100713444;0.1315334104411641
0.27905579348162785;0.4;N;0.795129347591745;0.2127413934002543;0.39460023132349237
0.15503099637868215;0.0;N;0.01959825856740208;0.0857009941643746;0.1315334104411641
0.27905579348162785;0.4;N;0.30423963299871937;0.3725663732982988;0.1315334104411641
0.12402479710294571;0.0;N;1.2710870556572262;0.2068219552251412;0.0
0.8445716608319294;0.0;N;1.3247489541155895;0.2804668069471318;0.1315334104411641
0.34454088635198316;0.0;N;1.958892606332245;0.2254847619920176;0.1315334104411641
0.12402479710294571;0.0;N;1.7335126328071202;0.06506683137902135;0.2630668208823282
0.5891177862389921;0.0;N;0.6378766538485421;0.5963213600725602;0.1315334104411641
0.4000047756164205;0.0;N;1.5076660340780097;0.20699961668463995;0.1315334104411641
0.7779734454075752;0.0;N;1.0751044699832044;0.48613881071024456;0.1315334104411641
1.4056970503647868;0.8;Y;0.6588747880279013;0.31382054571065476;0.1315334104411641
0.7441487826176744;0.0;N;0.9589147941907488;0.9319538402339522;0.39460023132349237
0.4709221545998849;0.0;N;1.751711015762565;0.18539249263179663;0.1315334104411641
0.7441487826176744;0.4;N;1.2309572881144506;0.9319538402339522;0.39460023132349237
0.10938987104479812;0.4;N;0.6406764050724564;0.12472319259284546;0.2630668208823282
0.27905579348162785;0.4;Y;0.894987141244699;0.2127413934002543;0.2630668208823282
0.43408678986031;0.0;Y;0.5823482545742357;0.22339638211545784;0.2630668208823282
0.37575172654293953;0.0;N;1.5417296739689703;0.3257916612580645;0.5261336417646564
0.21575663766021194;0.4;N;1.1516310034368702;0.1183583328240604;0.1315334104411641
0.8836766793584881;0.0;Y;1.026575448768685;0.36635098186067905;0.0
0.1126641256883159;0.4;N;0.4180961827712462;0.06876080245567762;0.39460023132349237
0.3007601329746434;0.0;N;1.9490934770485442;0.3986711217552959;0.0
0.8105392565068811;0.0;Y;1.4344058770522443;0.5780203651192978;0.0
0.38527062972059056;0.0;N;1.3858768558377246;0.2857409357403879;0.2630668208823282
0.4221680068587169;0.0;N;1.0116434422411404;0.3110998342414709;0.0
0.5447479150754133;0.4;N;0.4918229650009972;0.39534679391679073;0.2630668208823282
0.217043394930155;0.0;N;0.4936894658169402;0.1861038843197476;0.2630668208823282
0.5922184061665658;0.4;N;0.821260359014948;0.2138069146472733;0.2630668208823282
0.168034996354926;0.0;N;0.8324593639106062;0.13643877994535902;0.1315334104411641
0.43408678986031;0.0;N;0.3009732565708189;0.44715136888971924;0.39460023132349237
0.37728343278716087;0.0;N;1.4022087379772263;0.2514709203060244;0.39460023132349237
0.34454088635198316;0.0;Y;1.263621052393454;0.20039108773525774;0.1315334104411641
0.34454088635198316;0.8;N;0.6579415376199299;0.2254847619920176;0.0
0.7040143582751611;0.0;N;1.1674962603723864;0.5890021107001873;0.39460023132349237
0.46302797626428244;0.0;N;1.8249711727883304;0.29673953753028115;0.6576670522058206
0.3332360260960497;0.0;N;1.544062799988899;0.2917013210780807;0.2630668208823282
0.09611921775478294;0.0;N;0.4362945657266912;0.15254063630360837;0.0
0.7119023353709084;0.4;Y;0.9710470494943789;0.39676502760796156;0.39460023132349237
0.8034388368727375;0.0;N;1.35881259400655;0.6078978464082957;0.2630668208823282
0.4147389215122505;0.0;N;0.476424333269467;0.7144639930893701;0.1315334104411641
0.32098547676220623;0.0;N;0.9416496616432755;0.241558872731907;0.2630668208823282
0.3720743913088372;0.4;N;0.6850057994511043;0.15602927488740148;0.6576670522058206
0.5445928840790346;0.0;Y;1.3858768558377246;0.2765605669730224;0.0
0.5330895841477364;0.0;N;1.5025331568341662;0.22579555766864703;0.2630668208823282
0.3236892173390505;0.0;N;1.7955737849372269;0.5015326317053446;0.0
0.15472093438592477;0.0;N;1.9490934770485442;0.17834704477823987;0.2630668208823282
0.7134898527738261;0.0;Y;1.7507777653545937;0.34076049694828464;0.5261336417646564
0.13937286574443525;0.0;N;0.8529908728859801;0.16357921565113862;0.5261336417646564
0.27905579348162785;0.0;N;1.594458322019362;0.4968747241456648;0.6576670522058206
0.8730725592061864;0.0;N;0.9897120576538094;0.21711632548666024;0.7892004626469847
0.6976394837040697;0.4;Y;0.6845391742471185;0.3071409372604739;0.0
0.2113878641822607;0.4;Y;0.9402497860313183;0.1454103107250686;0.39460023132349237
0.13425684286393874;0.8;Y;0.6094125164054103;0.11322367797256025;0.0
0.33176013101052465;0.0;N;1.2850858117767991;0.4844355877509188;0.1315334104411641
0.5445370729203384;0.4;Y;0.44142744297053454;0.3457567966329627;0.0
0.5085016681220774;0.8;Y;0.663541040067759;0.3240861261638755;0.0
0.10616522632012154;0.0;N;1.774109025553882;0.1096294270350097;0.6576670522058206
0.1773151517981539;0.0;N;1.8301040500321737;0.10404017663537983;0.9207338730881487
0.5891177862389921;0.0;N;1.3686117232902513;0.4968747241456648;0.39460023132349237
0.1649529801469178;0.0;Y;1.789507657285412;0.1567671442487874;0.6576670522058206
0.15503099637868215;0.0;N;1.317282950851817;0.17864538476060557;0.0
0.7452153958727595;0.0;N;0.617811770077154;0.3161144072500689;0.0
0.5814282488186095;0.0;Y;1.887498950122423;0.29428196192554384;0.1315334104411641
0.5445928840790346;0.4;N;0.4978890926528121;0.3952402119580906;0.39460023132349237
0.09157370894095997;0.0;N;1.721847002707476;0.10885038675605731;0.9207338730881487
0.16123223623382943;0.0;N;0.5034885951006414;0.23085488167459992;0.0
0.1085216974650775;0.0;N;0.24497823209252706;0.1338943874057533;0.5261336417646564
0.5891177862389921;0.4;Y;0.7848635931040582;0.5963213600725602;0.7892004626469847
0.43408678986031;0.0;N;1.35881259400655;0.24825802245093279;0.1315334104411641
0.1649529801469178;0.0;N;1.3947427347134542;0.1567671442487874;0.1315334104411641
0.6382316058917586;0.0;Y;1.1334326204814253;0.32160990431024034;0.0
0.3255898973546531;0.0;N;0.7512665784170831;0.12218238013302812;0.1315334104411641
0.4893398369696723;0.0;N;1.845502681763704;0.4168698606796026;0.1315334104411641
0.06201239855147286;0.0;N;1.6821838603686858;0.038021342372629593;0.2630668208823282
0.7441487826176744;0.0;Y;1.5851258179396468;0.6211830004080351;0.0
0.43408678986031;0.0;N;0.7857968435120296;0.2793351288090232;0.7892004626469847
0.18449928817034203;0.0;N;1.0933028529386495;0.1724399131273994;0.2630668208823282
0.4832006095130765;0.4;Y;0.4194960583832035;0.22453551875312558;0.2630668208823282
0.27905579348162785;0.4;Y;0.8123944801392182;0.11438757682876437;0.39460023132349237
0.12402479710294571;0.0;N;1.7503111401506077;0.1861038843197476;0.1315334104411641
0.5515041658975962;0.4;Y;1.2402897921941656;0.4375228934688404;0.0
0.7119023353709084;0.0;Y;0.9738468007182932;0.3570526942152833;0.2630668208823282
0.0930185978272093;0.0;N;0.3751666640045557;0.19853474177998287;0.1315334104411641
0.39796456770407707;0.8;Y;0.7778642150442717;0.3436025582052957;0.5261336417646564
0.27905579348162785;0.0;N;1.7759755263698251;0.1488113865240374;0.39460023132349237
0.1697651422745121;0.0;N;2.014887630810537;0.16062564982571836;0.0
0.1335995114392931;0.8;N;0.5548173675390756;0.19761980763906292;0.1315334104411641
0.538205607028233;0.0;N;0.4031641762437017;0.22784664504741114;0.5261336417646564
0.27905579348162785;0.0;Y;1.1385654977252688;0.04936475059714196;0.1315334104411641
0.8184210323627733;0.0;N;1.1129011115060516;0.5834373241791114;0.0
0.27905579348162785;0.8;N;0.5258866048919583;0.1488113865240374;0.0
0.5261752017092473;0.4;N;1.8641676899231348;0.7880486547199186;0.1315334104411641
0.40616880803243693;0.0;N;1.317749576055803;0.5254506972615925;0.39460023132349237
0.27905579348162785;0.4;N;0.32150476554619273;0.3725663732982988;0.1315334104411641
0.9064135252873857;0.0;N;1.6471869700697535;0.6439130015695073;0.1315334104411641
0.360912159569572;0.4;N;0.7102035604663356;0.3767431330514183;0.6576670522058206
0.3720743913088372;0.0;N;1.7447116377027785;1.0202782124482639;0.0
0.1939189715103108;0.0;N;1.698049117304202;0.13490501409601705;0.0
0.653254109440853;0.4;N;1.1721625124122437;0.46992112385384166;0.2630668208823282
0.2821564134092015;0.8;N;0.3355035216657657;0.2507442386939772;0.5261336417646564
0.27905579348162785;0.0;Y;2.1012132935479033;0.2127413934002543;0.2630668208823282
0.5298897443824804;0.0;N;1.1259666172176532;0.44938392156275725;0.1315334104411641
0.1085216974650775;0.4;Y;1.0060439397933114;0.1522016474986454;0.2630668208823282
0.5261752017092473;0.0;N;0.38869879492014286;0.5357583436523268;0.0
0.5138967467960556;0.0;N;1.8352369272760172;0.40925286800482874;0.0
0.6768498270896883;0.4;Y;0.7396009483174389;0.8958193490797944;0.6576670522058206
0.27905579348162785;0.4;Y;1.0597058382516742;0.10619135707822758;0.2630668208823282
0.43408678986031;0.0;N;1.335481333807262;0.1594663752392409;0.39460023132349237
0.11757550765359254;0.0;N;1.6602524757813548;0.17834704477823987;0.39460023132349237
0.4928094306686272;0.4;Y;0.24637810770448443;0.2516476867455761;0.0
0.43408678986031;0.0;N;2.0102213787706797;0.44715136888971924;0.39460023132349237
0.360912159569572;0.0;N;0.6574749124159439;0.3767431330514183;0.1315334104411641
0.1515086921409585;0.0;N;1.8860990745104658;0.24355088879416265;0.1315334104411641
0.24314441348046995;0.0;Y;0.5459514886633462;0.20572436243001785;0.2630668208823282
0.5891177862389921;0.0;N;1.0872367252868345;0.1518556477040968;0.5261336417646564
0.2976595130470697;0.8;Y;1.6896498636324584;0.2392174259653055;0.1315334104411641
0.13952789674081392;0.0;N;1.6826504855726718;0.2560273176867043;0.0
0.5922184061665658;0.0;N;1.961225732352174;0.554885218261773;0.2630668208823282
0.33176013101052465;0.0;N;0.6397431546644851;0.435956161051447;0.1315334104411641
0.27905579348162785;0.0;Y;1.1796285156760162;0.165385813414354;0.0
0.3410681920331007;0.0;N;1.5669274349842017;0.11151888872832716;0.39460023132349237
0.2883576532643488;0.0;N;0.2893076264711748;0.3837541226370119;0.1315334104411641
0.8602514958056694;0.0;N;1.6448538440498248;0.5356184967855928;0.2630668208823282
0.15472093438592477;0.0;N;1.9392943477648432;0.2974841195412703;0.0
0.12402479710294571;0.0;N;2.23606797749979;0.1488113865240374;0.0
0.024711940822761933;0.4;N;0.5772153773303923;0.1027408314271817;0.1315334104411641
0.8991797789963565;0.4;Y;0.5571504935590044;0.3438798652189046;0.5261336417646564
0.15935636117764737;0.0;N;1.8963648289981525;0.1384034233142326;0.5261336417646564
0.1290850088247459;0.0;N;1.803506413404985;0.1921900199600075;0.6576670522058206
0.3100619927573643;0.0;N;1.7811084036136684;0.18196024030467062;0.2630668208823282
0.15503099637868215;0.0;N;0.14045418639971544;0.1488113865240374;0.2630668208823282
0.2694314692264393;0.8;N;0.6696071677195742;0.16024108958844901;0.0
0.15935636117764737;0.0;N;1.9159630875655547;0.30491778229688044;0.1315334104411641
0.728645682979806;0.0;N;0.42556218603501855;0.4453322408472445;0.5261336417646564
0.24804959420589143;0.0;Y;0.5146875999962998;0.1338943874057533;0.6576670522058206
0.8116802846402282;0.0;N;1.6905831140404297;0.6753317072074063;0.2630668208823282
0.08467793022203618;0.0;N;1.5207315397896108;0.23153860232918644;0.1315334104411641
0.4000047756164205;0.0;N;1.6663186034331698;0.41435783802808357;0.39460023132349237
0.7119023353709084;0.0;N;1.0433739561121724;0.7144639930893701;0.2630668208823282
0.5484624577486465;0.0;N;0.5058217211205702;0.3093978792270703;0.0
0.32208309621656733;0.4;Y;0.8109946045272612;0.339382017059764;0.0
0.015503099637868214;0.8;N;0.39383167216398646;0.03160636148680711;0.1315334104411641
0.28506789552119316;0.0;N;1.3140165744239165;0.37979738862088697;0.39460023132349237
0.687345425544525;0.4;N;1.132499370073454;0.49335147812391733;0.6576670522058206
0.22041686941135513;0.0;N;0.5268198552999296;0.09564056360186524;0.9207338730881487
0.15503099637868215;0.0;N;1.7839081548375826;0.3192913551372854;0.1315334104411641
0.13952789674081392;0.0;Y;0.13578793435985786;0.20475013321760274;0.0
0.5891177862389921;0.8;Y;1.5025331568341662;0.4968747241456648;0.0
0.27905579348162785;0.0;N;0.9691805486784358;0.2979813777068783;0.0
0.5261752017092473;0.4;N;1.4026753631812123;0.2676998694967616;0.9207338730881487
0.3281696131343944;0.8;Y;0.28510799963530287;0.14364018502469744;0.2630668208823282
0.4928094306686272;0.4;Y;0.819393858199005;0.41965188101516254;0.0
0.8116802846402282;0.0;N;1.147898001804984;0.20234849635955898;0.2630668208823282
0.5581115869632557;0.0;N;1.9808239909195764;0.17678075987082004;0.2630668208823282
0.1649529801469178;0.0;N;0.03919651713480433;0.3138928185713829;0.1315334104411641
0.20580054707277298;0.0;N;1.3000178183043436;0.2187319856611616;0.39460023132349237
0.34454088635198316;0.0;Y;1.3116834484039879;0.1803160886618534;0.1315334104411641
0.10938987104479812;0.4;N;0.5030219698966557;0.17738922426485484;0.1315334104411641
0.44865970351990614;0.0;N;1.6807839847567287;0.7688612916790476;0.5261336417646564
0.5581115869632557;0.0;N;1.6625856018012841;0.5057538441158366;0.39460023132349237
0.14448888862493176;0.0;N;0.6462759075202859;0.26348581724584635;0.2630668208823282
0.1853860654696281;0.0;N;1.0480402081520301;0.17315093189037237;0.2630668208823282
0.43408678986031;0.0;Y;1.8669674411470492;0.3725663732982988;0.2630668208823282
0.20895697815904293;0.0;Y;1.755910642598437;0.14957081094914923;0.1315334104411641
0.14448888862493176;0.0;N;2.107279421199719;0.09781605875327579;0.2630668208823282
0.1649529801469178;0.0;N;0.502088719488684;0.3924557303176761;0.2630668208823282
0.5814282488186095;0.0;N;1.9262288420532416;0.44606653012884206;0.2630668208823282
0.19769552658209547;0.0;N;1.5183984137696822;0.36640065546774286;0.0
0.9912681908452937;0.0;N;1.3144831996279027;0.3509367245767868;0.39460023132349237
0.272705723869957;0.4;N;0.6504755343561576;0.2431664031418889;0.0
0.10224604273166844;0.0;N;1.4134077428728848;0.09122326723796337;0.0
0.7441487826176744;0.0;Y;1.3513465907427782;0.3725663732982988;0.0
0.3100619927573643;0.4;Y;1.8301040500321737;0.32781537594344656;0.2630668208823282
0.12402479710294571;0.0;N;0.22677984913708218;0.10323167528316884;0.1315334104411641
0.2376067062898234;0.8;N;0.3005066313668333;0.3227137622449934;0.1315334104411641
0.29455889311949607;0.0;N;1.0177095698929555;0.1562698860831794;0.0
0.0;0.0;Y;1.8762999452267646;0.04936475059714196;0.1315334104411641
0.1364272768132403;0.0;N;1.8623011891071914;0.16074498581866464;0.1315334104411641
0.2821564134092015;0.0;Y;1.5557284300885432;0.12519277972508905;0.2630668208823282
0.4893398369696723;0.0;Y;1.3471469639069058;0.4168698606796026;0.6576670522058206
0.3100619927573643;0.0;N;1.9425607241927434;0.39032468782363805;0.1315334104411641
0.5891177862389921;0.8;Y;0.9621811706186492;0.1488113865240374;0.5261336417646564
1.4056970503647868;0.0;N;1.4493378835797888;0.6279996214951175;0.1315334104411641
0.4933892465950835;0.0;Y;2.0419518926417113;0.3706490914016258;0.1315334104411641
0.12402479710294571;0.4;Y;0.3023731321827763;0.07422639093261692;0.7892004626469847
0.43408678986031;0.0;N;2.006488377138793;0.2793351288090232;0.39460023132349237
0.07751549818934107;0.8;N;0.8352591151345208;0.11314029194748904;0.1315334104411641
0.2318767606636673;0.8;N;0.5109545983644138;0.28707839388133327;0.2630668208823282
0.687345425544525;0.0;N;1.7703760239219957;0.6642510619223626;0.0
0.2673819594543131;0.0;N;1.5015999064261947;0.14319513635600345;0.39460023132349237
0.24613031047072334;0.4;Y;0.24031198005266938;0.22185746990142005;0.2630668208823282
0.15503099637868215;0.0;Y;1.1968936482234893;0.1488113865240374;0.1315334104411641
0.4928094306686272;0.0;Y;0.42136255919914667;0.17964586789146886;0.0
0.1557658433015171;0.0;N;1.7470447637227071;0.1494006079892096;0.0
0.9629812352460394;0.0;N;1.807706040240857;0.3184445170973404;0.0
0.945397619636769;0.0;N;1.918762838789469;0.3609839201629159;0.1315334104411641
0.08331365745390379;0.0;N;0.35276865421323894;0.09130635492305222;0.2630668208823282
0.18496128053955052;0.0;N;1.5851258179396468;0.2593948302376569;0.2630668208823282
0.2976595130470697;0.0;N;1.8665008159430636;0.26317502156921685;0.1315334104411641
0.20934455564998966;0.0;N;1.2720203060651978;0.28872165050420345;0.0
0.12402479710294571;0.0;N;0.004199626835871886;0.12394974618856243;0.0
0.020107520230315076;0.0;N;1.9598258567402165;0.0488227414341791;0.39460023132349237
0.8318467166491672;0.4;N;1.2010932750593615;0.21812359585212235;0.0
0.0930185978272093;0.0;N;0.11199004895658374;0.19853474177998287;0.0
0.7779734454075752;0.0;Y;0.9038530201204283;0.43208355891034933;0.1315334104411641
0.11757550765359254;0.0;N;1.4899342763265504;0.5953269183263398;0.1315334104411641
0.37728343278716087;0.0;Y;0.11199004895658374;0.2802514800648594;0.1315334104411641
0.12402479710294571;0.4;Y;1.3938094843054825;0.1861038843197476;0.2630668208823282
0.3410681920331007;0.0;N;1.5267976674414259;0.5963213600725602;0.1315334104411641
0.2954270666992167;0.0;N;0.41856280797523193;0.15668756205849135;0.1315334104411641
0.07441487826176743;0.0;Y;1.1227002407897528;0.12643588784661125;0.0
0.2015402952922868;0.0;Y;1.6831171107766574;0.1800889773502775;0.6576670522058206
0.49609918841178285;0.0;N;1.2122922799550195;0.4524789005398189;0.0
0.4893398369696723;0.4;N;0.055061774070320355;0.35726578354768807;0.0
0.030330264131525377;0.4;Y;0.22444672311715333;0.1471854336201444;0.0
0.5273658397614355;0.0;N;1.06017246345566;0.3354305039933306;0.1315334104411641
0.14299438981984128;0.0;N;1.6947827408763017;0.29861005463471835;0.0
0.15472093438592477;0.0;N;2.066216403248971;0.2974841195412703;0.0
0.18541707166890384;0.0;N;1.7288463807672625;0.25994302995525387;0.0
0.4371874097878837;0.0;N;1.7027153693440598;0.23427333577754145;0.5261336417646564
0.11112621820423937;0.0;N;1.3107501979960163;0.13640044325762501;0.0
0.703716698762114;0.0;N;1.6933828652643441;0.5887634387142947;0.6576670522058206
0.09535026401274466;0.0;N;1.2127589051590055;0.12122090495485913;0.5261336417646564
0.3193607519201576;0.0;Y;0.2963070045309614;0.4210428911829425;0.0
0.5891177862389921;0.4;Y;0.6453426571123142;0.3311302314875116;0.2630668208823282
0.23361310782310854;0.0;N;1.8128389174847006;0.2353962874711659;0.2630668208823282
0.18541707166890384;0.0;N;0.4115634299154455;0.2475477495379157;0.0
0.8960791590687828;0.0;Y;1.6299218375222801;0.24742930856491654;0.6576670522058206
0.6284150432010605;0.0;N;1.6299218375222801;0.3521367225708572;0.0
0.4893398369696723;0.8;N;0.9687139234744498;0.31256274434500103;0.5261336417646564
0.38953088150107673;0.0;N;1.743778387294807;0.5616393371225498;0.0
0.4371874097878837;0.0;N;0.5977468863057662;0.2811997536988087;0.0
1.4988117674097508;0.8;N;0.8413252427863359;0.3063044665349161;0.1315334104411641
0.7119023353709084;0.0;N;1.0475735829480446;0.2745731751804934;1.0522672835293128
0.7241807902841001;0.0;N;1.0909697269187206;0.36295982586612385;0.5261336417646564
0.15935636117764737;0.0;N;1.594458322019362;0.13047414326291754;0.5261336417646564
0.8836766793584881;0.0;Y;1.0629722146795748;0.6282863262181707;0.1315334104411641
0.6081152845352359;0.0;N;1.4190072453207139;0.18051179969028527;0.1315334104411641
0.5447479150754133;1.2;N;0.7923295963678303;0.8652468848018755;0.0
0.1649529801469178;0.0;N;2.1292108057870496;0.13432056607056267;0.1315334104411641
0.6376114819062438;0.0;N;0.6546751611920295;0.22940576979525415;0.39460023132349237
0.4100259792223385;0.4;N;1.3728113501261232;0.2118207907996694;1.3153341044116411
0.3461284037549009;0.0;N;1.398942361549326;0.5036370473559565;0.2630668208823282
0.5077575193394598;0.0;N;1.7209137522995046;0.5180369486998053;0.2630668208823282
0.07429085346466448;0.8;N;0.3070393842226339;0.10095765335258201;0.2630668208823282
0.2821564134092015;0.0;N;1.2281575368905358;0.30096477753053513;0.2630668208823282
0.12402479710294571;1.2;N;0.8198604834029907;0.12394974618856243;0.0
0.0930185978272093;0.0;N;0.24124523046064086;0.19853474177998287;0.2630668208823282
0.5891177862389921;0.0;Y;1.2948849410605003;0.2127413934002543;0.39460023132349237
0.24804959420589143;0.0;N;1.9616923575561596;0.2681473794703101;0.2630668208823282
0.3069861777892112;0.0;N;0.18431695557437747;0.27065343532218183;0.5261336417646564
0.687345425544525;0.0;N;1.058305962639717;0.34523843091360235;0.5261336417646564
0.31179833991680556;0.0;Y;1.1968936482234893;0.5493825610420248;0.0
0.1649529801469178;0.0;N;0.7661985849446277;0.21390372597155097;0.0
0.09535026401274466;0.0;N;1.918762838789469;0.20227391136396755;0.39460023132349237
0.5891177862389921;0.0;Y;0.9136521494041295;0.7454913512554011;0.5261336417646564
0.5373188297289468;0.0;Y;0.769464961372528;0.3034409993841703;0.2630668208823282
0.5445928840790346;0.0;N;1.8119056670767288;0.2126561427502933;0.0
0.4928094306686272;0.0;N;1.8511021842115332;0.22873801032972418;0.2630668208823282
0.12914702122329738;0.0;N;1.2146254059749486;0.0959530001483977;0.39460023132349237
0.13425684286393874;0.4;N;0.36163453308896853;0.15865660594210487;0.2630668208823282
0.14448888862493176;0.0;N;1.588392194367547;0.08407161035068443;0.2630668208823282
0.14448888862493176;0.0;N;0.6682072921076168;0.16850182536017236;0.1315334104411641
0.14448888862493176;0.0;N;0.9957781853056242;0.42179247038863626;0.2630668208823282
0.5373188297289468;0.4;Y;0.8973202672646277;0.6831905044378874;0.39460023132349237
0.18305439928409273;0.4;N;1.0816372228390052;0.20560935236681588;0.1315334104411641
0.5445928840790346;0.0;N;1.643920593641853;0.23040737170105136;0.39460023132349237
0.7441487826176744;0.0;N;1.654652973333526;0.46579761778757434;0.39460023132349237
0.27905579348162785;0.0;Y;1.843636180947761;0.414002515109086;0.0
0.36858929451024436;0.0;N;0.5711492496785776;0.213246184650417;0.1315334104411641
0.2821564134092015;0.0;Y;1.195960397815518;0.5018470074617624;0.0
0.3590207814137521;0.4;N;1.3756111013500376;0.6251111683708483;0.1315334104411641
0.5846932016023445;0.8;Y;0.45075994705024985;0.24648416750078206;0.2630668208823282
0.12402479710294571;1.6;N;0.7466003263772254;0.08843304255288834;0.0
0.14927624579310547;0.8;N;1.1688961359843433;0.17664829691864967;0.1315334104411641
0.9590217435985278;0.0;N;1.2869523125927422;0.4759411771880076;0.2630668208823282
0.34253788587877065;0.0;N;0.4894898389810683;0.1280064240987798;0.9207338730881487
0.5829661563026861;0.0;N;1.426939873788472;0.36886695751696436;0.1315334104411641
0.168034996354926;0.0;Y;1.6028575756911057;0.1193391255160876;0.2630668208823282
1.0342427830414644;0.0;Y;1.1987601490394324;0.6402519224759068;0.0
0.7441487826176744;0.0;N;1.1320327448694678;0.7454913512554011;0.0
0.2058811631908899;0.0;N;1.311216823200002;0.14959646818763267;0.1315334104411641
0.6312490098148628;0.4;N;0.8366589907464782;0.796164397260212;0.1315334104411641
0.5240295727193662;0.0;N;1.7713092743299672;0.8897288129247946;0.2630668208823282
0.12402479710294571;0.0;N;1.3564794679866214;0.1861038843197476;0.1315334104411641
0.06928645290156063;0.0;N;1.566460809780216;0.07274826548998614;0.0
0.8150506585015007;0.0;N;1.2136921555669768;0.678034219937666;0.0
0.34454088635198316;0.0;N;0.5944805098778657;0.2254847619920176;0.0
0.02164232709446403;0.4;N;0.3135721370784346;0.041856502845940426;0.5261336417646564
0.2027402352042578;0.0;N;0.563683246414805;0.18706603076287695;0.2630668208823282
0.33038345576268197;0.0;Y;1.9299618436851276;0.2894140230182786;0.0
0.3281696131343944;0.8;N;0.8035286012634888;0.26963907938213855;0.1315334104411641
0.18541707166890384;0.4;Y;0.524020104076015;0.5202446645693114;0.0
0.18449928817034203;0.4;N;0.09192516518519582;0.23527575811829016;0.39460023132349237
0.5829661563026861;0.0;N;0.5963470106938088;0.5466422337190003;0.0
0.43408678986031;0.0;N;1.6397209668059813;0.3192913551372854;0.2630668208823282
1.33636718878424;0.0;N;0.4600924511299651;0.657481056457525;0.39460023132349237
0.4294730674080804;0.0;N;1.7139143742397178;0.3073293389593379;0.5261336417646564
0.23837566003186167;0.0;N;0.3504355281933101;0.2156395425739501;0.2630668208823282
0.12402479710294571;0.0;N;2.2132033425044875;0.27588214185312276;0.1315334104411641
0.5298897443824804;0.8;Y;0.5804817537582926;0.7933047339442415;0.1315334104411641
0.4709221545998849;0.0;Y;1.289285438612671;0.18829481856524558;0.1315334104411641
0.08752119869562121;0.4;N;1.3681450980862657;0.11368782040012566;0.0
0.21396757996200194;0.0;N;0.6649409156797164;0.3270197777954728;0.0
0.48979872871895325;0.0;N;1.088169975694806;0.19237819790388466;0.2630668208823282
0.08482055873870457;0.4;N;0.6084792659974387;0.13895125010685158;0.1315334104411641
0.599576177254698;0.8;Y;0.20998134179359465;0.30301288150947553;0.5261336417646564
0.18449928817034203;0.0;N;1.887032324918437;0.2156395425739501;0.2630668208823282
1.1372267733158952;0.0;Y;1.5468625512128138;0.7021835735652427;0.5261336417646564
0.12402479710294571;0.0;N;1.744245012498793;0.24825802245093279;0.2630668208823282
0.97090331916099;0.0;Y;0.16378544659900374;0.3343746787957384;0.2630668208823282
0.22400738728748543;0.0;N;0.7433339499493251;0.13595957134868414;0.0
0.1649529801469178;0.0;N;0.47875745928939567;0.1174856883756408;0.1315334104411641
0.27751788599755134;0.8;N;0.4194960583832035;0.21168437484273267;0.1315334104411641
0.43408678986031;0.0;Y;0.3523020290092533;0.1717605929875527;0.0
0.15068082662029633;0.4;N;0.6280775245648409;0.14532327003521342;0.1315334104411641
0.2015402952922868;0.0;N;1.5109324105059099;0.06956482870815314;0.39460023132349237
0.7139549457629621;0.0;Y;0.7745978386163714;0.5116397190429335;0.0
0.1200622048355066;0.8;N;0.5968136358977945;0.14499860154940397;0.0
0.8743748195757673;0.0;N;2.0242201348902524;0.48361515279941325;0.5261336417646564
0.4100259792223385;0.0;N;0.20578171495772274;0.2788248182691867;0.1315334104411641
0.0930185978272093;0.0;Y;1.1446316253770839;0.19853474177998287;0.0
0.42348266970800813;0.0;N;1.6910497392444155;0.546274828030717;0.5261336417646564
0.27905579348162785;0.0;N;0.8543907484979374;0.3725663732982988;0.0
0.5891177862389921;0.0;N;1.3457470882949487;0.5963213600725602;0.39460023132349237
0.5316943051803282;0.0;Y;1.714380999443704;0.30043440362688456;0.0
0.2006473167531456;0.0;Y;0.2921073776950894;0.12347240221677734;0.0
0.27905579348162785;0.0;Y;1.927628717665199;0.165385813414354;0.0
0.004092818304397209;0.0;N;1.708314871791889;0.08407161035068443;0.39460023132349237
0.4095546849933473;0.0;N;1.134365870889397;0.4235467094849465;0.39460023132349237
0.36277253152611627;0.0;N;0.25244423535629934;0.4732561173467164;0.2630668208823282
0.5538017252639283;0.0;N;2.0298196373380812;0.28099091571115276;0.2630668208823282
0.5445928840790346;0.8;Y;0.9089858973642718;0.3073293389593379;0.1315334104411641
0.24804959420589143;0.8;Y;0.7624655833127413;0.22339638211545784;0.0
1.33636718878424;0.0;Y;1.2146254059749486;0.4107911835389018;0.0
0.13425684286393874;0.0;N;1.7745756507578676;0.17248399285979393;0.0
0.5521770004218798;0.0;N;1.643920593641853;0.3503512323613942;0.5261336417646564
0.5891177862389921;0.0;Y;1.5561950552925294;0.28650677447512063;0.2630668208823282
0.26037765903792426;0.0;N;1.0200426959128843;0.15540141839451294;0.0
0.2806991220432419;0.0;N;1.3200827020757315;0.2495757155680464;0.1315334104411641
0.04328465418892806;0.0;Y;1.74564488811075;0.05920997001520946;0.1315334104411641
0.45188434824458273;0.0;N;1.4054751144051267;0.3315232944142784;0.0
0.28506789552119316;0.0;N;1.9840903673474766;0.3037661899649489;0.1315334104411641
0.3097519307646069;0.0;Y;1.4824682730627785;0.20981810908304416;0.1315334104411641
0.06201239855147286;0.0;N;2.226735473420075;0.06357140221741336;0.0
0.6376114819062438;0.0;N;1.2556884239256958;0.6429817333145528;0.39460023132349237
1.3271149389203605;0.0;N;0.9757133015342363;0.32633560963091274;0.39460023132349237
0.5891177862389921;0.4;N;0.922984653483845;0.24825802245093279;0.1315334104411641
0.12402479710294571;0.0;N;0.8912541396128129;0.12394974618856243;0.2630668208823282
0.43408678986031;0.0;N;0.8184606077910334;0.55902886227685;0.39460023132349237
0.24804959420589143;0.0;N;1.4050084892011412;0.22339638211545784;0.1315334104411641
0.060251246432611025;0.0;N;2.1012132935479033;0.08744881895106395;0.39460023132349237
0.24804959420589143;0.4;Y;0.5310194821358016;0.22339638211545784;0.2630668208823282
0.1701310154259658;0.0;N;2.0554840235572986;0.1609189926133794;0.0
0.15472093438592477;0.4;N;0.524020104076015;0.21238621965124793;0.2630668208823282
0.3193607519201576;0.4;Y;0.5702159992706057;0.21034214326206946;0.6576670522058206
0.1860371956544186;0.0;N;1.1852280181238453;0.1375647150388071;0.0
0.36592276137253105;0.4;N;0.6341436522166557;0.10573109307043294;0.2630668208823282
0.4100259792223385;0.4;Y;0.8669896290055529;0.10573109307043294;0.39460023132349237
0.3565650904311138;0.0;N;0.7344680710735956;0.14531290272082623;0.1315334104411641
0.2318767606636673;1.6;N;0.6434761562963711;0.12124939642317506;0.1315334104411641
0.5599409527205241;0.0;N;0.8385254915624212;0.3550202530854171;0.39460023132349237
1.0342427830414644;0.8;N;0.5146875999962998;0.8004045542595845;0.39460023132349237
0.5273658397614355;0.0;Y;1.5860590683476183;0.2530671137966764;0.7892004626469847
0.06201239855147286;0.0;Y;0.5772153773303923;0.08251360437777523;0.5261336417646564
0.130226036958093;0.0;N;1.927628717665199;0.154778186171351;0.2630668208823282
0.15503099637868215;0.8;Y;0.5898142578380081;0.11151888872832716;0.1315334104411641
0.7105566663223414;0.0;Y;0.53008623172783;0.2969446462681576;0.1315334104411641
0.1795879062050654;0.0;Y;1.7806417784096824;0.16850182536017236;0.1315334104411641
0.10938987104479812;0.4;Y;0.9416496616432755;0.10198103407709189;0.39460023132349237
0.17554469781950935;0.4;Y;0.7186028141380794;0.1652598393568001;0.39460023132349237
0.2018317535654787;0.8;N;1.13623237170534;0.15966671053739948;0.39460023132349237
0.5891177862389921;0.0;N;1.3490134647228489;0.2979813777068783;0.2630668208823282
0.5521770004218798;0.0;Y;1.558061556108472;0.45217019324306595;0.0
0.08656930837785612;0.0;N;1.2612879263735253;0.11277191665426302;0.39460023132349237
0.37728343278716087;0.0;N;1.5277309178493976;0.21789365031071403;0.1315334104411641
0.4359223568574336;0.0;Y;1.7027153693440598;0.3740381590163043;0.1315334104411641
0.2922520318933813;0.0;Y;0.27064261831174424;0.221810928864171;0.1315334104411641
0.5261752017092473;0.0;Y;0.6145453936492538;0.4464055189338051;0.1315334104411641
0.07300099557479385;0.0;N;1.708314871791889;0.1664333596774355;0.1315334104411641
0.14448888862493176;0.0;N;2.1054129203837753;0.21071693286491636;0.0
0.27905579348162785;0.8;Y;0.980379553574094;0.1861038843197476;0.7892004626469847
0.4371874097878837;0.0;N;1.4194738705246999;0.2960185989628945;0.0
0.30695827220986305;0.4;Y;1.2038930262832757;0.20288364370292744;0.0
0.2821564134092015;0.8;Y;0.6444094067043428;0.4181460845391674;0.1315334104411641
0.15503099637868215;0.8;N;0.3056395086106767;0.17864538476060557;0.0
0.7361553844443894;0.0;N;0.9439827876632042;0.23089411338228097;0.2630668208823282
0.5891177862389921;0.0;N;1.3247489541155895;0.5963213600725602;0.39460023132349237
0.3069861777892112;0.0;Y;1.4502711339877603;0.32485584331837897;0.39460023132349237
0.10938987104479812;0.8;N;0.13998756119572978;0.2247886602281629;0.2630668208823282
0.5298897443824804;0.0;N;1.2426229182140947;0.26948692599113205;0.0
0.0930185978272093;0.0;N;0.06532752855800715;0.08027381696016488;0.39460023132349237
0.03509901758013364;0.0;N;1.0480402081520301;0.034978125382508454;0.1315334104411641
0.4100259792223385;0.8;Y;0.8086614785073322;0.15119810638296283;0.0
0.1829365757268449;0.0;N;0.9920451836737382;0.20549598317351692;0.0
1.020091553692018;0.0;Y;1.4502711339877603;0.6317417744789257;0.2630668208823282
0.43408678986031;0.0;Y;0.13998756119572978;0.2030550400227965;0.39460023132349237
0.7193438231970852;0.0;Y;1.377477602165981;0.22526100700524335;0.39460023132349237
0.5484314515493708;0.4;Y;0.5132877243843424;0.23194628391508915;0.6576670522058206
0.34454088635198316;0.0;N;0.34670252656142403;0.2254847619920176;0.1315334104411641
0.5484624577486465;0.0;N;1.6061239521190063;0.3978996891458939;0.0
0.14448888862493176;0.0;N;2.124544553747192;0.16850182536017236;0.2630668208823282
0.10542107753750386;0.0;N;0.18851658241024938;0.09340540045398155;0.2630668208823282
0.14448888862493176;0.4;N;0.36396765910889745;0.14035844521867494;0.0
0.3720743913088372;0.0;Y;1.5529286788646288;0.48444386668542955;0.2630668208823282
0.34044806804758604;0.4;N;0.41436318113936005;0.4960460102596485;0.0
0.4928094306686272;0.0;N;0.40083105022377286;0.27964838579050716;0.2630668208823282
0.37759349477991827;0.4;Y;0.9215847778718876;0.21805937817091814;0.1315334104411641
0.4682494202223164;0.0;N;1.8753666948187928;0.3427707117494646;0.1315334104411641
0.6957605080279601;0.0;N;1.6093903285469067;0.2910126778137851;0.2630668208823282
0.32893856687643264;0.0;N;1.9920229958152345;0.24702490871881985;0.1315334104411641
0.20245807879084857;0.0;N;1.562261182944344;0.1600971405469576;0.0
0.14882975652353486;0.8;N;0.6215447717090402;0.17988849288212777;0.7892004626469847
0.2821564134092015;0.0;N;1.5048662828540948;0.3762956230778698;0.1315334104411641
0.6382316058917586;0.8;N;0.7069371840384352;0.3573841499356916;0.1315334104411641
0.0930185978272093;0.4;N;0.8781886339012114;0.2127413934002543;0.0
1.0342427830414644;0.0;N;1.6593192253733835;0.8537887648541435;0.6576670522058206
0.43408678986031;0.0;N;0.9626477958226352;0.3725663732982988;0.0
0.27905579348162785;0.0;N;1.121766990381781;0.4968747241456648;0.0
0.14448888862493176;0.8;N;0.5594836195789333;0.23416973721866496;0.1315334104411641
0.7441487826176744;0.0;Y;0.8417918679903217;0.46579761778757434;0.9207338730881487
0.31179833991680556;0.4;N;0.7745978386163714;0.20579432315588259;0.1315334104411641
0.14448888862493176;0.0;N;1.6168563318106788;0.16200718769905825;0.39460023132349237
0.1649529801469178;0.0;N;2.0839481610004307;0.3138928185713829;0.5261336417646564
0.37728343278716087;0.4;N;0.6262110237488978;0.19606843973076138;0.2630668208823282
0.3281696131343944;0.8;N;0.4703582056176519;0.4316376898067038;0.2630668208823282
0.05160361745460814;0.0;N;0.8226602346269053;0.05193532247020027;0.1315334104411641
0.8991797789963565;0.0;N;1.774109025553882;0.4860652699045914;0.39460023132349237
0.15503099637868215;1.2;N;1.1231668659937384;0.12750140909363028;0.0
0.3441626107208192;0.0;Y;1.3228824532996464;0.6012837235842441;0.1315334104411641
1.519303764511085;0.0;N;0.44889344623430677;0.5733721536090448;0.1315334104411641
0.15503099637868215;0.0;N;2.014887630810537;0.2979813777068783;0.0
0.14448888862493176;0.0;N;2.1516088155783666;0.0699998829874379;0.1315334104411641
0.22041686941135513;0.0;Y;1.022375821932813;0.15084009840412402;0.2630668208823282
0.5891177862389921;0.4;Y;1.746111513314736;0.4968747241456648;0.0
0.8116802846402282;0.4;Y;1.4059417396091127;0.2699175051706813;0.1315334104411641
0.27905579348162785;0.4;Y;0.9052528957323857;0.1617826868623281;0.2630668208823282
0.2666533137713333;0.0;N;0.617345144873168;0.2042173725940932;0.2630668208823282
0.4881740038769046;0.0;N;1.6747178571049137;0.2494175953773926;0.6576670522058206
0.37728343278716087;0.0;N;0.33223714523786535;0.36339517848539094;0.0
0.13952789674081392;0.4;Y;0.9075860217523147;0.1021957642793996;0.2630668208823282
0.5261752017092473;0.0;N;1.124566741605696;0.5357583436523268;0.0
0.2848849589454663;0.0;Y;0.05739490009024922;0.15161578235827478;0.9207338730881487
0.15503099637868215;0.0;N;0.02706426183117434;0.15666242691497706;0.5261336417646564
0.2914582731919224;0.0;N;1.7503111401506077;0.5167640065800465;0.2630668208823282
0.3036127033080111;0.0;Y;0.10032441885693959;0.2679484612870678;0.1315334104411641
0.3281696131343944;0.0;N;0.31683851350633496;0.3752903665072886;0.0
0.31365251063349453;0.8;N;0.9659141722505354;0.3312701529392411;0.1315334104411641
0.7395226576857344;0.0;N;2.0265532609101813;0.4630155974520144;0.0
0.1701310154259658;0.0;N;1.9164297127695404;0.322196664470558;0.2630668208823282
0.3441626107208192;0.0;N;1.6877833628165153;0.23713180573358264;0.39460023132349237
0.4100259792223385;0.8;N;0.6052128895695383;0.2648656396642876;0.1315334104411641
0.12402479710294571;0.0;Y;1.4680028917392194;0.10619135707822758;0.2630668208823282
0.40730983616578403;0.0;N;1.6831171107766574;0.4051657594164101;0.39460023132349237
0.47426772350173685;0.0;Y;1.6355213399701092;0.3281358676695028;0.39460023132349237
0.0930185978272093;0.0;Y;0.25151098494832785;0.1189773882874692;0.1315334104411641
0.9605720535623146;0.0;N;1.7213803775034904;0.5296921222058898;0.0
0.5538017252639283;0.4;Y;0.8744556322693253;0.46855726262445696;0.0
0.6768498270896883;0.8;N;0.8665230038015672;0.3401890267120632;0.39460023132349237
0.24333045067612435;0.4;Y;0.5048884707125987;0.054634180535675814;0.7892004626469847
0.38953088150107673;0.0;N;2.00462187632285;0.4042799134237708;0.2630668208823282
0.4100259792223385;0.0;N;0.6957381791427768;0.4240001862581424;0.0
0.6182636135581845;0.0;N;1.2262910360745929;0.7805462991833687;0.0
0.13937286574443525;0.0;N;1.4652031405153048;0.08161030549616755;0.5261336417646564
0.3719131590726033;0.0;Y;1.2841525613688278;0.3227137622449934;0.0
0.15503099637868215;0.8;N;1.0051106893853397;0.1488113865240374;0.39460023132349237
0.272705723869957;0.0;Y;1.4218069965446285;0.2083771269682179;0.2630668208823282
0.15503099637868215;0.0;N;1.3424807118670485;0.08914339005090102;0.0
0.31998397652559996;0.0;Y;1.0653053406995034;0.2810754205111578;0.0
0.24184835435074414;0.0;N;1.1768287644521014;0.16372838564232148;0.39460023132349237
0.15503099637868215;0.0;N;1.13623237170534;0.2979813777068783;0.1315334104411641
0.17178984708721767;0.0;Y;0.3551017802331678;0.10804650967357299;0.0
0.19794667679622893;0.0;N;1.7031819945480453;0.10763025081317726;0.1315334104411641
0.5261752017092473;0.0;N;0.7064705588344496;0.5357583436523268;0.0
0.3720743913088372;0.0;N;2.0391521414177967;0.44037092152549884;0.0
0.20464091521986044;0.0;Y;1.7162475002596471;0.161597417733279;0.1315334104411641
0.1649529801469178;0.4;N;0.5277531057079013;0.26151759379718437;0.2630668208823282
0.15503099637868215;0.8;N;0.7535997044370117;0.06848908931673808;0.1315334104411641
0.217043394930155;0.0;N;1.1553640050687564;0.09908803126809189;0.2630668208823282
0.5561054858701157;0.0;N;1.1847613929198595;0.23502291498323524;0.5261336417646564
0.5271053876875194;0.0;N;1.4208737461366574;0.6709063556639807;0.1315334104411641
0.31179833991680556;0.4;Y;0.869322755025482;0.2745119408991128;0.1315334104411641
0.3976979143903057;0.4;Y;1.5403297983570132;0.34338872302293505;0.1315334104411641
0.9466316663679434;0.0;Y;1.2407564173981511;0.36144060409092227;0.0
0.6898135190068737;0.4;Y;0.5678828732506771;0.693210252745639;0.5261336417646564
0.27905579348162785;0.0;N;1.6317883383382232;0.1488113865240374;1.0522672835293128
0.7139549457629621;0.0;N;1.2192916580148063;0.5596395642207526;0.0
0.7131425833419378;0.0;Y;1.6154564561987212;0.3576493741800147;0.39460023132349237
0.3030266861416997;0.0;Y;1.189894270163703;0.26747857581484186;0.2630668208823282
0.3007570323547158;0.0;N;1.8203049207484725;0.3986673925055164;0.2630668208823282
0.12402479710294571;0.0;N;0.7974624736116737;0.15502677796165723;0.0
0.27905579348162785;0.0;N;1.1096347350781512;0.22565653123686466;0.0
0.11993818003840366;0.0;N;1.6999156181201451;0.09519260611834317;0.39460023132349237
0.662788515718142;0.0;N;1.8366368028879743;0.4388292496666242;0.2630668208823282
0.06201239855147286;0.4;N;0.3252377671780788;0.08914339005090102;0.2630668208823282
0.13425684286393874;0.0;Y;2.0872145374283306;0.1321540957036187;0.1315334104411641
0.8116802846402282;0.0;N;1.7190472514835613;0.6753317072074063;0.5261336417646564
0.12402479710294571;0.0;Y;1.2724869312691836;0.12394974618856243;1.183800693970477
0.3900548862688367;0.0;N;1.6649187278212128;0.5954394670846873;0.0
1.3271149389203605;0.4;N;1.1996933994474042;0.5101011051688782;0.2630668208823282
0.4278855500051627;0.0;N;1.7190472514835613;0.27560587902945216;0.39460023132349237
0.34454088635198316;0.0;N;0.5520176163151609;0.19184849526519437;1.183800693970477
0.3719131590726033;0.8;N;1.065771965903489;0.12079353293012028;0.39460023132349237
0.17518502590791085;0.0;Y;0.36630078512882625;0.18680751916815708;0.0
0.217043394930155;0.4;N;0.2323793515849114;0.42584139145931216;0.2630668208823282
0.17467652423978874;0.0;N;2.0433517682536686;0.10958959864736388;0.5261336417646564
0.0930185978272093;0.4;N;0.5174873512202142;0.08488137964782047;0.2630668208823282
0.2015402952922868;0.0;N;2.0298196373380812;0.22339638211545784;0.1315334104411641
0.37728343278716087;0.4;Y;0.29490712891900406;0.2451752008281526;0.2630668208823282
0.3486337046563804;0.0;Y;1.6266554610943798;0.16568116999689605;0.2630668208823282
0.27521102477143655;0.4;Y;0.9887788072458378;0.2451752008281526;0.39460023132349237
0.3640871943754075;0.8;N;0.21558084424142387;0.37979813447084293;0.2630668208823282
0.5891177862389921;0.0;Y;1.4311395006243441;0.3725663732982988;0.1315334104411641
0.31179833991680556;0.0;Y;1.633654839154166;0.11744310034315808;0.6576670522058206
0.12402479710294571;0.0;N;0.46989158041366624;0.1861038843197476;0.39460023132349237
0.6399059406526485;0.0;N;0.8310594882986491;0.35827916988278863;0.0
0.37728343278716087;0.0;N;0.7260688174018518;0.2451752008281526;0.1315334104411641
0.1085216974650775;0.4;N;0.32150476554619273;0.07422639093261692;0.2630668208823282
0.2563344506523682;0.0;N;1.4297396250123866;0.23003944391779887;0.2630668208823282
0.17467652423978874;0.8;Y;0.5940138846738797;0.0985948006922458;0.5261336417646564
0.20245807879084857;0.4;N;0.35183540380526745;0.11196043190222835;0.1315334104411641
0.998734483630891;0.0;Y;1.13623237170534;0.5894097922860901;0.1315334104411641
0.27905579348162785;0.0;Y;1.7246467539313908;0.1488113865240374;0.0
0.8730725592061864;0.4;Y;1.3256822045235608;0.21711632548666024;0.1315334104411641
1.269083736355892;0.0;N;1.08443697406292;0.8931696425264136;0.1315334104411641
0.10616522632012154;0.0;N;1.958892606332245;0.14310399349139072;0.39460023132349237
0.24804959420589143;0.0;N;1.691982989652387;0.22339638211545784;0.1315334104411641
0.06201239855147286;0.8;N;0.9710470494943789;0.08914339005090102;0.39460023132349237
0.31179833991680556;0.4;N;0.767131835352599;0.5493825610420248;0.0
0.27595517355405424;0.0;N;0.7008710563866204;0.36883712351872777;0.1315334104411641
0.14448888862493176;0.0;Y;1.4297396250123866;0.12025599886689292;0.0
0.6464172425005531;0.0;N;1.0713714683513185;0.428465888284183;0.0
0.14262851666838758;0.4;N;0.5389521106035595;0.13886674530684653;0.0
0.4893398369696723;0.0;N;1.4969336543863367;0.22722057859441674;0.39460023132349237
0.13016092393961395;0.4;Y;0.6182783952811397;0.08212762702558965;0.0
0.4709221545998849;0.8;N;0.7083370596503925;0.18539249263179663;0.1315334104411641
0.06201239855147286;0.0;N;1.961225732352174;0.24825802245093279;0.2630668208823282
0.8991797789963565;0.0;N;0.9150520250160868;0.3725663732982988;0.6576670522058206
0.17467652423978874;0.4;N;1.197826898631461;0.12333315203000816;0.1315334104411641
0.4709221545998849;0.0;N;0.39009867053210023;0.17212449318104325;0.2630668208823282
0.1140035934970277;0.0;Y;0.3956981729799295;0.07715676082440823;0.1315334104411641
0.12402479710294571;0.4;N;0.277175371167545;0.09287263983047205;0.1315334104411641
0.15503099637868215;0.8;N;1.0923696025306777;0.22339638211545784;0.1315334104411641
0.05878775382679627;0.0;N;1.2738868068811409;0.06135518365840989;0.1315334104411641
0.23119152365967355;0.0;Y;0.2533774857642708;0.2624384947377516;0.0
0.8567012859885975;0.0;N;1.7232468783194335;0.355536157499923;0.7892004626469847
0.5261752017092473;0.8;Y;1.0984357301824927;0.4464055189338051;0.2630668208823282
0.4872221135591395;0.0;N;0.5118878487723851;0.35581033194371703;0.0
0.4933892465950835;0.0;N;2.0354191397859105;0.7416567874620551;0.0
0.15472093438592477;0.0;N;0.8058617272834179;0.09892230340788774;0.0
0.34454088635198316;0.0;N;0.9304506567476171;0.2254847619920176;0.0
0.19355309835885706;0.0;Y;1.2757533076970835;0.14179256551390676;0.6576670522058206
0.27905579348162785;0.0;N;0.4092303038955167;0.2127413934002543;0.0
0.024804959420589145;0.0;N;1.923429090829327;0.08354951538154447;0.39460023132349237
0.06727104994863775;0.0;N;1.2449560442340235;0.09420323615182298;0.5261336417646564
0.27905579348162785;0.4;Y;0.8324593639106062;0.2979813777068783;0.2630668208823282
0.43408678986031;0.4;Y;0.8959203916526707;0.09287263983047205;0.5261336417646564
0.12402479710294571;0.0;N;0.7130033116902503;0.1861038843197476;0.2630668208823282
0.86817357972062;0.0;Y;1.048506833356016;0.2700120043600956;0.1315334104411641
0.0930185978272093;0.8;N;0.5347524837676877;0.19853474177998287;0.0
0.5860171663114185;0.4;N;0.4843569617372249;0.5933379602489034;0.6576670522058206
0.3720743913088372;0.0;Y;0.39663142338790097;0.5383107913714564;0.39460023132349237
0.310303841111715;0.0;N;2.0536175227413556;0.32804808112969175;0.2630668208823282
0.291228827317282;0.8;N;0.46382545276185133;0.4556014013802537;0.0
0.9688041994700226;0.0;N;1.6616523513933124;0.2668669788509922;0.0
0.3410681920331007;0.4;N;0.9971780609175815;0.3576493741800147;0.1315334104411641
0.12129005032682577;0.0;Y;0.2468447329084701;0.12175694731817467;0.39460023132349237
0.19763661480347158;0.0;N;0.6892054262869763;0.10964083853933518;0.0
0.5445928840790346;0.0;N;1.2192916580148063;0.2659098296025675;0.2630668208823282
0.5445928840790346;0.0;N;1.1390321229292544;0.251386117166037;0.1315334104411641
0.43408678986031;0.8;N;0.824993360646834;0.24825802245093279;0.0
0.4402880297154573;0.4;Y;1.1040352326303218;0.14135288696489534;0.2630668208823282
0.47183993809844665;0.4;N;0.19784908648996466;0.6362675174264175;0.1315334104411641
0.004092818304397209;0.0;N;0.32663764279003615;0.01652743834309404;0.1315334104411641
0.5240295727193662;0.4;Y;0.7997955996316027;0.2614318210522542;0.1315334104411641
0.0637611481906244;0.4;Y;0.44796019582633534;0.05029952434688924;0.2630668208823282
0.2914582731919224;0.4;N;0.7148698125061933;0.25820273825311923;0.2630668208823282
0.6666332844283333;0.0;Y;1.1702960115963008;0.2793351288090232;0.1315334104411641
0.1085216974650775;0.0;N;1.4782686462269061;0.1455685800857136;0.2630668208823282
0.3795871933933481;0.0;N;0.8165941069750903;0.4934798389013301;0.2630668208823282
0.16887216373537087;0.0;N;1.124566741605696;0.1370142031863468;0.2630668208823282
0.5587193084690601;0.0;N;1.0041774389773683;0.23607083417129468;0.2630668208823282
0.33176013101052465;0.4;Y;0.4194960583832035;0.12430275697269663;0.0
0.12402479710294571;0.0;N;2.2332682262758756;0.12394974618856243;0.1315334104411641
0.27905579348162785;0.8;N;0.6784730465953035;0.27588214185312276;0.0
0.5177322136464642;0.0;Y;0.747533576785197;0.4885239642842626;0.1315334104411641
0.03100619927573643;0.0;N;1.582792691919718;0.09287263983047205;0.2630668208823282
0.3565650904311138;0.0;N;1.917362963177512;0.26601208563152334;0.0
0.3565650904311138;0.0;N;1.9224958404213555;0.46579015928801526;0.0
0.0930185978272093;0.0;Y;1.186161268531817;0.1488113865240374;0.39460023132349237
0.5891177862389921;0.0;N;1.281352810144913;0.7454913512554011;0.39460023132349237
0.15503099637868215;0.0;Y;1.2547551735177243;0.08914339005090102;0.1315334104411641
0.382256827150989;0.0;Y;0.9570482933748057;0.3972808574374719;0.0
0.16377474457443983;0.0;N;1.5249311666254828;0.1167771309175223;0.2630668208823282
0.7441487826176744;0.8;N;0.661674539251816;0.46579761778757434;0.0
0.3281696131343944;0.0;Y;0.8301262378906774;0.08604065423429794;0.2630668208823282
0.216854257114573;0.0;N;1.4787352714308921;0.1859617253181504;0.5261336417646564
0.34454088635198316;0.4;N;0.8833215111450547;0.2254847619920176;0.2630668208823282
0.4832006095130765;0.8;Y;0.6696071677195742;0.2745119408991128;0.7892004626469847
1.1372267733158952;0.4;N;0.3695671615567265;0.5400584669881545;0.2630668208823282
0.1866077097210921;0.0;N;1.0676384667194323;0.2090283285647266;0.1315334104411641
0.5077575193394598;0.4;Y;0.43582794052270535;0.2156395425739501;0.5261336417646564
0.24804959420589143;0.4;N;0.49508934142889754;0.1488113865240374;0.1315334104411641
0.7119023353709084;0.4;Y;0.719536064546051;0.3245607850758193;0.0
1.0529767286438643;0.0;N;0.9967114357135959;0.47373346131850147;0.0
0.8567012859885975;0.4;Y;0.279041871983488;0.711430845073654;0.1315334104411641
0.8319056284277911;0.0;N;1.5538619292726001;0.768427654514679;0.0
0.5445928840790346;0.0;Y;0.4194960583832035;0.2608859334695206;0.0
0.0930185978272093;0.0;Y;1.4801351470428492;0.1189773882874692;0.0
0.48902977497691497;0.0;N;1.9868901185713912;0.20140581660027904;0.2630668208823282
0.43408678986031;0.8;N;1.5314639194812836;0.3725663732982988;0.1315334104411641
0.19769552658209547;0.0;N;1.1124344863020657;0.12055105710945258;0.39460023132349237
0.2318767606636673;0.0;N;1.7703760239219957;0.35095328244580815;0.6576670522058206
0.13425684286393874;0.0;N;2.1838059546533843;0.198410408592332;0.39460023132349237
0.7441487826176744;0.0;N;1.644387218845839;2.071446845010653;0.0
0.2058811631908899;0.0;N;0.32710426799402176;0.218806570656753;0.1315334104411641
0.1798359557992713;0.4;N;0.4498266966422783;0.2814069508165617;0.0
0.12712541703051936;0.0;Y;0.27997512239145955;0.12643588784661125;0.39460023132349237
0.3102108225138878;0.4;Y;0.8917207648167985;0.2214773101788906;0.2630668208823282
0.1649529801469178;0.4;N;0.7848635931040582;0.1174856883756408;0.0
1.013155466914036;0.4;N;0.34716915176540986;1.1413308536530686;0.0
0.43408678986031;0.0;Y;0.5146875999962998;0.24825802245093279;0.1315334104411641
0.7906580815312789;0.4;Y;0.21651409464939542;0.3949418719757249;0.39460023132349237
0.15503099637868215;0.4;N;0.3103057606505342;0.3438798652189046;0.39460023132349237
0.27905579348162785;0.0;N;0.2095147165896088;0.1488113865240374;0.1315334104411641
0.5373188297289468;0.8;Y;1.0998356057944503;0.2844535241314844;0.39460023132349237
0.3569030580032193;0.0;N;1.3023509443242722;0.31067820526139256;0.0
0.2599249685284985;0.0;Y;0.4176295575672604;0.23291842474762772;0.5261336417646564
0.6870725709908987;0.0;Y;0.9668474226585069;0.2653843037236303;0.39460023132349237
0.11757550765359254;0.4;Y;0.3989645494078299;0.11877847010422687;0.5261336417646564
0.11008440990857461;0.4;N;0.8940538908367273;0.08448928632599637;0.39460023132349237
0.7119023353709084;0.0;N;1.0396409544802865;0.3570526942152833;0.1315334104411641
0.19833115366724807;0.0;N;0.6126788928333107;0.22030856329797305;0.2630668208823282
0.7119023353709084;0.0;Y;1.4633366396993617;1.1910123667264876;0.2630668208823282
0.11991957631883822;0.0;N;1.4390721290921018;0.14486136515751577;0.2630668208823282
0.11162231739265115;0.4;N;0.30377300779473354;0.11400503038637598;0.39460023132349237
0.27905579348162785;0.4;Y;1.065771965903489;0.2127413934002543;0.2630668208823282
0.4100259792223385;0.4;Y;0.8898542640008555;0.30275481742472926;0.0
0.2159023667968079;0.0;N;1.0429073309081869;0.29660901378799615;0.2630668208823282
0.3297664323970948;0.0;N;1.9416274737847719;0.2889193007425207;0.0
0.15503099637868215;0.0;Y;2.0400853918257686;0.22339638211545784;0.0
0.15503099637868215;0.4;Y;1.197360273427475;0.11151888872832716;0.39460023132349237
0.65618419527241;0.4;N;0.266909616679858;0.3001917786362257;0.2630668208823282
0.1772221332003267;0.8;Y;0.4796907096973674;0.2083457266850739;0.1315334104411641
0.2661572145829215;0.0;N;2.022820259278295;0.14260591489083121;0.1315334104411641
0.15503099637868215;0.8;N;0.5748822513104636;0.1539552153299953;0.7892004626469847
0.1457291365959612;0.4;N;0.39989779981580137;0.09411574795199423;0.0
0.5760641763439072;0.8;Y;0.8725891314533823;0.4864079133743384;0.2630668208823282
0.22521662905923914;0.4;Y;0.4199626835871893;0.16621989742005283;0.39460023132349237
0.44074072022488303;0.8;Y;0.2776419963715307;0.25181490630569203;0.5261336417646564
0.8567012859885975;0.0;Y;0.8221936094229193;1.0673256072323805;0.6576670522058206
0.5445928840790346;0.0;N;1.691982989652387;0.23040737170105136;0.1315334104411641
0.4928094306686272;0.0;N;0.6565416620079726;0.13227626592639743;0.39460023132349237
0.3036127033080111;0.4;Y;0.2571104873961569;0.2679484612870678;0.2630668208823282
0.4893398369696723;0.0;N;1.2790196841249841;0.5685893161817495;0.39460023132349237
0.6933296220047424;0.0;N;1.9691583608199321;0.4974642439508194;0.5261336417646564
0.37728343278716087;0.0;N;1.251488797089824;0.3270197777954728;0.39460023132349237
0.07131425833419379;0.0;Y;0.3159052630983635;0.040663142916477706;0.0
0.5271053876875194;0.0;N;1.186161268531817;0.6709063556639807;0.2630668208823282
0.15503099637868215;0.0;Y;1.090036476510749;0.12750140909363028;0.2630668208823282
0.05160361745460814;0.4;N;0.26317661504797196;0.09426842343796987;0.1315334104411641
0.4789341564927352;0.0;N;1.9742912380637756;0.4377323281364611;0.2630668208823282
0.23254649456802323;0.8;N;0.6612079140478304;0.12643588784661125;0.0
0.34454088635198316;0.8;N;0.6864056750630616;0.1803160886618534;0.39460023132349237
0.2556647167480123;0.4;N;0.850657746866051;0.11457187635287078;0.2630668208823282
0.43408678986031;0.4;Y;1.1422984993571546;0.2793351288090232;0.6576670522058206
0.05674134467459766;0.0;N;0.7316683198496808;0.08407161035068443;0.1315334104411641
0.8514953451302014;0.0;N;1.1530308790488275;0.8487796365502238;0.6576670522058206
0.8445716608319294;0.0;N;1.3560128427826357;0.4208795500425973;0.1315334104411641
1.1573497966458481;0.0;N;1.4698693925551625;0.31726077863230906;0.6576670522058206
0.43408678986031;0.0;Y;0.06346102774206414;0.1717605929875527;0.2630668208823282
0.15503099637868215;0.4;N;1.1017021066103931;0.22339638211545784;0.2630668208823282
0.0767465444473028;0.0;N;1.981290616123562;0.18478268570784118;0.0
0.1085216974650775;1.6;N;0.5809483789622786;0.1674576354218925;0.0
0.27905579348162785;0.0;N;0.4274286868509615;0.2127413934002543;0.39460023132349237
0.5298897443824804;0.4;Y;1.12736649282961;0.26948692599113205;0.0
0.3565650904311138;0.0;N;0.9295174063396456;0.23271577731460583;0.39460023132349237
0.15472093438592477;0.4;Y;0.5431517374394315;0.09892230340788774;0.39460023132349237
0.5891177862389921;0.0;Y;1.5515288032526715;0.2979813777068783;0.2630668208823282
0.34454088635198316;0.4;Y;0.4288285624629189;0.36099078198251033;0.1315334104411641
0.43408678986031;0.0;N;1.9224958404213555;0.3725663732982988;0.0
0.0217043394930155;0.8;Y;0.4050306770596448;0.07888795315708069;0.0
0.3100619927573643;0.4;N;0.3205715151382212;0.1488113865240374;0.0
0.3262968386981399;0.0;N;1.6079904529349494;0.21451330914051966;0.0
0.799959941314;0.4;Y;0.4017643006317444;0.5707493722390725;0.0
0.030330264131525377;0.0;N;1.849702308599576;0.05865901065277563;0.0
0.4056168976853288;0.8;Y;0.8851880119609978;0.2997245036388454;0.2630668208823282
0.5868047237730223;0.8;N;0.575815501718435;0.22827767173693395;0.39460023132349237
0.3640871943754075;0.0;N;1.2346902897463365;0.23723935729722548;0.1315334104411641
0.3332360260960497;0.0;N;1.7181140010755898;0.43773128394652283;0.1315334104411641
0.3515916960672857;0.8;Y;1.4008088623652692;0.2187685323090014;0.2630668208823282
0.43408678986031;0.0;N;0.3131055118744489;0.3192913551372854;0.39460023132349237
0.7441487826176744;0.0;N;1.7027153693440598;0.6211830004080351;0.1315334104411641
0.43408678986031;0.4;Y;0.7372678222975099;0.414002515109086;0.39460023132349237
0.07873094120094995;0.0;N;2.089547663448259;0.1756222311342985;0.1315334104411641
0.14448888862493176;0.0;Y;0.05786152529423489;0.04654707863368928;0.2630668208823282
0.3193607519201576;0.8;N;0.5380188601955881;0.4210428911829425;0.2630668208823282
0.5445928840790346;0.4;Y;0.9939116844896811;0.17271587761108764;0.0
0.5736146866011239;0.0;N;0.35416852982519625;0.4151864027441086;0.2630668208823282
0.2821564134092015;0.0;N;1.3868101062456961;0.4704591800120381;0.1315334104411641
0.5891177862389921;0.0;N;0.3779664152284704;0.2979813777068783;0.1315334104411641
1.1310999483390096;0.0;N;0.7256021921978658;0.7352810382839136;0.5261336417646564
0.049721541158570935;0.0;N;0.4694249552096804;0.10752441470443305;0.39460023132349237
0.7441487826176744;0.0;N;0.9747800511262649;1.331516327271561;0.1315334104411641
0.14448888862493176;0.8;Y;0.4675584543937374;0.08407161035068443;0.2630668208823282
0.7474323391209748;0.0;Y;0.33643677207373723;0.26714473337457467;0.2630668208823282
0.49977032240603003;0.0;Y;0.40643055267160216;0.5103517107540654;0.2630668208823282
0.29976793459781975;0.0;N;0.6439427815003568;0.3974777618258332;0.0
0.08656930837785612;0.4;N;1.0494400837639875;0.11277191665426302;0.5261336417646564
0.15472093438592477;0.4;N;0.8030619760595031;0.14856279473373118;0.6576670522058206
0.5891177862389921;0.8;N;0.42836193725893307;0.42584139145931216;0.39460023132349237
0.3100619927573643;0.0;Y;1.685450236796586;0.16372838564232148;0.5261336417646564
0.34787715339405245;0.0;N;1.7302462563792196;0.5059740936078181;0.2630668208823282
0.0930185978272093;0.4;N;0.13112168232000015;0.0659391774874586;0.0
1.058250883140667;0.8;N;0.5142209747923141;0.3271655914618541;0.2630668208823282
0.12402479710294571;0.0;N;0.18804995720626372;0.13282886615873427;0.1315334104411641
0.47199496909482536;0.4;N;0.9682472982704642;0.4836264151337475;0.1315334104411641
0.0930185978272093;0.0;N;0.08632566273736675;0.19853474177998287;0.1315334104411641
0.14448888862493176;0.4;Y;0.9472491640911046;0.10517916410305642;0.0
0.08371673804448836;0.4;N;0.868856129821496;0.09162953170894983;0.2630668208823282
0.12402479710294571;0.8;Y;0.854857373701923;0.12394974618856243;0.6576670522058206
0.687345425544525;0.0;N;1.7153142498516754;0.5756364794902048;0.2630668208823282
0.18444037639171815;0.0;N;1.8786330712466934;0.20694293208799047;0.0
0.27905579348162785;0.0;N;1.6453204692538104;0.4968747241456648;0.0
0.22521662905923914;0.0;N;1.9336948453170137;0.2050882270026186;0.0
0.0930185978272093;0.8;N;0.5011554690807125;0.09908803126809189;0.2630668208823282
0.13425684286393874;0.0;N;2.1385433098667654;0.15865660594210487;0.0
0.05674134467459766;0.0;Y;0.8021287256515315;0.08407161035068443;0.0
0.8991797789963565;0.0;N;0.9677806730664785;0.55902886227685;0.2630668208823282
0.46509298913604646;0.0;Y;0.3103057606505342;0.1252582653512183;0.2630668208823282
0.8567012859885975;0.0;N;0.9374500348074035;0.14199931512168618;0.0
0.10120423443600371;0.0;N;1.827770924012245;0.18671809175844298;0.0
0.5444440543225111;0.0;N;1.3914763582855538;0.2880242807954237;0.2630668208823282
0.43408678986031;0.4;Y;0.7018043067945918;0.1861038843197476;0.39460023132349237
0.4928094306686272;0.0;N;2.0256200105022097;0.314649259596671;0.5261336417646564
0.44865970351990614;0.0;N;1.4418718803160167;0.1534854044427649;0.39460023132349237
0.7441487826176744;0.0;N;1.3821438542058382;0.44359970598465137;0.0
1.0387076757371703;0.0;Y;0.28137499800341687;0.3672388416481992;0.0
0.40359529349255074;0.0;Y;2.002755375506907;0.5223554199445485;0.0
0.3281696131343944;0.0;Y;0.26644299147587236;0.2156395425739501;0.0
0.12402479710294571;0.0;N;1.3219492028916746;0.2327195065643854;0.39460023132349237
0.27771632567291604;0.0;N;1.4003422371612833;0.49472667627263184;0.2630668208823282
0.5445928840790346;0.8;N;0.39009867053210023;0.8141095471995079;0.1315334104411641
0.27905579348162785;0.0;N;1.6686517294530987;0.24825802245093279;0.5261336417646564
0.7335756686646482;0.0;Y;1.0783708464111048;0.4083506133131593;0.9207338730881487
0.3193607519201576;0.4;Y;0.6929384279188623;0.33676259201459335;0.0
0.49274431765014814;0.0;Y;0.8609235013537382;0.41959967151824856;0.2630668208823282
0.0930185978272093;0.4;N;0.3597680322730255;0.02450303567667141;0.2630668208823282
0.19432205210089537;0.0;N;1.4498045087837748;0.7739614882625845;0.0
0.662788515718142;0.4;Y;0.5179539764242002;0.4764739378115171;0.1315334104411641
0.1860371956544186;0.4;N;0.7731979630044141;0.09814990119354298;0.7892004626469847
0.3720743913088372;0.0;N;1.9126967111376545;0.6211830004080351;0.39460023132349237
0.1894695819142426;0.0;N;1.371411474514166;0.21178200660196184;0.0
0.35058089397089665;0.0;N;0.6901386766949478;0.2618993198046212;0.6576670522058206
0.43408678986031;0.0;N;1.4414052551120307;0.3192913551372854;0.5261336417646564
0.13425684286393874;0.0;N;1.6597858505773693;0.198410408592332;0.0
0.5891177862389921;0.4;Y;0.44049419256256306;0.3311302314875116;0.39460023132349237
0.09832685914321537;0.0;N;0.7563994556609265;0.12408496878556968;0.39460023132349237
0.1457291365959612;0.0;Y;0.9855124308179375;0.0798554697198926;0.7892004626469847
0.12402479710294571;0.8;N;0.2580437378041286;0.1861038843197476;0.2630668208823282
0.1860371956544186;0.0;N;2.0092881283627073;0.17367302685951233;0.1315334104411641
0.5077575193394598;0.0;N;1.8249711727883304;0.5180369486998053;0.0
0.6750669706313336;0.8;N;1.1576971310886852;0.36886956799181003;0.6576670522058206
0.48679732862906194;0.0;N;0.048529021214519616;0.3555184062709723;0.1315334104411641
0.1649529801469178;0.0;N;0.17451782629067636;0.1567671442487874;0.0
0.27905579348162785;0.4;N;0.5394187358075454;0.1488113865240374;0.39460023132349237
0.3332360260960497;0.0;N;1.6453204692538104;0.673625873773235;0.0
0.4893398369696723;0.0;Y;1.0718380935553042;0.103948511675798;0.0
0.27905579348162785;0.0;N;0.7018043067945918;0.1861038843197476;0.1315334104411641
0.12402479710294571;0.8;N;0.49508934142889754;0.24825802245093279;0.1315334104411641
0.3956763101975277;0.0;N;1.303284194732244;0.20491720360772753;0.1315334104411641
0.26975393369890693;0.0;N;1.6826504855726718;0.20634841508813126;0.39460023132349237
1.030500334788883;0.0;Y;1.610790204158864;0.8507879867265139;0.0
0.714668088346304;0.0;Y;1.3578793435985788;0.5975445540002594;0.2630668208823282
0.15195518141052908;0.0;N;1.8231046719723873;0.19969192798658378;0.1315334104411641
0.1674334760889767;0.4;N;0.6327437766046986;0.23831338123374196;0.39460023132349237
0.5261752017092473;0.0;Y;1.4246067477685431;0.6088652138011164;0.39460023132349237
0.07429085346466448;0.4;N;0.8413252427863359;0.10095765335258201;0.7892004626469847
0.7324222380515908;0.0;N;1.707381621383917;0.36692476423176373;0.39460023132349237
0.3565650904311138;0.0;Y;0.5515509911111753;0.23271577731460583;0.0
0.6182636135581845;0.8;N;0.5982135115097519;0.34671021663160784;0.2630668208823282
0.12402479710294571;0.4;N;1.1646965091484716;0.2190089943347881;0.0
0.0930185978272093;0.0;Y;0.7396009483174389;0.09908803126809189;0.39460023132349237
0.5891177862389921;0.0;Y;1.3578793435985788;0.12394974618856243;0.1315334104411641
0.2821564134092015;0.0;N;1.6989823677121734;0.15658068175980885;0.2630668208823282
0.2821564134092015;0.0;N;1.751711015762565;0.1879685092095331;0.39460023132349237
0.15472093438592477;0.0;N;0.8856546371649835;0.24784370280042245;0.0
0.9590217435985278;0.8;Y;1.0158430690770124;0.2161412758392936;0.9207338730881487
0.27771632567291604;0.4;N;1.3079504467721017;0.17645758308492243;0.2630668208823282
0.23938646212825068;0.4;N;1.1073016090582222;0.22392615933914367;0.2630668208823282
0.27905579348162785;0.0;Y;0.3672340355367978;0.1861038843197476;0.2630668208823282
0.7241807902841001;0.0;Y;0.8161274817711046;0.36295982586612385;0.39460023132349237
0.3441626107208192;0.0;N;1.6812506099607145;0.5636811013768649;0.0
0.33670561979500463;0.0;N;1.4834015234707496;0.2944833414136407;0.1315334104411641
1.0418796099230783;0.0;Y;1.0452404569281155;0.7370163327913436;0.2630668208823282
0.4928094306686272;0.0;Y;1.3042174451402158;0.22069953784486326;0.2630668208823282
0.25479654316829164;0.0;Y;1.0872367252868345;0.1524180185708561;0.2630668208823282
0.5395078673978139;0.0;N;0.9906453080617809;0.45709601010691014;0.2630668208823282
0.4030805905845736;0.0;N;0.2879077508592175;0.34770473296282384;0.1315334104411641
1.0752546828234808;0.0;N;1.0242423227487563;0.5318605317827192;0.39460023132349237
0.3968793507294263;0.0;N;1.7260466295433479;0.1579910840264426;0.5261336417646564
0.7007587073512087;0.0;N;0.5678828732506771;0.48859989180977464;0.2630668208823282
0.06201239855147286;0.0;N;1.339680960643134;0.07422639093261692;0.2630668208823282
0.04328465418892806;0.4;N;1.1875611441437743;0.06346482025871322;0.2630668208823282
0.31179833991680556;0.0;Y;0.6943383035308197;0.2745119408991128;0.6576670522058206
0.26723312969778956;0.0;Y;0.3975646737958725;0.07138246505071605;0.39460023132349237
0.4100259792223385;0.0;Y;0.13718780997181523;0.4076786770878762;0.6576670522058206
0.15503099637868215;0.0;Y;0.25524398658021386;0.19421097500055265;0.0
0.12576114426238696;0.0;N;1.038241078868329;0.1504820904252852;0.2630668208823282
0.5922184061665658;0.4;Y;1.3308150817674045;0.29947307761870673;0.1315334104411641
0.43408678986031;0.0;N;1.571127061820074;0.4860652699045914;0.0
0.0930185978272093;0.0;N;0.12925518150405713;0.09908803126809189;0.0
0.06201239855147286;0.0;N;0.9971780609175815;0.08914339005090102;0.2630668208823282
0.7119023353709084;0.0;N;1.8749000696148073;0.2549351695962591;0.2630668208823282
0.0930185978272093;0.0;N;0.25944361341608574;0.1352504917955965;0.1315334104411641
0.37139535554469855;0.4;N;1.2006266498553755;0.38683000785520205;0.0
1.3669889111889573;0.0;Y;1.6373878407860523;0.6110701700257855;0.1315334104411641
0.15503099637868215;0.0;N;0.1861834563903205;0.17864538476060557;0.1315334104411641
0.07429085346466448;0.4;N;0.6378766538485421;0.10095765335258201;0.0
0.6136746960653754;0.4;Y;0.8095947289153038;0.2581032418690003;0.0
1.153067840525869;0.0;N;1.8963648289981525;0.4065376758253187;0.39460023132349237
0.06201239855147286;0.4;N;0.2277130995450537;0.22339638211545784;0.0
0.4100259792223385;0.0;Y;1.676117732716871;0.13225351750274206;0.1315334104411641
0.3193607519201576;0.0;N;1.401275487569255;0.14010858548344365;0.1315334104411641
0.38035924775531393;0.0;N;1.8226380467684018;0.4944084220964433;0.0
0.15850369069756462;0.0;Y;1.9565594803123163;0.23956954172949266;0.5261336417646564
0.34454088635198316;0.8;N;0.6024131383456236;0.6018903979383847;0.1315334104411641
0.5670351711148126;0.4;N;0.7167363133221364;0.3193259625752398;0.1315334104411641
0.5445928840790346;0.0;N;1.401275487569255;0.2765605669730224;0.2630668208823282
0.30695827220986305;0.0;N;1.6275887115023513;0.40612589206465843;0.0
0.5149416557116478;0.0;Y;0.9360501591954464;0.26229544071620725;0.0
0.310303841111715;0.0;N;1.9756911136757325;0.14891714804778605;0.0
0.217043394930155;0.0;N;1.885165824102494;0.2127413934002543;0.1315334104411641
0.5891177862389921;0.0;N;1.2720203060651978;0.5323913531963433;0.1315334104411641
0.4100259792223385;0.0;N;1.4054751144051267;0.13225351750274206;0.5261336417646564
0.43408678986031;0.0;N;1.0489734585600017;0.44715136888971924;0.39460023132349237
0.5936756975325254;0.4;N;1.6518532221096112;0.37530737188628344;0.2630668208823282
0.34044806804758604;0.0;N;1.1922273961836318;0.2549351695962591;0.7892004626469847
0.1773151517981539;0.0;N;0.5501511154992179;0.14281691584335934;0.2630668208823282
0.012278454913191626;0.4;N;1.297684692284415;0.05170172226400793;0.0
0.3007601329746434;0.0;N;1.506732783670038;0.1531143440896976;0.5261336417646564
0.34454088635198316;0.0;Y;0.3672340355367978;0.16693278080791565;0.1315334104411641
0.43408678986031;0.0;N;0.8520576224780083;0.3725663732982988;0.9207338730881487
0.4928094306686272;0.0;Y;1.963092233168117;0.21320605792278882;0.1315334104411641
0.2821564134092015;0.0;N;1.788107781673455;0.2507442386939772;0.0
0.015503099637868214;0.0;N;2.07741540814463;0.052916413502209804;0.0
0.3795871933933481;0.0;N;1.4264732485844862;0.3947121501893034;0.0
0.13547538649547516;0.8;N;0.4661585787817801;0.1331311591458663;0.7892004626469847
0.8555013460766265;0.0;Y;0.7591992068848412;0.21288959378649444;0.2630668208823282
0.34454088635198316;0.0;N;0.19644921087800746;0.28194560365472293;0.39460023132349237
0.34454088635198316;0.0;Y;1.2169585319948775;0.24379642259964962;0.1315334104411641
0.2865375893668631;0.4;N;0.5193538520361575;0.30518032148136226;0.39460023132349237
0.3358963579939079;0.0;N;1.4316061258283297;0.2448022758501955;0.7892004626469847
0.43408678986031;0.0;N;1.8893654509383662;0.24825802245093279;0.39460023132349237
0.8712741996481936;0.0;Y;1.9336948453170137;0.7231158525779748;0.1315334104411641
0.2635526938437597;0.0;N;0.9668474226585069;0.12847004443137605;0.39460023132349237
0.2015402952922868;0.4;Y;0.5062883463245561;0.22339638211545784;0.2630668208823282
0.12402479710294571;0.0;N;0.18665008159430635;0.1199397584855853;0.39460023132349237
0.004092818304397209;0.4;N;0.49882234306078377;0.01652743834309404;0.0
0.12402479710294571;0.8;N;0.17311795067871918;0.1861038843197476;0.1315334104411641
0.03714542673233224;0.0;N;0.8520576224780083;0.16357921565113862;0.0
0.143825355960431;0.0;N;1.164229883944486;0.11979998620384699;0.39460023132349237
0.5261752017092473;1.2;Y;1.0671718415154463;0.3347144880356529;0.39460023132349237
0.3515916960672857;0.0;Y;1.1572305058846992;0.30641940201312257;0.1315334104411641
1.4548108700175533;0.0;N;1.7465781385187216;0.5953269183263398;0.1315334104411641
0.5891177862389921;0.0;N;1.223491284850678;0.2979813777068783;0.2630668208823282
0.27905579348162785;0.0;N;1.3998756119572975;0.2127413934002543;0.0
0.4709221545998849;0.0;N;0.8856546371649835;0.14168635648018457;0.1315334104411641
0.5467106074895675;0.4;N;0.18851658241024938;0.6944864020202082;0.0
0.36049667649927714;0.0;N;1.7428451368868356;0.3135597219810715;0.39460023132349237
0.27905579348162785;0.0;Y;0.4964892170408549;0.24825802245093279;0.5261336417646564
0.7481175761249685;0.4;Y;0.6098791416093959;0.4681843376464998;0.2630668208823282
0.5587193084690601;0.0;Y;1.1306328692575107;0.4725003475863886;0.2630668208823282
0.1453570622046524;0.0;N;0.7587325816808552;0.07034797116186305;0.39460023132349237
0.5891177862389921;0.0;Y;1.1073016090582222;0.2979813777068783;0.9207338730881487
0.0930185978272093;0.0;Y;0.34343615013352363;0.07422639093261692;0.1315334104411641
1.6666452234693845;0.0;Y;1.4535375104156605;0.40800916320334185;0.1315334104411641
0.12402479710294571;0.0;Y;0.47175808122960927;0.1861038843197476;0.1315334104411641
0.14448888862493176;0.0;N;2.134810308234879;0.1358191278019855;0.5261336417646564
0.12402479710294571;0.0;N;0.659808038435873;0.13776176859715963;0.0
0.43408678986031;0.4;Y;0.8221936094229193;0.44715136888971924;0.0
0.158435477059158;0.0;N;1.4003422371612833;0.22749109837342682;0.1315334104411641
0.7241807902841001;0.0;N;0.6131455180372964;0.259154591966857;0.5261336417646564
0.37728343278716087;0.0;Y;1.9817572413275475;0.4907090063151088;0.0
0.20464091521986044;0.0;Y;0.9626477958226352;0.2830643785885942;0.39460023132349237
0.2027402352042578;0.0;N;1.481068397450821;0.2807783484737172;0.0
0.025570812542699835;0.0;N;0.715336437710179;0.07969742411423439;0.5261336417646564
0.1085216974650775;0.4;N;0.9271842803197167;0.1338943874057533;0.2630668208823282
0.15472093438592477;0.0;N;1.7867079060614974;0.17834704477823987;0.5261336417646564
0.5445928840790346;0.0;N;0.5487512398872606;0.6919393244207612;0.0
0.09611921775478294;0.0;N;0.6210781465050544;0.050607784133668565;0.1315334104411641
0.14448888862493176;0.0;N;2.2127367173005017;0.09345276192618211;0.2630668208823282
1.0215364425782676;0.4;Y;1.1394987481332404;0.4599826731912849;0.2630668208823282
0.4100259792223385;0.0;N;0.6682072921076168;0.35327369624365285;0.1315334104411641
0.143825355960431;0.0;N;0.9841125552059801;0.10747600904229421;0.2630668208823282
0.18541707166890384;0.0;N;2.0718159056968;0.15739999793638063;0.5261336417646564
0.3100619927573643;0.0;N;1.0396409544802865;0.7593033736639984;0.1315334104411641
0.27905579348162785;0.4;Y;1.2855524369807847;0.4968747241456648;0.1315334104411641
0.14039607032053456;0.0;N;1.2687539296372974;0.09126488566550339;0.0
0.1085216974650775;0.4;Y;0.9173851510360155;0.041595455361370465;0.1315334104411641
0.7507065937644926;0.8;N;0.6346102774206417;0.6264412425972303;0.1315334104411641
0.015503099637868214;0.0;N;1.3938094843054825;0.04439239269604873;0.1315334104411641
0.1860371956544186;0.8;Y;0.11012354814064071;0.1156625327434041;0.0
0.1860371956544186;0.0;N;1.1371656221133113;0.1488113865240374;0.2630668208823282
0.7119023353709084;0.0;Y;1.2192916580148063;0.2974841195412703;0.1315334104411641
0.24184835435074414;0.4;N;0.2426451060725982;0.252082890194852;0.39460023132349237
0.38953088150107673;0.8;Y;0.45915920072199357;0.1682407778756024;0.39460023132349237
0.7069289410070803;0.8;Y;0.5898142578380081;0.17539318061283726;0.39460023132349237
0.37016440943345175;0.0;N;1.6359879651740954;0.6429817333145528;0.1315334104411641
0.662788515718142;0.0;Y;1.299084567896372;0.33342416761192134;0.7892004626469847
0.14262851666838758;0.8;N;0.2893076264711748;0.13886674530684653;0.2630668208823282
0.34044806804758604;0.0;Y;0.7778642150442717;0.3570526942152833;0.0
0.43408678986031;0.0;Y;0.6798729222072609;0.2793351288090232;0.5261336417646564
0.5077575193394598;0.0;N;0.8837881363490404;0.323638616190327;0.2630668208823282
0.14448888862493176;0.8;N;0.7130033116902503;0.14035844521867494;0.0
0.12402479710294571;0.0;N;1.4526042600076892;0.17722468976458017;0.5261336417646564
0.0930185978272093;0.0;Y;1.4064083648130983;0.19853474177998287;0.1315334104411641
0.6330163631735798;0.0;N;1.1763621392481158;0.4560120663659801;0.0
0.0930185978272093;0.0;N;0.7610657077007842;0.08251360437777523;0.39460023132349237
0.27905579348162785;0.0;Y;0.8315261135026348;0.3311302314875116;0.0
0.12325584336090746;0.0;Y;2.1460093131305373;0.2850839165142231;0.0
0.06201239855147286;0.0;N;0.845058244418222;0.07422639093261692;0.1315334104411641
0.22664911546577815;0.0;N;0.3000400061628475;0.3095345935239893;0.1315334104411641
0.07429085346466448;0.0;N;0.1091902977326692;0.07201017237361344;0.0
0.272705723869957;0.0;Y;0.11245667416056958;0.31728270662101293;0.0
0.0930185978272093;0.0;N;0.11152342375259806;0.12935439872410354;0.39460023132349237
0.5261752017092473;0.0;N;1.3961426103254115;0.6697875807301092;0.2630668208823282
0.5891177862389921;0.0;Y;1.1539641294567988;0.42584139145931216;0.0
0.1649529801469178;1.2;N;0.8959203916526707;0.1174856883756408;0.0
0.2868817581788237;0.0;N;1.6476535952737394;0.19081019754156625;0.0
0.0930185978272093;0.4;N;0.6192116456891115;0.165385813414354;0.1315334104411641
0.3100619927573643;0.0;Y;1.3060839459561586;0.2731197373714033;0.2630668208823282
1.33636718878424;0.4;N;0.5328859829517447;0.5478411129381369;0.2630668208823282
0.0930185978272093;0.4;N;0.4199626835871893;0.1751354894530689;0.0
0.2922520318933813;0.0;Y;1.5179317885656964;0.5180369486998053;0.2630668208823282
0.3461284037549009;0.4;Y;0.665874166087688;0.3625182826922227;0.1315334104411641
0.7441487826176744;0.0;N;0.735401321481567;0.7454913512554011;0.0
0.27905579348162785;0.0;Y;1.5888588195715325;0.1352504917955965;0.0
0.1795879062050654;0.4;N;0.9463159136831333;0.16850182536017236;0.0
0.6667387055058707;0.0;N;1.7587103938223514;0.2394150762036228;0.2630668208823282
0.0930185978272093;0.4;Y;0.28090837279943104;0.1189773882874692;0.0
1.2092417717537207;0.0;Y;1.4274064989924575;0.5963213600725602;0.6576670522058206
0.5676180876611965;0.0;Y;1.6709848554730278;0.4796355957746374;0.6576670522058206
0.2563344506523682;0.0;N;1.4204071209326712;0.168225338781515;0.2630668208823282
0.004092818304397209;0.4;N;1.3499467151308207;0.08407161035068443;0.0
0.16158880752550042;0.0;N;1.4619367640874044;0.1154625703702235;0.39460023132349237
0.32703788686083;0.0;Y;1.6261888358903942;0.17189544265958198;0.0
0.4893398369696723;0.0;Y;1.202026525467333;0.1561020698430987;0.39460023132349237
0.34044806804758604;0.0;N;1.6504533464976536;0.2974841195412703;0.39460023132349237
0.4000047756164205;0.0;N;1.79417390932527;0.2958674151768307;0.2630668208823282
0.7119023353709084;0.0;N;1.646720344865768;0.6378758682713509;0.2630668208823282
0.5891177862389921;0.0;Y;0.7498667028051258;0.2979813777068783;0.2630668208823282
0.5891177862389921;0.0;Y;1.5571283057005005;0.3725663732982988;0.0
0.34044806804758604;0.8;Y;0.9425829120512471;0.18975377566400933;0.7892004626469847
0.4100259792223385;0.4;Y;0.4250955608310327;0.30275481742472926;0.1315334104411641
0.27905579348162785;0.0;N;1.006510564997297;0.24825802245093279;0.2630668208823282
0.15813161630625577;0.8;Y;0.9071193965483287;0.30295373560797156;0.0
0.3281696131343944;0.0;N;0.24544485729651278;0.34523843091360235;0.0
0.3486337046563804;0.0;N;0.3219713907501784;0.4562507383518726;0.39460023132349237
0.8567012859885975;0.0;N;1.687316737612529;0.3046940273101062;0.0
0.168034996354926;0.0;Y;0.3238378915661215;0.1193391255160876;0.5261336417646564
0.0930185978272093;0.8;N;0.8371256159504639;0.1189773882874692;0.1315334104411641
0.5261752017092473;0.0;N;1.2248911604626356;0.3347144880356529;0.0
0.5599409527205241;0.4;N;0.952848666538934;0.9473183493257848;0.0
0.12325584336090746;0.4;N;1.2122922799550195;0.07385644935448347;0.0
0.5261752017092473;0.0;N;0.34576927615345254;0.3347144880356529;0.6576670522058206
0.4804472590173911;0.0;N;1.6779842335328141;0.8198376748609291;0.0
0.687345425544525;0.4;Y;0.47595770806548116;0.1724399131273994;0.1315334104411641
0.3571511075974252;0.0;N;1.5160652877497534;0.310877123444635;0.0
0.585511765263224;0.0;N;0.500222218672741;0.4490431427179001;0.1315334104411641
0.8991797789963565;0.0;Y;0.7316683198496808;0.12394974618856243;0.2630668208823282
0.7751549818934108;0.0;Y;0.9061861461403574;0.48444386668542955;0.7892004626469847
0.15503099637868215;0.0;N;0.9757133015342363;0.17864538476060557;0.0
0.9590217435985278;0.0;N;1.6210559586465507;0.626351666017525;0.0
0.13230965354942248;0.4;N;0.17778420271857676;0.19606843973076138;0.0
0.0710662087399879;0.0;N;2.0134877551985797;0.1633306238608324;0.2630668208823282
0.3461284037549009;0.8;N;0.8954537664486846;0.5036370473559565;0.0
1.0072301822324428;0.0;Y;1.7876411564694692;0.580446913365869;0.39460023132349237
1.0542107753750387;0.0;Y;0.767598460556585;0.45761944760597073;0.1315334104411641
0.26975393369890693;0.0;N;1.788107781673455;0.24614033067110563;0.0
0.3171810161110734;0.0;N;0.8912541396128129;0.23894414654145857;0.5261336417646564
0.42959709220518333;0.0;N;2.0456848942735975;0.4100025217955181;0.0
1.3642727681324027;0.0;N;0.8128611053432043;0.9585913493144589;0.1315334104411641
0.31066971426316875;0.4;N;0.2902408768791463;0.39102086417248844;0.5261336417646564
0.4928094306686272;0.4;N;1.167962885576372;0.314649259596671;0.39460023132349237
0.3834226602437567;0.0;Y;1.0769709707991475;0.2844708278504616;0.0
0.15503099637868215;0.0;N;1.775508901165839;0.22339638211545784;0.2630668208823282
0.7364592451972917;0.4;N;0.7041374328145206;0.6150173571624747;0.0
0.0930185978272093;0.0;N;0.7629322085167273;0.08488137964782047;0.1315334104411641
0.03100619927573643;0.4;N;0.450293321846264;0.07815194842058457;0.2630668208823282
0.07796198745891167;0.0;N;1.5897920699795043;0.0732710317240864;0.0
0.4100259792223385;0.4;Y;0.28510799963530287;0.2118207907996694;0.9207338730881487
0.23254649456802323;0.0;N;0.18665008159430635;0.07888795315708069;0.5261336417646564
0.2954270666992167;0.0;N;1.253821923109753;0.14241065137237288;0.1315334104411641
0.9022803989239301;0.4;N;0.8837881363490404;0.7479774929134498;0.5261336417646564
0.8216642808070154;0.0;Y;1.2612879263735253;0.20475013321760274;0.2630668208823282
0.3193607519201576;0.0;N;1.6042574513030632;0.33676259201459335;0.6576670522058206
0.34454088635198316;0.4;N;0.22957960036099673;0.3924124710202331;0.39460023132349237
0.19432205210089537;0.4;N;0.3313038948298938;0.36099078198251033;0.39460023132349237
0.8991797789963565;0.0;Y;0.7265354426058375;0.2793351288090232;0.2630668208823282
0.5935082640564364;0.0;N;1.0592392130476886;0.35732261731432874;0.5261336417646564
0.15472093438592477;0.0;Y;0.44142744297053454;0.15920003221998394;0.7892004626469847
0.2954270666992167;0.4;N;1.1516310034368702;0.15668756205849135;0.0
0.5922184061665658;0.0;Y;0.1619189457830607;0.2138069146472733;0.1315334104411641
0.14262851666838758;0.0;N;0.7144031873022078;0.16671178546597828;0.5261336417646564
0.532314429165843;0.0;N;0.9374500348074035;0.3301439195058106;0.0
0.43408678986031;0.0;N;1.506732783670038;0.3725663732982988;0.5261336417646564
0.168034996354926;1.2;N;0.8772553834932397;0.31883534247423956;0.0
0.15852849565698524;0.0;N;0.7568660808649122;0.059749890798295756;0.2630668208823282
0.49456128092770635;0.0;N;0.7293351938297522;0.1576720840002981;0.0
0.27198638004675996;0.4;N;0.8800551347171545;0.16160689002771908;0.2630668208823282
0.15935636117764737;0.4;Y;0.6206115213010684;0.4159274046753093;0.0
0.1860371956544186;0.0;Y;1.8790996964506792;0.07422639093261692;0.2630668208823282
0.8341907853144128;0.0;N;1.5510621780486857;0.37804501414946656;0.2630668208823282
0.12184196067393387;0.0;N;2.033086013765982;0.16676600875777325;0.0
0.3720743913088372;0.0;N;1.8263710484002875;0.16974754395654026;0.39460023132349237
0.19769552658209547;0.4;Y;0.563683246414805;0.10966918083765993;0.2630668208823282
0.15503099637868215;0.4;Y;0.7708648369844854;0.11151888872832716;0.6576670522058206
0.8211929865780242;0.4;N;1.050839959375945;0.29249192203134977;0.1315334104411641
0.1364272768132403;0.8;Y;0.7125366864862647;0.1338943874057533;0.2630668208823282
0.5138967467960556;0.0;Y;1.4157408688928135;0.16348598440664935;0.1315334104411641
0.4776132924035888;0.4;N;1.0933028529386495;0.6113800706824679;0.0
0.13425684286393874;0.0;Y;0.7745978386163714;0.06080109172616123;0.1315334104411641
0.2821564134092015;0.0;Y;1.2370234157662654;0.12519277972508905;0.39460023132349237
0.7649756466711866;0.0;Y;0.6859390498590759;0.3187620254235731;0.0
0.0930185978272093;0.0;N;0.5137543495883281;0.09908803126809189;0.0
1.1570273321733806;0.0;Y;1.3578793435985788;0.5712011335573698;0.39460023132349237
0.4179604656169995;0.8;N;0.8833215111450547;0.21563805087403828;0.1315334104411641
0.5261752017092473;0.4;N;0.5067549715285417;0.3825820940162883;0.5261336417646564
0.43408678986031;0.0;N;1.5244645414214972;0.2030550400227965;0.1315334104411641
0.45250447223009743;0.0;N;1.114300987118009;0.5811806059675019;0.0
0.2587901416350065;0.0;Y;0.21278109301750917;0.14190697889714401;0.1315334104411641
0.6004660551739117;0.0;N;0.0709270310058364;0.5059740936078181;0.39460023132349237
0.8730725592061864;0.4;N;1.0536397105998592;0.6586563668180545;0.1315334104411641
0.4268995528681943;0.0;N;0.769464961372528;0.5503844612878044;0.2630668208823282
0.34787715339405245;0.4;Y;1.0667052163114608;0.15154119736268334;0.39460023132349237
0.12402479710294571;0.8;N;1.3238157037076177;0.15833290706123812;0.2630668208823282
0.86817357972062;0.4;N;0.3387698980936659;0.4803002226703525;0.39460023132349237
0.7856846871674508;0.0;Y;0.32477114197409307;0.6544877368294544;0.0
0.13952789674081392;0.4;N;1.380743978593881;0.20475013321760274;0.2630668208823282
0.061541104322481666;0.8;Y;0.9057195209363714;0.11095204276183235;0.1315334104411641
0.8216642808070154;0.4;N;1.1768287644521014;0.20475013321760274;0.2630668208823282
0.8991797789963565;0.0;Y;1.1889610197557312;0.44715136888971924;0.0
0.15472093438592477;0.4;Y;0.7601324572928125;0.2974841195412703;0.39460023132349237
0.662788515718142;0.4;N;0.4955559666328834;0.4764739378115171;0.2630668208823282
0.12402479710294571;0.0;N;0.1418540620116728;0.12394974618856243;0.0
0.27905579348162785;0.0;N;0.7741312134123853;0.1861038843197476;0.1315334104411641
0.0930185978272093;0.0;N;0.10405742048882581;0.1189773882874692;0.1315334104411641
0.5891177862389921;0.0;Y;1.4344058770522443;0.2979813777068783;0.1315334104411641
1.2092417717537207;0.0;Y;1.3914763582855538;0.5846217339091032;0.0
0.15503099637868215;0.0;N;0.898720142876585;0.2979813777068783;0.2630668208823282
0.34787715339405245;0.8;Y;0.34856902737736706;0.6072406034271441;0.0
0.6969139386410175;0.8;N;0.7368011970935242;0.700042238341813;0.0
0.19355309835885706;0.0;N;1.7115812482197892;0.21571114416971787;0.0
0.555891543095113;0.0;N;1.5995911992632055;0.2819963214517251;0.5261336417646564
0.3441626107208192;0.4;N;1.8898320761423517;0.8004076122444036;0.2630668208823282
0.0813106569806912;0.0;N;1.2211581588307494;0.08407161035068443;0.1315334104411641
0.24323743207829715;0.0;Y;0.7004044311826344;0.18812409351033682;0.0
0.15813161630625577;0.4;N;0.24404498168455557;0.25240166646600976;0.0
0.3410681920331007;0.4;Y;1.2720203060651978;0.22339638211545784;0.5261336417646564
0.5891177862389921;0.0;N;0.7064705588344496;0.1488113865240374;0.2630668208823282
0.168034996354926;0.4;Y;0.32010488993423536;0.1769713991195517;0.39460023132349237
0.46509298913604646;0.0;N;1.0242423227487563;0.3974280136337737;0.2630668208823282
0.43408678986031;0.0;N;1.9686917356159461;0.7454913512554011;0.1315334104411641
0.2226679194787736;0.0;Y;2.1539419415982954;0.2437252685138554;0.0
0.2694314692264393;0.0;Y;1.3023509443242722;0.12009116602663587;0.0
0.27905579348162785;0.0;N;1.9285619680731703;0.1861038843197476;0.39460023132349237
0.6750669706313336;0.4;N;0.44609369501039214;0.5657912600721373;0.2630668208823282
0.32375122973760195;0.4;N;0.7619989581087556;0.266317734943457;0.0
0.217043394930155;0.0;Y;1.6625856018012841;0.6626191422188222;0.0
0.3100619927573643;0.0;Y;1.2916185646326;0.21554534172451814;0.2630668208823282
0.34454088635198316;0.0;N;1.2482224206619237;0.36099078198251033;0.2630668208823282
0.824743196395096;0.0;Y;1.2300240377064788;0.4113401291064547;0.1315334104411641
0.3486337046563804;0.0;N;0.43722781613466266;0.1301012182849604;0.5261336417646564
0.5274991664183211;0.0;N;1.7764421515738107;0.44746708717605777;0.2630668208823282
0.3544132602013777;0.0;N;0.06439427815003565;0.2645332143389367;0.1315334104411641
0.31365251063349453;0.0;N;1.3756111013500376;0.23651908999479915;0.1315334104411641
0.524482263228792;0.0;N;1.2603546759655535;0.3814185680850622;0.1315334104411641
1.4548108700175533;0.0;N;1.5435961747849134;0.4761897689783137;0.1315334104411641
0.3720743913088372;0.0;N;1.701782118936088;0.31241715443360657;0.1315334104411641
0.33894426738271277;0.0;N;1.4866678998986502;0.3292380101493573;0.0
0.7441487826176744;0.0;N;1.8972980794061238;0.5323913531963433;0.1315334104411641
0.15753629728016164;0.0;N;1.684516986388615;0.12922320371685822;0.0
0.15472093438592477;0.0;N;1.6238557098704651;0.08393653692366837;0.0
0.0930185978272093;0.0;N;0.528219730911887;0.059309391814332826;0.2630668208823282
0.10938987104479812;0.4;N;0.767131835352599;0.25942667803077446;0.1315334104411641
0.6647667112319339;0.4;Y;0.9911119332657669;0.22279768835584554;0.39460023132349237
0.8991797789963565;0.0;Y;1.9602924819442025;0.36053655935935863;0.7892004626469847
0.16485376030923546;0.0;N;1.508599284485981;0.11742602037916765;0.0
0.5261752017092473;0.4;Y;1.2374900409702512;0.3825820940162883;0.39460023132349237
0.0930185978272093;0.0;N;0.049928896826476964;0.08488137964782047;0.0
0.33535374950658253;0.4;N;1.7904409076933836;0.29339939767271056;0.39460023132349237
0.48620821084282295;0.0;N;1.6588526001693975;0.49730231992539037;0.2630668208823282
0.37728343278716087;0.0;N;0.24731135811245594;0.39249548412032637;0.2630668208823282
0.15813161630625577;0.0;N;1.2785530589209984;0.12963237700267277;0.0
0.3228303456191125;0.0;Y;2.025153385298224;0.42521592168628247;0.2630668208823282
0.20657260143473882;0.0;N;1.1213003651777953;0.1266397286395626;0.0
0.6382316058917586;0.0;Y;1.8655675655350918;0.4021020315525013;0.1315334104411641
0.4893398369696723;0.0;Y;1.4628700144953761;0.4168698606796026;0.39460023132349237
0.12402479710294571;0.8;N;0.9668474226585069;0.2190089943347881;0.39460023132349237
0.0930185978272093;0.8;N;0.48622346255316795;0.06902281954519028;0.1315334104411641
0.8960791590687828;0.0;N;1.5071994088740235;0.19699463620601565;0.0
1.0387076757371703;0.0;Y;1.5524620536606433;0.4674927109823806;0.6576670522058206
0.2535221883780589;0.0;N;0.3252377671780788;0.2277844411610879;0.2630668208823282
0.5395078673978139;0.0;Y;1.1870945189397881;0.45709601010691014;0.0
0.015267452523372617;0.8;N;1.0811705976350197;0.07384846875995518;0.1315334104411641
0.5891177862389921;0.0;N;1.1894276449597174;0.5963213600725602;0.0
0.3401752134939595;0.0;N;2.042885143049683;0.2786638638487004;0.2630668208823282
0.3281696131343944;0.8;N;0.8305928630946631;0.2156395425739501;0.1315334104411641
0.7224444431246588;0.0;Y;0.5422184870314598;0.6037798596317021;0.0
0.06815162600806868;0.0;N;1.6509199717016398;0.11890280329187779;0.5261336417646564
0.29947647632462787;0.8;N;0.6990045555706771;0.44129226997603965;0.0
0.6465133617183079;0.0;N;1.7708426491259814;0.4070824446331184;0.0
0.18449928817034203;0.0;N;0.18478358077836332;0.10332050601291821;0.1315334104411641
0.998734483630891;0.0;N;1.3191494516677602;0.2748666671381456;0.2630668208823282
0.10120423443600371;0.0;Y;2.1572083180261954;0.2048223314933352;0.1315334104411641
0.1649529801469178;0.0;N;2.1418096862946654;0.13432056607056267;0.39460023132349237
0.1605221942704151;0.0;Y;1.5099991600979383;0.20905913216790586;0.0
0.687345425544525;0.0;Y;1.5141987869338103;0.4316376898067038;0.7892004626469847
0.3887402234195455;0.0;N;1.517465163361711;0.33620618794748136;0.39460023132349237
0.3281696131343944;0.0;Y;0.266909616679858;0.2876389001232028;0.1315334104411641
0.06201239855147286;1.6;N;1.2664208036173685;0.04439239269604873;0.6576670522058206
0.6747569086385762;0.4;Y;1.0116434422411404;0.24217046969575665;0.39460023132349237
0.3720743913088372;0.0;Y;1.8655675655350918;0.19356238387888966;0.0
0.2015402952922868;0.0;N;1.9220292152173695;0.22339638211545784;0.0
0.4140381814086188;0.0;N;1.656052848945483;0.4113906977334656;0.39460023132349237
0.4000047756164205;0.0;Y;1.3200827020757315;0.2958674151768307;0.1315334104411641
0.12402479710294571;0.0;N;1.7554440173944512;0.12394974618856243;0.5261336417646564
0.07429085346466448;0.4;N;0.8217269842189336;0.2529320403696603;0.1315334104411641
0.15472093438592477;0.0;N;2.033552638969968;0.22302345713750074;0.2630668208823282
1.269083736355892;0.0;N;1.6098569537508924;0.4464055189338051;0.39460023132349237
0.5261752017092473;0.0;N;1.9392943477648432;0.8373241270773374;0.0
0.2027402352042578;0.0;N;1.7167141254636327;0.16029106153549524;0.2630668208823282
0.173634715944124;0.0;N;0.3956981729799295;0.16372838564232148;0.1315334104411641
0.8991797789963565;0.4;N;0.2501111093363705;0.55902886227685;0.1315334104411641
0.6182636135581845;0.4;Y;0.7937294719797877;0.4458727583102956;0.0
0.14448888862493176;0.0;N;1.7764421515738107;0.21071693286491636;0.0
0.12402479710294571;0.0;N;0.13018843191202864;0.1488113865240374;0.2630668208823282
0.1853860654696281;0.0;N;1.4404720047040591;0.25990573745745815;0.0
0.4928094306686272;0.0;N;0.7610657077007842;1.2596728523630947;0.0
0.5261752017092473;0.0;Y;1.125499992013667;0.4464055189338051;0.39460023132349237
0.019279654709652913;0.0;Y;1.3756111013500376;0.03420191933338854;0.7892004626469847
0.5298897443824804;0.4;Y;0.2963070045309614;0.42127499968922305;0.39460023132349237
0.5891177862389921;0.4;N;0.7419340743373677;0.3311302314875116;0.0
0.2512990438899886;0.0;N;1.475002269799006;0.1694117623063877;0.6576670522058206
0.04737747249332526;0.0;N;2.118945051299363;0.12534194971627188;0.2630668208823282
0.27905579348162785;0.0;N;0.17685095231060521;0.3725663732982988;0.1315334104411641
0.5891177862389921;0.0;N;0.5487512398872606;0.2979813777068783;0.39460023132349237
0.3486337046563804;0.0;Y;1.1632966335365145;0.22794606684653448;0.6576670522058206
0.5077575193394598;0.0;N;0.7410008239293963;0.23527575811829016;0.6576670522058206
0.41482573887022256;0.8;N;0.6831392986351613;0.7146032432761393;0.0
0.3676777122515377;0.0;Y;1.7316461319911771;0.19144715340391696;0.6576670522058206
0.3373970580388535;0.0;Y;0.3793662908404276;0.3849409936718581;0.2630668208823282
0.12402479710294571;0.8;N;0.35276865421323894;0.24825802245093279;0.39460023132349237
0.06201239855147286;0.0;N;0.7815972166761579;0.08931918688551;0.0
0.11773053864997123;0.0;N;1.6775176083288286;0.198410408592332;0.0
0.27905579348162785;0.0;Y;0.44889344623430677;0.1352504917955965;0.7892004626469847
0.6750669706313336;1.2;Y;0.6383432790525277;0.28271629041416907;0.2630668208823282
0.33894426738271277;0.0;N;0.133454808339929;0.3865591897362097;0.0
1.061720476839622;0.0;Y;1.046173707336087;0.35011330622545755;0.2630668208823282
0.23361310782310854;0.0;N;1.7951071597332413;0.254256669891364;0.2630668208823282
0.27905579348162785;0.0;N;1.245889294641995;0.7454913512554011;0.0
0.1571146129700116;0.0;Y;1.0051106893853397;0.09014581239164972;0.2630668208823282
0.4085500841368135;0.4;Y;1.0102435666291831;0.528314761092303;0.1315334104411641
0.216854257114573;0.0;N;1.8385033037039173;0.23813139384449888;0.2630668208823282
0.607721505804434;0.0;N;1.839436554111889;0.5117917232639488;0.39460023132349237
0.07751549818934107;0.0;N;0.3583681566610682;0.0866572483928522;1.0522672835293128
0.0;0.0;N;0.22444672311715333;0.02450303567667141;0.1315334104411641
0.0930185978272093;0.0;N;0.23144610117693992;0.059309391814332826;0.0
0.23119152365967355;0.0;N;1.568327310596159;0.31499794445106094;0.1315334104411641
0.33894426738271277;0.0;N;1.6975824921002165;0.2693113529115098;0.1315334104411641
0.08165792641257945;0.0;N;1.6392543416019956;0.1803160886618534;0.0
0.0930185978272093;0.0;N;1.6583859749654117;0.1488113865240374;0.2630668208823282
0.27905579348162785;0.4;Y;0.3509021533972959;0.2127413934002543;0.1315334104411641
0.14455710226333837;0.4;N;0.6808061726152322;0.08410442774874463;0.0
0.06201239855147286;0.0;N;1.648120220477725;0.04439239269604873;0.1315334104411641
0.4893398369696723;0.4;N;1.0172429446889695;0.34733180798486674;0.7892004626469847
0.8815682578077382;0.0;Y;1.9444272250086865;0.7566019797086726;0.2630668208823282
0.8567012859885975;0.0;Y;2.0060217519348074;0.4445097921008579;0.2630668208823282
0.5891177862389921;0.0;N;0.3798329160444135;0.1488113865240374;0.1315334104411641
0.5934090442187541;0.4;N;0.5188872268321715;0.375147014145762;0.1315334104411641
0.7441487826176744;0.0;Y;1.2734201816771549;0.31041223516711364;0.1315334104411641
1.0542107753750387;0.0;N;0.34250289972555215;0.8697997021027671;1.3153341044116411
0.11773053864997123;0.4;N;0.2893076264711748;0.05927209931653711;0.0
0.8116802846402282;0.8;Y;0.624344522932955;1.0131769004330091;0.1315334104411641
0.173634715944124;0.8;Y;0.5128210991803568;0.25872610116718425;0.39460023132349237
1.0480095355198913;0.0;N;1.022375821932813;0.39895797564834057;1.0522672835293128
0.13425684286393874;0.8;Y;0.8473913704381507;0.1321540957036187;0.5261336417646564
0.43408678986031;0.4;N;0.29490712891900406;0.55902886227685;0.2630668208823282
0.6666332844283333;0.4;Y;0.578148627738364;0.2793351288090232;0.39460023132349237
0.0930185978272093;0.4;N;0.23424585240085444;0.09908803126809189;0.5261336417646564
0.8346868845028247;0.0;Y;0.4600924511299651;0.20788270303244236;0.5261336417646564
0.0930185978272093;1.2;Y;0.5949471350818515;0.08488137964782047;0.1315334104411641
0.0;0.4;Y;0.1091902977326692;0.03279024912182973;0.39460023132349237
0.0217043394930155;0.4;N;0.394764922571958;0.09020891129792005;0.0
0.8567012859885975;0.4;N;0.7657319597406417;0.42671508009767006;0.39460023132349237
0.1860371956544186;0.8;N;0.7535997044370117;0.401252881377693;0.2630668208823282
0.2809471716374478;0.0;N;1.3378144598271908;0.299801251599309;0.2630668208823282
0.2096422151630367;0.0;Y;0.16425207180298956;0.08869931098714968;0.6576670522058206
0.8006172727386455;0.4;N;0.4050306770596448;0.4759411771880076;0.2630668208823282
0.12402479710294571;0.0;N;0.5268198552999296;0.26601641156126765;0.0
0.5077575193394598;0.4;N;1.0480402081520301;0.6476358370394575;0.6576670522058206
0.5829661563026861;0.4;N;1.0629722146795748;0.7029281555762319;0.0
0.13952789674081392;0.4;N;0.6999378059786487;0.13638052906380213;0.1315334104411641
0.14448888862493176;0.0;N;1.2734201816771549;0.1504096683945659;0.39460023132349237
0.43408678986031;0.8;N;0.9719802999023502;0.6211830004080351;0.1315334104411641
0.1453570622046524;0.0;N;0.27670874596355916;0.08448928632599637;0.5261336417646564
0.15503099637868215;0.8;Y;0.6084792659974387;0.1488113865240374;0.5261336417646564
0.14262851666838758;0.0;N;1.560861307332387;0.13886674530684653;0.0
0.728645682979806;0.0;N;1.9257622168492559;0.3318836145279806;0.1315334104411641
0.7364592451972917;0.8;N;0.7815972166761579;0.40989198683205164;0.0
0.37728343278716087;1.2;Y;1.146498126193027;0.4907090063151088;0.0
1.4548108700175533;0.0;N;1.8011732873850563;0.2974841195412703;0.39460023132349237
0.8567012859885975;0.0;Y;1.7722425247379388;0.8537887648541435;0.5261336417646564
0.6566244833021255;0.4;N;0.8861212623689695;0.41316298639870896;0.0
0.19181675119941585;0.4;Y;0.43816106654263415;0.35697311202498727;0.0
0.6264678538865442;0.0;Y;1.2734201816771549;0.4515113839770069;0.1315334104411641
0.1649529801469178;1.2;Y;0.45822595031402213;0.1567671442487874;0.1315334104411641
0.6312490098148628;0.8;N;0.9159852754240585;0.3536516184163146;0.1315334104411641
0.12402479710294571;0.0;N;1.5673940601881875;0.09037739880296106;0.0
0.27905579348162785;0.0;Y;0.6411430302764424;0.07422639093261692;0.39460023132349237
0.06201239855147286;0.0;N;0.5944805098778657;0.07422639093261692;0.0
0.28820882350782523;0.8;Y;1.115700862729966;0.17027858912515118;0.39460023132349237
0.22041686941135513;0.4;N;0.6406764050724564;0.2516392586410743;0.39460023132349237
0.8211929865780242;0.0;N;1.4535375104156605;0.3199466589085517;0.5261336417646564
1.1831345519635508;0.8;N;0.9411830364392899;0.8340983260180087;0.1315334104411641
1.457291365959612;0.0;N;1.082570473246977;0.5110813757659362;0.39460023132349237
0.4371874097878837;0.0;N;1.8604346882912484;0.24991552480796092;0.39460023132349237
0.1605221942704151;0.0;N;0.9579815437827773;0.09178519059474913;0.1315334104411641
0.2015402952922868;0.0;N;1.1964270230195038;0.1594663752392409;0.0
0.024711940822761933;0.4;N;1.0909697269187206;0.021979601520826883;0.0
0.19432205210089537;0.0;N;1.034508077236443;0.08997874200152493;0.1315334104411641
1.0342427830414644;0.0;Y;1.865100940331106;0.3657045537038881;0.2630668208823282
0.3622268224188633;0.4;N;0.39849792420384406;0.47259976938551196;0.0
0.7119023353709084;0.4;Y;1.3938094843054825;0.2974841195412703;0.0
0.5891177862389921;0.0;Y;1.4908675267345222;0.5963213600725602;0.39460023132349237
0.15472093438592477;0.0;N;0.34296952492953797;0.1272883197612256;0.2630668208823282
0.8464692402276045;0.4;Y;0.8221936094229193;0.30117786686293985;0.1315334104411641
0.5261752017092473;0.4;N;0.5972802611017802;0.4464055189338051;0.5261336417646564
0.27905579348162785;0.0;N;0.8557906241098945;0.2327195065643854;0.1315334104411641
0.5934090442187541;0.0;N;1.1287663684415676;0.5003155537472838;0.0
0.08897538944165326;0.0;N;0.1437205628276158;0.052116713179478594;0.0
0.168034996354926;0.0;N;0.07046040580185056;0.15923836890771795;0.0
0.8567012859885975;0.4;N;0.7293351938297522;0.38789023356753405;0.6576670522058206
0.43408678986031;0.0;Y;0.8408586175823503;0.2793351288090232;0.9207338730881487
0.7751549818934108;0.4;Y;0.6840725490431325;0.3874833724165829;0.2630668208823282
0.27905579348162785;0.0;Y;0.28230824841138835;0.1488113865240374;0.1315334104411641
1.3271149389203605;0.0;N;1.1721625124122437;0.7256285464944543;0.1315334104411641
0.5077575193394598;0.4;N;0.9178517762400016;0.4316376898067038;0.39460023132349237
0.3281696131343944;0.4;Y;1.1828948921039164;0.24649639944005905;0.7892004626469847
0.27905579348162785;0.4;N;0.4647587031698228;0.1488113865240374;0.0
0.8991797789963565;0.0;N;0.4885565885730968;0.44715136888971924;0.1315334104411641
0.0020464091521986043;0.0;N;1.9458271006206438;0.05264649040316446;0.0
0.12092417717537207;0.0;N;1.8413030549278322;0.12146352994551801;0.2630668208823282
0.38527062972059056;0.0;N;0.6742734197594318;0.6672069398826462;0.2630668208823282
0.02164232709446403;0.0;Y;0.9360501591954464;0.013713122704442974;0.7892004626469847
0.1860371956544186;0.4;N;0.5870145066140934;0.2744282565340592;0.2630668208823282
0.24555979640404982;0.0;N;1.3555462175786497;0.22139996553846228;0.1315334104411641
0.24994097236171137;0.0;N;0.6266776489528836;0.14982246072427466;0.1315334104411641
0.12402479710294571;0.4;N;0.49882234306078377;0.09287263983047205;0.6576670522058206
0.4546501012199784;2.0;Y;0.928584155931674;0.23328933593070383;0.2630668208823282
0.3410681920331007;0.0;Y;1.9523598534764444;0.2979813777068783;0.1315334104411641
0.4100259792223385;0.4;N;0.3009732565708189;0.36546797009787213;0.0
0.168034996354926;0.0;N;1.342947337071034;0.14926352076731256;0.2630668208823282
0.20895697815904293;0.0;N;1.8291707996242024;0.5493825610420248;0.0
0.12402479710294571;0.0;N;0.9761799267382223;0.1488113865240374;0.0
0.28820882350782523;0.0;Y;0.8609235013537382;0.17027858912515118;0.5261336417646564
0.8116802846402282;0.0;N;0.4596258259259795;0.6753317072074063;0.0
0.15503099637868215;0.0;N;0.3523020290092533;0.17864538476060557;0.0
0.747249402545248;0.0;N;0.8879877631849126;0.6236692166510794;0.0
0.8567012859885975;0.4;N;1.0261088235646993;0.2665624483139924;0.39460023132349237
0.07751549818934107;0.4;Y;0.21278109301750917;0.20044717565194248;0.1315334104411641
0.687345425544525;0.0;N;1.1334326204814253;0.191639731862534;0.39460023132349237
0.5261752017092473;0.0;N;1.6602524757813548;0.3347144880356529;0.7892004626469847
0.5891177862389921;0.0;N;0.4390943169506057;0.2979813777068783;0.6576670522058206
0.06201239855147286;0.0;N;1.6910497392444155;0.08914339005090102;0.0
1.0542107753750387;0.0;Y;1.3863434810417106;0.5671359529576551;0.5261336417646564
0.04650929891360465;0.0;N;0.9388499104193608;0.06179553347238164;0.0
0.3218195435227236;0.0;N;1.4698693925551625;0.22298810384959042;0.39460023132349237
0.22621502867591786;0.0;N;1.5589948065164436;0.24713827791211881;0.1315334104411641
0.7406605851991539;0.0;N;1.6952493660802872;0.5299939676830483;0.6576670522058206
0.3193607519201576;0.0;Y;1.336881209419219;0.33676259201459335;0.1315334104411641
0.6225920789770771;0.0;N;0.6574749124159439;0.31408576995497783;0.2630668208823282
0.2694314692264393;0.4;Y;0.45075994705024985;0.12009116602663587;0.7892004626469847
0.17554469781950935;0.0;N;1.2272242864825642;0.24806909865709972;0.0
0.06201239855147286;0.4;Y;0.5795485033503213;0.07422639093261692;0.39460023132349237
1.4548108700175533;0.0;N;1.275286682493098;0.7144639930893701;0.2630668208823282
0.3228303456191125;0.0;N;1.9472269762326009;0.3401010164172653;0.0
0.29571852497240864;0.4;N;0.2407786052566552;0.2616187310512063;0.0
0.3281696131343944;0.0;N;0.8305928630946631;0.23635172126469198;0.39460023132349237
0.39125792680073523;1.2;Y;0.5884143822260507;0.30744464736252214;0.0
0.8116802846402282;0.0;Y;1.2286241620945215;0.4050555973779216;0.39460023132349237
0.004092818304397209;0.0;Y;0.7512665784170831;0.05592823020918695;0.0
0.3097519307646069;0.0;N;0.3905652957360861;0.14867579100205217;0.2630668208823282
0.1665404975498355;0.0;N;1.8525020598234907;0.3164387028109004;0.2630668208823282
0.12402479710294571;0.0;Y;0.42322906001508964;0.07422639093261692;0.39460023132349237
1.3565832307120202;0.4;Y;0.5291529813198583;0.6065191427647884;0.0
0.10938987104479812;0.0;N;2.186139080673313;0.1347297393563772;0.0
0.0930185978272093;0.0;N;1.9868901185713912;0.19853474177998287;0.1315334104411641
0.27429324127287474;0.4;Y;1.0205093211168699;0.14652013545946893;0.7892004626469847
0.3441626107208192;0.0;N;1.341547461459077;0.25748813941035786;0.1315334104411641
0.27771632567291604;0.0;N;1.84596930696769;0.4364813140054063;0.2630668208823282
0.12402479710294571;0.0;N;1.7213803775034904;0.1488113865240374;0.2630668208823282
0.37728343278716087;0.0;N;0.600080012325695;0.13059273340590788;0.9207338730881487
0.8815558553280278;0.4;N;1.6789174839407854;0.27403586487225273;0.1315334104411641
0.4100259792223385;0.8;N;0.49228959020498303;0.7069060717311046;0.39460023132349237
0.07429085346466448;0.0;N;0.6182783952811397;0.09010232933921992;0.1315334104411641
0.06201239855147286;0.4;N;0.8884543883888981;0.1488113865240374;0.1315334104411641
0.12402479710294571;0.0;Y;0.47875745928939567;0.24825802245093279;0.1315334104411641
0.2852973413958336;0.0;N;2.022820259278295;0.19986876901113104;0.1315334104411641
0.8061611811691471;0.4;Y;0.9388499104193608;0.8051593477285375;0.1315334104411641
0.27905579348162785;0.0;N;1.377010976961995;0.7237675762694528;0.0
0.3332360260960497;0.0;N;1.845502681763704;0.7178215112509136;0.0
0.4184534641854837;0.8;Y;0.44889344623430677;0.3600310968442355;0.39460023132349237
0.7303665270396095;0.0;N;1.6653853530251983;0.653738455963743;0.1315334104411641
0.6697339043559069;0.0;N;0.32897076880996495;0.2805782369305454;0.6576670522058206
0.3281696131343944;0.4;Y;0.8543907484979374;0.4316376898067038;0.2630668208823282
0.5891177862389921;0.4;N;0.5506177407032036;0.2979813777068783;0.6576670522058206
0.16123223623382943;0.0;N;0.5594836195789333;0.1537837444251306;0.39460023132349237
0.13952789674081392;0.4;N;0.48202383571729607;0.1021957642793996;0.2630668208823282
0.2942860385658696;0.0;N;0.8226602346269053;0.19526292177837404;0.6576670522058206
0.2883576532643488;0.0;N;0.9085192721602862;0.3069315771778488;0.0
0.0930185978272093;0.4;N;0.4096969290995025;0.0958801306077049;0.5261336417646564
0.3795871933933481;0.8;Y;1.0550395862118167;0.1971767727652499;0.0
0.3100619927573643;0.0;N;1.5132655365258385;0.31519328255451484;0.1315334104411641
0.12049009038551177;0.0;N;1.9500267274565157;0.22740532562849666;0.6576670522058206
0.4359223568574336;0.0;Y;1.7983735361611417;0.14004019104248636;0.0
1.0170033362441548;0.0;Y;1.670051605065056;0.6298846080886993;0.0
0.03100619927573643;0.0;N;1.1651631343524573;0.03279024912182973;0.2630668208823282
0.37728343278716087;0.0;N;1.78204165402164;0.19606843973076138;0.2630668208823282
0.13952789674081392;0.0;N;1.6649187278212128;0.20475013321760274;0.1315334104411641
0.4030805905845736;0.0;N;0.6042796391615669;0.5797469331822436;0.1315334104411641
0.6511301847904649;0.0;N;1.3163497004438454;0.24094578406814554;0.2630668208823282
0.015503099637868214;0.0;N;1.4395387542960878;0.05049478786534757;0.2630668208823282
0.687345425544525;0.4;Y;1.2286241620945215;0.5756364794902048;0.0
0.1860371956544186;0.0;N;1.9700916112279034;0.2190089943347881;0.39460023132349237
0.19168342454253018;0.4;Y;0.17685095231060521;0.1406089762188665;0.2630668208823282
0.168034996354926;0.0;N;1.327082080135518;0.26563632642373375;0.0
0.3565712916709689;0.0;Y;1.7274465051553054;0.26601641156126765;0.2630668208823282
0.4709221545998849;0.0;Y;1.3452804630909627;0.20781065392670106;0.2630668208823282
0.12712541703051936;0.4;Y;0.5814150041662643;0.10832239957226565;0.0
0.22041686941135513;0.0;N;1.4134077428728848;0.3554030232827923;0.0
0.22760100578354328;0.0;Y;0.5926140090619229;0.1773774398355514;0.5261336417646564
0.35058089397089665;0.0;N;1.167962885576372;0.3056089614510262;0.1315334104411641
0.2506541149450533;0.8;N;1.869300567166978;0.27065343532218183;0.39460023132349237
0.5298897443824804;0.0;N;1.0251755731567276;0.33694830865361597;0.2630668208823282
0.43408678986031;0.0;Y;1.1646965091484716;0.22339638211545784;0.6576670522058206
0.12402479710294571;0.0;N;2.1394765602747365;0.12394974618856243;0.1315334104411641
0.37728343278716087;0.0;N;1.3466803387029203;0.4907090063151088;0.1315334104411641
0.7119023353709084;0.0;Y;1.4362723778681874;0.3368218870860885;0.2630668208823282
1.0219643281282726;0.0;N;1.2664208036173685;0.5625095202661148;0.0
0.27905579348162785;0.0;N;1.2528886727017816;0.1861038843197476;0.39460023132349237
0.9518903177651085;0.4;Y;1.2762199329010697;0.5250512200252049;0.0
0.3410681920331007;0.0;Y;0.7461337011732396;0.2553613482610685;0.39460023132349237
0.6898135190068737;0.8;N;0.8287263622787201;1.1555894910152673;0.0
0.13874033927921023;0.4;Y;0.717669563730108;0.13574909249112516;0.2630668208823282
1.0342427830414644;0.0;N;0.3135721370784346;0.42671508009767006;0.2630668208823282
0.38527062972059056;0.8;N;0.4960225918368691;0.3847753403966496;0.6576670522058206
0.17313861675571224;0.4;Y;0.4848235869412108;0.1633306238608324;0.2630668208823282
0.45250447223009743;0.0;Y;0.6574749124159439;0.1547185181748779;0.5261336417646564
0.1649529801469178;0.0;N;0.13578793435985786;0.180940290489958;0.0
0.7119023353709084;0.0;N;0.8058617272834179;0.4464055189338051;0.0
0.15503099637868215;0.0;Y;0.37376678839259836;0.12750140909363028;0.5261336417646564
0.8311118697263322;0.0;N;1.1791618904720307;0.5180947520713887;0.1315334104411641
0.15935636117764737;0.4;Y;1.0452404569281155;0.07596049208011744;0.5261336417646564
0.37222322106536065;0.0;Y;0.33923652329765175;0.3876265756081185;0.0
0.32034364843719854;0.4;N;0.21791397026135256;0.2813638406891098;0.0
0.892209585399171;0.0;N;1.4400053795000736;0.44379802748792907;0.2630668208823282
0.6004660551739117;0.0;N;0.7293351938297522;0.5059740936078181;0.2630668208823282
0.5001734029966146;0.0;Y;0.9313839071555887;0.42555655136114856;0.1315334104411641
0.3262968386981399;0.4;Y;1.054106335803845;0.12242537804866498;0.39460023132349237
0.040828963206289724;0.4;N;1.0429073309081869;0.1325633435744288;0.0
0.07751549818934107;0.8;N;0.5991467619177232;0.1040603891691851;0.39460023132349237
0.15503099637868215;0.0;N;0.9897120576538094;0.12750140909363028;0.0
0.6697339043559069;0.0;N;1.7638432710661949;0.3742238010703314;0.0
0.11442527780717772;0.4;N;1.633654839154166;0.0995937921231973;0.1315334104411641
0.662788515718142;0.0;N;1.7633766458622093;0.5559460406540698;0.0
0.14448888862493176;0.4;N;0.28417474922733144;0.1358191278019855;0.5261336417646564
0.43408678986031;0.8;N;1.0163096942809982;0.3725663732982988;0.5261336417646564
0.7441487826176744;0.0;N;1.0993689805904645;1.1650319514571412;0.0
0.3441626107208192;0.0;N;1.3452804630909627;0.6012837235842441;0.6576670522058206
0.15503099637868215;0.0;N;0.9771131771461936;0.08914339005090102;0.0
0.7105566663223414;0.0;N;1.8641676899231348;0.20950253996669688;0.1315334104411641
0.43408678986031;0.0;N;1.8413030549278322;0.1861038843197476;0.5261336417646564
0.4929985684842092;0.0;Y;1.8562350614553766;0.34977648038536674;0.0
0.004092818304397209;0.0;N;1.8846991988985085;0.020748949093568444;0.39460023132349237
0.15503099637868215;0.8;Y;0.5786152529423496;0.1488113865240374;0.0
0.7119023353709084;0.4;N;0.6042796391615669;0.4464055189338051;0.1315334104411641
0.36423912475185855;0.0;Y;1.5421962991729559;0.27128636359477065;0.0
0.0930185978272093;0.0;N;0.21931384587330993;0.0659391774874586;0.0
0.5116022880496511;0.0;N;1.2449560442340235;0.1627960731974287;0.1315334104411641
0.3348669521779534;0.0;N;0.9491156649070476;0.15966014705778744;0.0
0.18541707166890384;0.0;Y;1.1007688562024216;0.10376204918681943;0.39460023132349237
0.1860371956544186;0.0;N;1.825437797992316;0.1488113865240374;0.2630668208823282
0.43408678986031;0.4;Y;0.6938716783268337;0.2793351288090232;0.5261336417646564
0.7253218184174471;0.0;N;1.9252955916452699;0.45447561545679677;0.6576670522058206
0.22609720511867004;0.0;N;1.3980091111413546;0.3634406753327017;0.39460023132349237
0.3281696131343944;0.0;N;1.877233195634736;0.191639731862534;0.39460023132349237
1.3565832307120202;0.8;Y;0.524486729280001;0.6672069398826462;0.1315334104411641
0.9419652333769452;0.0;Y;1.2066927775071905;0.5197457655338003;0.0
0.15503099637868215;0.0;N;0.10685717171274035;0.17864538476060557;0.1315334104411641
0.39395546613772436;0.4;N;0.5305528569318156;0.2552012888605293;1.3153341044116411
0.47756988372460274;0.0;N;1.309350322384059;0.21810084742846694;0.0
0.8567012859885975;0.8;N;0.5030219698966557;0.4741676951628348;0.39460023132349237
0.34454088635198316;0.0;N;1.6691183546570847;0.2254847619920176;0.0
0.2821564134092015;0.0;N;2.0568838991692564;0.7529498508145431;0.1315334104411641
0.18541707166890384;0.0;Y;0.4796907096973674;0.06471680399471082;0.9207338730881487
0.015503099637868214;0.0;Y;1.4950671535703939;0.11151888872832716;0.0
0.3015135836170438;0.4;Y;0.6322771514007126;0.26626537627655184;0.0
1.0045605484748017;0.4;Y;1.1012354814064076;0.4148150440510589;0.0
0.7241807902841001;0.0;Y;0.7013376815906062;0.6051721377444073;0.0
0.5261752017092473;0.0;N;0.0811927854935232;0.3825820940162883;0.0
0.7361553844443894;0.8;N;0.9304506567476171;0.6147736879818776;0.0
0.5891177862389921;0.0;N;1.9042974574659106;0.4968747241456648;0.0
0.3262968386981399;0.4;N;0.32943739401395067;0.19063865205170596;0.2630668208823282
0.004092818304397209;0.0;N;1.2356235401543079;0.06218233125951875;0.1315334104411641
0.6969139386410175;0.0;Y;1.114300987118009;0.3498418168415048;0.39460023132349237
0.4100259792223385;0.8;N;0.4218291844031323;0.1925317684098074;0.1315334104411641
0.9802175814234212;0.0;Y;1.3098169475880448;0.6946371382962984;0.39460023132349237
0.662788515718142;0.0;Y;0.8254599858508197;0.8340983260180087;0.0
0.5373188297289468;0.4;N;0.4848235869412108;0.6831905044378874;0.2630668208823282
0.4893398369696723;0.0;Y;0.41109680471145965;0.14689850514210423;0.39460023132349237
0.14262851666838758;0.0;N;1.6803173595527428;0.13886674530684653;0.2630668208823282
0.8006172727386455;0.0;N;0.8352591151345208;0.30740429687990717;0.39460023132349237
0.799959941314;0.0;Y;1.3737446005340945;0.5256619219691073;0.0
0.8836766793584881;0.4;N;0.6509421595601436;0.2930090198057851;1.0522672835293128
0.27905579348162785;0.8;Y;0.5944805098778657;0.19591770345467113;0.39460023132349237
0.6262849173108174;0.0;N;1.6593192253733835;0.5266763524941463;0.0
0.8991797789963565;0.0;N;1.146031500989041;0.42993946404208283;0.0
0.37728343278716087;1.6;N;0.9901786828577951;0.3270197777954728;0.1315334104411641
0.27905579348162785;0.4;Y;0.24497823209252706;0.12394974618856243;0.39460023132349237
0.4893398369696723;0.4;Y;0.9458492884791475;0.24997847454424008;0.39460023132349237
0.3609865744478338;0.4;Y;0.5828148797782217;0.2091821228256361;0.39460023132349237
0.8514953451302014;0.0;N;1.978957490103633;0.4933264175653986;0.5261336417646564
0.19749708690673073;0.0;Y;0.34156964931758066;0.18286189831637534;0.39460023132349237
0.15503099637868215;0.4;N;0.7983957240196453;0.07422639093261692;0.2630668208823282
0.23361310782310854;0.0;Y;1.6896498636324584;0.47115117960113534;0.39460023132349237
0.35269241614157426;0.0;N;0.410630179507474;0.29737746299757456;0.6576670522058206
0.5271053876875194;0.4;Y;0.4451604446024206;0.22339638211545784;0.1315334104411641
0.18449928817034203;0.0;N;1.0877033504908205;0.34523843091360235;0.1315334104411641
0.31179833991680556;0.0;Y;1.3956759851214255;0.20579432315588259;0.2630668208823282
0.15503099637868215;0.8;N;0.5193538520361575;0.08100683829683736;0.2630668208823282
1.1831345519635508;0.8;N;0.2426451060725982;0.583761246814965;0.1315334104411641
0.1697651422745121;0.0;N;1.990623120203277;0.20087171344684884;0.0
0.3705612887841812;0.0;Y;1.9210959648093984;0.14169508292466879;0.39460023132349237
0.5934090442187541;0.0;N;1.8599680630872628;0.27273637049406346;0.2630668208823282
